species,coefficient_fitting,model_selection,overfitting_diagnostic,final_assessment
01_water-ammonia_0p9_dim_A21x12,False,True,False,False
01_water-ammonia_1p0_dim_A21x12,False,True,False,False
01_water-ammonia_1p1_dim_A21x12,False,True,False,False
01_water-ammonia_1p2_dim_A21x12,False,True,False,False
01_water-ammonia_1p4_dim_A21x12,False,True,False,False
01_water-ammonia_1p6_dim_A21x12,False,True,False,False
01_water-ammonia_2p0_dim_A21x12,False,True,False,False
01a_water_dimAB_3B-69,False,True,False,False
01a_water_dimAC_3B-69,False,True,False,False
01a_water_dimBC_3B-69,False,True,False,False
01a_water_monA_3B-69,False,True,False,False
01a_water_monB_3B-69,False,True,False,False
01a_water_monC_3B-69,False,True,False,False
01a_water_trim_3B-69,False,True,False,False
01b_water_dimAB_3B-69,False,True,False,False
01b_water_dimAC_3B-69,False,True,False,False
01b_water_dimBC_3B-69,False,True,False,False
01b_water_monA_3B-69,False,True,False,False
01b_water_monB_3B-69,False,True,False,False
01b_water_monC_3B-69,False,True,False,False
01b_water_trim_3B-69,False,True,False,False
01c_water_dimAB_3B-69,False,True,False,False
01c_water_dimAC_3B-69,False,True,False,False
01c_water_dimBC_3B-69,False,True,False,False
01c_water_monA_3B-69,False,True,False,False
01c_water_monB_3B-69,False,True,False,False
01c_water_monC_3B-69,False,True,False,False
01c_water_trim_3B-69,False,True,False,False
02a_formaldehyde_dimAB_3B-69,False,True,False,False
02a_formaldehyde_dimAC_3B-69,False,True,False,False
02a_formaldehyde_dimBC_3B-69,False,True,False,False
02a_formaldehyde_monA_3B-69,False,True,False,False
02a_formaldehyde_monB_3B-69,False,True,False,False
02a_formaldehyde_monC_3B-69,False,True,False,False
02a_formaldehyde_trim_3B-69,False,True,False,False
02b_formaldehyde_dimAB_3B-69,False,True,False,False
02b_formaldehyde_dimAC_3B-69,False,True,False,False
02b_formaldehyde_dimBC_3B-69,False,True,False,False
02b_formaldehyde_monA_3B-69,False,True,False,False
02b_formaldehyde_monB_3B-69,False,True,False,False
02b_formaldehyde_monC_3B-69,False,True,False,False
02b_formaldehyde_trim_3B-69,False,True,False,False
02c_formaldehyde_dimAB_3B-69,False,True,False,False
02c_formaldehyde_dimAC_3B-69,False,True,False,False
02c_formaldehyde_dimBC_3B-69,False,True,False,False
02c_formaldehyde_monA_3B-69,False,True,False,False
02c_formaldehyde_monB_3B-69,False,True,False,False
02c_formaldehyde_monC_3B-69,False,True,False,False
02c_formaldehyde_trim_3B-69,False,True,False,False
03_HCN-dimer_0p9_dim_A21x12,False,True,False,False
03_HCN-dimer_1p0_dim_A21x12,False,True,False,False
03_HCN-dimer_1p1_dim_A21x12,False,True,False,False
03_HCN-dimer_1p2_dim_A21x12,False,True,False,False
03_HCN-dimer_1p4_dim_A21x12,False,True,False,False
03_HCN-dimer_1p6_dim_A21x12,False,True,False,False
03_HCN-dimer_2p0_dim_A21x12,False,True,False,False
03a_methanol_ethyne_dimAB_3B-69,False,True,False,False
03a_methanol_ethyne_dimAC_3B-69,False,True,False,False
03a_methanol_ethyne_dimBC_3B-69,False,True,False,False
03a_methanol_ethyne_monA_3B-69,False,True,False,False
03a_methanol_ethyne_monB_3B-69,False,True,False,False
03a_methanol_ethyne_monC_3B-69,False,True,False,False
03a_methanol_ethyne_trim_3B-69,False,True,False,False
03b_methanol_ethyne_dimAB_3B-69,False,True,False,False
03b_methanol_ethyne_dimAC_3B-69,False,True,False,False
03b_methanol_ethyne_dimBC_3B-69,False,True,False,False
03b_methanol_ethyne_monA_3B-69,False,True,False,False
03b_methanol_ethyne_monB_3B-69,False,True,False,False
03b_methanol_ethyne_monC_3B-69,False,True,False,False
03b_methanol_ethyne_trim_3B-69,False,True,False,False
03c_methanol_ethyne_dimAB_3B-69,False,True,False,False
03c_methanol_ethyne_dimAC_3B-69,False,True,False,False
03c_methanol_ethyne_dimBC_3B-69,False,True,False,False
03c_methanol_ethyne_monA_3B-69,False,True,False,False
03c_methanol_ethyne_monB_3B-69,False,True,False,False
03c_methanol_ethyne_monC_3B-69,False,True,False,False
03c_methanol_ethyne_trim_3B-69,False,True,False,False
04_HF-dimer_0p9_dim_A21x12,False,True,False,False
04_HF-dimer_1p0_dim_A21x12,False,True,False,False
04_HF-dimer_1p1_dim_A21x12,False,True,False,False
04_HF-dimer_1p2_dim_A21x12,False,True,False,False
04_HF-dimer_1p4_dim_A21x12,False,True,False,False
04_HF-dimer_1p6_dim_A21x12,False,True,False,False
04_HF-dimer_2p0_dim_A21x12,False,True,False,False
04a_acetonitrile_dimAB_3B-69,False,True,False,False
04a_acetonitrile_dimAC_3B-69,False,True,False,False
04a_acetonitrile_dimBC_3B-69,False,True,False,False
04a_acetonitrile_monA_3B-69,False,True,False,False
04a_acetonitrile_monB_3B-69,False,True,False,False
04a_acetonitrile_monC_3B-69,False,True,False,False
04a_acetonitrile_trim_3B-69,False,True,False,False
04b_acetonitrile_dimAB_3B-69,False,True,False,False
04b_acetonitrile_dimAC_3B-69,False,True,False,False
04b_acetonitrile_dimBC_3B-69,False,True,False,False
04b_acetonitrile_monA_3B-69,False,True,False,False
04b_acetonitrile_monB_3B-69,False,True,False,False
04b_acetonitrile_monC_3B-69,False,True,False,False
04b_acetonitrile_trim_3B-69,False,True,False,False
04c_acetonitrile_dimAB_3B-69,False,True,False,False
04c_acetonitrile_dimAC_3B-69,False,True,False,False
04c_acetonitrile_dimBC_3B-69,False,True,False,False
04c_acetonitrile_monA_3B-69,False,True,False,False
04c_acetonitrile_monB_3B-69,False,True,False,False
04c_acetonitrile_monC_3B-69,False,True,False,False
04c_acetonitrile_trim_3B-69,False,True,False,False
05_ammonia-dimer_0p9_dim_A21x12,False,True,False,False
05_ammonia-dimer_1p0_dim_A21x12,False,True,False,False
05_ammonia-dimer_1p1_dim_A21x12,False,True,False,False
05_ammonia-dimer_1p2_dim_A21x12,False,True,False,False
05_ammonia-dimer_1p4_dim_A21x12,False,True,False,False
05_ammonia-dimer_1p6_dim_A21x12,False,True,False,False
05_ammonia-dimer_2p0_dim_A21x12,False,True,False,False
05a_nitromethane_dimAB_3B-69,False,True,False,False
05a_nitromethane_dimAC_3B-69,False,True,False,False
05a_nitromethane_dimBC_3B-69,False,True,False,False
05a_nitromethane_monA_3B-69,False,True,False,False
05a_nitromethane_monB_3B-69,False,True,False,False
05a_nitromethane_monC_3B-69,False,True,False,False
05a_nitromethane_trim_3B-69,False,True,False,False
05b_nitromethane_dimAB_3B-69,False,True,False,False
05b_nitromethane_dimAC_3B-69,False,True,False,False
05b_nitromethane_dimBC_3B-69,False,True,False,False
05b_nitromethane_monA_3B-69,False,True,False,False
05b_nitromethane_monB_3B-69,False,True,False,False
05b_nitromethane_monC_3B-69,False,True,False,False
05b_nitromethane_trim_3B-69,False,True,False,False
05c_nitromethane_dimAB_3B-69,False,True,False,False
05c_nitromethane_dimAC_3B-69,False,True,False,False
05c_nitromethane_dimBC_3B-69,False,True,False,False
05c_nitromethane_monA_3B-69,False,True,False,False
05c_nitromethane_monB_3B-69,False,True,False,False
05c_nitromethane_monC_3B-69,False,True,False,False
05c_nitromethane_trim_3B-69,False,True,False,False
06_HF-methane_0p9_dim_A21x12,False,True,False,False
06_HF-methane_1p0_dim_A21x12,False,True,False,False
06_HF-methane_1p1_dim_A21x12,False,True,False,False
06_HF-methane_1p2_dim_A21x12,False,True,False,False
06_HF-methane_1p4_dim_A21x12,False,True,False,False
06_HF-methane_1p6_dim_A21x12,False,True,False,False
06_HF-methane_2p0_dim_A21x12,False,True,False,False
06a_acetic_acid_dimAB_3B-69,False,True,False,False
06a_acetic_acid_dimAC_3B-69,False,True,False,False
06a_acetic_acid_dimBC_3B-69,False,True,False,False
06a_acetic_acid_monA_3B-69,False,True,False,False
06a_acetic_acid_monB_3B-69,False,True,False,False
06a_acetic_acid_monC_3B-69,False,True,False,False
06a_acetic_acid_trim_3B-69,False,True,False,False
06b_acetic_acid_dimAB_3B-69,False,True,False,False
06b_acetic_acid_dimAC_3B-69,False,True,False,False
06b_acetic_acid_dimBC_3B-69,False,True,False,False
06b_acetic_acid_monA_3B-69,False,True,False,False
06b_acetic_acid_monB_3B-69,False,True,False,False
06b_acetic_acid_monC_3B-69,False,True,False,False
06b_acetic_acid_trim_3B-69,False,True,False,False
06c_acetic_acid_dimAB_3B-69,False,True,False,False
06c_acetic_acid_dimAC_3B-69,False,True,False,False
06c_acetic_acid_dimBC_3B-69,False,True,False,False
06c_acetic_acid_monA_3B-69,False,True,False,False
06c_acetic_acid_monB_3B-69,False,True,False,False
06c_acetic_acid_monC_3B-69,False,True,False,False
06c_acetic_acid_trim_3B-69,False,True,False,False
07_ammonia-methane_0p9_dim_A21x12,False,True,False,False
07_ammonia-methane_1p0_dim_A21x12,False,True,False,False
07_ammonia-methane_1p1_dim_A21x12,False,True,False,False
07_ammonia-methane_1p2_dim_A21x12,False,True,False,False
07_ammonia-methane_1p4_dim_A21x12,False,True,False,False
07_ammonia-methane_1p6_dim_A21x12,False,True,False,False
07_ammonia-methane_2p0_dim_A21x12,False,True,False,False
07a_oxalic_acid_dimAB_3B-69,False,True,False,False
07a_oxalic_acid_dimAC_3B-69,False,True,False,False
07a_oxalic_acid_dimBC_3B-69,False,True,False,False
07a_oxalic_acid_monA_3B-69,False,True,False,False
07a_oxalic_acid_monB_3B-69,False,True,False,False
07a_oxalic_acid_monC_3B-69,False,True,False,False
07a_oxalic_acid_trim_3B-69,False,True,False,False
07b_oxalic_acid_dimAB_3B-69,False,True,False,False
07b_oxalic_acid_dimAC_3B-69,False,True,False,False
07b_oxalic_acid_dimBC_3B-69,False,True,False,False
07b_oxalic_acid_monA_3B-69,False,True,False,False
07b_oxalic_acid_monB_3B-69,False,True,False,False
07b_oxalic_acid_monC_3B-69,False,True,False,False
07b_oxalic_acid_trim_3B-69,False,True,False,False
07c_oxalic_acid_dimAB_3B-69,False,True,False,False
07c_oxalic_acid_dimAC_3B-69,False,True,False,False
07c_oxalic_acid_dimBC_3B-69,False,True,False,False
07c_oxalic_acid_monA_3B-69,False,True,False,False
07c_oxalic_acid_monB_3B-69,False,True,False,False
07c_oxalic_acid_monC_3B-69,False,True,False,False
07c_oxalic_acid_trim_3B-69,False,True,False,False
08_water-methane_0p9_dim_A21x12,False,True,False,False
08_water-methane_1p0_dim_A21x12,False,True,False,False
08_water-methane_1p1_dim_A21x12,False,True,False,False
08_water-methane_1p2_dim_A21x12,False,True,False,False
08_water-methane_1p4_dim_A21x12,False,True,False,False
08_water-methane_1p6_dim_A21x12,False,True,False,False
08_water-methane_2p0_dim_A21x12,False,True,False,False
08a_vinylene_carbonate_dimAB_3B-69,False,True,False,False
08a_vinylene_carbonate_dimAC_3B-69,False,True,False,False
08a_vinylene_carbonate_dimBC_3B-69,False,True,False,False
08a_vinylene_carbonate_monA_3B-69,False,True,False,False
08a_vinylene_carbonate_monB_3B-69,False,True,False,False
08a_vinylene_carbonate_monC_3B-69,False,True,False,False
08a_vinylene_carbonate_trim_3B-69,False,True,False,False
08b_vinylene_carbonate_dimAB_3B-69,False,True,False,False
08b_vinylene_carbonate_dimAC_3B-69,False,True,False,False
08b_vinylene_carbonate_dimBC_3B-69,False,True,False,False
08b_vinylene_carbonate_monA_3B-69,False,True,False,False
08b_vinylene_carbonate_monB_3B-69,False,True,False,False
08b_vinylene_carbonate_monC_3B-69,False,True,False,False
08b_vinylene_carbonate_trim_3B-69,False,True,False,False
08c_vinylene_carbonate_dimAB_3B-69,False,True,False,False
08c_vinylene_carbonate_dimAC_3B-69,False,True,False,False
08c_vinylene_carbonate_dimBC_3B-69,False,True,False,False
08c_vinylene_carbonate_monA_3B-69,False,True,False,False
08c_vinylene_carbonate_monB_3B-69,False,True,False,False
08c_vinylene_carbonate_monC_3B-69,False,True,False,False
08c_vinylene_carbonate_trim_3B-69,False,True,False,False
09_formaldehyde-dimer_0p9_dim_A21x12,False,True,False,False
09_formaldehyde-dimer_1p0_dim_A21x12,False,True,False,False
09_formaldehyde-dimer_1p1_dim_A21x12,False,True,False,False
09_formaldehyde-dimer_1p2_dim_A21x12,False,True,False,False
09_formaldehyde-dimer_1p4_dim_A21x12,False,True,False,False
09_formaldehyde-dimer_1p6_dim_A21x12,False,True,False,False
09_formaldehyde-dimer_2p0_dim_A21x12,False,True,False,False
09a_acetamide_dimAB_3B-69,False,True,False,False
09a_acetamide_dimAC_3B-69,False,True,False,False
09a_acetamide_dimBC_3B-69,False,True,False,False
09a_acetamide_monA_3B-69,False,True,False,False
09a_acetamide_monB_3B-69,False,True,False,False
09a_acetamide_monC_3B-69,False,True,False,False
09a_acetamide_trim_3B-69,False,True,False,False
09b_acetamide_dimAB_3B-69,False,True,False,False
09b_acetamide_dimAC_3B-69,False,True,False,False
09b_acetamide_dimBC_3B-69,False,True,False,False
09b_acetamide_monA_3B-69,False,True,False,False
09b_acetamide_monB_3B-69,False,True,False,False
09b_acetamide_monC_3B-69,False,True,False,False
09b_acetamide_trim_3B-69,False,True,False,False
09c_acetamide_dimAB_3B-69,False,True,False,False
09c_acetamide_dimAC_3B-69,False,True,False,False
09c_acetamide_dimBC_3B-69,False,True,False,False
09c_acetamide_monA_3B-69,False,True,False,False
09c_acetamide_monB_3B-69,False,True,False,False
09c_acetamide_monC_3B-69,False,True,False,False
09c_acetamide_trim_3B-69,False,True,False,False
101_BzBz_PD32-0p2_dim_NBC10,False,True,False,False
101_BzBz_PD32-0p2_monA_NBC10,False,True,False,False
101_BzBz_PD32-0p2_monB_NBC10,False,True,False,False
102_BzBz_PD32-0p4_dim_NBC10,False,True,False,False
103_BzBz_PD32-0p6_dim_NBC10,False,True,False,False
104_BzBz_PD32-0p8_dim_NBC10,False,True,False,False
105_BzBz_PD32-1p0_dim_NBC10,False,True,False,False
106_BzBz_PD32-1p2_dim_NBC10,False,True,False,False
107_BzBz_PD32-1p4_dim_NBC10,False,True,False,False
108_BzBz_PD32-1p5_dim_NBC10,False,True,False,False
109_BzBz_PD32-1p6_dim_NBC10,False,True,False,False
10_water-ethene_0p9_dim_A21x12,False,True,False,False
10_water-ethene_1p0_dim_A21x12,False,True,False,False
10_water-ethene_1p1_dim_A21x12,False,True,False,False
10_water-ethene_1p2_dim_A21x12,False,True,False,False
10_water-ethene_1p4_dim_A21x12,False,True,False,False
10_water-ethene_1p6_dim_A21x12,False,True,False,False
10_water-ethene_2p0_dim_A21x12,False,True,False,False
10a_imidazole_dimAB_3B-69,False,True,False,False
10a_imidazole_dimAC_3B-69,False,True,False,False
10a_imidazole_dimBC_3B-69,False,True,False,False
10a_imidazole_monA_3B-69,False,True,False,False
10a_imidazole_monB_3B-69,False,True,False,False
10a_imidazole_monC_3B-69,False,True,False,False
10a_imidazole_trim_3B-69,False,True,False,False
10b_imidazole_dimAB_3B-69,False,True,False,False
10b_imidazole_dimAC_3B-69,False,True,False,False
10b_imidazole_dimBC_3B-69,False,True,False,False
10b_imidazole_monA_3B-69,False,True,False,False
10b_imidazole_monB_3B-69,False,True,False,False
10b_imidazole_monC_3B-69,False,True,False,False
10b_imidazole_trim_3B-69,False,True,False,False
10c_imidazole_dimAB_3B-69,False,True,False,False
10c_imidazole_dimAC_3B-69,False,True,False,False
10c_imidazole_dimBC_3B-69,False,True,False,False
10c_imidazole_monA_3B-69,False,True,False,False
10c_imidazole_monB_3B-69,False,True,False,False
10c_imidazole_monC_3B-69,False,True,False,False
10c_imidazole_trim_3B-69,False,True,False,False
10prod1_CR20,True,True,False,False
10prod2_CR20,True,True,False,False
10prod_DIE60,False,True,False,False
10react_CR20,True,True,False,False
10react_DIE60,False,True,False,False
110_BzBz_PD32-1p7_dim_NBC10,False,True,False,False
111_BzBz_PD32-1p8_dim_NBC10,False,True,False,False
112_BzBz_PD32-1p9_dim_NBC10,False,True,False,False
113_BzBz_PD32-2p0_dim_NBC10,False,True,False,False
114_BzBz_PD32-2p2_dim_NBC10,False,True,False,False
115_BzBz_PD32-2p4_dim_NBC10,False,True,False,False
116_BzBz_PD32-2p6_dim_NBC10,False,True,False,False
117_BzBz_PD32-2p8_dim_NBC10,False,True,False,False
118_BzBz_PD32-3p0_dim_NBC10,False,True,False,False
119_BzBz_PD34-0p2_dim_NBC10,False,True,False,False
119_BzBz_PD34-0p2_monA_NBC10,False,True,False,False
119_BzBz_PD34-0p2_monB_NBC10,False,True,False,False
11_000-000-SP_Pentane14,False,True,False,False
11_Benzene_Ne_2p800_BzDC215,False,True,False,False
11_Benzene_Ne_2p900_BzDC215,False,True,False,False
11_Benzene_Ne_3p000_BzDC215,False,True,False,False
11_Benzene_Ne_3p100_BzDC215,False,True,False,False
11_Benzene_Ne_3p150_BzDC215,False,True,False,False
11_Benzene_Ne_3p200_BzDC215,False,True,False,False
11_Benzene_Ne_3p250_BzDC215,False,True,False,False
11_Benzene_Ne_3p300_BzDC215,False,True,False,False
11_Benzene_Ne_3p350_BzDC215,False,True,False,False
11_Benzene_Ne_3p400_BzDC215,False,True,False,False
11_Benzene_Ne_3p500_BzDC215,False,True,False,False
11_Benzene_Ne_3p600_BzDC215,False,True,False,False
11_Benzene_Ne_3p700_BzDC215,False,True,False,False
11_Benzene_Ne_3p800_BzDC215,False,True,False,False
11_Benzene_Ne_3p900_BzDC215,False,True,False,False
11_Benzene_Ne_4p000_BzDC215,False,True,False,False
11_Benzene_Ne_4p250_BzDC215,False,True,False,False
11_Benzene_Ne_4p500_BzDC215,False,True,False,False
11_Benzene_Ne_4p750_BzDC215,False,True,False,False
11_Benzene_Ne_5p000_BzDC215,False,True,False,False
11_Benzene_Ne_5p500_BzDC215,False,True,False,False
11_Benzene_Ne_6p000_BzDC215,False,True,False,False
11_Benzene_Ne_6p500_BzDC215,False,True,False,False
11_Benzene_Ne_7p000_BzDC215,False,True,False,False
11_Benzene_Ne_monA_BzDC215,False,True,False,False
11_Benzene_Ne_monB_BzDC215,False,True,False,False
11_Br2_XB18,True,True,False,False
11_C20BowlC5v_C20C24,False,True,False,False
11_C4H4_Platonic24,False,True,False,False
11_CH4_H2O_OH__C_dim_HW30,False,True,False,False
11_CH4_H2O_OH__C_monA_HW30,False,True,False,False
11_CH4_H2O_OH__C_monB_HW30,False,True,False,False
11_Cl-_ClF_dim_Bauza30,True,True,False,False
11_Cl-_ClF_monA_Bauza30,True,True,False,False
11_Cl-_ClF_monB_Bauza30,True,True,False,False
11_ClF-A_dim_CT20,True,True,False,False
11_ClF-A_monA_CT20,True,True,False,False
11_ClF-A_monB_CT20,True,True,False,False
11_ClHNH3_HB49,False,True,False,False
11_H2O1F_HW6F,False,True,False,False
11_H2O1F_mon1_HW6F,False,True,False,False
11_H2O1F_mon2_HW6F,False,True,False,False
11_H2O_TA13,True,True,False,False
11_H_AE18,True,True,False,False
11_Isomer1_FmH2O10,False,True,False,False
11_Isomer1_Styrene45,True,True,False,True
11_Isomer1_mon10_FmH2O10,False,True,False,False
11_Isomer1_mon11_FmH2O10,False,True,False,False
11_Isomer1_mon1_FmH2O10,False,True,False,False
11_Isomer1_mon2_FmH2O10,False,True,False,False
11_Isomer1_mon3_FmH2O10,False,True,False,False
11_Isomer1_mon4_FmH2O10,False,True,False,False
11_Isomer1_mon5_FmH2O10,False,True,False,False
11_Isomer1_mon6_FmH2O10,False,True,False,False
11_Isomer1_mon7_FmH2O10,False,True,False,False
11_Isomer1_mon8_FmH2O10,False,True,False,False
11_Isomer1_mon9_FmH2O10,False,True,False,False
11_NH2Br_HNBrBDE18,False,True,False,False
11_Reactant1_EIE22,True,True,False,False
11_Rxn1_TS_0cat_WCPT27,False,True,False,False
11_ala29-big_dim_HSG,True,True,False,False
11_ala29-big_monA_HSG,True,True,False,False
11_ala29-big_monB_HSG,True,True,False,False
11_boat-a_H2O16Rel5,False,True,False,False
11_c2h4_BH76,True,True,False,False
11_ch3oh_ch3sch3_cs_dim_DS14,True,True,False,False
11_ch3oh_ch3sch3_cs_monA_DS14,True,True,False,False
11_ch3oh_ch3sch3_cs_monB_DS14,True,True,False,False
11_formaldehyde-ethene_0p9_dim_A21x12,False,True,False,False
11_formaldehyde-ethene_1p0_dim_A21x12,False,True,False,False
11_formaldehyde-ethene_1p1_dim_A21x12,False,True,False,False
11_formaldehyde-ethene_1p2_dim_A21x12,False,True,False,False
11_formaldehyde-ethene_1p4_dim_A21x12,False,True,False,False
11_formaldehyde-ethene_1p6_dim_A21x12,False,True,False,False
11_formaldehyde-ethene_2p0_dim_A21x12,False,True,False,False
11_isomer1_H2O20Bind10,False,True,False,False
11_isomer1_mon10_H2O20Bind10,False,True,False,False
11_isomer1_mon11_H2O20Bind10,False,True,False,False
11_isomer1_mon12_H2O20Bind10,False,True,False,False
11_isomer1_mon13_H2O20Bind10,False,True,False,False
11_isomer1_mon14_H2O20Bind10,False,True,False,False
11_isomer1_mon15_H2O20Bind10,False,True,False,False
11_isomer1_mon16_H2O20Bind10,False,True,False,False
11_isomer1_mon17_H2O20Bind10,False,True,False,False
11_isomer1_mon18_H2O20Bind10,False,True,False,False
11_isomer1_mon19_H2O20Bind10,False,True,False,False
11_isomer1_mon1_H2O20Bind10,False,True,False,False
11_isomer1_mon20_H2O20Bind10,False,True,False,False
11_isomer1_mon2_H2O20Bind10,False,True,False,False
11_isomer1_mon3_H2O20Bind10,False,True,False,False
11_isomer1_mon4_H2O20Bind10,False,True,False,False
11_isomer1_mon5_H2O20Bind10,False,True,False,False
11_isomer1_mon6_H2O20Bind10,False,True,False,False
11_isomer1_mon7_H2O20Bind10,False,True,False,False
11_isomer1_mon8_H2O20Bind10,False,True,False,False
11_isomer1_mon9_H2O20Bind10,False,True,False,False
11_methane_Alk44,True,True,False,False
11a_isoxazole_dimAB_3B-69,False,True,False,False
11a_isoxazole_dimAC_3B-69,False,True,False,False
11a_isoxazole_dimBC_3B-69,False,True,False,False
11a_isoxazole_monA_3B-69,False,True,False,False
11a_isoxazole_monB_3B-69,False,True,False,False
11a_isoxazole_monC_3B-69,False,True,False,False
11a_isoxazole_trim_3B-69,False,True,False,False
11b_isoxazole_dimAB_3B-69,False,True,False,False
11b_isoxazole_dimAC_3B-69,False,True,False,False
11b_isoxazole_dimBC_3B-69,False,True,False,False
11b_isoxazole_monA_3B-69,False,True,False,False
11b_isoxazole_monB_3B-69,False,True,False,False
11b_isoxazole_monC_3B-69,False,True,False,False
11b_isoxazole_trim_3B-69,False,True,False,False
11c_isoxazole_dimAB_3B-69,False,True,False,False
11c_isoxazole_dimAC_3B-69,False,True,False,False
11c_isoxazole_dimBC_3B-69,False,True,False,False
11c_isoxazole_monA_3B-69,False,True,False,False
11c_isoxazole_monB_3B-69,False,True,False,False
11c_isoxazole_monC_3B-69,False,True,False,False
11c_isoxazole_trim_3B-69,False,True,False,False
11prod1_CR20,True,True,False,False
11prod2_CR20,True,True,False,False
11prod_DIE60,False,True,False,False
11react_CR20,True,True,False,False
11react_DIE60,False,True,False,False
120_BzBz_PD34-0p4_dim_NBC10,False,True,False,False
121_BzBz_PD34-0p6_dim_NBC10,False,True,False,False
122_BzBz_PD34-0p8_dim_NBC10,False,True,False,False
123_BzBz_PD34-1p0_dim_NBC10,False,True,False,False
124_BzBz_PD34-1p2_dim_NBC10,False,True,False,False
125_BzBz_PD34-1p4_dim_NBC10,False,True,False,False
126_BzBz_PD34-1p5_dim_NBC10,False,True,False,False
127_BzBz_PD34-1p6_dim_NBC10,False,True,False,False
128_BzBz_PD34-1p7_dim_NBC10,False,True,False,False
129_BzBz_PD34-1p8_dim_NBC10,False,True,False,False
12_080-000-TS_Pentane14,False,True,False,False
12_Ar-HF_dim_NC15,False,True,False,False
12_Ar-HF_monA_NC15,False,True,False,False
12_Ar-HF_monB_NC15,False,True,False,False
12_Benzene_HF_2p800_BzDC215,False,True,False,False
12_Benzene_HF_2p900_BzDC215,False,True,False,False
12_Benzene_HF_3p000_BzDC215,False,True,False,False
12_Benzene_HF_3p100_BzDC215,False,True,False,False
12_Benzene_HF_3p150_BzDC215,False,True,False,False
12_Benzene_HF_3p200_BzDC215,False,True,False,False
12_Benzene_HF_3p250_BzDC215,False,True,False,False
12_Benzene_HF_3p300_BzDC215,False,True,False,False
12_Benzene_HF_3p400_BzDC215,False,True,False,False
12_Benzene_HF_3p500_BzDC215,False,True,False,False
12_Benzene_HF_3p600_BzDC215,False,True,False,False
12_Benzene_HF_3p700_BzDC215,False,True,False,False
12_Benzene_HF_3p800_BzDC215,False,True,False,False
12_Benzene_HF_3p900_BzDC215,False,True,False,False
12_Benzene_HF_4p000_BzDC215,False,True,False,False
12_Benzene_HF_4p250_BzDC215,False,True,False,False
12_Benzene_HF_4p500_BzDC215,False,True,False,False
12_Benzene_HF_4p750_BzDC215,False,True,False,False
12_Benzene_HF_5p000_BzDC215,False,True,False,False
12_Benzene_HF_5p500_BzDC215,False,True,False,False
12_Benzene_HF_6p000_BzDC215,False,True,False,False
12_Benzene_HF_6p500_BzDC215,False,True,False,False
12_Benzene_HF_7p000_BzDC215,False,True,False,False
12_Benzene_HF_monA_BzDC215,False,True,False,False
12_Benzene_HF_monB_BzDC215,False,True,False,False
12_Br-_ClF_dim_Bauza30,True,True,False,False
12_Br-_ClF_monA_Bauza30,True,True,False,False
12_Br-_ClF_monB_Bauza30,True,True,False,False
12_Br2NCH_XB18,True,True,False,False
12_C6H6_Platonic24,False,True,False,False
12_CH4_H2O_CH__O_dim_HW30,False,True,False,False
12_CH4_H2O_CH__O_monA_HW30,False,True,False,False
12_CH4_H2O_CH__O_monB_HW30,False,True,False,False
12_CNH2O_HB49,False,True,False,False
12_ClF-B_dim_CT20,True,True,False,False
12_ClF-B_monA_CT20,True,True,False,False
12_ClF-B_monB_CT20,True,True,False,False
12_H2O2Cl_HW6Cl,True,True,False,False
12_H2O2Cl_mon1_HW6Cl,True,True,False,False
12_H2O2Cl_mon2_HW6Cl,True,True,False,False
12_H2O2Cl_mon3_HW6Cl,True,True,False,False
12_H2O2F_HW6F,False,True,False,False
12_H2O2F_mon1_HW6F,False,True,False,False
12_H2O2F_mon2_HW6F,False,True,False,False
12_H2O2F_mon3_HW6F,False,True,False,False
12_HF_TA13,True,True,False,False
12_He_AE18,True,True,False,False
12_Isomer2_FmH2O10,False,True,False,False
12_Isomer2_Styrene45,True,True,False,False
12_Isomer2_mon10_FmH2O10,False,True,False,False
12_Isomer2_mon11_FmH2O10,False,True,False,False
12_Isomer2_mon1_FmH2O10,False,True,False,False
12_Isomer2_mon2_FmH2O10,False,True,False,False
12_Isomer2_mon3_FmH2O10,False,True,False,False
12_Isomer2_mon4_FmH2O10,False,True,False,False
12_Isomer2_mon5_FmH2O10,False,True,False,False
12_Isomer2_mon6_FmH2O10,False,True,False,False
12_Isomer2_mon7_FmH2O10,False,True,False,False
12_Isomer2_mon8_FmH2O10,False,True,False,False
12_Isomer2_mon9_FmH2O10,False,True,False,False
12_NH2rad_HNBrBDE18,False,True,False,False
12_Product1_EIE22,True,True,False,False
12_Rxn2_TS_0cat_WCPT27,False,True,False,False
12_ala128-small_dim_HSG,True,True,False,False
12_ala128-small_monA_HSG,True,True,False,False
12_ala128-small_monB_HSG,True,True,False,False
12_boat-b_H2O16Rel5,False,True,False,False
12_c2h5_lower_BH76,True,True,False,False
12_ch3sch3_benzene_c2v_dim_DS14,True,True,False,False
12_ch3sch3_benzene_c2v_monA_DS14,True,True,False,False
12_ch3sch3_benzene_c2v_monB_DS14,True,True,False,False
12_ethane_Alk44,True,True,False,False
12_ethyne-dimer_0p9_dim_A21x12,False,True,False,False
12_ethyne-dimer_1p0_dim_A21x12,False,True,False,False
12_ethyne-dimer_1p1_dim_A21x12,False,True,False,False
12_ethyne-dimer_1p2_dim_A21x12,False,True,False,False
12_ethyne-dimer_1p4_dim_A21x12,False,True,False,False
12_ethyne-dimer_1p6_dim_A21x12,False,True,False,False
12_ethyne-dimer_2p0_dim_A21x12,False,True,False,False
12_isomer2_H2O20Bind10,False,True,False,False
12_isomer2_mon10_H2O20Bind10,False,True,False,False
12_isomer2_mon11_H2O20Bind10,False,True,False,False
12_isomer2_mon12_H2O20Bind10,False,True,False,False
12_isomer2_mon13_H2O20Bind10,False,True,False,False
12_isomer2_mon14_H2O20Bind10,False,True,False,False
12_isomer2_mon15_H2O20Bind10,False,True,False,False
12_isomer2_mon16_H2O20Bind10,False,True,False,False
12_isomer2_mon17_H2O20Bind10,False,True,False,False
12_isomer2_mon18_H2O20Bind10,False,True,False,False
12_isomer2_mon19_H2O20Bind10,False,True,False,False
12_isomer2_mon1_H2O20Bind10,False,True,False,False
12_isomer2_mon20_H2O20Bind10,False,True,False,False
12_isomer2_mon2_H2O20Bind10,False,True,False,False
12_isomer2_mon3_H2O20Bind10,False,True,False,False
12_isomer2_mon4_H2O20Bind10,False,True,False,False
12_isomer2_mon5_H2O20Bind10,False,True,False,False
12_isomer2_mon6_H2O20Bind10,False,True,False,False
12_isomer2_mon7_H2O20Bind10,False,True,False,False
12_isomer2_mon8_H2O20Bind10,False,True,False,False
12_isomer2_mon9_H2O20Bind10,False,True,False,False
12a_pyrazole_dimAB_3B-69,False,True,False,False
12a_pyrazole_dimAC_3B-69,False,True,False,False
12a_pyrazole_dimBC_3B-69,False,True,False,False
12a_pyrazole_monA_3B-69,False,True,False,False
12a_pyrazole_monB_3B-69,False,True,False,False
12a_pyrazole_monC_3B-69,False,True,False,False
12a_pyrazole_trim_3B-69,False,True,False,False
12b_pyrazole_dimAB_3B-69,False,True,False,False
12b_pyrazole_dimAC_3B-69,False,True,False,False
12b_pyrazole_dimBC_3B-69,False,True,False,False
12b_pyrazole_monA_3B-69,False,True,False,False
12b_pyrazole_monB_3B-69,False,True,False,False
12b_pyrazole_monC_3B-69,False,True,False,False
12b_pyrazole_trim_3B-69,False,True,False,False
12c_pyrazole_dimAB_3B-69,False,True,False,False
12c_pyrazole_dimAC_3B-69,False,True,False,False
12c_pyrazole_dimBC_3B-69,False,True,False,False
12c_pyrazole_monA_3B-69,False,True,False,False
12c_pyrazole_monB_3B-69,False,True,False,False
12c_pyrazole_monC_3B-69,False,True,False,False
12c_pyrazole_trim_3B-69,False,True,False,False
12prod1_CR20,True,True,False,False
12prod2_CR20,True,True,False,False
12prod_DIE60,False,True,False,False
12react_CR20,True,True,False,False
12react_DIE60,False,True,False,False
130_BzBz_PD34-1p9_dim_NBC10,False,True,False,False
131_BzBz_PD34-2p0_dim_NBC10,False,True,False,False
132_BzBz_PD34-2p2_dim_NBC10,False,True,False,False
133_BzBz_PD34-2p4_dim_NBC10,False,True,False,False
133_c_W4-11,True,True,False,False
134_BzBz_PD34-2p6_dim_NBC10,False,True,False,False
135_BzBz_PD34-2p8_dim_NBC10,False,True,False,False
136_BzBz_PD34-3p0_dim_NBC10,False,True,False,False
137_BzBz_PD36-0p2_dim_NBC10,False,True,False,False
137_BzBz_PD36-0p2_monA_NBC10,False,True,False,False
137_BzBz_PD36-0p2_monB_NBC10,False,True,False,False
138_BzBz_PD36-0p4_dim_NBC10,False,True,False,False
139_BzBz_PD36-0p6_dim_NBC10,False,True,False,False
13_120-000-SP_Pentane14,False,True,False,False
13_BH2_TA13,True,True,False,False
13_Benzene_H2O_2p800_BzDC215,False,True,False,False
13_Benzene_H2O_2p900_BzDC215,False,True,False,False
13_Benzene_H2O_3p000_BzDC215,False,True,False,False
13_Benzene_H2O_3p100_BzDC215,False,True,False,False
13_Benzene_H2O_3p200_BzDC215,False,True,False,False
13_Benzene_H2O_3p250_BzDC215,False,True,False,False
13_Benzene_H2O_3p300_BzDC215,False,True,False,False
13_Benzene_H2O_3p350_BzDC215,False,True,False,False
13_Benzene_H2O_3p400_BzDC215,False,True,False,False
13_Benzene_H2O_3p500_BzDC215,False,True,False,False
13_Benzene_H2O_3p600_BzDC215,False,True,False,False
13_Benzene_H2O_3p700_BzDC215,False,True,False,False
13_Benzene_H2O_3p800_BzDC215,False,True,False,False
13_Benzene_H2O_3p900_BzDC215,False,True,False,False
13_Benzene_H2O_4p000_BzDC215,False,True,False,False
13_Benzene_H2O_4p250_BzDC215,False,True,False,False
13_Benzene_H2O_4p500_BzDC215,False,True,False,False
13_Benzene_H2O_4p750_BzDC215,False,True,False,False
13_Benzene_H2O_5p000_BzDC215,False,True,False,False
13_Benzene_H2O_5p500_BzDC215,False,True,False,False
13_Benzene_H2O_6p000_BzDC215,False,True,False,False
13_Benzene_H2O_6p500_BzDC215,False,True,False,False
13_Benzene_H2O_7p000_BzDC215,False,True,False,False
13_Benzene_H2O_monA_BzDC215,False,True,False,False
13_Benzene_H2O_monB_BzDC215,False,True,False,False
13_Br2OCH2_XB18,True,True,False,False
13_C2H6_H2O_CH__O_dim_HW30,False,True,False,False
13_C2H6_H2O_CH__O_monA_HW30,False,True,False,False
13_C2H6_H2O_CH__O_monB_HW30,False,True,False,False
13_C3-He_dim_NC15,False,True,False,False
13_C3-He_monA_NC15,False,True,False,False
13_C3-He_monB_NC15,False,True,False,False
13_C8H8_Platonic24,False,True,False,False
13_CN_HB49,False,True,False,False
13_Cl-_BrF_dim_Bauza30,True,True,False,False
13_Cl-_BrF_monA_Bauza30,True,True,False,False
13_Cl-_BrF_monB_Bauza30,True,True,False,False
13_ClF-C_dim_CT20,True,True,False,False
13_ClF-C_monA_CT20,True,True,False,False
13_ClF-C_monB_CT20,True,True,False,False
13_H2O3Cl_HW6Cl,True,True,False,False
13_H2O3Cl_mon1_HW6Cl,True,True,False,False
13_H2O3Cl_mon2_HW6Cl,True,True,False,False
13_H2O3Cl_mon3_HW6Cl,True,True,False,False
13_H2O3Cl_mon4_HW6Cl,True,True,False,False
13_H2O3F_HW6F,False,True,False,False
13_H2O3F_mon1_HW6F,False,True,False,False
13_H2O3F_mon2_HW6F,False,True,False,False
13_H2O3F_mon3_HW6F,False,True,False,False
13_H2O3F_mon4_HW6F,False,True,False,False
13_Isomer3_FmH2O10,False,True,False,False
13_Isomer3_Styrene45,True,True,False,False
13_Isomer3_mon10_FmH2O10,False,True,False,False
13_Isomer3_mon11_FmH2O10,False,True,False,False
13_Isomer3_mon1_FmH2O10,False,True,False,False
13_Isomer3_mon2_FmH2O10,False,True,False,False
13_Isomer3_mon3_FmH2O10,False,True,False,False
13_Isomer3_mon4_FmH2O10,False,True,False,False
13_Isomer3_mon5_FmH2O10,False,True,False,False
13_Isomer3_mon6_FmH2O10,False,True,False,False
13_Isomer3_mon7_FmH2O10,False,True,False,False
13_Isomer3_mon8_FmH2O10,False,True,False,False
13_Isomer3_mon9_FmH2O10,False,True,False,False
13_Li_AE18,True,True,False,False
13_NCH_FCl_XB51,False,True,False,False
13_NH3Br+_HNBrBDE18,False,True,False,False
13_Reactant2_EIE22,True,True,False,False
13_Rxn3_TS_0cat_WCPT27,False,True,False,False
13_ammonia-ethene_0p9_dim_A21x12,False,True,False,False
13_ammonia-ethene_1p0_dim_A21x12,False,True,False,False
13_ammonia-ethene_1p1_dim_A21x12,False,True,False,False
13_ammonia-ethene_1p2_dim_A21x12,False,True,False,False
13_ammonia-ethene_1p4_dim_A21x12,False,True,False,False
13_ammonia-ethene_1p6_dim_A21x12,False,True,False,False
13_ammonia-ethene_2p0_dim_A21x12,False,True,False,False
13_anti-boat_H2O16Rel5,False,True,False,False
13_arg8_dim_HSG,True,True,False,False
13_arg8_monA_HSG,True,True,False,False
13_arg8_monB_HSG,True,True,False,False
13_c2h5ts_BH76,True,True,False,False
13_ch3sh_benzene_cs_dim_DS14,True,True,False,False
13_ch3sh_benzene_cs_monA_DS14,True,True,False,False
13_ch3sh_benzene_cs_monB_DS14,True,True,False,False
13_isomer3_H2O20Bind10,False,True,False,False
13_isomer3_mon10_H2O20Bind10,False,True,False,False
13_isomer3_mon11_H2O20Bind10,False,True,False,False
13_isomer3_mon12_H2O20Bind10,False,True,False,False
13_isomer3_mon13_H2O20Bind10,False,True,False,False
13_isomer3_mon14_H2O20Bind10,False,True,False,False
13_isomer3_mon15_H2O20Bind10,False,True,False,False
13_isomer3_mon16_H2O20Bind10,False,True,False,False
13_isomer3_mon17_H2O20Bind10,False,True,False,False
13_isomer3_mon18_H2O20Bind10,False,True,False,False
13_isomer3_mon19_H2O20Bind10,False,True,False,False
13_isomer3_mon1_H2O20Bind10,False,True,False,False
13_isomer3_mon20_H2O20Bind10,False,True,False,False
13_isomer3_mon2_H2O20Bind10,False,True,False,False
13_isomer3_mon3_H2O20Bind10,False,True,False,False
13_isomer3_mon4_H2O20Bind10,False,True,False,False
13_isomer3_mon5_H2O20Bind10,False,True,False,False
13_isomer3_mon6_H2O20Bind10,False,True,False,False
13_isomer3_mon7_H2O20Bind10,False,True,False,False
13_isomer3_mon8_H2O20Bind10,False,True,False,False
13_isomer3_mon9_H2O20Bind10,False,True,False,False
13_propane_Alk44,True,True,False,False
13a_triazine_dimAB_3B-69,False,True,False,False
13a_triazine_dimAC_3B-69,False,True,False,False
13a_triazine_dimBC_3B-69,False,True,False,False
13a_triazine_monA_3B-69,False,True,False,False
13a_triazine_monB_3B-69,False,True,False,False
13a_triazine_monC_3B-69,False,True,False,False
13a_triazine_trim_3B-69,False,True,False,False
13b_triazine_dimAB_3B-69,False,True,False,False
13b_triazine_dimAC_3B-69,False,True,False,False
13b_triazine_dimBC_3B-69,False,True,False,False
13b_triazine_monA_3B-69,False,True,False,False
13b_triazine_monB_3B-69,False,True,False,False
13b_triazine_monC_3B-69,False,True,False,False
13b_triazine_trim_3B-69,False,True,False,False
13c_triazine_dimAB_3B-69,False,True,False,False
13c_triazine_dimAC_3B-69,False,True,False,False
13c_triazine_dimBC_3B-69,False,True,False,False
13c_triazine_monA_3B-69,False,True,False,False
13c_triazine_monB_3B-69,False,True,False,False
13c_triazine_monC_3B-69,False,True,False,False
13c_triazine_trim_3B-69,False,True,False,False
13prod1_CR20,True,True,False,False
13prod2_CR20,True,True,False,False
13prod_DIE60,False,True,False,False
13react_CR20,True,True,False,False
13react_CRBH20,True,True,False,False
13react_DIE60,False,True,False,False
13ts_CRBH20,True,True,False,False
140_BzBz_PD36-0p8_dim_NBC10,False,True,False,False
141_BzBz_PD36-1p0_dim_NBC10,False,True,False,False
142_BzBz_PD36-1p2_dim_NBC10,False,True,False,False
143_BzBz_PD36-1p4_dim_NBC10,False,True,False,False
144_BzBz_PD36-1p5_dim_NBC10,False,True,False,False
145_BzBz_PD36-1p6_dim_NBC10,False,True,False,False
146_BzBz_PD36-1p7_dim_NBC10,False,True,False,False
147_BzBz_PD36-1p8_dim_NBC10,False,True,False,False
148_BzBz_PD36-1p9_dim_NBC10,False,True,False,False
149_BzBz_PD36-2p0_dim_NBC10,False,True,False,False
14_120-070-TS_Pentane14,False,True,False,False
14_4444-a_H2O16Rel5,False,True,False,False
14_Be_AE18,True,True,False,False
14_Benzene_NH3_3p000_BzDC215,False,True,False,False
14_Benzene_NH3_3p100_BzDC215,False,True,False,False
14_Benzene_NH3_3p200_BzDC215,False,True,False,False
14_Benzene_NH3_3p300_BzDC215,False,True,False,False
14_Benzene_NH3_3p400_BzDC215,False,True,False,False
14_Benzene_NH3_3p500_BzDC215,False,True,False,False
14_Benzene_NH3_3p550_BzDC215,False,True,False,False
14_Benzene_NH3_3p600_BzDC215,False,True,False,False
14_Benzene_NH3_3p650_BzDC215,False,True,False,False
14_Benzene_NH3_3p700_BzDC215,False,True,False,False
14_Benzene_NH3_3p800_BzDC215,False,True,False,False
14_Benzene_NH3_3p900_BzDC215,False,True,False,False
14_Benzene_NH3_4p000_BzDC215,False,True,False,False
14_Benzene_NH3_4p250_BzDC215,False,True,False,False
14_Benzene_NH3_4p500_BzDC215,False,True,False,False
14_Benzene_NH3_4p750_BzDC215,False,True,False,False
14_Benzene_NH3_5p000_BzDC215,False,True,False,False
14_Benzene_NH3_5p500_BzDC215,False,True,False,False
14_Benzene_NH3_6p000_BzDC215,False,True,False,False
14_Benzene_NH3_6p500_BzDC215,False,True,False,False
14_Benzene_NH3_7p000_BzDC215,False,True,False,False
14_Benzene_NH3_monA_BzDC215,False,True,False,False
14_Benzene_NH3_monB_BzDC215,False,True,False,False
14_Br-_BrF_dim_Bauza30,True,True,False,False
14_Br-_BrF_monA_Bauza30,True,True,False,False
14_Br-_BrF_monB_Bauza30,True,True,False,False
14_C10H10_Platonic24,False,True,False,False
14_C20CageD2h_C20C24,False,True,False,False
14_C2H6_H2O_OH__C_dim_HW30,False,True,False,False
14_C2H6_H2O_OH__C_monA_HW30,False,True,False,False
14_C2H6_H2O_OH__C_monB_HW30,False,True,False,False
14_CH3_TA13,True,True,False,False
14_COHF_HB49,False,True,False,False
14_ClF-D_dim_CT20,True,True,False,False
14_ClF-D_monA_CT20,True,True,False,False
14_ClF-D_monB_CT20,True,True,False,False
14_H2-CO_dim_NC15,False,True,False,False
14_H2-CO_monA_NC15,False,True,False,False
14_H2-CO_monB_NC15,False,True,False,False
14_H2O4Cl_HW6Cl,True,True,False,False
14_H2O4Cl_mon1_HW6Cl,True,True,False,False
14_H2O4Cl_mon2_HW6Cl,True,True,False,False
14_H2O4Cl_mon3_HW6Cl,True,True,False,False
14_H2O4Cl_mon4_HW6Cl,True,True,False,False
14_H2O4Cl_mon5_HW6Cl,True,True,False,False
14_H2O4F_HW6F,False,True,False,False
14_H2O4F_mon1_HW6F,False,True,False,False
14_H2O4F_mon2_HW6F,False,True,False,False
14_H2O4F_mon3_HW6F,False,True,False,False
14_H2O4F_mon4_HW6F,False,True,False,False
14_H2O4F_mon5_HW6F,False,True,False,False
14_Isomer4_FmH2O10,False,True,False,False
14_Isomer4_Styrene45,True,True,False,False
14_Isomer4_mon10_FmH2O10,False,True,False,False
14_Isomer4_mon11_FmH2O10,False,True,False,False
14_Isomer4_mon1_FmH2O10,False,True,False,False
14_Isomer4_mon2_FmH2O10,False,True,False,False
14_Isomer4_mon3_FmH2O10,False,True,False,False
14_Isomer4_mon4_FmH2O10,False,True,False,False
14_Isomer4_mon5_FmH2O10,False,True,False,False
14_Isomer4_mon6_FmH2O10,False,True,False,False
14_Isomer4_mon7_FmH2O10,False,True,False,False
14_Isomer4_mon8_FmH2O10,False,True,False,False
14_Isomer4_mon9_FmH2O10,False,True,False,False
14_NCH_NBS_XB51,False,True,False,False
14_NH3rad+_HNBrBDE18,False,True,False,False
14_Product2_EIE22,True,True,False,False
14_Rxn4_TS_0cat_WCPT27,False,True,False,False
14_ash26-asp125_dim_HSG,True,True,False,False
14_ash26-asp125_monA_HSG,True,True,False,False
14_ash26-asp125_monB_HSG,True,True,False,False
14_butane_Alk44,True,True,False,False
14_ch3sh_dimer_dim_DS14,True,True,False,False
14_ch3sh_dimer_monA_DS14,True,True,False,False
14_ch3sh_dimer_monB_DS14,True,True,False,False
14_ethene-dimer_0p9_dim_A21x12,False,True,False,False
14_ethene-dimer_1p0_dim_A21x12,False,True,False,False
14_ethene-dimer_1p1_dim_A21x12,False,True,False,False
14_ethene-dimer_1p2_dim_A21x12,False,True,False,False
14_ethene-dimer_1p4_dim_A21x12,False,True,False,False
14_ethene-dimer_1p6_dim_A21x12,False,True,False,False
14_ethene-dimer_2p0_dim_A21x12,False,True,False,False
14_isomer4_H2O20Bind10,False,True,False,False
14_isomer4_mon10_H2O20Bind10,False,True,False,False
14_isomer4_mon11_H2O20Bind10,False,True,False,False
14_isomer4_mon12_H2O20Bind10,False,True,False,False
14_isomer4_mon13_H2O20Bind10,False,True,False,False
14_isomer4_mon14_H2O20Bind10,False,True,False,False
14_isomer4_mon15_H2O20Bind10,False,True,False,False
14_isomer4_mon16_H2O20Bind10,False,True,False,False
14_isomer4_mon17_H2O20Bind10,False,True,False,False
14_isomer4_mon18_H2O20Bind10,False,True,False,False
14_isomer4_mon19_H2O20Bind10,False,True,False,False
14_isomer4_mon1_H2O20Bind10,False,True,False,False
14_isomer4_mon20_H2O20Bind10,False,True,False,False
14_isomer4_mon2_H2O20Bind10,False,True,False,False
14_isomer4_mon3_H2O20Bind10,False,True,False,False
14_isomer4_mon4_H2O20Bind10,False,True,False,False
14_isomer4_mon5_H2O20Bind10,False,True,False,False
14_isomer4_mon6_H2O20Bind10,False,True,False,False
14_isomer4_mon7_H2O20Bind10,False,True,False,False
14_isomer4_mon8_H2O20Bind10,False,True,False,False
14_isomer4_mon9_H2O20Bind10,False,True,False,False
14a_cyanoacetamide_dimAB_3B-69,False,True,False,False
14a_cyanoacetamide_dimAC_3B-69,False,True,False,False
14a_cyanoacetamide_dimBC_3B-69,False,True,False,False
14a_cyanoacetamide_monA_3B-69,False,True,False,False
14a_cyanoacetamide_monB_3B-69,False,True,False,False
14a_cyanoacetamide_monC_3B-69,False,True,False,False
14a_cyanoacetamide_trim_3B-69,False,True,False,False
14b_cyanoacetamide_dimAB_3B-69,False,True,False,False
14b_cyanoacetamide_dimAC_3B-69,False,True,False,False
14b_cyanoacetamide_dimBC_3B-69,False,True,False,False
14b_cyanoacetamide_monA_3B-69,False,True,False,False
14b_cyanoacetamide_monB_3B-69,False,True,False,False
14b_cyanoacetamide_monC_3B-69,False,True,False,False
14b_cyanoacetamide_trim_3B-69,False,True,False,False
14c_cyanoacetamide_dimAB_3B-69,False,True,False,False
14c_cyanoacetamide_dimAC_3B-69,False,True,False,False
14c_cyanoacetamide_dimBC_3B-69,False,True,False,False
14c_cyanoacetamide_monA_3B-69,False,True,False,False
14c_cyanoacetamide_monB_3B-69,False,True,False,False
14c_cyanoacetamide_monC_3B-69,False,True,False,False
14c_cyanoacetamide_trim_3B-69,False,True,False,False
14prod1_CR20,True,True,False,False
14prod2_CR20,True,True,False,False
14prod_DIE60,False,True,False,False
14react_CR20,True,True,False,False
14react_CRBH20,True,True,False,False
14react_DIE60,False,True,False,False
14ts_CRBH20,True,True,False,False
150_BzBz_PD36-2p2_dim_NBC10,False,True,False,False
151_BzBz_PD36-2p4_dim_NBC10,False,True,False,False
152_BzBz_PD36-2p6_dim_NBC10,False,True,False,False
153_BzBz_PD36-2p8_dim_NBC10,False,True,False,False
154_BzBz_PD36-3p0_dim_NBC10,False,True,False,False
155_BzBz_S-3p2_dim_NBC10,False,True,False,False
155_BzBz_S-3p2_monA_NBC10,False,True,False,False
155_BzBz_S-3p2_monB_NBC10,False,True,False,False
156_BzBz_S-3p3_dim_NBC10,False,True,False,False
157_BzBz_S-3p4_dim_NBC10,False,True,False,False
158_BzBz_S-3p5_dim_NBC10,False,True,False,False
159_BzBz_S-3p6_dim_NBC10,False,True,False,False
15_120-120-SP_Pentane14,False,True,False,False
15_4444-b_H2O16Rel5,False,True,False,False
15_B_AE18,True,True,False,False
15_Benzene_CH4_3p000_BzDC215,False,True,False,False
15_Benzene_CH4_3p100_BzDC215,False,True,False,False
15_Benzene_CH4_3p200_BzDC215,False,True,False,False
15_Benzene_CH4_3p300_BzDC215,False,True,False,False
15_Benzene_CH4_3p400_BzDC215,False,True,False,False
15_Benzene_CH4_3p500_BzDC215,False,True,False,False
15_Benzene_CH4_3p600_BzDC215,False,True,False,False
15_Benzene_CH4_3p700_BzDC215,False,True,False,False
15_Benzene_CH4_3p750_BzDC215,False,True,False,False
15_Benzene_CH4_3p800_BzDC215,False,True,False,False
15_Benzene_CH4_3p850_BzDC215,False,True,False,False
15_Benzene_CH4_3p900_BzDC215,False,True,False,False
15_Benzene_CH4_4p000_BzDC215,False,True,False,False
15_Benzene_CH4_4p250_BzDC215,False,True,False,False
15_Benzene_CH4_4p500_BzDC215,False,True,False,False
15_Benzene_CH4_4p750_BzDC215,False,True,False,False
15_Benzene_CH4_5p000_BzDC215,False,True,False,False
15_Benzene_CH4_5p500_BzDC215,False,True,False,False
15_Benzene_CH4_6p000_BzDC215,False,True,False,False
15_Benzene_CH4_6p500_BzDC215,False,True,False,False
15_Benzene_CH4_7p000_BzDC215,False,True,False,False
15_Benzene_CH4_monA_BzDC215,False,True,False,False
15_Benzene_CH4_monB_BzDC215,False,True,False,False
15_C12H12_Platonic24,False,True,False,False
15_C20CageD3h_C20C24,False,True,False,False
15_C2H2_H2O_CH__O_dim_HW30,False,True,False,False
15_C2H2_H2O_CH__O_monA_HW30,False,True,False,False
15_C2H2_H2O_CH__O_monB_HW30,False,True,False,False
15_CO+_TA13,True,True,False,False
15_CO_HB49,False,True,False,False
15_ClF-E_dim_CT20,True,True,False,False
15_ClF-E_monA_CT20,True,True,False,False
15_ClF-E_monB_CT20,True,True,False,False
15_H2-H2_dim_NC15,False,True,False,False
15_H2-H2_monA_NC15,False,True,False,False
15_H2-H2_monB_NC15,False,True,False,False
15_H2O5Cl_HW6Cl,True,True,False,False
15_H2O5Cl_mon1_HW6Cl,True,True,False,False
15_H2O5Cl_mon2_HW6Cl,True,True,False,False
15_H2O5Cl_mon3_HW6Cl,True,True,False,False
15_H2O5Cl_mon4_HW6Cl,True,True,False,False
15_H2O5Cl_mon5_HW6Cl,True,True,False,False
15_H2O5Cl_mon6_HW6Cl,True,True,False,False
15_H2O5F_HW6F,False,True,False,False
15_H2O5F_mon1_HW6F,False,True,False,False
15_H2O5F_mon2_HW6F,False,True,False,False
15_H2O5F_mon3_HW6F,False,True,False,False
15_H2O5F_mon4_HW6F,False,True,False,False
15_H2O5F_mon5_HW6F,False,True,False,False
15_H2O5F_mon6_HW6F,False,True,False,False
15_H3N_ClF_dim_Bauza30,True,True,False,False
15_H3N_ClF_monA_Bauza30,True,True,False,False
15_H3N_ClF_monB_Bauza30,True,True,False,False
15_Isomer5_FmH2O10,False,True,False,False
15_Isomer5_Styrene45,True,True,False,False
15_Isomer5_mon10_FmH2O10,False,True,False,False
15_Isomer5_mon11_FmH2O10,False,True,False,False
15_Isomer5_mon1_FmH2O10,False,True,False,False
15_Isomer5_mon2_FmH2O10,False,True,False,False
15_Isomer5_mon3_FmH2O10,False,True,False,False
15_Isomer5_mon4_FmH2O10,False,True,False,False
15_Isomer5_mon5_FmH2O10,False,True,False,False
15_Isomer5_mon6_FmH2O10,False,True,False,False
15_Isomer5_mon7_FmH2O10,False,True,False,False
15_Isomer5_mon8_FmH2O10,False,True,False,False
15_Isomer5_mon9_FmH2O10,False,True,False,False
15_MeNHBr_HNBrBDE18,False,True,False,False
15_Reactant3_EIE22,True,True,False,False
15_Rxn5_TS_0cat_WCPT27,False,True,False,False
15_asp129-big_dim_HSG,True,True,False,False
15_asp129-big_monA_HSG,True,True,False,False
15_asp129-big_monB_HSG,True,True,False,False
15_ch3sh_h2co_dim_DS14,True,True,False,False
15_ch3sh_h2co_monA_DS14,True,True,False,False
15_ch3sh_h2co_monB_DS14,True,True,False,False
15_isomer5_H2O20Bind10,False,True,False,False
15_isomer5_mon10_H2O20Bind10,False,True,False,False
15_isomer5_mon11_H2O20Bind10,False,True,False,False
15_isomer5_mon12_H2O20Bind10,False,True,False,False
15_isomer5_mon13_H2O20Bind10,False,True,False,False
15_isomer5_mon14_H2O20Bind10,False,True,False,False
15_isomer5_mon15_H2O20Bind10,False,True,False,False
15_isomer5_mon16_H2O20Bind10,False,True,False,False
15_isomer5_mon17_H2O20Bind10,False,True,False,False
15_isomer5_mon18_H2O20Bind10,False,True,False,False
15_isomer5_mon19_H2O20Bind10,False,True,False,False
15_isomer5_mon1_H2O20Bind10,False,True,False,False
15_isomer5_mon20_H2O20Bind10,False,True,False,False
15_isomer5_mon2_H2O20Bind10,False,True,False,False
15_isomer5_mon3_H2O20Bind10,False,True,False,False
15_isomer5_mon4_H2O20Bind10,False,True,False,False
15_isomer5_mon5_H2O20Bind10,False,True,False,False
15_isomer5_mon6_H2O20Bind10,False,True,False,False
15_isomer5_mon7_H2O20Bind10,False,True,False,False
15_isomer5_mon8_H2O20Bind10,False,True,False,False
15_isomer5_mon9_H2O20Bind10,False,True,False,False
15_methane-ethene_0p9_dim_A21x12,False,True,False,False
15_methane-ethene_1p0_dim_A21x12,False,True,False,False
15_methane-ethene_1p1_dim_A21x12,False,True,False,False
15_methane-ethene_1p2_dim_A21x12,False,True,False,False
15_methane-ethene_1p4_dim_A21x12,False,True,False,False
15_methane-ethene_1p6_dim_A21x12,False,True,False,False
15_methane-ethene_2p0_dim_A21x12,False,True,False,False
15_pentane_Alk44,True,True,False,False
15a_cyanoguanidine_dimAB_3B-69,False,True,False,False
15a_cyanoguanidine_dimAC_3B-69,False,True,False,False
15a_cyanoguanidine_dimBC_3B-69,False,True,False,False
15a_cyanoguanidine_monA_3B-69,False,True,False,False
15a_cyanoguanidine_monB_3B-69,False,True,False,False
15a_cyanoguanidine_monC_3B-69,False,True,False,False
15a_cyanoguanidine_trim_3B-69,False,True,False,False
15b_cyanoguanidine_dimAB_3B-69,False,True,False,False
15b_cyanoguanidine_dimAC_3B-69,False,True,False,False
15b_cyanoguanidine_dimBC_3B-69,False,True,False,False
15b_cyanoguanidine_monA_3B-69,False,True,False,False
15b_cyanoguanidine_monB_3B-69,False,True,False,False
15b_cyanoguanidine_monC_3B-69,False,True,False,False
15b_cyanoguanidine_trim_3B-69,False,True,False,False
15c_cyanoguanidine_dimAB_3B-69,False,True,False,False
15c_cyanoguanidine_dimAC_3B-69,False,True,False,False
15c_cyanoguanidine_dimBC_3B-69,False,True,False,False
15c_cyanoguanidine_monA_3B-69,False,True,False,False
15c_cyanoguanidine_monB_3B-69,False,True,False,False
15c_cyanoguanidine_monC_3B-69,False,True,False,False
15c_cyanoguanidine_trim_3B-69,False,True,False,False
15prod1_CR20,True,True,False,False
15prod2_CR20,True,True,False,False
15prod_DIE60,False,True,False,False
15react_CR20,True,True,False,False
15react_CRBH20,True,True,False,False
15react_DIE60,False,True,False,False
15ts_CRBH20,True,True,False,False
160_BzBz_S-3p7_dim_NBC10,False,True,False,False
161_BzBz_S-3p8_dim_NBC10,False,True,False,False
162_BzBz_S-3p9_dim_NBC10,False,True,False,False
163_BzBz_S-4p0_dim_NBC10,False,True,False,False
164_BzBz_S-4p1_dim_NBC10,False,True,False,False
165_BzBz_S-4p2_dim_NBC10,False,True,False,False
166_BzBz_S-4p5_dim_NBC10,False,True,False,False
167_BzBz_S-5p0_dim_NBC10,False,True,False,False
168_BzBz_S-5p5_dim_NBC10,False,True,False,False
169_BzBz_S-6p0_dim_NBC10,False,True,False,False
16_180-000-TS_Pentane14,False,True,False,False
16_Benzene_Ar_3p000_BzDC215,False,True,False,False
16_Benzene_Ar_3p100_BzDC215,False,True,False,False
16_Benzene_Ar_3p200_BzDC215,False,True,False,False
16_Benzene_Ar_3p300_BzDC215,False,True,False,False
16_Benzene_Ar_3p400_BzDC215,False,True,False,False
16_Benzene_Ar_3p450_BzDC215,False,True,False,False
16_Benzene_Ar_3p500_BzDC215,False,True,False,False
16_Benzene_Ar_3p525_BzDC215,False,True,False,False
16_Benzene_Ar_3p550_BzDC215,False,True,False,False
16_Benzene_Ar_3p600_BzDC215,False,True,False,False
16_Benzene_Ar_3p700_BzDC215,False,True,False,False
16_Benzene_Ar_3p800_BzDC215,False,True,False,False
16_Benzene_Ar_3p900_BzDC215,False,True,False,False
16_Benzene_Ar_4p000_BzDC215,False,True,False,False
16_Benzene_Ar_4p250_BzDC215,False,True,False,False
16_Benzene_Ar_4p500_BzDC215,False,True,False,False
16_Benzene_Ar_4p750_BzDC215,False,True,False,False
16_Benzene_Ar_5p000_BzDC215,False,True,False,False
16_Benzene_Ar_5p500_BzDC215,False,True,False,False
16_Benzene_Ar_6p000_BzDC215,False,True,False,False
16_Benzene_Ar_7p000_BzDC215,False,True,False,False
16_Benzene_Ar_monA_BzDC215,False,True,False,False
16_Benzene_Ar_monB_BzDC215,False,True,False,False
16_C20H20_Platonic24,False,True,False,False
16_C20RingC10h_C20C24,False,True,False,False
16_C2H2_H2O_CH__Op_dim_HW30,False,True,False,False
16_C2H2_H2O_CH__Op_monA_HW30,False,True,False,False
16_C2H2_H2O_CH__Op_monB_HW30,False,True,False,False
16_C_AE18,True,True,False,False
16_FHNH3_HB49,False,True,False,False
16_H2-HCl_dim_NC15,False,True,False,False
16_H2-HCl_monA_NC15,False,True,False,False
16_H2-HCl_monB_NC15,False,True,False,False
16_H2O6Cl_HW6Cl,True,True,False,False
16_H2O6Cl_mon1_HW6Cl,True,True,False,False
16_H2O6Cl_mon2_HW6Cl,True,True,False,False
16_H2O6Cl_mon3_HW6Cl,True,True,False,False
16_H2O6Cl_mon4_HW6Cl,True,True,False,False
16_H2O6Cl_mon5_HW6Cl,True,True,False,False
16_H2O6Cl_mon6_HW6Cl,True,True,False,False
16_H2O6Cl_mon7_HW6Cl,True,True,False,False
16_H2O6F_HW6F,False,True,False,False
16_H2O6F_mon1_HW6F,False,True,False,False
16_H2O6F_mon2_HW6F,False,True,False,False
16_H2O6F_mon3_HW6F,False,True,False,False
16_H2O6F_mon4_HW6F,False,True,False,False
16_H2O6F_mon5_HW6F,False,True,False,False
16_H2O6F_mon6_HW6F,False,True,False,False
16_H2O6F_mon7_HW6F,False,True,False,False
16_H3N_BrF_dim_Bauza30,True,True,False,False
16_H3N_BrF_monA_Bauza30,True,True,False,False
16_H3N_BrF_monB_Bauza30,True,True,False,False
16_HF-A_dim_CT20,True,True,False,False
16_HF-A_monA_CT20,True,True,False,False
16_HF-A_monB_CT20,True,True,False,False
16_Isomer6_FmH2O10,False,True,False,False
16_Isomer6_Styrene45,True,True,False,False
16_Isomer6_mon10_FmH2O10,False,True,False,False
16_Isomer6_mon11_FmH2O10,False,True,False,False
16_Isomer6_mon1_FmH2O10,False,True,False,False
16_Isomer6_mon2_FmH2O10,False,True,False,False
16_Isomer6_mon3_FmH2O10,False,True,False,False
16_Isomer6_mon4_FmH2O10,False,True,False,False
16_Isomer6_mon5_FmH2O10,False,True,False,False
16_Isomer6_mon6_FmH2O10,False,True,False,False
16_Isomer6_mon7_FmH2O10,False,True,False,False
16_Isomer6_mon8_FmH2O10,False,True,False,False
16_Isomer6_mon9_FmH2O10,False,True,False,False
16_MeNHrad_HNBrBDE18,False,True,False,False
16_NCH_PhBr_XB51,False,True,False,False
16_NH2_TA13,True,True,False,False
16_Product3_EIE22,True,True,False,False
16_Rxn6_TS_0cat_WCPT27,False,False,False,True
16_asp130_dim_HSG,True,True,False,False
16_asp130_monA_HSG,True,True,False,False
16_asp130_monB_HSG,True,True,False,False
16_borane-methane_0p9_dim_A21x12,False,True,False,False
16_borane-methane_1p0_dim_A21x12,False,True,False,False
16_borane-methane_1p1_dim_A21x12,False,True,False,False
16_borane-methane_1p2_dim_A21x12,False,True,False,False
16_borane-methane_1p4_dim_A21x12,False,True,False,False
16_borane-methane_1p6_dim_A21x12,False,True,False,False
16_borane-methane_2p0_dim_A21x12,False,True,False,False
16_ch3sh_h2o_cs_dim_DS14,True,True,False,False
16_ch3sh_h2o_cs_monA_DS14,True,True,False,False
16_ch3sh_h2o_cs_monB_DS14,True,True,False,False
16_hexane_Alk44,True,True,False,False
16_isomer6_H2O20Bind10,False,True,False,False
16_isomer6_mon10_H2O20Bind10,False,True,False,False
16_isomer6_mon11_H2O20Bind10,False,True,False,False
16_isomer6_mon12_H2O20Bind10,False,True,False,False
16_isomer6_mon13_H2O20Bind10,False,True,False,False
16_isomer6_mon14_H2O20Bind10,False,True,False,False
16_isomer6_mon15_H2O20Bind10,False,True,False,False
16_isomer6_mon16_H2O20Bind10,False,True,False,False
16_isomer6_mon17_H2O20Bind10,False,True,False,False
16_isomer6_mon18_H2O20Bind10,False,True,False,False
16_isomer6_mon19_H2O20Bind10,False,True,False,False
16_isomer6_mon1_H2O20Bind10,False,True,False,False
16_isomer6_mon20_H2O20Bind10,False,True,False,False
16_isomer6_mon2_H2O20Bind10,False,True,False,False
16_isomer6_mon3_H2O20Bind10,False,True,False,False
16_isomer6_mon4_H2O20Bind10,False,True,False,False
16_isomer6_mon5_H2O20Bind10,False,True,False,False
16_isomer6_mon6_H2O20Bind10,False,True,False,False
16_isomer6_mon7_H2O20Bind10,False,True,False,False
16_isomer6_mon8_H2O20Bind10,False,True,False,False
16_isomer6_mon9_H2O20Bind10,False,True,False,False
16a_triazolidinedione_dimAB_3B-69,False,True,False,False
16a_triazolidinedione_dimAC_3B-69,False,True,False,False
16a_triazolidinedione_dimBC_3B-69,False,True,False,False
16a_triazolidinedione_monA_3B-69,False,True,False,False
16a_triazolidinedione_monB_3B-69,False,True,False,False
16a_triazolidinedione_monC_3B-69,False,True,False,False
16a_triazolidinedione_trim_3B-69,False,True,False,False
16b_triazolidinedione_dimAB_3B-69,False,True,False,False
16b_triazolidinedione_dimAC_3B-69,False,True,False,False
16b_triazolidinedione_dimBC_3B-69,False,True,False,False
16b_triazolidinedione_monA_3B-69,False,True,False,False
16b_triazolidinedione_monB_3B-69,False,True,False,False
16b_triazolidinedione_monC_3B-69,False,True,False,False
16b_triazolidinedione_trim_3B-69,False,True,False,False
16c_triazolidinedione_dimAB_3B-69,False,True,False,False
16c_triazolidinedione_dimAC_3B-69,False,True,False,False
16c_triazolidinedione_dimBC_3B-69,False,True,False,False
16c_triazolidinedione_monA_3B-69,False,True,False,False
16c_triazolidinedione_monB_3B-69,False,True,False,False
16c_triazolidinedione_monC_3B-69,False,True,False,False
16c_triazolidinedione_trim_3B-69,False,True,False,False
16prod1_CR20,True,True,False,False
16prod2_CR20,True,True,False,False
16prod_DIE60,False,True,False,False
16react_CR20,True,True,False,False
16react_CRBH20,True,True,False,False
16react_DIE60,False,True,False,False
16ts_CRBH20,True,True,False,False
170_BzBz_S-6p5_dim_NBC10,False,True,False,False
171_BzBz_S-10p0_dim_NBC10,False,True,False,False
172_BzBz_T-4p4_dim_NBC10,False,True,False,False
172_BzBz_T-4p4_monA_NBC10,False,True,False,False
172_BzBz_T-4p4_monB_NBC10,False,True,False,False
173_BzBz_T-4p5_dim_NBC10,False,True,False,False
174_BzBz_T-4p6_dim_NBC10,False,True,False,False
175_BzBz_T-4p7_dim_NBC10,False,True,False,False
176_BzBz_T-4p8_dim_NBC10,False,True,False,False
177_BzBz_T-4p9_dim_NBC10,False,True,False,False
178_BzBz_T-5p0_dim_NBC10,False,True,False,False
179_BzBz_T-5p1_dim_NBC10,False,True,False,False
17_240-070-TS_Pentane14,False,True,False,False
17_Benzene_HCl_3p100_BzDC215,False,True,False,False
17_Benzene_HCl_3p200_BzDC215,False,True,False,False
17_Benzene_HCl_3p300_BzDC215,False,True,False,False
17_Benzene_HCl_3p400_BzDC215,False,True,False,False
17_Benzene_HCl_3p500_BzDC215,False,True,False,False
17_Benzene_HCl_3p550_BzDC215,False,True,False,False
17_Benzene_HCl_3p600_BzDC215,False,True,False,False
17_Benzene_HCl_3p650_BzDC215,False,True,False,False
17_Benzene_HCl_3p700_BzDC215,False,True,False,False
17_Benzene_HCl_3p800_BzDC215,False,True,False,False
17_Benzene_HCl_3p900_BzDC215,False,True,False,False
17_Benzene_HCl_4p000_BzDC215,False,True,False,False
17_Benzene_HCl_4p250_BzDC215,False,True,False,False
17_Benzene_HCl_4p500_BzDC215,False,True,False,False
17_Benzene_HCl_4p750_BzDC215,False,True,False,False
17_Benzene_HCl_5p000_BzDC215,False,True,False,False
17_Benzene_HCl_5p500_BzDC215,False,True,False,False
17_Benzene_HCl_6p000_BzDC215,False,True,False,False
17_Benzene_HCl_6p500_BzDC215,False,True,False,False
17_Benzene_HCl_7p000_BzDC215,False,True,False,False
17_Benzene_HCl_monA_BzDC215,False,True,False,False
17_Benzene_HCl_monB_BzDC215,False,True,False,False
17_C24CageOh_C20C24,False,True,False,False
17_C2H2_H2O_OH__pi_dim_HW30,False,True,False,False
17_C2H2_H2O_OH__pi_monA_HW30,False,True,False,False
17_C2H2_H2O_OH__pi_monB_HW30,False,True,False,False
17_Cl-_SF2_dim_Bauza30,True,True,False,False
17_Cl-_SF2_monA_Bauza30,True,True,False,False
17_Cl-_SF2_monB_Bauza30,True,True,False,False
17_ClBr_XB18,True,True,False,False
17_H2-HF_dim_NC15,False,True,False,False
17_H2-HF_monA_NC15,False,True,False,False
17_H2-HF_monB_NC15,False,True,False,False
17_H2OH2O_HB49,False,True,False,False
17_HF-B_dim_CT20,True,True,False,False
17_HF-B_monA_CT20,True,True,False,False
17_HF-B_monB_CT20,True,True,False,False
17_H_Platonic24,False,True,False,False
17_Isomer7_FmH2O10,False,True,False,False
17_Isomer7_Styrene45,True,True,False,False
17_Isomer7_mon10_FmH2O10,False,True,False,False
17_Isomer7_mon11_FmH2O10,False,True,False,False
17_Isomer7_mon1_FmH2O10,False,True,False,False
17_Isomer7_mon2_FmH2O10,False,True,False,False
17_Isomer7_mon3_FmH2O10,False,True,False,False
17_Isomer7_mon4_FmH2O10,False,True,False,False
17_Isomer7_mon5_FmH2O10,False,True,False,False
17_Isomer7_mon6_FmH2O10,False,True,False,False
17_Isomer7_mon7_FmH2O10,False,True,False,False
17_Isomer7_mon8_FmH2O10,False,True,False,False
17_Isomer7_mon9_FmH2O10,False,True,False,False
17_MeNH2Br+_HNBrBDE18,False,True,False,False
17_NH3+_TA13,True,True,False,False
17_N_AE18,True,True,False,False
17_Reactant4_EIE22,True,True,False,False
17_Rxn7_TS_0cat_WCPT27,False,True,False,False
17_ch3sh_nh3_cs_dim_DS14,True,True,False,False
17_ch3sh_nh3_cs_monA_DS14,True,True,False,False
17_ch3sh_nh3_cs_monB_DS14,True,True,False,False
17_gly28-big_dim_HSG,True,True,False,False
17_gly28-big_monA_HSG,True,True,False,False
17_gly28-big_monB_HSG,True,True,False,False
17_heptane_Alk44,True,True,False,False
17_isomer7_H2O20Bind10,False,True,False,False
17_isomer7_mon10_H2O20Bind10,False,True,False,False
17_isomer7_mon11_H2O20Bind10,False,True,False,False
17_isomer7_mon12_H2O20Bind10,False,True,False,False
17_isomer7_mon13_H2O20Bind10,False,True,False,False
17_isomer7_mon14_H2O20Bind10,False,True,False,False
17_isomer7_mon15_H2O20Bind10,False,True,False,False
17_isomer7_mon16_H2O20Bind10,False,True,False,False
17_isomer7_mon17_H2O20Bind10,False,True,False,False
17_isomer7_mon18_H2O20Bind10,False,True,False,False
17_isomer7_mon19_H2O20Bind10,False,True,False,False
17_isomer7_mon1_H2O20Bind10,False,True,False,False
17_isomer7_mon20_H2O20Bind10,False,True,False,False
17_isomer7_mon2_H2O20Bind10,False,True,False,False
17_isomer7_mon3_H2O20Bind10,False,True,False,False
17_isomer7_mon4_H2O20Bind10,False,True,False,False
17_isomer7_mon5_H2O20Bind10,False,True,False,False
17_isomer7_mon6_H2O20Bind10,False,True,False,False
17_isomer7_mon7_H2O20Bind10,False,True,False,False
17_isomer7_mon8_H2O20Bind10,False,True,False,False
17_isomer7_mon9_H2O20Bind10,False,True,False,False
17_methane-ethane_0p9_dim_A21x12,False,True,False,False
17_methane-ethane_1p0_dim_A21x12,False,True,False,False
17_methane-ethane_1p1_dim_A21x12,False,True,False,False
17_methane-ethane_1p2_dim_A21x12,False,True,False,False
17_methane-ethane_1p4_dim_A21x12,False,True,False,False
17_methane-ethane_1p6_dim_A21x12,False,True,False,False
17_methane-ethane_2p0_dim_A21x12,False,True,False,False
17a_oxazolidinone_dimAB_3B-69,False,True,False,False
17a_oxazolidinone_dimAC_3B-69,False,True,False,False
17a_oxazolidinone_dimBC_3B-69,False,True,False,False
17a_oxazolidinone_monA_3B-69,False,True,False,False
17a_oxazolidinone_monB_3B-69,False,True,False,False
17a_oxazolidinone_monC_3B-69,False,True,False,False
17a_oxazolidinone_trim_3B-69,False,True,False,False
17b_oxazolidinone_dimAB_3B-69,False,True,False,False
17b_oxazolidinone_dimAC_3B-69,False,True,False,False
17b_oxazolidinone_dimBC_3B-69,False,True,False,False
17b_oxazolidinone_monA_3B-69,False,True,False,False
17b_oxazolidinone_monB_3B-69,False,True,False,False
17b_oxazolidinone_monC_3B-69,False,True,False,False
17b_oxazolidinone_trim_3B-69,False,True,False,False
17c_oxazolidinone_dimAB_3B-69,False,True,False,False
17c_oxazolidinone_dimAC_3B-69,False,True,False,False
17c_oxazolidinone_dimBC_3B-69,False,True,False,False
17c_oxazolidinone_monA_3B-69,False,True,False,False
17c_oxazolidinone_monB_3B-69,False,True,False,False
17c_oxazolidinone_monC_3B-69,False,True,False,False
17c_oxazolidinone_trim_3B-69,False,True,False,False
17prod1_CR20,True,True,False,False
17prod2_CR20,True,True,False,False
17prod_DIE60,False,True,False,False
17react_CR20,True,True,False,False
17react_CRBH20,True,True,False,False
17react_DIE60,False,True,False,False
17ts_CRBH20,True,True,False,False
180_BzBz_T-5p2_dim_NBC10,False,True,False,False
181_BzBz_T-5p3_dim_NBC10,False,True,False,False
182_BzBz_T-5p4_dim_NBC10,False,True,False,False
183_BzBz_T-5p5_dim_NBC10,False,True,False,False
184_BzBz_T-5p6_dim_NBC10,False,True,False,False
185_BzBz_T-6p0_dim_NBC10,False,True,False,False
186_BzBz_T-6p5_dim_NBC10,False,True,False,False
187_BzBz_T-7p0_dim_NBC10,False,True,False,False
188_BzBz_T-7p5_dim_NBC10,False,True,False,False
189_BzBz_T-8p0_dim_NBC10,False,True,False,False
189_h_W4-11,True,True,False,False
18_240-120-SP_Pentane14,False,True,False,False
18_Benzene_H2S_3p200_BzDC215,False,True,False,False
18_Benzene_H2S_3p300_BzDC215,False,True,False,False
18_Benzene_H2S_3p400_BzDC215,False,True,False,False
18_Benzene_H2S_3p500_BzDC215,False,True,False,False
18_Benzene_H2S_3p600_BzDC215,False,True,False,False
18_Benzene_H2S_3p650_BzDC215,False,True,False,False
18_Benzene_H2S_3p700_BzDC215,False,True,False,False
18_Benzene_H2S_3p750_BzDC215,False,True,False,False
18_Benzene_H2S_3p800_BzDC215,False,True,False,False
18_Benzene_H2S_3p850_BzDC215,False,True,False,False
18_Benzene_H2S_3p900_BzDC215,False,True,False,False
18_Benzene_H2S_4p000_BzDC215,False,True,False,False
18_Benzene_H2S_4p100_BzDC215,False,True,False,False
18_Benzene_H2S_4p200_BzDC215,False,True,False,False
18_Benzene_H2S_4p300_BzDC215,False,True,False,False
18_Benzene_H2S_4p500_BzDC215,False,True,False,False
18_Benzene_H2S_4p750_BzDC215,False,True,False,False
18_Benzene_H2S_5p000_BzDC215,False,True,False,False
18_Benzene_H2S_5p250_BzDC215,False,True,False,False
18_Benzene_H2S_5p500_BzDC215,False,True,False,False
18_Benzene_H2S_6p000_BzDC215,False,True,False,False
18_Benzene_H2S_6p500_BzDC215,False,True,False,False
18_Benzene_H2S_7p000_BzDC215,False,True,False,False
18_Benzene_H2S_monA_BzDC215,False,True,False,False
18_Benzene_H2S_monB_BzDC215,False,True,False,False
18_Br-_SF2_dim_Bauza30,True,True,False,False
18_Br-_SF2_monA_Bauza30,True,True,False,False
18_Br-_SF2_monB_Bauza30,True,True,False,False
18_C24CageD3d_C20C24,False,True,False,False
18_C2H2_H2O_OH2__pi_dim_HW30,False,True,False,False
18_C2H2_H2O_OH2__pi_monA_HW30,False,True,False,False
18_C2H2_H2O_OH2__pi_monB_HW30,False,True,False,False
18_C_Platonic24,False,True,False,False
18_ClBrNCH_XB18,True,True,False,False
18_H2ONH3_HB49,False,True,False,False
18_HF-C_dim_CT20,True,True,False,False
18_HF-C_monA_CT20,True,True,False,False
18_HF-C_monB_CT20,True,True,False,False
18_Isomer8_FmH2O10,False,True,False,False
18_Isomer8_Styrene45,True,True,False,False
18_Isomer8_mon10_FmH2O10,False,True,False,False
18_Isomer8_mon11_FmH2O10,False,True,False,False
18_Isomer8_mon1_FmH2O10,False,True,False,False
18_Isomer8_mon2_FmH2O10,False,True,False,False
18_Isomer8_mon3_FmH2O10,False,True,False,False
18_Isomer8_mon4_FmH2O10,False,True,False,False
18_Isomer8_mon5_FmH2O10,False,True,False,False
18_Isomer8_mon6_FmH2O10,False,True,False,False
18_Isomer8_mon7_FmH2O10,False,True,False,False
18_Isomer8_mon8_FmH2O10,False,True,False,False
18_Isomer8_mon9_FmH2O10,False,True,False,False
18_MeNH2rad+_HNBrBDE18,False,True,False,False
18_OH_TA13,True,True,False,False
18_O_AE18,True,True,False,False
18_Product4_EIE22,True,True,False,False
18_Rxn8_TS_0cat_WCPT27,False,True,False,False
18_formamide_ch3sh_dim_DS14,True,True,False,False
18_formamide_ch3sh_monA_DS14,True,True,False,False
18_formamide_ch3sh_monB_DS14,True,True,False,False
18_gly50-ring-big_dim_HSG,True,True,False,False
18_gly50-ring-big_monA_HSG,True,True,False,False
18_gly50-ring-big_monB_HSG,True,True,False,False
18_isomer8_H2O20Bind10,False,True,False,False
18_isomer8_mon10_H2O20Bind10,False,True,False,False
18_isomer8_mon11_H2O20Bind10,False,True,False,False
18_isomer8_mon12_H2O20Bind10,False,True,False,False
18_isomer8_mon13_H2O20Bind10,False,True,False,False
18_isomer8_mon14_H2O20Bind10,False,True,False,False
18_isomer8_mon15_H2O20Bind10,False,True,False,False
18_isomer8_mon16_H2O20Bind10,False,True,False,False
18_isomer8_mon17_H2O20Bind10,False,True,False,False
18_isomer8_mon18_H2O20Bind10,False,True,False,False
18_isomer8_mon19_H2O20Bind10,False,True,False,False
18_isomer8_mon1_H2O20Bind10,False,True,False,False
18_isomer8_mon20_H2O20Bind10,False,True,False,False
18_isomer8_mon2_H2O20Bind10,False,True,False,False
18_isomer8_mon3_H2O20Bind10,False,True,False,False
18_isomer8_mon4_H2O20Bind10,False,True,False,False
18_isomer8_mon5_H2O20Bind10,False,True,False,False
18_isomer8_mon6_H2O20Bind10,False,True,False,False
18_isomer8_mon7_H2O20Bind10,False,True,False,False
18_isomer8_mon8_H2O20Bind10,False,True,False,False
18_isomer8_mon9_H2O20Bind10,False,True,False,False
18_methane-ethane_0p9_dim_A21x12,False,True,False,False
18_methane-ethane_1p0_dim_A21x12,False,True,False,False
18_methane-ethane_1p1_dim_A21x12,False,True,False,False
18_methane-ethane_1p2_dim_A21x12,False,True,False,False
18_methane-ethane_1p4_dim_A21x12,False,True,False,False
18_methane-ethane_1p6_dim_A21x12,False,True,False,False
18_methane-ethane_2p0_dim_A21x12,False,True,False,False
18_octane_Alk44,True,True,False,False
18a_succinic_anhydride_dimAB_3B-69,False,True,False,False
18a_succinic_anhydride_dimAC_3B-69,False,True,False,False
18a_succinic_anhydride_dimBC_3B-69,False,True,False,False
18a_succinic_anhydride_monA_3B-69,False,True,False,False
18a_succinic_anhydride_monB_3B-69,False,True,False,False
18a_succinic_anhydride_monC_3B-69,False,True,False,False
18a_succinic_anhydride_trim_3B-69,False,True,False,False
18b_succinic_anhydride_dimAB_3B-69,False,True,False,False
18b_succinic_anhydride_dimAC_3B-69,False,True,False,False
18b_succinic_anhydride_dimBC_3B-69,False,True,False,False
18b_succinic_anhydride_monA_3B-69,False,True,False,False
18b_succinic_anhydride_monB_3B-69,False,True,False,False
18b_succinic_anhydride_monC_3B-69,False,True,False,False
18b_succinic_anhydride_trim_3B-69,False,True,False,False
18c_succinic_anhydride_dimAB_3B-69,False,True,False,False
18c_succinic_anhydride_dimAC_3B-69,False,True,False,False
18c_succinic_anhydride_dimBC_3B-69,False,True,False,False
18c_succinic_anhydride_monA_3B-69,False,True,False,False
18c_succinic_anhydride_monB_3B-69,False,True,False,False
18c_succinic_anhydride_monC_3B-69,False,True,False,False
18c_succinic_anhydride_trim_3B-69,False,True,False,False
18prod1_CR20,True,True,False,False
18prod2_CR20,True,True,False,False
18prod_DIE60,False,True,False,False
18react_CR20,True,True,False,False
18react_CRBH20,True,True,False,False
18react_DIE60,False,True,False,False
18ts_CRBH20,True,True,False,False
190_BzH2S-3p2_dim_NBC10,False,True,False,False
190_BzH2S-3p2_monA_NBC10,False,True,False,False
190_BzH2S-3p2_monB_NBC10,False,True,False,False
191_BzH2S-3p4_dim_NBC10,False,True,False,False
192_BzH2S-3p5_dim_NBC10,False,True,False,False
193_BzH2S-3p6_dim_NBC10,False,True,False,False
194_BzH2S-3p7_dim_NBC10,False,True,False,False
195_BzH2S-3p8_dim_NBC10,False,True,False,False
196_BzH2S-3p9_dim_NBC10,False,True,False,False
197_BzH2S-4p0_dim_NBC10,False,True,False,False
198_BzH2S-4p1_dim_NBC10,False,True,False,False
199_BzH2S-4p2_dim_NBC10,False,True,False,False
19_240-180-TS_Pentane14,False,True,False,False
19_Benzene_PH3_3p400_BzDC215,False,True,False,False
19_Benzene_PH3_3p500_BzDC215,False,True,False,False
19_Benzene_PH3_3p600_BzDC215,False,True,False,False
19_Benzene_PH3_3p700_BzDC215,False,True,False,False
19_Benzene_PH3_3p800_BzDC215,False,True,False,False
19_Benzene_PH3_3p900_BzDC215,False,True,False,False
19_Benzene_PH3_4p000_BzDC215,False,True,False,False
19_Benzene_PH3_4p050_BzDC215,False,True,False,False
19_Benzene_PH3_4p100_BzDC215,False,True,False,False
19_Benzene_PH3_4p200_BzDC215,False,True,False,False
19_Benzene_PH3_4p300_BzDC215,False,True,False,False
19_Benzene_PH3_4p400_BzDC215,False,True,False,False
19_Benzene_PH3_4p500_BzDC215,False,True,False,False
19_Benzene_PH3_4p750_BzDC215,False,True,False,False
19_Benzene_PH3_5p000_BzDC215,False,True,False,False
19_Benzene_PH3_5p250_BzDC215,False,True,False,False
19_Benzene_PH3_5p500_BzDC215,False,True,False,False
19_Benzene_PH3_6p000_BzDC215,False,True,False,False
19_Benzene_PH3_6p500_BzDC215,False,True,False,False
19_Benzene_PH3_7p000_BzDC215,False,True,False,False
19_Benzene_PH3_monA_BzDC215,False,True,False,False
19_Benzene_PH3_monB_BzDC215,False,True,False,False
19_C24CoronaD6h_C20C24,False,True,False,False
19_C4H2_H2O_CH__O_dim_HW30,False,True,False,False
19_C4H2_H2O_CH__O_monA_HW30,False,True,False,False
19_C4H2_H2O_CH__O_monB_HW30,False,True,False,False
19_Cl-_SeF2_dim_Bauza30,True,True,False,False
19_Cl-_SeF2_monA_Bauza30,True,True,False,False
19_Cl-_SeF2_monB_Bauza30,True,True,False,False
19_ClBrOCH2_XB18,True,True,False,False
19_F_AE18,True,True,False,False
19_H2O-Al_TA13,True,True,False,False
19_H2O_HB49,False,True,False,False
19_H2_Platonic24,False,True,False,False
19_HF-D_dim_CT20,True,True,False,False
19_HF-D_monA_CT20,True,True,False,False
19_HF-D_monB_CT20,True,True,False,False
19_He-H2_dim_NC15,False,True,False,False
19_He-H2_monA_NC15,False,True,False,False
19_He-H2_monB_NC15,False,True,False,False
19_Isomer9_FmH2O10,False,True,False,False
19_Isomer9_Styrene45,True,True,False,False
19_Isomer9_mon10_FmH2O10,False,True,False,False
19_Isomer9_mon11_FmH2O10,False,True,False,False
19_Isomer9_mon1_FmH2O10,False,True,False,False
19_Isomer9_mon2_FmH2O10,False,True,False,False
19_Isomer9_mon3_FmH2O10,False,True,False,False
19_Isomer9_mon4_FmH2O10,False,True,False,False
19_Isomer9_mon5_FmH2O10,False,True,False,False
19_Isomer9_mon6_FmH2O10,False,True,False,False
19_Isomer9_mon7_FmH2O10,False,True,False,False
19_Isomer9_mon8_FmH2O10,False,True,False,False
19_Isomer9_mon9_FmH2O10,False,True,False,False
19_Me2NBr_HNBrBDE18,False,True,False,False
19_NH3_FBr_XB51,False,True,False,False
19_Reactant5_EIE22,True,True,False,False
19_Rxn9_TS_0cat_WCPT27,False,True,False,False
19_gly50-v1_dim_HSG,True,True,False,False
19_gly50-v1_monA_HSG,True,True,False,False
19_gly50-v1_monB_HSG,True,True,False,False
19_h2o_ch3sch3_cs_dim_DS14,True,True,False,False
19_h2o_ch3sch3_cs_monA_DS14,True,True,False,False
19_h2o_ch3sch3_cs_monB_DS14,True,True,False,False
19_isobutane_Alk44,True,True,False,False
19_isomer9_H2O20Bind10,False,True,False,False
19_isomer9_mon10_H2O20Bind10,False,True,False,False
19_isomer9_mon11_H2O20Bind10,False,True,False,False
19_isomer9_mon12_H2O20Bind10,False,True,False,False
19_isomer9_mon13_H2O20Bind10,False,True,False,False
19_isomer9_mon14_H2O20Bind10,False,True,False,False
19_isomer9_mon15_H2O20Bind10,False,True,False,False
19_isomer9_mon16_H2O20Bind10,False,True,False,False
19_isomer9_mon17_H2O20Bind10,False,True,False,False
19_isomer9_mon18_H2O20Bind10,False,True,False,False
19_isomer9_mon19_H2O20Bind10,False,True,False,False
19_isomer9_mon1_H2O20Bind10,False,True,False,False
19_isomer9_mon20_H2O20Bind10,False,True,False,False
19_isomer9_mon2_H2O20Bind10,False,True,False,False
19_isomer9_mon3_H2O20Bind10,False,True,False,False
19_isomer9_mon4_H2O20Bind10,False,True,False,False
19_isomer9_mon5_H2O20Bind10,False,True,False,False
19_isomer9_mon6_H2O20Bind10,False,True,False,False
19_isomer9_mon7_H2O20Bind10,False,True,False,False
19_isomer9_mon8_H2O20Bind10,False,True,False,False
19_isomer9_mon9_H2O20Bind10,False,True,False,False
19a_benzene_dimAB_3B-69,False,True,False,False
19a_benzene_dimAC_3B-69,False,True,False,False
19a_benzene_dimBC_3B-69,False,True,False,False
19a_benzene_monA_3B-69,False,True,False,False
19a_benzene_monB_3B-69,False,True,False,False
19a_benzene_monC_3B-69,False,True,False,False
19a_benzene_trim_3B-69,False,True,False,False
19b_benzene_dimAB_3B-69,False,True,False,False
19b_benzene_dimAC_3B-69,False,True,False,False
19b_benzene_dimBC_3B-69,False,True,False,False
19b_benzene_monA_3B-69,False,True,False,False
19b_benzene_monB_3B-69,False,True,False,False
19b_benzene_monC_3B-69,False,True,False,False
19b_benzene_trim_3B-69,False,True,False,False
19c_benzene_dimAB_3B-69,False,True,False,False
19c_benzene_dimAC_3B-69,False,True,False,False
19c_benzene_dimBC_3B-69,False,True,False,False
19c_benzene_monA_3B-69,False,True,False,False
19c_benzene_monB_3B-69,False,True,False,False
19c_benzene_monC_3B-69,False,True,False,False
19c_benzene_trim_3B-69,False,True,False,False
19prod1_CR20,True,True,False,False
19prod2_CR20,True,True,False,False
19prod_DIE60,False,True,False,False
19react_CR20,True,True,False,False
19react_CRBH20,True,True,False,False
19react_DIE60,False,True,False,False
19ts_CRBH20,True,True,False,False
1prod1_CR20,True,True,False,False
1prod2_CR20,True,True,False,False
1prod_DIE60,False,True,False,False
1react_CR20,True,True,False,False
1react_DIE60,False,True,False,False
200_BzH2S-4p5_dim_NBC10,False,True,False,False
201_BzH2S-4p75_dim_NBC10,False,True,False,False
202_BzH2S-5p0_dim_NBC10,False,True,False,False
203_BzH2S-5p25_dim_NBC10,False,True,False,False
204_BzH2S-5p5_dim_NBC10,False,True,False,False
205_BzH2S-6p0_dim_NBC10,False,True,False,False
206_BzH2S-6p5_dim_NBC10,False,True,False,False
207_BzH2S-7p0_dim_NBC10,False,True,False,False
208_BzH2S-7p5_dim_NBC10,False,True,False,False
209_BzMe-3p2_dim_NBC10,False,True,False,False
209_BzMe-3p2_monA_NBC10,False,True,False,False
209_BzMe-3p2_monB_NBC10,False,True,False,False
20_280-080-TS_Pentane14,False,True,False,False
20_Ar-methane_0p9_dim_A21x12,False,True,False,False
20_Ar-methane_1p0_dim_A21x12,False,True,False,False
20_Ar-methane_1p1_dim_A21x12,False,True,False,False
20_Ar-methane_1p2_dim_A21x12,False,True,False,False
20_Ar-methane_1p4_dim_A21x12,False,True,False,False
20_Ar-methane_1p6_dim_A21x12,False,True,False,False
20_Ar-methane_2p0_dim_A21x12,False,True,False,False
20_Benzene_SiH4_3p600_BzDC215,False,True,False,False
20_Benzene_SiH4_3p700_BzDC215,False,True,False,False
20_Benzene_SiH4_3p800_BzDC215,False,True,False,False
20_Benzene_SiH4_3p900_BzDC215,False,True,False,False
20_Benzene_SiH4_4p000_BzDC215,False,True,False,False
20_Benzene_SiH4_4p100_BzDC215,False,True,False,False
20_Benzene_SiH4_4p150_BzDC215,False,True,False,False
20_Benzene_SiH4_4p200_BzDC215,False,True,False,False
20_Benzene_SiH4_4p250_BzDC215,False,True,False,False
20_Benzene_SiH4_4p300_BzDC215,False,True,False,False
20_Benzene_SiH4_4p400_BzDC215,False,True,False,False
20_Benzene_SiH4_4p500_BzDC215,False,True,False,False
20_Benzene_SiH4_4p750_BzDC215,False,True,False,False
20_Benzene_SiH4_5p000_BzDC215,False,True,False,False
20_Benzene_SiH4_5p250_BzDC215,False,True,False,False
20_Benzene_SiH4_5p500_BzDC215,False,True,False,False
20_Benzene_SiH4_6p000_BzDC215,False,True,False,False
20_Benzene_SiH4_6p500_BzDC215,False,True,False,False
20_Benzene_SiH4_7p000_BzDC215,False,True,False,False
20_Benzene_SiH4_monA_BzDC215,False,True,False,False
20_Benzene_SiH4_monB_BzDC215,False,True,False,False
20_Br-_SeF2_dim_Bauza30,True,True,False,False
20_Br-_SeF2_monA_Bauza30,True,True,False,False
20_Br-_SeF2_monB_Bauza30,True,True,False,False
20_C24RingC12h_C20C24,False,True,False,False
20_C4H2_H2O_CH__Op_dim_HW30,False,True,False,False
20_C4H2_H2O_CH__Op_monA_HW30,False,True,False,False
20_C4H2_H2O_CH__Op_monB_HW30,False,True,False,False
20_CH4_Platonic24,False,True,False,False
20_H2O-Be+_TA13,True,True,False,False
20_H3OH2O_HB49,False,True,False,False
20_HF-E_dim_CT20,True,True,False,False
20_HF-E_monA_CT20,True,True,False,False
20_HF-E_monB_CT20,True,True,False,False
20_Isomer10_FmH2O10,False,True,False,False
20_Isomer10_Styrene45,True,True,False,False
20_Isomer10_mon10_FmH2O10,False,True,False,False
20_Isomer10_mon11_FmH2O10,False,True,False,False
20_Isomer10_mon1_FmH2O10,False,True,False,False
20_Isomer10_mon2_FmH2O10,False,True,False,False
20_Isomer10_mon3_FmH2O10,False,True,False,False
20_Isomer10_mon4_FmH2O10,False,True,False,False
20_Isomer10_mon5_FmH2O10,False,True,False,False
20_Isomer10_mon6_FmH2O10,False,True,False,False
20_Isomer10_mon7_FmH2O10,False,True,False,False
20_Isomer10_mon8_FmH2O10,False,True,False,False
20_Isomer10_mon9_FmH2O10,False,True,False,False
20_Me2Nrad_HNBrBDE18,False,True,False,False
20_NH3_FCl_XB51,False,True,False,False
20_Ne_AE18,True,True,False,False
20_Product5_EIE22,True,True,False,False
20_Rxn1_TS_1cat_WCPT27,False,True,False,False
20_ch3f_BH76,True,True,False,False
20_gly127_dim_HSG,True,True,False,False
20_gly127_monA_HSG,True,True,False,False
20_gly127_monB_HSG,True,True,False,False
20_h2o_dimer_cs_dim_DS14,True,True,False,False
20_h2o_dimer_cs_monA_DS14,True,True,False,False
20_h2o_dimer_cs_monB_DS14,True,True,False,False
20_isomer10_H2O20Bind10,False,True,False,False
20_isomer10_mon10_H2O20Bind10,False,True,False,False
20_isomer10_mon11_H2O20Bind10,False,True,False,False
20_isomer10_mon12_H2O20Bind10,False,True,False,False
20_isomer10_mon13_H2O20Bind10,False,True,False,False
20_isomer10_mon14_H2O20Bind10,False,True,False,False
20_isomer10_mon15_H2O20Bind10,False,True,False,False
20_isomer10_mon16_H2O20Bind10,False,True,False,False
20_isomer10_mon17_H2O20Bind10,False,True,False,False
20_isomer10_mon18_H2O20Bind10,False,True,False,False
20_isomer10_mon19_H2O20Bind10,False,True,False,False
20_isomer10_mon1_H2O20Bind10,False,True,False,False
20_isomer10_mon20_H2O20Bind10,False,True,False,False
20_isomer10_mon2_H2O20Bind10,False,True,False,False
20_isomer10_mon3_H2O20Bind10,False,True,False,False
20_isomer10_mon4_H2O20Bind10,False,True,False,False
20_isomer10_mon5_H2O20Bind10,False,True,False,False
20_isomer10_mon6_H2O20Bind10,False,True,False,False
20_isomer10_mon7_H2O20Bind10,False,True,False,False
20_isomer10_mon8_H2O20Bind10,False,True,False,False
20_isomer10_mon9_H2O20Bind10,False,True,False,False
20_isopentane_Alk44,True,True,False,False
20a_maleic_acid_dimAB_3B-69,False,True,False,False
20a_maleic_acid_dimAC_3B-69,False,True,False,False
20a_maleic_acid_dimBC_3B-69,False,True,False,False
20a_maleic_acid_monA_3B-69,False,True,False,False
20a_maleic_acid_monB_3B-69,False,True,False,False
20a_maleic_acid_monC_3B-69,False,True,False,False
20a_maleic_acid_trim_3B-69,False,True,False,False
20b_maleic_acid_dimAB_3B-69,False,True,False,False
20b_maleic_acid_dimAC_3B-69,False,True,False,False
20b_maleic_acid_dimBC_3B-69,False,True,False,False
20b_maleic_acid_monA_3B-69,False,True,False,False
20b_maleic_acid_monB_3B-69,False,True,False,False
20b_maleic_acid_monC_3B-69,False,True,False,False
20b_maleic_acid_trim_3B-69,False,True,False,False
20c_maleic_acid_dimAB_3B-69,False,True,False,False
20c_maleic_acid_dimAC_3B-69,False,True,False,False
20c_maleic_acid_dimBC_3B-69,False,True,False,False
20c_maleic_acid_monA_3B-69,False,True,False,False
20c_maleic_acid_monB_3B-69,False,True,False,False
20c_maleic_acid_monC_3B-69,False,True,False,False
20c_maleic_acid_trim_3B-69,False,True,False,False
20prod1_CR20,True,True,False,False
20prod2_CR20,True,True,False,False
20prod_DIE60,False,True,False,False
20react_CR20,True,True,False,False
20react_DIE60,False,True,False,False
210_BzMe-3p3_dim_NBC10,False,True,False,False
211_BzMe-3p4_dim_NBC10,False,True,False,False
212_BzMe-3p5_dim_NBC10,False,True,False,False
213_BzMe-3p6_dim_NBC10,False,True,False,False
214_BzMe-3p7_dim_NBC10,False,True,False,False
215_BzMe-3p8_dim_NBC10,False,True,False,False
216_BzMe-3p9_dim_NBC10,False,True,False,False
217_BzMe-4p0_dim_NBC10,False,True,False,False
218_BzMe-4p1_dim_NBC10,False,True,False,False
219_BzMe-4p2_dim_NBC10,False,True,False,False
21_Ar-ethene_0p9_dim_A21x12,False,True,False,False
21_Ar-ethene_1p0_dim_A21x12,False,True,False,False
21_Ar-ethene_1p1_dim_A21x12,False,True,False,False
21_Ar-ethene_1p2_dim_A21x12,False,True,False,False
21_Ar-ethene_1p4_dim_A21x12,False,True,False,False
21_Ar-ethene_1p6_dim_A21x12,False,True,False,False
21_Ar-ethene_2p0_dim_A21x12,False,True,False,False
21_C2H6_Platonic24,False,True,False,False
21_C4H2_H2O_OH__pi_dim_HW30,False,True,False,False
21_C4H2_H2O_OH__pi_monA_HW30,False,True,False,False
21_C4H2_H2O_OH__pi_monB_HW30,False,True,False,False
21_GG_Pentane14,False,True,False,False
21_H2O-Br_TA13,True,True,False,False
21_H3N_SF2_dim_Bauza30,True,True,False,False
21_H3N_SF2_monA_Bauza30,True,True,False,False
21_H3N_SF2_monB_Bauza30,True,True,False,False
21_H3O_HB49,False,True,False,False
21_HNC-A_dim_CT20,True,True,False,False
21_HNC-A_monA_CT20,True,True,False,False
21_HNC-A_monB_CT20,True,True,False,False
21_He-LiH_dim_NC15,False,True,False,False
21_He-LiH_monA_NC15,False,True,False,False
21_He-LiH_monB_NC15,False,True,False,False
21_Isomer11_Styrene45,True,True,False,False
21_Me2NHBr+_HNBrBDE18,False,True,False,False
21_NH3_NBS_XB51,False,True,False,False
21_Na_AE18,True,True,False,False
21_Reactant6_EIE22,True,True,False,False
21_Rxn2_TS_1cat_WCPT27,False,True,False,False
21_ch3fclts_BH76,True,True,False,False
21_gly148_dim_HSG,True,True,False,False
21_gly148_monA_HSG,True,True,False,False
21_gly148_monB_HSG,True,True,False,False
21_h2o_h2s_cs_dim_DS14,True,True,False,False
21_h2o_h2s_cs_monA_DS14,True,True,False,False
21_h2o_h2s_cs_monB_DS14,True,True,False,False
21_isohexane_Alk44,True,True,False,False
21a_p-benzoquinone_dimAB_3B-69,False,True,False,False
21a_p-benzoquinone_dimAC_3B-69,False,True,False,False
21a_p-benzoquinone_dimBC_3B-69,False,True,False,False
21a_p-benzoquinone_monA_3B-69,False,True,False,False
21a_p-benzoquinone_monB_3B-69,False,True,False,False
21a_p-benzoquinone_monC_3B-69,False,True,False,False
21a_p-benzoquinone_trim_3B-69,False,True,False,False
21b_p-benzoquinone_dimAB_3B-69,False,True,False,False
21b_p-benzoquinone_dimAC_3B-69,False,True,False,False
21b_p-benzoquinone_dimBC_3B-69,False,True,False,False
21b_p-benzoquinone_monA_3B-69,False,True,False,False
21b_p-benzoquinone_monB_3B-69,False,True,False,False
21b_p-benzoquinone_monC_3B-69,False,True,False,False
21b_p-benzoquinone_trim_3B-69,False,True,False,False
21c_p-benzoquinone_dimAB_3B-69,False,True,False,False
21c_p-benzoquinone_dimAC_3B-69,False,True,False,False
21c_p-benzoquinone_dimBC_3B-69,False,True,False,False
21c_p-benzoquinone_monA_3B-69,False,True,False,False
21c_p-benzoquinone_monB_3B-69,False,True,False,False
21c_p-benzoquinone_monC_3B-69,False,True,False,False
21c_p-benzoquinone_trim_3B-69,False,True,False,False
21prod_DIE60,False,True,False,False
21react_DIE60,False,True,False,False
220_BzMe-4p4_dim_NBC10,False,True,False,False
221_BzMe-4p6_dim_NBC10,False,True,False,False
222_BzMe-4p8_dim_NBC10,False,True,False,False
223_BzMe-5p0_dim_NBC10,False,True,False,False
224_BzMe-5p2_dim_NBC10,False,True,False,False
225_BzMe-5p4_dim_NBC10,False,True,False,False
226_BzMe-5p6_dim_NBC10,False,True,False,False
227_BzMe-6p0_dim_NBC10,False,True,False,False
228_MeMe-3p2_dim_NBC10,False,True,False,False
228_MeMe-3p2_monA_NBC10,False,True,False,False
228_MeMe-3p2_monB_NBC10,False,True,False,False
229_MeMe-3p3_dim_NBC10,False,True,False,False
22_C4H10_Platonic24,False,True,False,False
22_C4H2_H2O_OH2__pi_dim_HW30,False,True,False,False
22_C4H2_H2O_OH2__pi_monA_HW30,False,True,False,False
22_C4H2_H2O_OH2__pi_monB_HW30,False,True,False,False
22_GX-_Pentane14,False,True,False,False
22_H3N_SeF2_dim_Bauza30,True,True,False,False
22_H3N_SeF2_monA_Bauza30,True,True,False,False
22_H3N_SeF2_monB_Bauza30,True,True,False,False
22_HCCH2O_HB49,False,True,False,False
22_HNC-B_dim_CT20,True,True,False,False
22_HNC-B_monA_CT20,True,True,False,False
22_HNC-B_monB_CT20,True,True,False,False
22_HOH-CH3_TA13,True,True,False,False
22_Isomer12_Styrene45,True,True,False,False
22_Me2NHrad+_HNBrBDE18,False,True,False,False
22_Mg_AE18,True,True,False,False
22_N2-N2_D2h_dim_NC15,False,True,False,False
22_N2-N2_D2h_monA_NC15,False,True,False,False
22_N2-N2_D2h_monB_NC15,False,True,False,False
22_Product6_EIE22,True,True,False,False
22_Rxn3_TS_1cat_WCPT27,False,True,False,False
22_ch3_lower_BH76,True,True,False,False
22_h2s_ch4_dim_DS14,True,True,False,False
22_h2s_ch4_monA_DS14,True,True,False,False
22_h2s_ch4_monB_DS14,True,True,False,False
22_ile48-big_dim_HSG,True,True,False,False
22_ile48-big_monA_HSG,True,True,False,False
22_ile48-big_monB_HSG,True,True,False,False
22_isoheptane_Alk44,True,True,False,False
22a_uracil_dimAB_3B-69,False,True,False,False
22a_uracil_dimAC_3B-69,False,True,False,False
22a_uracil_dimBC_3B-69,False,True,False,False
22a_uracil_monA_3B-69,False,True,False,False
22a_uracil_monB_3B-69,False,True,False,False
22a_uracil_monC_3B-69,False,True,False,False
22a_uracil_trim_3B-69,False,True,False,False
22b_uracil_dimAB_3B-69,False,True,False,False
22b_uracil_dimAC_3B-69,False,True,False,False
22b_uracil_dimBC_3B-69,False,True,False,False
22b_uracil_monA_3B-69,False,True,False,False
22b_uracil_monB_3B-69,False,True,False,False
22b_uracil_monC_3B-69,False,True,False,False
22b_uracil_trim_3B-69,False,True,False,False
22c_uracil_dimAB_3B-69,False,True,False,False
22c_uracil_dimAC_3B-69,False,True,False,False
22c_uracil_dimBC_3B-69,False,True,False,False
22c_uracil_monA_3B-69,False,True,False,False
22c_uracil_monB_3B-69,False,True,False,False
22c_uracil_monC_3B-69,False,True,False,False
22c_uracil_trim_3B-69,False,True,False,False
22prod_DIE60,False,True,False,False
22react_DIE60,False,True,False,False
230_MeMe-3p4_dim_NBC10,False,True,False,False
231_MeMe-3p5_dim_NBC10,False,True,False,False
232_MeMe-3p6_dim_NBC10,False,True,False,False
233_MeMe-3p7_dim_NBC10,False,True,False,False
234_MeMe-3p8_dim_NBC10,False,True,False,False
235_MeMe-3p9_dim_NBC10,False,True,False,False
236_MeMe-4p0_dim_NBC10,False,True,False,False
237_MeMe-4p1_dim_NBC10,False,True,False,False
238_MeMe-4p2_dim_NBC10,False,True,False,False
239_MeMe-4p3_dim_NBC10,False,True,False,False
23_Al_AE18,True,True,False,False
23_C2H4_H2O_OH__pi_dim_HW30,False,True,False,False
23_C2H4_H2O_OH__pi_monA_HW30,False,True,False,False
23_C2H4_H2O_OH__pi_monB_HW30,False,True,False,False
23_Cl-_S_CF2_dim_Bauza30,True,True,False,False
23_Cl-_S_CF2_monA_Bauza30,True,True,False,False
23_Cl-_S_CF2_monB_Bauza30,True,True,False,False
23_F3CNHBr_HNBrBDE18,False,True,False,False
23_FBr_XB18,True,True,False,False
23_H2O-Cl_TA13,True,True,False,False
23_HCC_HB49,False,True,False,False
23_HNC-C_dim_CT20,True,True,False,False
23_HNC-C_monA_CT20,True,True,False,False
23_HNC-C_monB_CT20,True,True,False,False
23_Isomer13_Styrene45,True,True,False,False
23_N2-N2_dim_NC15,False,True,False,False
23_N2-N2_monA_NC15,False,True,False,False
23_N2-N2_monB_NC15,False,True,False,False
23_NH3_PhBr_XB51,False,True,False,False
23_Reactant7_EIE22,True,True,False,False
23_Rxn4_TS_1cat_WCPT27,False,True,False,False
23_TG_Pentane14,False,True,False,False
23_ch3oh_lower_BH76,True,True,False,False
23_h2s_dimer_cs_dim_DS14,True,True,False,False
23_h2s_dimer_cs_monA_DS14,True,True,False,False
23_h2s_dimer_cs_monB_DS14,True,True,False,False
23_ile147_dim_HSG,True,True,False,False
23_ile147_monA_HSG,True,True,False,False
23_ile147_monB_HSG,True,True,False,False
23_isooctane_Alk44,True,True,False,False
23a_cyclobutylfuran_dimAB_3B-69,False,True,False,False
23a_cyclobutylfuran_dimAC_3B-69,False,True,False,False
23a_cyclobutylfuran_dimBC_3B-69,False,True,False,False
23a_cyclobutylfuran_monA_3B-69,False,True,False,False
23a_cyclobutylfuran_monB_3B-69,False,True,False,False
23a_cyclobutylfuran_monC_3B-69,False,True,False,False
23a_cyclobutylfuran_trim_3B-69,False,True,False,False
23b_cyclobutylfuran_dimAB_3B-69,False,True,False,False
23b_cyclobutylfuran_dimAC_3B-69,False,True,False,False
23b_cyclobutylfuran_dimBC_3B-69,False,True,False,False
23b_cyclobutylfuran_monA_3B-69,False,True,False,False
23b_cyclobutylfuran_monB_3B-69,False,True,False,False
23b_cyclobutylfuran_monC_3B-69,False,True,False,False
23b_cyclobutylfuran_trim_3B-69,False,True,False,False
23c_cyclobutylfuran_dimAB_3B-69,False,True,False,False
23c_cyclobutylfuran_dimAC_3B-69,False,True,False,False
23c_cyclobutylfuran_dimBC_3B-69,False,True,False,False
23c_cyclobutylfuran_monA_3B-69,False,True,False,False
23c_cyclobutylfuran_monB_3B-69,False,True,False,False
23c_cyclobutylfuran_monC_3B-69,False,True,False,False
23c_cyclobutylfuran_trim_3B-69,False,True,False,False
23prod_DIE60,False,True,False,False
23react_DIE60,False,True,False,False
240_MeMe-4p4_dim_NBC10,False,True,False,False
241_MeMe-4p6_dim_NBC10,False,True,False,False
242_MeMe-4p8_dim_NBC10,False,True,False,False
243_MeMe-5p0_dim_NBC10,False,True,False,False
244_MeMe-5p4_dim_NBC10,False,True,False,False
245_MeMe-5p8_dim_NBC10,False,True,False,False
246_PyPy_S2-3p1_dim_NBC10,False,True,False,False
246_PyPy_S2-3p1_monA_NBC10,False,True,False,False
246_PyPy_S2-3p1_monB_NBC10,False,True,False,False
247_PyPy_S2-3p3_dim_NBC10,False,True,False,False
248_PyPy_S2-3p4_dim_NBC10,False,True,False,False
249_PyPy_S2-3p5_dim_NBC10,False,True,False,False
24_Br-_S_CF2_dim_Bauza30,True,True,False,False
24_Br-_S_CF2_monA_Bauza30,True,True,False,False
24_Br-_S_CF2_monB_Bauza30,True,True,False,False
24_C2H4_H2O_CH2__O_dim_HW30,False,True,False,False
24_C2H4_H2O_CH2__O_monA_HW30,False,True,False,False
24_C2H4_H2O_CH2__O_monB_HW30,False,True,False,False
24_CH3_upper_BH76,True,True,False,False
24_F3CNHrad_HNBrBDE18,False,True,False,False
24_FBrNCH_XB18,True,True,False,False
24_H2O-F_TA13,True,True,False,False
24_HCLHCL_HB49,False,True,False,False
24_HNC-D_dim_CT20,True,True,False,False
24_HNC-D_monA_CT20,True,True,False,False
24_HNC-D_monB_CT20,True,True,False,False
24_Isomer14_Styrene45,True,True,False,False
24_Ne-HF_dim_NC15,False,True,False,False
24_Ne-HF_monA_NC15,False,True,False,False
24_Ne-HF_monB_NC15,False,True,False,False
24_Product7_EIE22,True,True,False,False
24_Rxn5_TS_1cat_WCPT27,False,True,False,False
24_Si_AE18,True,True,False,False
24_TT_Pentane14,False,True,False,False
24_h2s_h2o_cs_dim_DS14,True,True,False,False
24_h2s_h2o_cs_monA_DS14,True,True,False,False
24_h2s_h2o_cs_monB_DS14,True,True,False,False
24_ile150-big_dim_HSG,True,True,False,False
24_ile150-big_monA_HSG,True,True,False,False
24_ile150-big_monB_HSG,True,True,False,False
24_neopentane_Alk44,True,True,False,False
24prod_DIE60,False,True,False,False
24react_DIE60,False,True,False,False
250_PyPy_S2-3p6_dim_NBC10,False,True,False,False
251_PyPy_S2-3p7_dim_NBC10,False,True,False,False
252_PyPy_S2-3p8_dim_NBC10,False,True,False,False
253_PyPy_S2-3p9_dim_NBC10,False,True,False,False
254_PyPy_S2-4p0_dim_NBC10,False,True,False,False
255_PyPy_S2-4p1_dim_NBC10,False,True,False,False
256_PyPy_S2-4p2_dim_NBC10,False,True,False,False
257_PyPy_S2-4p3_dim_NBC10,False,True,False,False
258_PyPy_S2-4p4_dim_NBC10,False,True,False,False
259_PyPy_S2-4p5_dim_NBC10,False,True,False,False
25_C2H4_H2O_CH2__Opi_dim_HW30,False,True,False,False
25_C2H4_H2O_CH2__Opi_monA_HW30,False,True,False,False
25_C2H4_H2O_CH2__Opi_monB_HW30,False,True,False,False
25_CH4_BH76,True,True,False,False
25_Cl-_Se_CF2_dim_Bauza30,True,True,False,False
25_Cl-_Se_CF2_monA_Bauza30,True,True,False,False
25_Cl-_Se_CF2_monB_Bauza30,True,True,False,False
25_FBrOCH2_XB18,True,True,False,False
25_H2O-Li_TA13,True,True,False,False
25_HCL_HB49,False,True,False,False
25_HNC-E_dim_CT20,True,True,False,False
25_HNC-E_monA_CT20,True,True,False,False
25_HNC-E_monB_CT20,True,True,False,False
25_Isomer15_Styrene45,True,True,False,False
25_N-BrImidazole_HNBrBDE18,False,True,False,False
25_P_AE18,True,True,False,False
25_Reactant8_EIE22,True,True,False,False
25_Rxn6_TS_1cat_WCPT27,False,True,False,False
25_ile184_dim_HSG,True,True,False,False
25_ile184_monA_HSG,True,True,False,False
25_ile184_monB_HSG,True,True,False,False
25_neohexane_Alk44,True,True,False,False
25prod_DIE60,False,True,False,False
25react_DIE60,False,True,False,False
260_PyPy_S2-4p7_dim_NBC10,False,True,False,False
261_PyPy_S2-5p0_dim_NBC10,False,True,False,False
262_PyPy_S2-5p5_dim_NBC10,False,True,False,False
263_PyPy_S2-6p0_dim_NBC10,False,True,False,False
264_PyPy_S2-6p5_dim_NBC10,False,True,False,False
265_PyPy_S2-7p0_dim_NBC10,False,True,False,False
266_PyPy_T3-4p1_dim_NBC10,False,True,False,False
266_PyPy_T3-4p1_monA_NBC10,False,True,False,False
266_PyPy_T3-4p1_monB_NBC10,False,True,False,False
267_PyPy_T3-4p3_dim_NBC10,False,True,False,False
268_PyPy_T3-4p5_dim_NBC10,False,True,False,False
2699_01WaterWater090_dim_S66x8,True,True,False,False
269_PyPy_T3-4p6_dim_NBC10,False,True,False,False
26_Br-_Se_CF2_dim_Bauza30,True,True,False,False
26_Br-_Se_CF2_monA_Bauza30,True,True,False,False
26_Br-_Se_CF2_monB_Bauza30,True,True,False,False
26_C4H6_H2O_CH__O_dim_HW30,False,True,False,False
26_C4H6_H2O_CH__O_monA_HW30,False,True,False,False
26_C4H6_H2O_CH__O_monB_HW30,False,True,False,False
26_H2O-HNH2+_TA13,True,True,False,False
26_HCN-A_dim_CT20,True,True,False,False
26_HCN-A_monA_CT20,True,True,False,False
26_HCN-A_monB_CT20,True,True,False,False
26_HCN_HB49,False,True,False,False
26_ImidazoleNrad_HNBrBDE18,False,True,False,False
26_Isomer16_Styrene45,True,True,False,False
26_PCH_FBr_XB51,False,True,False,False
26_Product8_EIE22,True,True,False,False
26_Rxn7_TS_1cat_WCPT27,False,True,False,False
26_S_AE18,True,True,False,False
26_leu23-big_dim_HSG,True,True,False,False
26_leu23-big_monA_HSG,True,True,False,False
26_leu23-big_monB_HSG,True,True,False,False
26_neoheptane_Alk44,True,True,False,False
26prod_DIE60,False,True,False,False
26react_DIE60,False,True,False,False
2700_01WaterWater095_dim_S66x8,False,True,False,False
2701_01WaterWater100_dim_S66x8,True,True,False,False
2702_01WaterWater105_dim_S66x8,False,True,False,False
2703_01WaterWater110_dim_S66x8,False,True,False,False
2704_01WaterWater125_dim_S66x8,False,True,False,False
2705_01WaterWater150_dim_S66x8,False,True,False,False
2706_01WaterWater200_dim_S66x8,False,True,False,False
2707_02WaterMeOH090_dim_S66x8,True,True,False,False
2708_02WaterMeOH095_dim_S66x8,False,True,False,False
2709_02WaterMeOH100_dim_S66x8,True,True,False,False
270_PyPy_T3-4p7_dim_NBC10,False,True,False,False
2710_02WaterMeOH105_dim_S66x8,False,True,False,False
2711_02WaterMeOH110_dim_S66x8,False,True,False,False
2712_02WaterMeOH125_dim_S66x8,False,True,False,False
2713_02WaterMeOH150_dim_S66x8,False,True,False,False
2714_02WaterMeOH200_dim_S66x8,False,True,False,False
2715_03WaterMeNH2090_dim_S66x8,True,True,False,False
2716_03WaterMeNH2095_dim_S66x8,False,True,False,False
2717_03WaterMeNH2100_dim_S66x8,True,True,False,False
2718_03WaterMeNH2105_dim_S66x8,False,True,False,False
2719_03WaterMeNH2110_dim_S66x8,False,True,False,False
271_PyPy_T3-4p8_dim_NBC10,False,True,False,False
2720_03WaterMeNH2125_dim_S66x8,False,True,False,False
2721_03WaterMeNH2150_dim_S66x8,False,True,False,False
2722_03WaterMeNH2200_dim_S66x8,False,True,False,False
2723_04WaterPeptide090_dim_S66x8,True,True,False,False
2724_04WaterPeptide095_dim_S66x8,False,True,False,False
2725_04WaterPeptide100_dim_S66x8,True,True,False,False
2726_04WaterPeptide105_dim_S66x8,False,True,False,False
2727_04WaterPeptide110_dim_S66x8,False,True,False,False
2728_04WaterPeptide125_dim_S66x8,False,True,False,False
2729_04WaterPeptide150_dim_S66x8,False,True,False,False
272_PyPy_T3-4p9_dim_NBC10,False,True,False,False
2730_04WaterPeptide200_dim_S66x8,False,True,False,False
2731_05MeOHMeOH090_dim_S66x8,True,True,False,False
2732_05MeOHMeOH095_dim_S66x8,False,True,False,False
2733_05MeOHMeOH100_dim_S66x8,True,True,False,False
2734_05MeOHMeOH105_dim_S66x8,False,True,False,False
2735_05MeOHMeOH110_dim_S66x8,False,True,False,False
2736_05MeOHMeOH125_dim_S66x8,False,True,False,False
2737_05MeOHMeOH150_dim_S66x8,False,True,False,False
2738_05MeOHMeOH200_dim_S66x8,False,True,False,False
2739_06MeOHMeNH2090_dim_S66x8,True,True,False,False
273_PyPy_T3-5p0_dim_NBC10,False,True,False,False
2740_06MeOHMeNH2095_dim_S66x8,False,True,False,False
2741_06MeOHMeNH2100_dim_S66x8,True,True,False,False
2742_06MeOHMeNH2105_dim_S66x8,False,True,False,False
2743_06MeOHMeNH2110_dim_S66x8,False,True,False,False
2744_06MeOHMeNH2125_dim_S66x8,False,True,False,False
2745_06MeOHMeNH2150_dim_S66x8,False,True,False,False
2746_06MeOHMeNH2200_dim_S66x8,False,True,False,False
2747_07MeOHPeptide090_dim_S66x8,True,True,False,False
2748_07MeOHPeptide095_dim_S66x8,False,True,False,False
2749_07MeOHPeptide100_dim_S66x8,True,True,False,False
274_PyPy_T3-5p1_dim_NBC10,False,True,False,False
2750_07MeOHPeptide105_dim_S66x8,False,True,False,False
2751_07MeOHPeptide110_dim_S66x8,False,True,False,False
2752_07MeOHPeptide125_dim_S66x8,False,True,False,False
2753_07MeOHPeptide150_dim_S66x8,False,True,False,False
2754_07MeOHPeptide200_dim_S66x8,False,True,False,False
2755_08MeOHWater090_dim_S66x8,True,True,False,False
2756_08MeOHWater095_dim_S66x8,False,True,False,False
2757_08MeOHWater100_dim_S66x8,True,True,False,False
2758_08MeOHWater105_dim_S66x8,False,True,False,False
2759_08MeOHWater110_dim_S66x8,False,True,False,False
275_PyPy_T3-5p2_dim_NBC10,False,True,False,False
2760_08MeOHWater125_dim_S66x8,False,True,False,False
2761_08MeOHWater150_dim_S66x8,False,True,False,False
2762_08MeOHWater200_dim_S66x8,False,True,False,False
2763_09MeNH2MeOH090_dim_S66x8,True,True,False,False
2764_09MeNH2MeOH095_dim_S66x8,False,True,False,False
2765_09MeNH2MeOH100_dim_S66x8,True,True,False,False
2766_09MeNH2MeOH105_dim_S66x8,False,True,False,False
2767_09MeNH2MeOH110_dim_S66x8,False,True,False,False
2768_09MeNH2MeOH125_dim_S66x8,False,True,False,False
2769_09MeNH2MeOH150_dim_S66x8,False,True,False,False
276_PyPy_T3-5p3_dim_NBC10,False,True,False,False
2770_09MeNH2MeOH200_dim_S66x8,False,True,False,False
2771_10MeNH2MeNH2090_dim_S66x8,True,True,False,False
2772_10MeNH2MeNH2095_dim_S66x8,False,True,False,False
2773_10MeNH2MeNH2100_dim_S66x8,True,True,False,False
2774_10MeNH2MeNH2105_dim_S66x8,False,True,False,False
2775_10MeNH2MeNH2110_dim_S66x8,False,True,False,False
2776_10MeNH2MeNH2125_dim_S66x8,False,True,False,False
2777_10MeNH2MeNH2150_dim_S66x8,False,True,False,False
2778_10MeNH2MeNH2200_dim_S66x8,False,True,False,False
2779_11MeNH2Peptide090_dim_S66x8,True,True,False,False
277_PyPy_T3-5p4_dim_NBC10,False,True,False,False
2780_11MeNH2Peptide095_dim_S66x8,False,True,False,False
2781_11MeNH2Peptide100_dim_S66x8,True,True,False,False
2782_11MeNH2Peptide105_dim_S66x8,False,True,False,False
2783_11MeNH2Peptide110_dim_S66x8,False,True,False,False
2784_11MeNH2Peptide125_dim_S66x8,False,True,False,False
2785_11MeNH2Peptide150_dim_S66x8,False,True,False,False
2786_11MeNH2Peptide200_dim_S66x8,False,True,False,False
2787_12MeNH2Water090_dim_S66x8,True,True,False,False
2788_12MeNH2Water095_dim_S66x8,False,True,False,False
2789_12MeNH2Water100_dim_S66x8,True,True,False,False
278_PyPy_T3-5p5_dim_NBC10,False,True,False,False
2790_12MeNH2Water105_dim_S66x8,False,True,False,False
2791_12MeNH2Water110_dim_S66x8,False,True,False,False
2792_12MeNH2Water125_dim_S66x8,False,True,False,False
2793_12MeNH2Water150_dim_S66x8,False,True,False,False
2794_12MeNH2Water200_dim_S66x8,False,True,False,False
2795_13PeptideMeOH090_dim_S66x8,True,True,False,False
2796_13PeptideMeOH095_dim_S66x8,False,True,False,False
2797_13PeptideMeOH100_dim_S66x8,True,True,False,False
2798_13PeptideMeOH105_dim_S66x8,False,True,False,False
2799_13PeptideMeOH110_dim_S66x8,False,True,False,False
279_PyPy_T3-5p7_dim_NBC10,False,True,False,False
27_3methylpentane_Alk44,True,True,False,False
27_C4H6_H2O_CH2__O_dim_HW30,False,True,False,False
27_C4H6_H2O_CH2__O_monA_HW30,False,True,False,False
27_C4H6_H2O_CH2__O_monB_HW30,False,True,False,False
27_Cl_AE18,True,True,False,False
27_H2O-NH3+_TA13,True,True,False,False
27_H3N_S_CF2_dim_Bauza30,True,True,False,False
27_H3N_S_CF2_monA_Bauza30,True,True,False,False
27_H3N_S_CF2_monB_Bauza30,True,True,False,False
27_HCN-B_dim_CT20,True,True,False,False
27_HCN-B_monA_CT20,True,True,False,False
27_HCN-B_monB_CT20,True,True,False,False
27_HFHF_HB49,False,True,False,False
27_Isomer17_Styrene45,True,True,False,False
27_N-BrPyrrole_HNBrBDE18,False,True,False,False
27_PCH_FCl_XB51,False,True,False,False
27_Reactant9_EIE22,True,True,False,False
27_Rxn8_TS_1cat_WCPT27,False,True,False,False
27_clch3clcomp_BH76,True,True,False,False
27_pro181_dim_HSG,True,True,False,False
27_pro181_monA_HSG,True,True,False,False
27_pro181_monB_HSG,True,True,False,False
27prod_DIE60,False,True,False,False
27react_DIE60,False,True,False,False
2800_13PeptideMeOH125_dim_S66x8,False,True,False,False
2801_13PeptideMeOH150_dim_S66x8,False,True,False,False
2802_13PeptideMeOH200_dim_S66x8,False,True,False,False
2803_14PeptideMeNH2090_dim_S66x8,True,True,False,False
2804_14PeptideMeNH2095_dim_S66x8,False,True,False,False
2805_14PeptideMeNH2100_dim_S66x8,True,True,False,False
2806_14PeptideMeNH2105_dim_S66x8,False,True,False,False
2807_14PeptideMeNH2110_dim_S66x8,False,True,False,False
2808_14PeptideMeNH2125_dim_S66x8,False,True,False,False
2809_14PeptideMeNH2150_dim_S66x8,True,True,False,False
280_PyPy_T3-6p0_dim_NBC10,False,True,False,False
2810_14PeptideMeNH2200_dim_S66x8,False,True,False,False
2811_15PeptidePeptide090_dim_S66x8,True,True,False,False
2812_15PeptidePeptide095_dim_S66x8,False,True,False,False
2813_15PeptidePeptide100_dim_S66x8,True,True,False,False
2814_15PeptidePeptide105_dim_S66x8,False,True,False,False
2815_15PeptidePeptide110_dim_S66x8,False,True,False,False
2816_15PeptidePeptide125_dim_S66x8,False,True,False,False
2817_15PeptidePeptide150_dim_S66x8,False,True,False,False
2818_15PeptidePeptide200_dim_S66x8,False,True,False,False
2819_16PeptideWater090_dim_S66x8,False,True,False,False
281_PyPy_T3-6p5_dim_NBC10,False,True,False,False
2820_16PeptideWater095_dim_S66x8,False,True,False,False
2821_16PeptideWater100_dim_S66x8,False,True,False,False
2822_16PeptideWater105_dim_S66x8,False,True,False,False
2823_16PeptideWater110_dim_S66x8,False,True,False,False
2824_16PeptideWater125_dim_S66x8,False,True,False,False
2825_16PeptideWater150_dim_S66x8,False,True,False,False
2826_16PeptideWater200_dim_S66x8,False,True,False,False
2827_17UracilUracilBP090_dim_S66x8,True,True,False,False
2828_17UracilUracilBP095_dim_S66x8,False,True,False,False
2829_17UracilUracilBP100_dim_S66x8,True,True,False,False
282_PyPy_T3-7p0_dim_NBC10,False,True,False,False
2830_17UracilUracilBP105_dim_S66x8,False,True,False,False
2831_17UracilUracilBP110_dim_S66x8,False,True,False,False
2832_17UracilUracilBP125_dim_S66x8,False,True,False,False
2833_17UracilUracilBP150_dim_S66x8,True,True,False,False
2834_17UracilUracilBP200_dim_S66x8,False,True,False,False
2835_18WaterPyridine090_dim_S66x8,True,True,False,False
2836_18WaterPyridine095_dim_S66x8,False,True,False,False
2837_18WaterPyridine100_dim_S66x8,True,True,False,False
2838_18WaterPyridine105_dim_S66x8,False,True,False,False
2839_18WaterPyridine110_dim_S66x8,False,True,False,False
283_PyPy_T3-8p0_dim_NBC10,False,True,False,False
2840_18WaterPyridine125_dim_S66x8,False,True,False,False
2841_18WaterPyridine150_dim_S66x8,False,True,False,False
2842_18WaterPyridine200_dim_S66x8,False,True,False,False
2843_19MeOHPyridine090_dim_S66x8,True,True,False,False
2844_19MeOHPyridine095_dim_S66x8,False,True,False,False
2845_19MeOHPyridine100_dim_S66x8,True,True,False,False
2846_19MeOHPyridine105_dim_S66x8,False,True,False,False
2847_19MeOHPyridine110_dim_S66x8,False,True,False,False
2848_19MeOHPyridine125_dim_S66x8,False,True,False,False
2849_19MeOHPyridine150_dim_S66x8,False,True,False,False
284_PyPy_T3-9p0_dim_NBC10,False,True,False,False
2850_19MeOHPyridine200_dim_S66x8,False,True,False,False
2851_20AcOHAcOH090_dim_S66x8,True,True,False,False
2852_20AcOHAcOH095_dim_S66x8,False,True,False,False
2853_20AcOHAcOH100_dim_S66x8,True,True,False,False
2854_20AcOHAcOH105_dim_S66x8,False,True,False,False
2855_20AcOHAcOH110_dim_S66x8,False,True,False,False
2856_20AcOHAcOH125_dim_S66x8,False,True,False,False
2857_20AcOHAcOH150_dim_S66x8,True,True,False,False
2858_20AcOHAcOH200_dim_S66x8,False,True,False,False
2859_21AcNH2AcNH2090_dim_S66x8,True,True,False,False
2860_21AcNH2AcNH2095_dim_S66x8,False,True,False,False
2861_21AcNH2AcNH2100_dim_S66x8,True,True,False,False
2862_21AcNH2AcNH2105_dim_S66x8,False,True,False,False
2863_21AcNH2AcNH2110_dim_S66x8,False,True,False,False
2864_21AcNH2AcNH2125_dim_S66x8,False,True,False,False
2865_21AcNH2AcNH2150_dim_S66x8,True,True,False,False
2866_21AcNH2AcNH2200_dim_S66x8,False,True,False,False
2867_22AcOHUracil090_dim_S66x8,True,True,False,False
2868_22AcOHUracil095_dim_S66x8,False,True,False,False
2869_22AcOHUracil100_dim_S66x8,True,True,False,False
2870_22AcOHUracil105_dim_S66x8,False,True,False,False
2871_22AcOHUracil110_dim_S66x8,False,True,False,False
2872_22AcOHUracil125_dim_S66x8,False,True,False,False
2873_22AcOHUracil150_dim_S66x8,True,True,False,False
2874_22AcOHUracil200_dim_S66x8,False,True,False,False
2875_23AcNH2Uracil090_dim_S66x8,True,True,False,False
2876_23AcNH2Uracil095_dim_S66x8,False,True,False,False
2877_23AcNH2Uracil100_dim_S66x8,True,True,False,False
2878_23AcNH2Uracil105_dim_S66x8,False,True,False,False
2879_23AcNH2Uracil110_dim_S66x8,False,True,False,False
2880_23AcNH2Uracil125_dim_S66x8,False,True,False,False
2881_23AcNH2Uracil150_dim_S66x8,True,True,False,False
2882_23AcNH2Uracil200_dim_S66x8,False,True,False,False
2883_24BenzeneBenzenepipi090_dim_S66x8,True,True,False,False
2884_24BenzeneBenzenepipi095_dim_S66x8,False,True,False,False
2885_24BenzeneBenzenepipi100_dim_S66x8,True,True,False,False
2886_24BenzeneBenzenepipi105_dim_S66x8,False,True,False,False
2887_24BenzeneBenzenepipi110_dim_S66x8,False,True,False,False
2888_24BenzeneBenzenepipi125_dim_S66x8,False,True,False,False
2889_24BenzeneBenzenepipi150_dim_S66x8,True,True,False,False
2890_24BenzeneBenzenepipi200_dim_S66x8,False,True,False,False
2891_25PyridinePyridinepipi090_dim_S66x8,True,True,False,False
2892_25PyridinePyridinepipi095_dim_S66x8,False,True,False,False
2893_25PyridinePyridinepipi100_dim_S66x8,True,True,False,False
2894_25PyridinePyridinepipi105_dim_S66x8,False,True,False,False
2895_25PyridinePyridinepipi110_dim_S66x8,False,True,False,False
2896_25PyridinePyridinepipi125_dim_S66x8,False,True,False,False
2897_25PyridinePyridinepipi150_dim_S66x8,False,True,False,False
2898_25PyridinePyridinepipi200_dim_S66x8,False,True,False,False
2899_26UracilUracilpipi090_dim_S66x8,True,True,False,False
28_Ar_AE18,True,True,False,False
28_C4H6_H2O_OH__pi_dim_HW30,False,True,False,False
28_C4H6_H2O_OH__pi_monA_HW30,False,True,False,False
28_C4H6_H2O_OH__pi_monB_HW30,False,True,False,False
28_FH-BH2_TA13,True,True,False,False
28_H3N_Se_CF2_dim_Bauza30,True,True,False,False
28_H3N_Se_CF2_monA_Bauza30,True,True,False,False
28_H3N_Se_CF2_monB_Bauza30,True,True,False,False
28_HCN-C_dim_CT20,True,True,False,False
28_HCN-C_monA_CT20,True,True,False,False
28_HCN-C_monB_CT20,True,True,False,False
28_HFH2O_HB49,False,True,False,False
28_Isomer18_Styrene45,True,True,False,False
28_PCH_NBS_XB51,False,True,False,False
28_Product9_EIE22,True,True,False,False
28_PyrroleNrad_HNBrBDE18,False,True,False,False
28_Rxn9_TS_1cat_WCPT27,False,True,False,False
28_clch3clts_BH76,True,True,False,False
28_diisopropyl_Alk44,True,True,False,False
28_val33-big_dim_HSG,True,True,False,False
28_val33-big_monA_HSG,True,True,False,False
28_val33-big_monB_HSG,True,True,False,False
28prod_DIE60,False,True,False,False
28react_DIE60,False,True,False,False
2900_26UracilUracilpipi095_dim_S66x8,False,True,False,False
2901_26UracilUracilpipi100_dim_S66x8,True,True,False,False
2902_26UracilUracilpipi105_dim_S66x8,False,True,False,False
2903_26UracilUracilpipi110_dim_S66x8,False,True,False,False
2904_26UracilUracilpipi125_dim_S66x8,False,True,False,False
2905_26UracilUracilpipi150_dim_S66x8,False,True,False,False
2906_26UracilUracilpipi200_dim_S66x8,False,True,False,False
2907_27BenzenePyridinepipi090_dim_S66x8,True,True,False,False
2908_27BenzenePyridinepipi095_dim_S66x8,False,True,False,False
2909_27BenzenePyridinepipi100_dim_S66x8,True,True,False,False
2910_27BenzenePyridinepipi105_dim_S66x8,False,True,False,False
2911_27BenzenePyridinepipi110_dim_S66x8,False,True,False,False
2912_27BenzenePyridinepipi125_dim_S66x8,False,True,False,False
2913_27BenzenePyridinepipi150_dim_S66x8,True,True,False,False
2914_27BenzenePyridinepipi200_dim_S66x8,False,True,False,False
2915_28BenzeneUracilpipi090_dim_S66x8,True,True,False,False
2916_28BenzeneUracilpipi095_dim_S66x8,False,True,False,False
2917_28BenzeneUracilpipi100_dim_S66x8,True,True,False,False
2918_28BenzeneUracilpipi105_dim_S66x8,False,True,False,False
2919_28BenzeneUracilpipi110_dim_S66x8,False,True,False,False
2920_28BenzeneUracilpipi125_dim_S66x8,False,True,False,False
2921_28BenzeneUracilpipi150_dim_S66x8,False,True,False,False
2922_28BenzeneUracilpipi200_dim_S66x8,False,True,False,False
2923_29PyridineUracilpipi090_dim_S66x8,True,True,False,False
2924_29PyridineUracilpipi095_dim_S66x8,False,True,False,False
2925_29PyridineUracilpipi100_dim_S66x8,True,True,False,False
2926_29PyridineUracilpipi105_dim_S66x8,False,True,False,False
2927_29PyridineUracilpipi110_dim_S66x8,False,True,False,False
2928_29PyridineUracilpipi125_dim_S66x8,False,True,False,False
2929_29PyridineUracilpipi150_dim_S66x8,False,True,False,False
2930_29PyridineUracilpipi200_dim_S66x8,False,True,False,False
2931_30BenzeneEthene090_dim_S66x8,True,True,False,False
2932_30BenzeneEthene095_dim_S66x8,False,True,False,False
2933_30BenzeneEthene100_dim_S66x8,True,True,False,False
2934_30BenzeneEthene105_dim_S66x8,False,True,False,False
2935_30BenzeneEthene110_dim_S66x8,False,True,False,False
2936_30BenzeneEthene125_dim_S66x8,False,True,False,False
2937_30BenzeneEthene150_dim_S66x8,True,True,False,False
2938_30BenzeneEthene200_dim_S66x8,False,True,False,False
2939_31UracilEthene090_dim_S66x8,True,True,False,False
2940_31UracilEthene095_dim_S66x8,False,True,False,False
2941_31UracilEthene100_dim_S66x8,True,True,False,False
2942_31UracilEthene105_dim_S66x8,False,True,False,False
2943_31UracilEthene110_dim_S66x8,False,True,False,False
2944_31UracilEthene125_dim_S66x8,False,True,False,False
2945_31UracilEthene150_dim_S66x8,False,True,False,False
2946_31UracilEthene200_dim_S66x8,False,True,False,False
2947_32UracilEthyne090_dim_S66x8,True,True,False,False
2948_32UracilEthyne095_dim_S66x8,False,True,False,False
2949_32UracilEthyne100_dim_S66x8,True,True,False,False
2950_32UracilEthyne105_dim_S66x8,False,True,False,False
2951_32UracilEthyne110_dim_S66x8,False,True,False,False
2952_32UracilEthyne125_dim_S66x8,False,True,False,False
2953_32UracilEthyne150_dim_S66x8,True,True,False,False
2954_32UracilEthyne200_dim_S66x8,False,True,False,False
2955_33PyridineEthene090_dim_S66x8,True,True,False,False
2956_33PyridineEthene095_dim_S66x8,False,True,False,False
2957_33PyridineEthene100_dim_S66x8,True,True,False,False
2958_33PyridineEthene105_dim_S66x8,False,True,False,False
2959_33PyridineEthene110_dim_S66x8,False,True,False,False
2960_33PyridineEthene125_dim_S66x8,False,True,False,False
2961_33PyridineEthene150_dim_S66x8,True,True,False,False
2962_33PyridineEthene200_dim_S66x8,False,True,False,False
2963_34PentanePentane090_dim_S66x8,True,True,False,False
2964_34PentanePentane095_dim_S66x8,False,True,False,False
2965_34PentanePentane100_dim_S66x8,True,True,False,False
2966_34PentanePentane105_dim_S66x8,False,True,False,False
2967_34PentanePentane110_dim_S66x8,False,True,False,False
2968_34PentanePentane125_dim_S66x8,False,True,False,False
2969_34PentanePentane150_dim_S66x8,False,True,False,False
2970_34PentanePentane200_dim_S66x8,False,True,False,False
2971_35NeopentanePentane090_dim_S66x8,True,True,False,False
2972_35NeopentanePentane095_dim_S66x8,False,True,False,False
2973_35NeopentanePentane100_dim_S66x8,True,True,False,False
2974_35NeopentanePentane105_dim_S66x8,False,True,False,False
2975_35NeopentanePentane110_dim_S66x8,False,True,False,False
2976_35NeopentanePentane125_dim_S66x8,False,True,False,False
2977_35NeopentanePentane150_dim_S66x8,False,True,False,False
2978_35NeopentanePentane200_dim_S66x8,False,True,False,False
2979_36NeopentaneNeopentane090_dim_S66x8,True,True,False,False
2980_36NeopentaneNeopentane095_dim_S66x8,False,True,False,False
2981_36NeopentaneNeopentane100_dim_S66x8,True,True,False,False
2982_36NeopentaneNeopentane105_dim_S66x8,False,True,False,False
2983_36NeopentaneNeopentane110_dim_S66x8,False,True,False,False
2984_36NeopentaneNeopentane125_dim_S66x8,False,True,False,False
2985_36NeopentaneNeopentane150_dim_S66x8,False,True,False,False
2986_36NeopentaneNeopentane200_dim_S66x8,False,True,False,False
2987_37CyclopentaneNeopentane090_dim_S66x8,True,True,False,False
2988_37CyclopentaneNeopentane095_dim_S66x8,False,True,False,False
2989_37CyclopentaneNeopentane100_dim_S66x8,True,True,False,False
2990_37CyclopentaneNeopentane105_dim_S66x8,False,True,False,False
2991_37CyclopentaneNeopentane110_dim_S66x8,False,True,False,False
2992_37CyclopentaneNeopentane125_dim_S66x8,False,True,False,False
2993_37CyclopentaneNeopentane150_dim_S66x8,False,True,False,False
2994_37CyclopentaneNeopentane200_dim_S66x8,False,True,False,False
2995_38CyclopentaneCyclopentane090_dim_S66x8,False,True,False,False
2996_38CyclopentaneCyclopentane095_dim_S66x8,False,True,False,False
2997_38CyclopentaneCyclopentane100_dim_S66x8,False,True,False,False
2998_38CyclopentaneCyclopentane105_dim_S66x8,False,True,False,False
2999_38CyclopentaneCyclopentane110_dim_S66x8,False,True,False,False
29_C4H4_H2O_CH__Op_dim_HW30,False,True,False,False
29_C4H4_H2O_CH__Op_monA_HW30,False,True,False,False
29_C4H4_H2O_CH__Op_monB_HW30,False,True,False,False
29_Cl-_S_PF3_dim_Bauza30,True,True,False,False
29_Cl-_S_PF3_monA_Bauza30,True,True,False,False
29_Cl-_S_PF3_monB_Bauza30,True,True,False,False
29_H2CO_XB18,True,True,False,False
29_HCN-D_dim_CT20,True,True,False,False
29_HCN-D_monA_CT20,True,True,False,False
29_HCN-D_monB_CT20,True,True,False,False
29_HCONHBr_HNBrBDE18,False,True,False,False
29_HF-CO+_TA13,True,True,False,False
29_HFHCN_HB49,False,True,False,False
29_Isomer19_Styrene45,True,True,False,False
29_Reactant10_EIE22,True,True,False,False
29_Rxn1_TS_2cat_WCPT27,False,True,False,False
29_clf_BH76,True,True,False,False
29_hexamethylethane_Alk44,True,True,False,False
29_val83_dim_HSG,True,True,False,False
29_val83_monA_HSG,True,True,False,False
29_val83_monB_HSG,True,True,False,False
29prod_DIE60,False,True,False,False
29react_DIE60,False,True,False,False
2prod1_CR20,True,True,False,False
2prod2_CR20,True,True,False,False
2prod_DIE60,False,True,False,False
2react_CR20,True,True,False,False
2react_DIE60,False,True,False,False
3000_38CyclopentaneCyclopentane125_dim_S66x8,False,True,False,False
3001_38CyclopentaneCyclopentane150_dim_S66x8,False,True,False,False
3002_38CyclopentaneCyclopentane200_dim_S66x8,False,True,False,False
3003_39BenzeneCyclopentane090_dim_S66x8,True,True,False,False
3004_39BenzeneCyclopentane095_dim_S66x8,False,True,False,False
3005_39BenzeneCyclopentane100_dim_S66x8,True,True,False,False
3006_39BenzeneCyclopentane105_dim_S66x8,False,True,False,False
3007_39BenzeneCyclopentane110_dim_S66x8,False,True,False,False
3008_39BenzeneCyclopentane125_dim_S66x8,False,True,False,False
3009_39BenzeneCyclopentane150_dim_S66x8,False,True,False,False
3010_39BenzeneCyclopentane200_dim_S66x8,False,True,False,False
3011_40BenzeneNeopentane090_dim_S66x8,True,True,False,False
3012_40BenzeneNeopentane095_dim_S66x8,False,True,False,False
3013_40BenzeneNeopentane100_dim_S66x8,True,True,False,False
3014_40BenzeneNeopentane105_dim_S66x8,False,True,False,False
3015_40BenzeneNeopentane110_dim_S66x8,False,True,False,False
3016_40BenzeneNeopentane125_dim_S66x8,False,True,False,False
3017_40BenzeneNeopentane150_dim_S66x8,True,True,False,False
3018_40BenzeneNeopentane200_dim_S66x8,False,True,False,False
3019_41UracilPentane090_dim_S66x8,True,True,False,False
3020_41UracilPentane095_dim_S66x8,False,True,False,False
3021_41UracilPentane100_dim_S66x8,True,True,False,False
3022_41UracilPentane105_dim_S66x8,False,True,False,False
3023_41UracilPentane110_dim_S66x8,False,True,False,False
3024_41UracilPentane125_dim_S66x8,False,True,False,False
3025_41UracilPentane150_dim_S66x8,False,True,False,False
3026_41UracilPentane200_dim_S66x8,False,True,False,False
3027_42UracilCyclopentane090_dim_S66x8,True,True,False,False
3028_42UracilCyclopentane095_dim_S66x8,False,True,False,False
3029_42UracilCyclopentane100_dim_S66x8,True,True,False,False
3030_42UracilCyclopentane105_dim_S66x8,False,True,False,False
3031_42UracilCyclopentane110_dim_S66x8,False,True,False,False
3032_42UracilCyclopentane125_dim_S66x8,False,True,False,False
3033_42UracilCyclopentane150_dim_S66x8,False,True,False,False
3034_42UracilCyclopentane200_dim_S66x8,False,True,False,False
3035_43UracilNeopentane090_dim_S66x8,True,True,False,False
3036_43UracilNeopentane095_dim_S66x8,False,True,False,False
3037_43UracilNeopentane100_dim_S66x8,True,True,False,False
3038_43UracilNeopentane105_dim_S66x8,False,True,False,False
3039_43UracilNeopentane110_dim_S66x8,False,True,False,False
3040_43UracilNeopentane125_dim_S66x8,False,True,False,False
3041_43UracilNeopentane150_dim_S66x8,False,True,False,False
3042_43UracilNeopentane200_dim_S66x8,False,True,False,False
3043_44EthenePentane090_dim_S66x8,False,True,False,False
3044_44EthenePentane095_dim_S66x8,False,True,False,False
3045_44EthenePentane100_dim_S66x8,False,True,False,False
3046_44EthenePentane105_dim_S66x8,False,True,False,False
3047_44EthenePentane110_dim_S66x8,False,True,False,False
3048_44EthenePentane125_dim_S66x8,False,True,False,False
3049_44EthenePentane150_dim_S66x8,False,True,False,False
3050_44EthenePentane200_dim_S66x8,False,True,False,False
3051_45EthynePentane090_dim_S66x8,True,True,False,False
3052_45EthynePentane095_dim_S66x8,False,True,False,False
3053_45EthynePentane100_dim_S66x8,True,True,False,False
3054_45EthynePentane105_dim_S66x8,False,True,False,False
3055_45EthynePentane110_dim_S66x8,False,True,False,False
3056_45EthynePentane125_dim_S66x8,False,True,False,False
3057_45EthynePentane150_dim_S66x8,False,True,False,False
3058_45EthynePentane200_dim_S66x8,False,True,False,False
3059_46PeptidePentane090_dim_S66x8,True,True,False,False
3060_46PeptidePentane095_dim_S66x8,False,True,False,False
3061_46PeptidePentane100_dim_S66x8,True,True,False,False
3062_46PeptidePentane105_dim_S66x8,False,True,False,False
3063_46PeptidePentane110_dim_S66x8,False,True,False,False
3064_46PeptidePentane125_dim_S66x8,False,True,False,False
3065_46PeptidePentane150_dim_S66x8,False,True,False,False
3066_46PeptidePentane200_dim_S66x8,False,True,False,False
3067_47BenzeneBenzeneTS090_dim_S66x8,True,True,False,False
3068_47BenzeneBenzeneTS095_dim_S66x8,False,True,False,False
3069_47BenzeneBenzeneTS100_dim_S66x8,True,True,False,False
3070_47BenzeneBenzeneTS105_dim_S66x8,False,True,False,False
3071_47BenzeneBenzeneTS110_dim_S66x8,False,True,False,False
3072_47BenzeneBenzeneTS125_dim_S66x8,False,True,False,False
3073_47BenzeneBenzeneTS150_dim_S66x8,False,True,False,False
3074_47BenzeneBenzeneTS200_dim_S66x8,False,True,False,False
3075_48PyridinePyridineTS090_dim_S66x8,True,True,False,False
3076_48PyridinePyridineTS095_dim_S66x8,False,True,False,False
3077_48PyridinePyridineTS100_dim_S66x8,True,True,False,False
3078_48PyridinePyridineTS105_dim_S66x8,False,True,False,False
3079_48PyridinePyridineTS110_dim_S66x8,False,True,False,False
3080_48PyridinePyridineTS125_dim_S66x8,False,True,False,False
3081_48PyridinePyridineTS150_dim_S66x8,False,True,False,False
3082_48PyridinePyridineTS200_dim_S66x8,False,True,False,False
3083_49BenzenePyridineTS090_dim_S66x8,True,True,False,False
3084_49BenzenePyridineTS095_dim_S66x8,False,True,False,False
3085_49BenzenePyridineTS100_dim_S66x8,True,True,False,False
3086_49BenzenePyridineTS105_dim_S66x8,False,True,False,False
3087_49BenzenePyridineTS110_dim_S66x8,False,True,False,False
3088_49BenzenePyridineTS125_dim_S66x8,False,True,False,False
3089_49BenzenePyridineTS150_dim_S66x8,False,True,False,False
3090_49BenzenePyridineTS200_dim_S66x8,False,True,False,False
3091_50BenzeneEthyneCHpi090_dim_S66x8,True,True,False,False
3092_50BenzeneEthyneCHpi095_dim_S66x8,False,True,False,False
3093_50BenzeneEthyneCHpi100_dim_S66x8,True,True,False,False
3094_50BenzeneEthyneCHpi105_dim_S66x8,False,True,False,False
3095_50BenzeneEthyneCHpi110_dim_S66x8,False,True,False,False
3096_50BenzeneEthyneCHpi125_dim_S66x8,False,True,False,False
3097_50BenzeneEthyneCHpi150_dim_S66x8,False,True,False,False
3098_50BenzeneEthyneCHpi200_dim_S66x8,False,True,False,False
3099_51EthyneEthyneTS090_dim_S66x8,True,True,False,False
30_Br-_S_PF3_dim_Bauza30,True,True,False,False
30_Br-_S_PF3_monA_Bauza30,True,True,False,False
30_Br-_S_PF3_monB_Bauza30,True,True,False,False
30_C4H4_H2O_CH__O_dim_HW30,False,True,False,False
30_C4H4_H2O_CH__O_monA_HW30,False,True,False,False
30_C4H4_H2O_CH__O_monB_HW30,False,True,False,False
30_FH-NH2_TA13,True,True,False,False
30_HBr_XB18,True,True,False,False
30_HCN-E_dim_CT20,True,True,False,False
30_HCN-E_monA_CT20,True,True,False,False
30_HCN-E_monB_CT20,True,True,False,False
30_HCONHrad_HNBrBDE18,False,True,False,False
30_HF_HB49,False,True,False,False
30_Isomer20_Styrene45,True,True,False,False
30_PCH_PhBr_XB51,False,True,False,False
30_Product10_EIE22,True,True,False,False
30_Rxn2_TS_2cat_WCPT27,False,True,False,False
30_cl_lower_BH76,True,True,False,False
30_val132_dim_HSG,True,True,False,False
30_val132_monA_HSG,True,True,False,False
30_val132_monB_HSG,True,True,False,False
30prod_DIE60,False,True,False,False
30react_DIE60,False,True,False,False
3100_51EthyneEthyneTS095_dim_S66x8,False,True,False,False
3101_51EthyneEthyneTS100_dim_S66x8,True,True,False,False
3102_51EthyneEthyneTS105_dim_S66x8,False,True,False,False
3103_51EthyneEthyneTS110_dim_S66x8,False,True,False,False
3104_51EthyneEthyneTS125_dim_S66x8,False,True,False,False
3105_51EthyneEthyneTS150_dim_S66x8,False,True,False,False
3106_51EthyneEthyneTS200_dim_S66x8,False,True,False,False
3107_52BenzeneAcOHOHpi090_dim_S66x8,True,True,False,False
3108_52BenzeneAcOHOHpi095_dim_S66x8,False,True,False,False
3109_52BenzeneAcOHOHpi100_dim_S66x8,True,True,False,False
3110_52BenzeneAcOHOHpi105_dim_S66x8,False,True,False,False
3111_52BenzeneAcOHOHpi110_dim_S66x8,False,True,False,False
3112_52BenzeneAcOHOHpi125_dim_S66x8,False,True,False,False
3113_52BenzeneAcOHOHpi150_dim_S66x8,False,True,False,False
3114_52BenzeneAcOHOHpi200_dim_S66x8,False,True,False,False
3115_53BenzeneAcNH2NHpi090_dim_S66x8,True,True,False,False
3116_53BenzeneAcNH2NHpi095_dim_S66x8,False,True,False,False
3117_53BenzeneAcNH2NHpi100_dim_S66x8,True,True,False,False
3118_53BenzeneAcNH2NHpi105_dim_S66x8,False,True,False,False
3119_53BenzeneAcNH2NHpi110_dim_S66x8,False,True,False,False
3120_53BenzeneAcNH2NHpi125_dim_S66x8,False,True,False,False
3121_53BenzeneAcNH2NHpi150_dim_S66x8,False,True,False,False
3122_53BenzeneAcNH2NHpi200_dim_S66x8,False,True,False,False
3123_54BenzeneWaterOHpi090_dim_S66x8,True,True,False,False
3124_54BenzeneWaterOHpi095_dim_S66x8,False,True,False,False
3125_54BenzeneWaterOHpi100_dim_S66x8,True,True,False,False
3126_54BenzeneWaterOHpi105_dim_S66x8,False,True,False,False
3127_54BenzeneWaterOHpi110_dim_S66x8,False,True,False,False
3128_54BenzeneWaterOHpi125_dim_S66x8,False,True,False,False
3129_54BenzeneWaterOHpi150_dim_S66x8,True,True,False,False
3130_54BenzeneWaterOHpi200_dim_S66x8,False,True,False,False
3131_55BenzeneMeOHOHpi090_dim_S66x8,True,True,False,False
3132_55BenzeneMeOHOHpi095_dim_S66x8,False,True,False,False
3133_55BenzeneMeOHOHpi100_dim_S66x8,True,True,False,False
3134_55BenzeneMeOHOHpi105_dim_S66x8,False,True,False,False
3135_55BenzeneMeOHOHpi110_dim_S66x8,False,True,False,False
3136_55BenzeneMeOHOHpi125_dim_S66x8,False,True,False,False
3137_55BenzeneMeOHOHpi150_dim_S66x8,False,True,False,False
3138_55BenzeneMeOHOHpi200_dim_S66x8,False,True,False,False
3139_56BenzeneMeNH2NHpi090_dim_S66x8,False,True,False,False
3140_56BenzeneMeNH2NHpi095_dim_S66x8,False,True,False,False
3141_56BenzeneMeNH2NHpi100_dim_S66x8,False,True,False,False
3142_56BenzeneMeNH2NHpi105_dim_S66x8,False,True,False,False
3143_56BenzeneMeNH2NHpi110_dim_S66x8,False,True,False,False
3144_56BenzeneMeNH2NHpi125_dim_S66x8,False,True,False,False
3145_56BenzeneMeNH2NHpi150_dim_S66x8,False,True,False,False
3146_56BenzeneMeNH2NHpi200_dim_S66x8,False,True,False,False
3147_57BenzenePeptideNHpi090_dim_S66x8,True,True,False,False
3148_57BenzenePeptideNHpi095_dim_S66x8,False,True,False,False
3149_57BenzenePeptideNHpi100_dim_S66x8,True,True,False,False
3150_57BenzenePeptideNHpi105_dim_S66x8,False,True,False,False
3151_57BenzenePeptideNHpi110_dim_S66x8,False,True,False,False
3152_57BenzenePeptideNHpi125_dim_S66x8,False,True,False,False
3153_57BenzenePeptideNHpi150_dim_S66x8,False,True,False,False
3154_57BenzenePeptideNHpi200_dim_S66x8,False,True,False,False
3155_58PyridinePyridineCHN090_dim_S66x8,False,True,False,False
3156_58PyridinePyridineCHN095_dim_S66x8,False,True,False,False
3157_58PyridinePyridineCHN100_dim_S66x8,True,True,False,False
3158_58PyridinePyridineCHN105_dim_S66x8,False,True,False,False
3159_58PyridinePyridineCHN110_dim_S66x8,False,True,False,False
3160_58PyridinePyridineCHN125_dim_S66x8,False,True,False,False
3161_58PyridinePyridineCHN150_dim_S66x8,True,True,False,False
3162_58PyridinePyridineCHN200_dim_S66x8,False,True,False,False
3163_59EthyneWaterCHO090_dim_S66x8,True,True,False,False
3164_59EthyneWaterCHO095_dim_S66x8,False,True,False,False
3165_59EthyneWaterCHO100_dim_S66x8,True,True,False,False
3166_59EthyneWaterCHO105_dim_S66x8,False,True,False,False
3167_59EthyneWaterCHO110_dim_S66x8,False,True,False,False
3168_59EthyneWaterCHO125_dim_S66x8,False,True,False,False
3169_59EthyneWaterCHO150_dim_S66x8,False,True,False,False
3170_59EthyneWaterCHO200_dim_S66x8,False,True,False,False
3171_60EthyneAcOHOHpi090_dim_S66x8,True,True,False,False
3172_60EthyneAcOHOHpi095_dim_S66x8,False,True,False,False
3173_60EthyneAcOHOHpi100_dim_S66x8,True,True,False,False
3174_60EthyneAcOHOHpi105_dim_S66x8,False,True,False,False
3175_60EthyneAcOHOHpi110_dim_S66x8,False,True,False,False
3176_60EthyneAcOHOHpi125_dim_S66x8,False,True,False,False
3177_60EthyneAcOHOHpi150_dim_S66x8,True,True,False,False
3178_60EthyneAcOHOHpi200_dim_S66x8,False,True,False,False
3179_61PentaneAcOH090_dim_S66x8,True,True,False,False
3180_61PentaneAcOH095_dim_S66x8,False,True,False,False
3181_61PentaneAcOH100_dim_S66x8,True,True,False,False
3182_61PentaneAcOH105_dim_S66x8,False,True,False,False
3183_61PentaneAcOH110_dim_S66x8,False,True,False,False
3184_61PentaneAcOH125_dim_S66x8,False,True,False,False
3185_61PentaneAcOH150_dim_S66x8,False,True,False,False
3186_61PentaneAcOH200_dim_S66x8,False,True,False,False
3187_62PentaneAcNH2090_dim_S66x8,False,True,False,False
3188_62PentaneAcNH2095_dim_S66x8,False,True,False,False
3189_62PentaneAcNH2100_dim_S66x8,False,True,False,False
3190_62PentaneAcNH2105_dim_S66x8,False,True,False,False
3191_62PentaneAcNH2110_dim_S66x8,False,True,False,False
3192_62PentaneAcNH2125_dim_S66x8,False,True,False,False
3193_62PentaneAcNH2150_dim_S66x8,False,True,False,False
3194_62PentaneAcNH2200_dim_S66x8,False,True,False,False
3195_63BenzeneAcOH090_dim_S66x8,True,True,False,False
3196_63BenzeneAcOH095_dim_S66x8,False,True,False,False
3197_63BenzeneAcOH100_dim_S66x8,True,True,False,False
3198_63BenzeneAcOH105_dim_S66x8,False,True,False,False
3199_63BenzeneAcOH110_dim_S66x8,False,True,False,False
31_C4H4_H2O_OH__pi_dim_HW30,False,True,False,False
31_C4H4_H2O_OH__pi_monA_HW30,False,True,False,False
31_C4H4_H2O_OH__pi_monB_HW30,False,True,False,False
31_Cl-_Se_PF3_dim_Bauza30,True,True,False,False
31_Cl-_Se_PF3_monA_Bauza30,True,True,False,False
31_Cl-_Se_PF3_monB_Bauza30,True,True,False,False
31_FH-OH_TA13,True,True,False,False
31_HBrNCH_XB18,True,True,False,False
31_Isomer21_Styrene45,True,True,False,False
31_MeCONHBr_HNBrBDE18,False,True,False,False
31_NH3_HB49,False,True,False,False
31_Reactant11_EIE22,True,True,False,False
31_Rxn3_TS_2cat_WCPT27,False,True,False,False
31_wat200_dim_HSG,True,True,False,False
31_wat200_monA_HSG,True,True,False,False
31_wat200_monB_HSG,True,True,False,False
31prod_DIE60,False,True,False,False
31react_DIE60,False,True,False,False
3200_63BenzeneAcOH125_dim_S66x8,False,True,False,False
3201_63BenzeneAcOH150_dim_S66x8,False,True,False,False
3202_63BenzeneAcOH200_dim_S66x8,False,True,False,False
3203_64PeptideEthene090_dim_S66x8,True,True,False,False
3204_64PeptideEthene095_dim_S66x8,False,True,False,False
3205_64PeptideEthene100_dim_S66x8,True,True,False,False
3206_64PeptideEthene105_dim_S66x8,False,True,False,False
3207_64PeptideEthene110_dim_S66x8,False,True,False,False
3208_64PeptideEthene125_dim_S66x8,False,True,False,False
3209_64PeptideEthene150_dim_S66x8,False,True,False,False
3210_64PeptideEthene200_dim_S66x8,False,True,False,False
3211_65PyridineEthyne090_dim_S66x8,True,True,False,False
3212_65PyridineEthyne095_dim_S66x8,False,True,False,False
3213_65PyridineEthyne100_dim_S66x8,True,True,False,False
3214_65PyridineEthyne105_dim_S66x8,False,True,False,False
3215_65PyridineEthyne110_dim_S66x8,False,True,False,False
3216_65PyridineEthyne125_dim_S66x8,False,True,False,False
3217_65PyridineEthyne150_dim_S66x8,False,True,False,False
3218_65PyridineEthyne200_dim_S66x8,False,True,False,False
3219_66MeNH2Pyridine090_dim_S66x8,False,True,False,False
3220_66MeNH2Pyridine095_dim_S66x8,False,True,False,False
3221_66MeNH2Pyridine100_dim_S66x8,False,True,False,False
3222_66MeNH2Pyridine105_dim_S66x8,False,True,False,False
3223_66MeNH2Pyridine110_dim_S66x8,False,True,False,False
3224_66MeNH2Pyridine125_dim_S66x8,False,True,False,False
3225_66MeNH2Pyridine150_dim_S66x8,False,True,False,False
3226_66MeNH2Pyridine200_dim_S66x8,False,True,False,False
32_Br-_Se_PF3_dim_Bauza30,True,True,False,False
32_Br-_Se_PF3_monA_Bauza30,True,True,False,False
32_Br-_Se_PF3_monB_Bauza30,True,True,False,False
32_BrBr_FCCH_XB51,False,True,False,False
32_C4H4_H2O_OH2__pi_dim_HW30,False,True,False,False
32_C4H4_H2O_OH2__pi_monA_HW30,False,True,False,False
32_C4H4_H2O_OH2__pi_monB_HW30,False,True,False,False
32_HBrOCH2_XB18,True,True,False,False
32_Isomer22_Styrene45,True,True,False,False
32_MeCONHrad_HNBrBDE18,False,True,False,False
32_NH3NH3_HB49,False,True,False,False
32_Product11_EIE22,True,True,False,False
32_Rxn4_TS_2cat_WCPT27,False,True,False,False
32_al_TA13,True,True,False,False
32prod_DIE60,False,True,False,False
32react_DIE60,False,True,False,False
33_BrBr_FMe_XB51,False,True,False,False
33_C5H6_H2O_CH__O_dim_HW30,False,True,False,False
33_C5H6_H2O_CH__O_monA_HW30,False,True,False,False
33_C5H6_H2O_CH__O_monB_HW30,False,True,False,False
33_FCONHBr_HNBrBDE18,False,True,False,False
33_H3N_S_PF3_dim_Bauza30,True,True,False,False
33_H3N_S_PF3_monA_Bauza30,True,True,False,False
33_H3N_S_PF3_monB_Bauza30,True,True,False,False
33_HCN_XB18,True,True,False,False
33_Isomer23_Styrene45,True,True,False,False
33_NH4H2O_HB49,False,True,False,False
33_Reactant12_EIE22,True,True,False,False
33_Rxn5_TS_2cat_WCPT27,False,True,False,False
33_be+_TA13,True,True,False,False
33_f-_BH76,True,True,False,False
33prod_DIE60,False,True,False,False
33react_DIE60,False,True,False,False
34_C5H6_H2O_OH__pi_dim_HW30,False,True,False,False
34_C5H6_H2O_OH__pi_monA_HW30,False,True,False,False
34_C5H6_H2O_OH__pi_monB_HW30,False,True,False,False
34_FCONHrad_HNBrBDE18,False,True,False,False
34_H3N_Se_PF3_dim_Bauza30,True,True,False,False
34_H3N_Se_PF3_monA_Bauza30,True,True,False,False
34_H3N_Se_PF3_monB_Bauza30,True,True,False,False
34_Isomer24_Styrene45,True,True,False,False
34_NH4_HB49,False,True,False,False
34_Product12_EIE22,True,True,False,False
34_Rxn6_TS_2cat_WCPT27,False,True,False,False
34_br_TA13,True,True,False,False
34prod_DIE60,False,True,False,False
34react_DIE60,False,True,False,False
35_C5H6_H2O_OH2__pi_dim_HW30,False,True,False,False
35_C5H6_H2O_OH2__pi_monA_HW30,False,True,False,False
35_C5H6_H2O_OH2__pi_monB_HW30,False,True,False,False
35_Cl-_PF3_dim_Bauza30,True,True,False,False
35_Cl-_PF3_monA_Bauza30,True,True,False,False
35_Cl-_PF3_monB_Bauza30,True,True,False,False
35_Isomer25_Styrene45,True,True,False,False
35_NCCONHBr_HNBrBDE18,False,True,False,False
35_OCHF_HB49,False,True,False,False
35_Reactant13_EIE22,True,True,False,False
35_Rxn7_TS_2cat_WCPT27,False,True,False,False
35_cl_TA13,True,True,False,False
35_fch3clcomp1_BH76,True,True,False,False
35prod_DIE60,False,True,False,False
35react_DIE60,False,True,False,False
36_Br-_PF3_dim_Bauza30,True,True,False,False
36_Br-_PF3_monA_Bauza30,True,True,False,False
36_Br-_PF3_monB_Bauza30,True,True,False,False
36_BrBr_NH3_XB51,False,True,False,False
36_C6H6_H2O_CH__O_dim_HW30,False,True,False,False
36_C6H6_H2O_CH__O_monA_HW30,False,True,False,False
36_C6H6_H2O_CH__O_monB_HW30,False,True,False,False
36_Isomer26_Styrene45,True,True,False,False
36_NCCONHrad_HNBrBDE18,False,True,False,False
36_OHH2O_HB49,False,True,False,False
36_Product13_EIE22,True,True,False,False
36_Rxn8_TS_2cat_WCPT27,False,True,False,False
36_f_TA13,True,True,False,False
36_fch3clcomp2_BH76,True,True,False,False
36prod_DIE60,False,True,False,False
36react_DIE60,False,True,False,False
37_C6H6_H2O_CH__Onp_dim_HW30,False,True,False,False
37_C6H6_H2O_CH__Onp_monA_HW30,False,True,False,False
37_C6H6_H2O_CH__Onp_monB_HW30,False,True,False,False
37_Cl-_AsF3_dim_Bauza30,True,True,False,False
37_Cl-_AsF3_monA_Bauza30,True,True,False,False
37_Cl-_AsF3_monB_Bauza30,True,True,False,False
37_HCONMeBr_HNBrBDE18,False,True,False,False
37_Isomer27_Styrene45,True,True,False,False
37_OH_HB49,False,True,False,False
37_Reactant14_EIE22,True,True,False,False
37_Rxn9_TS_2cat_WCPT27,False,True,False,False
37_fch3clts_BH76,True,True,False,False
37_li_TA13,True,True,False,False
37prod_DIE60,False,True,False,False
37react_DIE60,False,True,False,False
38_Ac-_HB49,False,True,False,False
38_Br-_AsF3_dim_Bauza30,True,True,False,False
38_Br-_AsF3_monA_Bauza30,True,True,False,False
38_Br-_AsF3_monB_Bauza30,True,True,False,False
38_BrBr_OPH3_XB51,False,True,False,False
38_C6H6_H2O_CH__Op_dim_HW30,False,True,False,False
38_C6H6_H2O_CH__Op_monA_HW30,False,True,False,False
38_C6H6_H2O_CH__Op_monB_HW30,False,True,False,False
38_HCONMerad_HNBrBDE18,False,True,False,False
38_Isomer28_Styrene45,True,True,False,False
38_Product14_EIE22,True,True,False,False
38prod_DIE60,False,True,False,False
38react_DIE60,False,True,False,False
3957_01waterammonia_dim_A24,True,True,False,False
3957_01waterammonia_monA_A24,True,True,False,False
3957_01waterammonia_monB_A24,True,True,False,False
3958_02waterdimer_dim_A24,True,True,False,False
3958_02waterdimer_monA_A24,True,True,False,False
3958_02waterdimer_monB_A24,True,True,False,False
3959_03HCNdimer_dim_A24,True,True,False,False
3959_03HCNdimer_monA_A24,True,True,False,False
3959_03HCNdimer_monB_A24,True,True,False,False
3960_04HFdimer_dim_A24,True,True,False,False
3960_04HFdimer_monA_A24,True,True,False,False
3960_04HFdimer_monB_A24,True,True,False,False
3961_05ammoniadimer_dim_A24,True,True,False,False
3961_05ammoniadimer_monA_A24,True,True,False,False
3961_05ammoniadimer_monB_A24,True,True,False,False
3962_06HFmethane_dim_A24,True,True,False,False
3962_06HFmethane_monA_A24,True,True,False,False
3962_06HFmethane_monB_A24,True,True,False,False
3963_07ammoniamethane_dim_A24,True,True,False,False
3963_07ammoniamethane_monA_A24,True,True,False,False
3963_07ammoniamethane_monB_A24,True,True,False,False
3964_08watermethane_dim_A24,True,True,False,False
3964_08watermethane_monA_A24,True,True,False,False
3964_08watermethane_monB_A24,True,True,False,False
3965_09formaldehydedimer_dim_A24,True,True,False,False
3965_09formaldehydedimer_monA_A24,True,True,False,False
3965_09formaldehydedimer_monB_A24,True,True,False,False
3966_10waterethene_dim_A24,True,True,False,False
3966_10waterethene_monA_A24,True,True,False,False
3966_10waterethene_monB_A24,True,True,False,False
3967_11formaldehydeethene_dim_A24,True,True,False,False
3967_11formaldehydeethene_monA_A24,True,True,False,False
3967_11formaldehydeethene_monB_A24,True,True,False,False
3968_12ethynedimer_dim_A24,True,True,False,False
3968_12ethynedimer_monA_A24,True,True,False,False
3968_12ethynedimer_monB_A24,True,True,False,False
3969_13ammoniaethene_dim_A24,True,True,False,False
3969_13ammoniaethene_monA_A24,True,True,False,False
3969_13ammoniaethene_monB_A24,True,True,False,False
3970_14ethenedimer_dim_A24,True,True,False,False
3970_14ethenedimer_monA_A24,True,True,False,False
3970_14ethenedimer_monB_A24,True,True,False,False
3971_15methaneethene_dim_A24,True,True,False,False
3971_15methaneethene_monA_A24,True,True,False,False
3971_15methaneethene_monB_A24,True,True,False,False
3972_16boranemethane_dim_A24,True,True,False,False
3972_16boranemethane_monA_A24,True,True,False,False
3972_16boranemethane_monB_A24,True,True,False,False
3973_17methaneethane_dim_A24,True,True,False,False
3973_17methaneethane_monA_A24,True,True,False,False
3973_17methaneethane_monB_A24,True,True,False,False
3974_18methaneethane_dim_A24,True,True,False,False
3974_18methaneethane_monA_A24,True,True,False,False
3974_18methaneethane_monB_A24,True,True,False,False
3975_19methanedimer_dim_A24,True,True,False,False
3975_19methanedimer_monA_A24,True,True,False,False
3975_19methanedimer_monB_A24,True,True,False,False
3976_20Armethane_dim_A24,True,True,False,False
3976_20Armethane_monA_A24,True,True,False,False
3976_20Armethane_monB_A24,True,True,False,False
3977_21Arethene_dim_A24,True,True,False,False
3977_21Arethene_monA_A24,True,True,False,False
3977_21Arethene_monB_A24,True,True,False,False
3978_22etheneethyne_dim_A24,True,True,False,False
3978_22etheneethyne_monA_A24,True,True,False,False
3978_22etheneethyne_monB_A24,True,True,False,False
3979_23ethenedimer_dim_A24,True,True,False,False
3979_23ethenedimer_monA_A24,True,True,False,False
3979_23ethenedimer_monB_A24,True,True,False,False
3980_24ethynedimer_dim_A24,True,True,False,False
3980_24ethynedimer_monA_A24,True,True,False,False
3980_24ethynedimer_monB_A24,True,True,False,False
39_Ac-H2O_HB49,False,True,False,False
39_BrBr_PCH_XB51,False,True,False,False
39_C6H6_H2O_OH__pi_dim_HW30,False,True,False,False
39_C6H6_H2O_OH__pi_monA_HW30,False,True,False,False
39_C6H6_H2O_OH__pi_monB_HW30,False,True,False,False
39_H3N_PF3_dim_Bauza30,True,True,False,False
39_H3N_PF3_monA_Bauza30,True,True,False,False
39_H3N_PF3_monB_Bauza30,True,True,False,False
39_Isomer29_Styrene45,True,True,False,False
39_N-BrUrea_HNBrBDE18,False,True,False,False
39_Reactant15_EIE22,True,True,False,False
39_Rxn2_Reactant_WCPT27,False,True,False,False
39prod_DIE60,False,True,False,False
39react_DIE60,False,True,False,False
3BHET_1.1_dimAB,False,True,False,False
3BHET_1.1_dimAC,False,True,False,False
3BHET_1.1_dimBC,False,True,False,False
3BHET_1.1_monA,False,True,False,False
3BHET_1.1_monB,False,True,False,False
3BHET_1.1_monC,False,True,False,False
3BHET_1.1_trim,False,True,False,False
3BHET_1.2_dimAB,False,True,False,False
3BHET_1.2_dimAC,False,True,False,False
3BHET_1.2_dimBC,False,True,False,False
3BHET_1.2_monA,False,True,False,False
3BHET_1.2_monB,False,True,False,False
3BHET_1.2_monC,False,True,False,False
3BHET_1.2_trim,False,True,False,False
3BHET_10.1_dimAB,False,True,False,False
3BHET_10.1_dimAC,False,True,False,False
3BHET_10.1_dimBC,False,True,False,False
3BHET_10.1_monA,False,True,False,False
3BHET_10.1_monB,False,True,False,False
3BHET_10.1_monC,False,True,False,False
3BHET_10.1_trim,False,True,False,False
3BHET_10.2_dimAB,False,True,False,False
3BHET_10.2_dimAC,False,True,False,False
3BHET_10.2_dimBC,False,True,False,False
3BHET_10.2_monA,False,True,False,False
3BHET_10.2_monB,False,True,False,False
3BHET_10.2_monC,False,True,False,False
3BHET_10.2_trim,False,True,False,False
3BHET_2.1_dimAB,False,True,False,False
3BHET_2.1_dimAC,False,True,False,False
3BHET_2.1_dimBC,False,True,False,False
3BHET_2.1_monA,False,True,False,False
3BHET_2.1_monB,False,True,False,False
3BHET_2.1_monC,False,True,False,False
3BHET_2.1_trim,False,True,False,False
3BHET_2.2_dimAB,False,True,False,False
3BHET_2.2_dimAC,False,True,False,False
3BHET_2.2_dimBC,False,True,False,False
3BHET_2.2_monA,False,True,False,False
3BHET_2.2_monB,False,True,False,False
3BHET_2.2_monC,False,True,False,False
3BHET_2.2_trim,False,True,False,False
3BHET_3.1_dimAB,False,True,False,False
3BHET_3.1_dimAC,False,True,False,False
3BHET_3.1_dimBC,False,True,False,False
3BHET_3.1_monA,False,True,False,False
3BHET_3.1_monB,False,True,False,False
3BHET_3.1_monC,False,True,False,False
3BHET_3.1_trim,False,True,False,False
3BHET_3.2_dimAB,False,True,False,False
3BHET_3.2_dimAC,False,True,False,False
3BHET_3.2_dimBC,False,True,False,False
3BHET_3.2_monA,False,True,False,False
3BHET_3.2_monB,False,True,False,False
3BHET_3.2_monC,False,True,False,False
3BHET_3.2_trim,False,True,False,False
3BHET_4.1_dimAB,False,True,False,False
3BHET_4.1_dimAC,False,True,False,False
3BHET_4.1_dimBC,False,True,False,False
3BHET_4.1_monA,False,True,False,False
3BHET_4.1_monB,False,True,False,False
3BHET_4.1_monC,False,True,False,False
3BHET_4.1_trim,False,True,False,False
3BHET_4.2_dimAB,False,True,False,False
3BHET_4.2_dimAC,False,True,False,False
3BHET_4.2_dimBC,False,True,False,False
3BHET_4.2_monA,False,True,False,False
3BHET_4.2_monB,False,True,False,False
3BHET_4.2_monC,False,True,False,False
3BHET_4.2_trim,False,True,False,False
3BHET_5.1_dimAB,False,True,False,False
3BHET_5.1_dimAC,False,True,False,False
3BHET_5.1_dimBC,False,True,False,False
3BHET_5.1_monA,False,True,False,False
3BHET_5.1_monB,False,True,False,False
3BHET_5.1_monC,False,True,False,False
3BHET_5.1_trim,False,True,False,False
3BHET_5.2_dimAB,False,True,False,False
3BHET_5.2_dimAC,False,True,False,False
3BHET_5.2_dimBC,False,True,False,False
3BHET_5.2_monA,False,True,False,False
3BHET_5.2_monB,False,True,False,False
3BHET_5.2_monC,False,True,False,False
3BHET_5.2_trim,False,True,False,False
3BHET_6.1_dimAB,False,True,False,False
3BHET_6.1_dimAC,False,True,False,False
3BHET_6.1_dimBC,False,True,False,False
3BHET_6.1_monA,False,True,False,False
3BHET_6.1_monB,False,True,False,False
3BHET_6.1_monC,False,True,False,False
3BHET_6.1_trim,False,True,False,False
3BHET_6.2_dimAB,False,True,False,False
3BHET_6.2_dimAC,False,True,False,False
3BHET_6.2_dimBC,False,True,False,False
3BHET_6.2_monA,False,True,False,False
3BHET_6.2_monB,False,True,False,False
3BHET_6.2_monC,False,True,False,False
3BHET_6.2_trim,False,True,False,False
3BHET_7.1_dimAB,False,True,False,False
3BHET_7.1_dimAC,False,True,False,False
3BHET_7.1_dimBC,False,True,False,False
3BHET_7.1_monA,False,True,False,False
3BHET_7.1_monB,False,True,False,False
3BHET_7.1_monC,False,True,False,False
3BHET_7.1_trim,False,True,False,False
3BHET_7.2_dimAB,False,True,False,False
3BHET_7.2_dimAC,False,True,False,False
3BHET_7.2_dimBC,False,True,False,False
3BHET_7.2_monA,False,True,False,False
3BHET_7.2_monB,False,True,False,False
3BHET_7.2_monC,False,True,False,False
3BHET_7.2_trim,False,True,False,False
3BHET_8.1_dimAB,False,True,False,False
3BHET_8.1_dimAC,False,True,False,False
3BHET_8.1_dimBC,False,True,False,False
3BHET_8.1_monA,False,True,False,False
3BHET_8.1_monB,False,True,False,False
3BHET_8.1_monC,False,True,False,False
3BHET_8.1_trim,False,True,False,False
3BHET_8.2_dimAB,False,True,False,False
3BHET_8.2_dimAC,False,True,False,False
3BHET_8.2_dimBC,False,True,False,False
3BHET_8.2_monA,False,True,False,False
3BHET_8.2_monB,False,True,False,False
3BHET_8.2_monC,False,True,False,False
3BHET_8.2_trim,False,True,False,False
3BHET_9.1_dimAB,False,True,False,False
3BHET_9.1_dimAC,False,True,False,False
3BHET_9.1_dimBC,False,True,False,False
3BHET_9.1_monA,False,True,False,False
3BHET_9.1_monB,False,True,False,False
3BHET_9.1_monC,False,True,False,False
3BHET_9.1_trim,False,True,False,False
3BHET_9.2_dimAB,False,True,False,False
3BHET_9.2_dimAC,False,True,False,False
3BHET_9.2_dimBC,False,True,False,False
3BHET_9.2_monA,False,True,False,False
3BHET_9.2_monB,False,True,False,False
3BHET_9.2_monC,False,True,False,False
3BHET_9.2_trim,False,True,False,False
3_3_3-1_SW49,False,True,False,False
3_4_1-1_SW49,False,True,False,False
3_4_2-1_SW49,False,True,False,False
3_5_1-1_SW49,False,True,False,False
3_5_1-2_SW49,False,True,False,False
3_5_1-3_SW49,False,True,False,False
3_6_0-1_SW49,False,True,False,False
3_6_0-2_SW49,False,True,False,False
3_6_0-3_SW49,False,True,False,False
3d4dIPSS_Ag_GS,True,True,False,False
3d4dIPSS_Ag_GS+,True,True,False,False
3d4dIPSS_Cd_GS,True,True,False,False
3d4dIPSS_Cd_GS+,True,True,False,False
3d4dIPSS_Co_ES+,True,True,False,False
3d4dIPSS_Co_GS,True,True,False,False
3d4dIPSS_Co_GS+,True,True,False,False
3d4dIPSS_Cr_GS,True,True,False,False
3d4dIPSS_Cr_GS+,True,True,False,False
3d4dIPSS_Cu_ES,True,True,False,False
3d4dIPSS_Cu_ES+,True,True,False,False
3d4dIPSS_Cu_GS,True,True,False,False
3d4dIPSS_Cu_GS+,True,True,False,False
3d4dIPSS_Fe_GS,True,True,False,False
3d4dIPSS_Fe_GS+,True,True,False,False
3d4dIPSS_Mn_ES,True,True,False,False
3d4dIPSS_Mn_GS,True,True,False,False
3d4dIPSS_Mn_GS+,True,True,False,False
3d4dIPSS_Mo_GS,True,True,False,False
3d4dIPSS_Mo_GS+,True,True,False,False
3d4dIPSS_Nb_GS,True,True,False,False
3d4dIPSS_Nb_GS+,True,True,False,False
3d4dIPSS_Ni_ES+,True,True,False,False
3d4dIPSS_Ni_GS,True,True,False,False
3d4dIPSS_Ni_GS+,True,True,False,False
3d4dIPSS_Pd_ES,True,True,False,False
3d4dIPSS_Pd_GS,True,True,False,False
3d4dIPSS_Pd_GS+,True,True,False,False
3d4dIPSS_Rh_GS,True,True,False,False
3d4dIPSS_Rh_GS+,True,True,False,False
3d4dIPSS_Ru_GS,True,True,False,False
3d4dIPSS_Ru_GS+,True,True,False,False
3d4dIPSS_Sc_ES,True,True,False,False
3d4dIPSS_Sc_GS,True,True,False,False
3d4dIPSS_Sc_GS+,True,True,False,False
3d4dIPSS_Tc_GS,True,True,False,False
3d4dIPSS_Tc_GS+,True,True,False,False
3d4dIPSS_Ti_ES,True,True,False,False
3d4dIPSS_Ti_GS,True,True,False,False
3d4dIPSS_Ti_GS+,True,True,False,False
3d4dIPSS_V_ES,True,True,False,False
3d4dIPSS_V_GS,True,True,False,False
3d4dIPSS_V_GS+,True,True,False,False
3d4dIPSS_Y_ES,True,True,False,False
3d4dIPSS_Y_GS,True,True,False,False
3d4dIPSS_Y_GS+,True,True,False,False
3d4dIPSS_Zn_ES,True,True,False,False
3d4dIPSS_Zn_GS,True,True,False,False
3d4dIPSS_Zn_GS+,True,True,False,False
3d4dIPSS_Zr_ES,True,True,False,False
3d4dIPSS_Zr_GS,True,True,False,False
3d4dIPSS_Zr_GS+,True,True,False,False
3prod1_CR20,True,True,False,False
3prod2_CR20,True,True,False,False
3prod_DIE60,False,True,False,False
3react_CR20,True,True,False,False
3react_CRBH20,True,True,False,False
3react_DIE60,False,True,False,False
3ts_CRBH20,True,True,False,False
40_Ac-MeNH2_HB49,False,True,False,False
40_C6H6_H2O_OH2__pi_dim_HW30,False,True,False,False
40_C6H6_H2O_OH2__pi_monA_HW30,False,True,False,False
40_C6H6_H2O_OH2__pi_monB_HW30,False,True,False,False
40_H3N_AsF3_dim_Bauza30,True,True,False,False
40_H3N_AsF3_monA_Bauza30,True,True,False,False
40_H3N_AsF3_monB_Bauza30,True,True,False,False
40_Isomer30_Styrene45,True,True,False,False
40_Product15_EIE22,True,True,False,False
40_Rxn3_Reactant_WCPT27,False,True,False,False
40_UreaNrad_HNBrBDE18,False,True,False,False
40prod_DIE60,False,True,False,False
40react_DIE60,False,True,False,False
4113_01WaterWater_dim_S66,False,True,False,False
4113_01WaterWater_monA_S66,False,True,False,False
4113_01WaterWater_monB_S66,False,True,False,False
4114_02WaterMeOH_dim_S66,False,True,False,False
4114_02WaterMeOH_monA_S66,False,True,False,False
4114_02WaterMeOH_monB_S66,False,True,False,False
4115_03WaterMeNH2_dim_S66,False,True,False,False
4115_03WaterMeNH2_monA_S66,False,True,False,False
4115_03WaterMeNH2_monB_S66,False,True,False,False
4116_04WaterPeptide_dim_S66,False,True,False,False
4116_04WaterPeptide_monA_S66,False,True,False,False
4116_04WaterPeptide_monB_S66,False,True,False,False
4117_05MeOHMeOH_dim_S66,False,True,False,False
4117_05MeOHMeOH_monA_S66,False,True,False,False
4117_05MeOHMeOH_monB_S66,False,True,False,False
4118_06MeOHMeNH2_dim_S66,False,True,False,False
4118_06MeOHMeNH2_monA_S66,False,True,False,False
4118_06MeOHMeNH2_monB_S66,False,True,False,False
4119_07MeOHPeptide_dim_S66,False,True,False,False
4119_07MeOHPeptide_monA_S66,False,True,False,False
4119_07MeOHPeptide_monB_S66,False,True,False,False
4120_08MeOHWater_dim_S66,False,True,False,False
4120_08MeOHWater_monA_S66,False,True,False,False
4120_08MeOHWater_monB_S66,False,True,False,False
4121_09MeNH2MeOH_dim_S66,False,True,False,False
4121_09MeNH2MeOH_monA_S66,False,True,False,False
4121_09MeNH2MeOH_monB_S66,False,True,False,False
4122_10MeNH2MeNH2_dim_S66,False,True,False,False
4122_10MeNH2MeNH2_monA_S66,False,True,False,False
4122_10MeNH2MeNH2_monB_S66,False,True,False,False
4123_11MeNH2Peptide_dim_S66,False,True,False,False
4123_11MeNH2Peptide_monA_S66,False,True,False,False
4123_11MeNH2Peptide_monB_S66,False,True,False,False
4124_12MeNH2Water_dim_S66,False,True,False,False
4124_12MeNH2Water_monA_S66,False,True,False,False
4124_12MeNH2Water_monB_S66,False,True,False,False
4125_13PeptideMeOH_dim_S66,False,True,False,False
4125_13PeptideMeOH_monA_S66,False,True,False,False
4125_13PeptideMeOH_monB_S66,False,True,False,False
4126_14PeptideMeNH2_dim_S66,False,True,False,False
4126_14PeptideMeNH2_monA_S66,False,True,False,False
4126_14PeptideMeNH2_monB_S66,False,True,False,False
4127_15PeptidePeptide_dim_S66,False,True,False,False
4127_15PeptidePeptide_monA_S66,False,True,False,False
4127_15PeptidePeptide_monB_S66,False,True,False,False
4128_16PeptideWater_dim_S66,False,True,False,False
4128_16PeptideWater_monA_S66,False,True,False,False
4128_16PeptideWater_monB_S66,False,True,False,False
4129_17UracilUracilBP_dim_S66,False,True,False,False
4129_17UracilUracilBP_monA_S66,False,True,False,False
4129_17UracilUracilBP_monB_S66,False,True,False,False
4130_18WaterPyridine_dim_S66,False,True,False,False
4130_18WaterPyridine_monA_S66,False,True,False,False
4130_18WaterPyridine_monB_S66,False,True,False,False
4131_19MeOHPyridine_dim_S66,False,True,False,False
4131_19MeOHPyridine_monA_S66,False,True,False,False
4131_19MeOHPyridine_monB_S66,False,True,False,False
4132_20AcOHAcOH_dim_S66,False,True,False,False
4132_20AcOHAcOH_monA_S66,False,True,False,False
4132_20AcOHAcOH_monB_S66,False,True,False,False
4133_21AcNH2AcNH2_dim_S66,False,True,False,False
4133_21AcNH2AcNH2_monA_S66,False,True,False,False
4133_21AcNH2AcNH2_monB_S66,False,True,False,False
4134_22AcOHUracil_dim_S66,False,True,False,False
4134_22AcOHUracil_monA_S66,False,True,False,False
4134_22AcOHUracil_monB_S66,False,True,False,False
4135_23AcNH2Uracil_dim_S66,False,True,False,False
4135_23AcNH2Uracil_monA_S66,False,True,False,False
4135_23AcNH2Uracil_monB_S66,False,True,False,False
4136_24BenzeneBenzenepipi_dim_S66,False,True,False,False
4136_24BenzeneBenzenepipi_monA_S66,False,True,False,False
4136_24BenzeneBenzenepipi_monB_S66,False,True,False,False
4137_25PyridinePyridinepipi_dim_S66,False,True,False,False
4137_25PyridinePyridinepipi_monA_S66,False,True,False,False
4137_25PyridinePyridinepipi_monB_S66,False,True,False,False
4138_26UracilUracilpipi_dim_S66,False,True,False,False
4138_26UracilUracilpipi_monA_S66,False,True,False,False
4138_26UracilUracilpipi_monB_S66,False,True,False,False
4139_27BenzenePyridinepipi_dim_S66,False,True,False,False
4139_27BenzenePyridinepipi_monA_S66,False,True,False,False
4139_27BenzenePyridinepipi_monB_S66,False,True,False,False
4140_28BenzeneUracilpipi_dim_S66,False,True,False,False
4140_28BenzeneUracilpipi_monA_S66,False,True,False,False
4140_28BenzeneUracilpipi_monB_S66,False,True,False,False
4141_29PyridineUracilpipi_dim_S66,False,True,False,False
4141_29PyridineUracilpipi_monA_S66,False,True,False,False
4141_29PyridineUracilpipi_monB_S66,False,True,False,False
4142_30BenzeneEthene_dim_S66,False,True,False,False
4142_30BenzeneEthene_monA_S66,False,True,False,False
4142_30BenzeneEthene_monB_S66,False,True,False,False
4143_31UracilEthene_dim_S66,False,True,False,False
4143_31UracilEthene_monA_S66,False,True,False,False
4143_31UracilEthene_monB_S66,False,True,False,False
4144_32UracilEthyne_dim_S66,False,True,False,False
4144_32UracilEthyne_monA_S66,False,True,False,False
4144_32UracilEthyne_monB_S66,False,True,False,False
4145_33PyridineEthene_dim_S66,False,True,False,False
4145_33PyridineEthene_monA_S66,False,True,False,False
4145_33PyridineEthene_monB_S66,False,True,False,False
4146_34PentanePentane_dim_S66,False,True,False,False
4146_34PentanePentane_monA_S66,False,True,False,False
4146_34PentanePentane_monB_S66,False,True,False,False
4147_35NeopentanePentane_dim_S66,False,True,False,False
4147_35NeopentanePentane_monA_S66,False,True,False,False
4147_35NeopentanePentane_monB_S66,False,True,False,False
4148_36NeopentaneNeopentane_dim_S66,False,True,False,False
4148_36NeopentaneNeopentane_monA_S66,False,True,False,False
4148_36NeopentaneNeopentane_monB_S66,False,True,False,False
4149_37CyclopentaneNeopentane_dim_S66,False,True,False,False
4149_37CyclopentaneNeopentane_monA_S66,False,True,False,False
4149_37CyclopentaneNeopentane_monB_S66,False,True,False,False
4150_38CyclopentaneCyclopentane_dim_S66,False,True,False,False
4150_38CyclopentaneCyclopentane_monA_S66,False,True,False,False
4150_38CyclopentaneCyclopentane_monB_S66,False,True,False,False
4151_39BenzeneCyclopentane_dim_S66,False,True,False,False
4151_39BenzeneCyclopentane_monA_S66,False,True,False,False
4151_39BenzeneCyclopentane_monB_S66,False,True,False,False
4152_40BenzeneNeopentane_dim_S66,False,True,False,False
4152_40BenzeneNeopentane_monA_S66,False,True,False,False
4152_40BenzeneNeopentane_monB_S66,False,True,False,False
4153_41UracilPentane_dim_S66,False,True,False,False
4153_41UracilPentane_monA_S66,False,True,False,False
4153_41UracilPentane_monB_S66,False,True,False,False
4154_42UracilCyclopentane_dim_S66,False,True,False,False
4154_42UracilCyclopentane_monA_S66,False,True,False,False
4154_42UracilCyclopentane_monB_S66,False,True,False,False
4155_43UracilNeopentane_dim_S66,False,True,False,False
4155_43UracilNeopentane_monA_S66,False,True,False,False
4155_43UracilNeopentane_monB_S66,False,True,False,False
4156_44EthenePentane_dim_S66,False,True,False,False
4156_44EthenePentane_monA_S66,False,True,False,False
4156_44EthenePentane_monB_S66,False,True,False,False
4157_45EthynePentane_dim_S66,False,True,False,False
4157_45EthynePentane_monA_S66,False,True,False,False
4157_45EthynePentane_monB_S66,False,True,False,False
4158_46PeptidePentane_dim_S66,False,True,False,False
4158_46PeptidePentane_monA_S66,False,True,False,False
4158_46PeptidePentane_monB_S66,False,True,False,False
4159_47BenzeneBenzeneTS_dim_S66,False,True,False,False
4159_47BenzeneBenzeneTS_monA_S66,False,True,False,False
4159_47BenzeneBenzeneTS_monB_S66,False,True,False,False
4160_48PyridinePyridineTS_dim_S66,False,True,False,False
4160_48PyridinePyridineTS_monA_S66,False,True,False,False
4160_48PyridinePyridineTS_monB_S66,False,True,False,False
4161_49BenzenePyridineTS_dim_S66,False,True,False,False
4161_49BenzenePyridineTS_monA_S66,False,True,False,False
4161_49BenzenePyridineTS_monB_S66,False,True,False,False
4162_50BenzeneEthyneCHpi_dim_S66,False,True,False,False
4162_50BenzeneEthyneCHpi_monA_S66,False,True,False,False
4162_50BenzeneEthyneCHpi_monB_S66,False,True,False,False
4163_51EthyneEthyneTS_dim_S66,False,True,False,False
4163_51EthyneEthyneTS_monA_S66,False,True,False,False
4163_51EthyneEthyneTS_monB_S66,False,True,False,False
4164_52BenzeneAcOHOHpi_dim_S66,False,True,False,False
4164_52BenzeneAcOHOHpi_monA_S66,False,True,False,False
4164_52BenzeneAcOHOHpi_monB_S66,False,True,False,False
4165_53BenzeneAcNH2NHpi_dim_S66,False,True,False,False
4165_53BenzeneAcNH2NHpi_monA_S66,False,True,False,False
4165_53BenzeneAcNH2NHpi_monB_S66,False,True,False,False
4166_54BenzeneWaterOHpi_dim_S66,False,True,False,False
4166_54BenzeneWaterOHpi_monA_S66,False,True,False,False
4166_54BenzeneWaterOHpi_monB_S66,False,True,False,False
4167_55BenzeneMeOHOHpi_dim_S66,False,True,False,False
4167_55BenzeneMeOHOHpi_monA_S66,False,True,False,False
4167_55BenzeneMeOHOHpi_monB_S66,False,True,False,False
4168_56BenzeneMeNH2NHpi_dim_S66,False,True,False,False
4168_56BenzeneMeNH2NHpi_monA_S66,False,True,False,False
4168_56BenzeneMeNH2NHpi_monB_S66,False,True,False,False
4169_57BenzenePeptideNHpi_dim_S66,False,True,False,False
4169_57BenzenePeptideNHpi_monA_S66,False,True,False,False
4169_57BenzenePeptideNHpi_monB_S66,False,True,False,False
4170_58PyridinePyridineCHN_dim_S66,False,True,False,False
4170_58PyridinePyridineCHN_monA_S66,False,True,False,False
4170_58PyridinePyridineCHN_monB_S66,False,True,False,False
4171_59EthyneWaterCHO_dim_S66,False,True,False,False
4171_59EthyneWaterCHO_monA_S66,False,True,False,False
4171_59EthyneWaterCHO_monB_S66,False,True,False,False
4172_60EthyneAcOHOHpi_dim_S66,False,True,False,False
4172_60EthyneAcOHOHpi_monA_S66,False,True,False,False
4172_60EthyneAcOHOHpi_monB_S66,False,True,False,False
4173_61PentaneAcOH_dim_S66,False,True,False,False
4173_61PentaneAcOH_monA_S66,False,True,False,False
4173_61PentaneAcOH_monB_S66,False,True,False,False
4174_62PentaneAcNH2_dim_S66,False,True,False,False
4174_62PentaneAcNH2_monA_S66,False,True,False,False
4174_62PentaneAcNH2_monB_S66,False,True,False,False
4175_63BenzeneAcOH_dim_S66,False,True,False,False
4175_63BenzeneAcOH_monA_S66,False,True,False,False
4175_63BenzeneAcOH_monB_S66,False,True,False,False
4176_64PeptideEthene_dim_S66,False,True,False,False
4176_64PeptideEthene_monA_S66,False,True,False,False
4176_64PeptideEthene_monB_S66,False,True,False,False
4177_65PyridineEthyne_dim_S66,False,True,False,False
4177_65PyridineEthyne_monA_S66,False,True,False,False
4177_65PyridineEthyne_monB_S66,False,True,False,False
4178_66MeNH2Pyridine_dim_S66,False,True,False,False
4178_66MeNH2Pyridine_monA_S66,False,True,False,False
4178_66MeNH2Pyridine_monB_S66,False,True,False,False
4179_water2Cs_Shields38,False,True,False,False
4180_water3UUD_Shields38,False,True,False,False
4181_water3UUU_Shields38,False,True,False,False
4182_water4S4_Shields38,False,True,False,False
4183_water4Ci_Shields38,False,True,False,False
4184_water4Py_Shields38,False,True,False,False
4185_water5CYC_Shields38,False,True,False,False
4186_water5CAA_Shields38,False,True,False,False
4187_water5CAB_Shields38,False,True,False,False
4188_water5CAC_Shields38,False,True,False,False
4189_water5FRA_Shields38,False,True,False,False
4190_water5FRB_Shields38,False,True,False,False
4191_water5FRC_Shields38,False,True,False,False
4192_water6BAG_Shields38,True,True,False,False
4193_water6BK1_Shields38,True,True,False,False
4194_water6BK2_Shields38,True,True,False,False
4195_water6CA_Shields38,True,True,False,False
4196_water6CB1_Shields38,True,True,False,False
4197_water6CB2_Shields38,True,True,False,False
4198_water6CC_Shields38,True,True,False,False
4199_water6PR_Shields38,True,True,False,False
41_Ac-MeOH_HB49,False,True,False,False
41_BrBr_pyr_XB51,False,True,False,False
41_CHO2NBr_HNBrBDE18,False,True,False,False
41_Isomer31_Styrene45,True,True,False,False
41_Reactant16_EIE22,True,True,False,False
41prod_DIE60,False,True,False,False
41react_DIE60,False,True,False,False
4200_water7PR3_Shields38,False,True,False,False
4201_water7BI2_Shields38,False,True,False,False
4202_water7BI1_Shields38,False,True,False,False
4203_water7PR1_Shields38,False,True,False,False
4204_water7CH3_Shields38,False,True,False,False
4205_water7CH2_Shields38,False,True,False,False
4206_water7CA2_Shields38,False,True,False,False
4207_water7HM1_Shields38,False,True,False,False
4208_water7CA1_Shields38,False,True,False,False
4209_water7PR2_Shields38,False,True,False,False
4210_water7CH1_Shields38,False,True,False,False
4211_water8D2d_Shields38,False,True,False,False
4212_water8S4_Shields38,False,True,False,False
4213_water9D2dDD_Shields38,False,True,False,False
4214_water9S4DA_Shields38,False,True,False,False
4215_water10PP1_Shields38,False,True,False,False
4216_water10PP2_Shields38,False,True,False,False
4217_waterC2v_Shields38,True,True,False,False
42_AcNH2_HB49,False,True,False,False
42_CHO2Nrad_HNBrBDE18,False,True,False,False
42_H2_BH76,True,True,False,False
42_Isomer32_Styrene45,True,True,False,False
42_Product16_EIE22,True,True,False,False
42_Rxn5_Reactant_WCPT27,False,True,False,False
42prod_DIE60,False,True,False,False
42react_DIE60,False,True,False,False
43_AcNH2AcNH2_HB49,False,True,False,False
43_H2C_NBr_HNBrBDE18,False,True,False,False
43_H2O_BH76,True,True,False,False
43_Isomer33_Styrene45,True,True,False,False
43_Reactant17_EIE22,True,True,False,False
43prod_DIE60,False,True,False,False
43react_DIE60,False,True,False,False
44_AcOH_HB49,False,True,False,False
44_H2C_Nrad_HNBrBDE18,False,True,False,False
44_H2S_BH76,True,True,False,False
44_Isomer34_Styrene45,True,True,False,False
44_Product17_EIE22,True,True,False,False
44_Rxn7_Reactant_WCPT27,False,True,False,False
44prod_DIE60,False,True,False,False
44react_DIE60,False,True,False,False
45_AcOHAcOH_HB49,False,True,False,False
45_Isomer35_Styrene45,True,True,False,False
45_MeCH_NBr_HNBrBDE18,False,True,False,False
45_Reactant18_EIE22,True,True,False,False
45_Rxn8_Reactant_WCPT27,False,True,False,False
45_hclhts_BH76,True,True,False,False
45prod_DIE60,False,True,False,False
45react_DIE60,False,True,False,False
46_EtAc_HB49,False,True,False,False
46_Isomer36_Styrene45,True,True,False,False
46_MeCH_Nrad_HNBrBDE18,False,True,False,False
46_Product18_EIE22,True,True,False,False
46_Rxn9_Reactant_WCPT27,False,True,False,False
46_hcl_lower_BH76,True,True,False,False
46prod_DIE60,False,True,False,False
46react_DIE60,False,True,False,False
47_Br_HNBrBDE18,False,True,False,False
47_EtAcEtAc_HB49,False,True,False,False
47_Isomer37_Styrene45,True,True,False,False
47_Reactant19_EIE22,True,True,False,False
47_Rxn1_Product_WCPT27,False,True,False,False
47prod_DIE60,False,True,False,False
47react_DIE60,False,True,False,False
48_Formald_HB49,False,True,False,False
48_Isomer38_Styrene45,False,False,False,True
48_Product19_EIE22,True,True,False,False
48_Rxn2_Product_WCPT27,False,True,False,False
48_hcn_BH76,True,True,False,False
48prod_DIE60,False,True,False,False
48react_DIE60,False,True,False,False
49_FormaldFormald_HB49,False,True,False,False
49_Isomer39_Styrene45,True,True,False,False
49_Reactant20_EIE22,True,True,False,False
49_Rxn3_Product_WCPT27,False,True,False,False
49_hcnts_BH76,True,True,False,False
49prod_DIE60,False,True,False,False
49react_DIE60,False,True,False,False
4_4_4-1_SW49,False,True,False,False
4_5_3-1_SW49,False,True,False,False
4_5_3-2_SW49,False,True,False,False
4_6_2-1_SW49,False,True,False,False
4_6_2-2_SW49,False,True,False,False
4_7_1-1_SW49,False,True,False,False
4_7_1-2_SW49,False,True,False,False
4_8_0-1_SW49,False,True,False,False
4_8_0-2_SW49,False,True,False,False
4_8_0-3_SW49,False,True,False,False
4prod1_CR20,True,True,False,False
4prod2_CR20,True,True,False,False
4prod_DIE60,False,True,False,False
4react_CR20,True,True,False,False
4react_CRBH20,True,True,False,False
4react_DIE60,False,True,False,False
4ts_CRBH20,True,True,False,False
50_Guand_HB49,False,True,False,False
50_Isomer40_Styrene45,True,True,False,False
50_Product20_EIE22,True,True,False,False
50_Rxn4_Product_WCPT27,False,True,False,False
50prod_DIE60,False,True,False,False
50react_DIE60,False,True,False,False
51_GuandFormald_HB49,False,True,False,False
51_Reactant21_EIE22,True,True,False,False
51_Rxn5_Product_WCPT27,False,True,False,False
51prod_DIE60,False,True,False,False
51react_DIE60,False,True,False,False
52_GuandH2O_HB49,False,True,False,False
52_Isomer42_Styrene45,True,True,False,False
52_Product21_EIE22,True,True,False,False
52_Rxn6_Product_WCPT27,False,True,False,True
52prod_DIE60,False,True,False,False
52react_DIE60,False,True,False,False
53_GuandMeNH2_HB49,False,True,False,False
53_Isomer43_Styrene45,True,True,False,False
53_Reactant22_EIE22,True,True,False,False
53_Rxn7_Product_WCPT27,False,True,False,False
53prod_DIE60,False,True,False,False
53react_DIE60,False,True,False,False
54_GuandMeOH_HB49,False,True,False,False
54_Isomer44_Styrene45,True,True,False,False
54_Product22_EIE22,True,True,False,False
54_Rxn8_Product_WCPT27,False,True,False,False
54prod_DIE60,False,True,False,False
54react_DIE60,False,True,False,False
55_H2OMeNH2_HB49,False,True,False,False
55_Isomer45_Styrene45,True,True,False,False
55_Rxn9_Product_WCPT27,False,True,False,False
55prod_DIE60,False,True,False,False
55react_DIE60,False,True,False,False
56_H2OMeOH_HB49,False,True,False,False
56_Water_WCPT27,False,True,False,False
56prod_DIE60,False,True,False,False
56react_DIE60,False,True,False,False
57_H2OPeptide_HB49,False,True,False,False
57_h_lower_BH76,True,True,False,False
57prod_DIE60,False,True,False,False
57react_DIE60,False,True,False,False
58_Imd_HB49,False,True,False,False
58_hn2_BH76,True,True,False,False
58prod_DIE60,False,True,False,False
58react_DIE60,False,True,False,False
59_ImdFormald_HB49,False,True,False,False
59_hn2ts_BH76,True,True,False,False
59prod_DIE60,False,True,False,False
59react_DIE60,False,True,False,False
5_10_0-1_SW49,False,True,False,False
5_6_4-1_SW49,False,True,False,False
5_6_4-2_SW49,False,True,False,False
5_6_4-3_SW49,False,True,False,False
5_6_4-4_SW49,False,True,False,False
5_6_4-5_SW49,False,True,False,False
5_6_4-6_SW49,False,True,False,False
5_6_4-7_SW49,False,True,False,False
5_6_4-8_SW49,False,True,False,False
5_7_3-1_SW49,False,True,False,False
5_7_3-2_SW49,False,True,False,False
5_9_1-1_SW49,False,True,False,False
5prod1_CR20,True,True,False,False
5prod2_CR20,True,True,False,False
5prod_DIE60,False,True,False,False
5react_CR20,True,True,False,False
5react_CRBH20,True,True,False,False
5react_DIE60,False,True,False,False
5ts_CRBH20,True,True,False,False
60_ImdH2O_HB49,False,True,False,False
60_hnc_BH76,True,True,False,False
60prod_DIE60,False,True,False,False
60react_DIE60,False,True,False,False
61_ImdMeNH2_HB49,False,True,False,False
62_BrBr_XB51,False,True,False,False
62_ImdMeOH_HB49,False,True,False,False
63_MeNH2_HB49,False,True,False,False
63_hoch3fts_BH76,True,True,False,False
64_FBr_XB51,False,True,False,False
64_HS_BH76,True,True,False,False
64_MeNH2H2O_HB49,False,True,False,False
65_FCl_XB51,False,True,False,False
65_H_upper_BH76,True,True,False,False
65_MeNH2MeNH2_HB49,False,True,False,False
66_MeNH2MeOH_HB49,False,True,False,False
66_n2_BH76,True,True,False,False
67_MeNH2Peptide_HB49,False,True,False,False
67_n2o_BH76,True,True,False,False
68_MeNH3_HB49,False,True,False,False
68_NBS_XB51,False,True,False,False
68_n2ohts_BH76,True,True,False,False
69_MeNH3Formald_HB49,False,True,False,False
6prod1_CR20,True,True,False,False
6prod2_CR20,True,True,False,False
6prod_DIE60,False,True,False,False
6react_CR20,True,True,False,False
6react_CRBH20,True,True,False,False
6react_DIE60,False,True,False,False
6ts_CRBH20,True,True,False,False
70_MeNH3H2O_HB49,False,True,False,False
70_PhBr_XB51,False,True,False,False
71_MeNH3MeNH2_HB49,False,True,False,False
72_FCCH_XB51,False,True,False,False
72_MeNH3MeOH_HB49,False,True,False,False
72_O_BH76,True,True,False,False
73_FMe_XB51,False,True,False,False
73_MeOH_HB49,False,True,False,False
73_oh-_BH76,True,True,False,False
74_MeOHH2O_HB49,False,True,False,False
74_oh_lower_BH76,True,True,False,False
75_MeOHMeNH2_HB49,False,True,False,False
75_NCH_XB51,False,True,False,False
75_OH_upper_BH76,True,True,False,False
76_MeOHMeOH_HB49,False,True,False,False
76_NH3_XB51,False,True,False,False
77_MeOHPeptide_HB49,False,True,False,False
78_OPH3_XB51,False,True,False,False
78_Peptide_HB49,False,True,False,False
79_PCH_XB51,False,True,False,False
79_PeptideH2O_HB49,False,True,False,False
7prod1_CR20,True,True,False,False
7prod2_CR20,True,True,False,False
7prod_DIE60,False,True,False,False
7react_CR20,True,True,False,False
7react_CRBH20,True,True,False,False
7react_DIE60,False,True,False,False
7ts_CRBH20,True,True,False,False
80_PeptideMeNH2_HB49,False,True,False,False
81_PeptideMeOH_HB49,False,True,False,False
81_RKT04_BH76,True,True,False,False
81_pyr_XB51,False,True,False,False
89_RKT14_BH76,True,True,False,False
8prod1_CR20,True,True,False,False
8prod2_CR20,True,True,False,False
8prod_DIE60,False,True,False,False
8react_CR20,True,True,False,False
8react_CRBH20,True,True,False,False
8react_DIE60,False,True,False,False
8ts_CRBH20,True,True,False,False
90_RKT16_BH76,True,True,False,False
9prod1_CR20,True,True,False,False
9prod2_CR20,True,True,False,False
9prod_DIE60,False,True,False,False
9react_CR20,True,True,False,False
9react_CRBH20,True,True,False,False
9react_DIE60,False,True,False,False
9ts_CRBH20,True,True,False,False
ACONF_B_G,False,True,False,False
ACONF_B_T,False,True,False,False
ACONF_H_g+t+g-,False,True,False,False
ACONF_H_g+x-g-,False,True,False,False
ACONF_H_g+x-t+,False,True,False,False
ACONF_H_ggg,False,True,False,False
ACONF_H_gtg,False,True,False,False
ACONF_H_gtt,False,True,False,False
ACONF_H_t+g+x-,False,True,False,False
ACONF_H_tgg,False,True,False,False
ACONF_H_tgt,False,True,False,False
ACONF_H_ttt,False,True,False,False
ACONF_H_x+g-g-,False,True,False,False
ACONF_H_x+g-x+,False,True,False,False
ACONF_P_GG,False,True,False,False
ACONF_P_GX,False,True,False,False
ACONF_P_TG,False,True,False,False
ACONF_P_TT,False,True,False,False
ADIM6_AD2,False,True,False,False
ADIM6_AD3,False,True,False,False
ADIM6_AD4,False,True,False,False
ADIM6_AD5,False,True,False,False
ADIM6_AD6,False,True,False,False
ADIM6_AD7,False,True,False,False
ADIM6_AM2,False,True,False,False
ADIM6_AM3,False,True,False,False
ADIM6_AM4,False,True,False,False
ADIM6_AM5,False,True,False,False
ADIM6_AM6,False,True,False,False
ADIM6_AM7,False,True,False,False
AE11_Ba,False,True,True,False
AE11_Ca,False,True,True,False
AE11_Cd,False,True,True,False
AE11_Hg,False,True,True,False
AE11_Kr,False,True,True,False
AE11_Pd,False,True,True,False
AE11_Rn,False,True,True,False
AE11_Sr,False,True,True,False
AE11_Xe,False,True,True,False
AE11_Yb,False,True,True,False
AE11_Zn,False,True,True,False
AHB21_1,False,True,False,False
AHB21_10,False,True,False,False
AHB21_10A,False,True,False,False
AHB21_10B,False,True,False,False
AHB21_11,False,True,False,False
AHB21_11A,False,True,False,False
AHB21_11B,False,True,False,False
AHB21_12,False,True,False,False
AHB21_12A,False,True,False,False
AHB21_12B,False,True,False,False
AHB21_13,False,True,False,False
AHB21_13A,False,True,False,False
AHB21_13B,False,True,False,False
AHB21_14,False,True,False,False
AHB21_14A,False,True,False,False
AHB21_14B,False,True,False,False
AHB21_15,False,True,False,False
AHB21_15A,False,True,False,False
AHB21_15B,False,True,False,False
AHB21_16,False,True,False,False
AHB21_16A,False,True,False,False
AHB21_16B,False,True,False,False
AHB21_17,False,True,False,False
AHB21_17A,False,True,False,False
AHB21_17B,False,True,False,False
AHB21_18,False,True,False,False
AHB21_18A,False,True,False,False
AHB21_18B,False,True,False,False
AHB21_19,False,True,False,False
AHB21_19A,False,True,False,False
AHB21_19B,False,True,False,False
AHB21_1A,False,True,False,False
AHB21_1B,False,True,False,False
AHB21_2,False,True,False,False
AHB21_20,False,True,False,False
AHB21_20A,False,True,False,False
AHB21_20B,False,True,False,False
AHB21_21,False,True,False,False
AHB21_21A,False,True,False,False
AHB21_21B,False,True,False,False
AHB21_2A,False,True,False,False
AHB21_2B,False,True,False,False
AHB21_3,False,True,False,False
AHB21_3A,False,True,False,False
AHB21_3B,False,True,False,False
AHB21_4,False,True,False,False
AHB21_4A,False,True,False,False
AHB21_4B,False,True,False,False
AHB21_5,False,True,False,False
AHB21_5A,False,True,False,False
AHB21_5B,False,True,False,False
AHB21_6,False,True,False,False
AHB21_6A,False,True,False,False
AHB21_6B,False,True,False,False
AHB21_7,False,True,False,False
AHB21_7A,False,True,False,False
AHB21_7B,False,True,False,False
AHB21_8,False,True,False,False
AHB21_8A,False,True,False,False
AHB21_8B,False,True,False,False
AHB21_9,False,True,False,False
AHB21_9A,False,True,False,False
AHB21_9B,False,True,False,False
AL2X6_al2cl6,False,True,False,False
AL2X6_al2f6,False,True,False,False
AL2X6_al2h6,False,True,False,False
AL2X6_al2me4,False,True,False,False
AL2X6_al2me5,False,True,False,False
AL2X6_al2me6,False,True,False,False
AL2X6_alcl3,False,True,False,False
AL2X6_alf3,False,True,False,False
AL2X6_alh3,False,True,False,False
AL2X6_alme2,False,True,False,False
AL2X6_alme3,False,True,False,False
ALK8_li+,True,True,False,False
ALK8_li2,True,True,False,False
ALK8_li2_ch2n_2,True,True,False,False
ALK8_li2_ch4,True,True,False,False
ALK8_li3_me,True,True,False,False
ALK8_li4_c,True,True,False,False
ALK8_li4_me4,True,True,False,False
ALK8_li5_ch,True,True,False,False
ALK8_li8,True,True,False,False
ALK8_li_ch2n,True,True,False,False
ALK8_li_h,True,True,False,False
ALK8_li_me,True,True,False,False
ALK8_li_na_h2,True,True,False,False
ALK8_na+,True,True,False,False
ALK8_na2,True,True,False,False
ALK8_na2_h2,True,True,False,False
ALK8_na8,True,True,False,False
ALKBDE10_be,False,True,False,False
ALKBDE10_bef,False,True,False,False
ALKBDE10_beo,False,True,False,False
ALKBDE10_ca,False,True,False,False
ALKBDE10_cao,False,True,False,False
ALKBDE10_f,False,True,False,False
ALKBDE10_h,False,True,False,False
ALKBDE10_hf,False,True,False,False
ALKBDE10_k,False,True,False,False
ALKBDE10_kf,False,True,False,False
ALKBDE10_li,False,True,False,False
ALKBDE10_lif,False,True,False,False
ALKBDE10_lio,False,True,False,False
ALKBDE10_mg,False,True,False,False
ALKBDE10_mgo,False,True,False,False
ALKBDE10_mgs,False,True,False,False
ALKBDE10_na,False,True,False,False
ALKBDE10_nao,False,True,False,False
ALKBDE10_o,False,True,False,False
ALKBDE10_s,False,True,False,False
Amino20x4_ALA_xab,False,True,False,False
Amino20x4_ALA_xac,False,True,False,False
Amino20x4_ALA_xag,False,True,False,False
Amino20x4_ALA_xai,False,True,False,False
Amino20x4_ALA_xak,False,True,False,False
Amino20x4_ARG_xak,False,True,False,False
Amino20x4_ARG_xbv,False,True,False,False
Amino20x4_ARG_xbx,False,True,False,False
Amino20x4_ARG_xby,False,True,False,False
Amino20x4_ARG_xci,False,True,False,False
Amino20x4_ASN_xab,False,True,False,False
Amino20x4_ASN_xae,False,True,False,False
Amino20x4_ASN_xaf,False,True,False,False
Amino20x4_ASN_xah,False,True,False,False
Amino20x4_ASN_xaj,False,True,False,False
Amino20x4_ASP_xad,False,True,False,False
Amino20x4_ASP_xau,False,True,False,False
Amino20x4_ASP_xay,False,True,False,False
Amino20x4_ASP_xaz,False,True,False,False
Amino20x4_ASP_xbc,False,True,False,False
Amino20x4_CYS_xag,False,True,False,False
Amino20x4_CYS_xah,False,True,False,False
Amino20x4_CYS_xai,False,True,False,False
Amino20x4_CYS_xal,False,True,False,False
Amino20x4_CYS_xao,False,True,False,False
Amino20x4_GLN_xai,False,True,False,False
Amino20x4_GLN_xal,False,True,False,False
Amino20x4_GLN_xan,False,True,False,False
Amino20x4_GLN_xap,False,True,False,False
Amino20x4_GLN_xat,False,True,False,False
Amino20x4_GLU_xad,False,True,False,False
Amino20x4_GLU_xal,False,True,False,False
Amino20x4_GLU_xar,False,True,False,False
Amino20x4_GLU_xav,False,True,False,False
Amino20x4_GLU_xbi,False,True,False,False
Amino20x4_GLY_xab,False,True,False,False
Amino20x4_GLY_xac,False,True,False,False
Amino20x4_GLY_xad,False,True,False,False
Amino20x4_GLY_xae,False,True,False,False
Amino20x4_GLY_xag,False,True,False,False
Amino20x4_HIS_xah,False,True,False,False
Amino20x4_HIS_xam,False,True,False,False
Amino20x4_HIS_xaq,False,True,False,False
Amino20x4_HIS_xau,False,True,False,False
Amino20x4_HIS_xav,False,True,False,False
Amino20x4_ILE_xae,False,True,False,False
Amino20x4_ILE_xag,False,True,False,False
Amino20x4_ILE_xaj,False,True,False,False
Amino20x4_ILE_xak,False,True,False,False
Amino20x4_ILE_xaq,False,True,False,False
Amino20x4_LEU_xad,False,True,False,False
Amino20x4_LEU_xae,False,True,False,False
Amino20x4_LEU_xap,False,True,False,False
Amino20x4_LEU_xaq,False,True,False,False
Amino20x4_LEU_xbb,False,True,False,False
Amino20x4_LYS_xan,False,True,False,False
Amino20x4_LYS_xao,False,True,False,False
Amino20x4_LYS_xap,False,True,False,False
Amino20x4_LYS_xas,False,True,False,False
Amino20x4_LYS_xat,False,True,False,False
Amino20x4_MET_xag,False,True,False,False
Amino20x4_MET_xav,False,True,False,False
Amino20x4_MET_xbf,False,True,False,False
Amino20x4_MET_xbm,False,True,False,False
Amino20x4_MET_xbo,False,True,False,False
Amino20x4_PHE_xab,False,True,False,False
Amino20x4_PHE_xal,False,True,False,False
Amino20x4_PHE_xan,False,True,False,False
Amino20x4_PHE_xar,False,True,False,False
Amino20x4_PHE_xaw,False,True,False,False
Amino20x4_PRO_xab,False,True,False,False
Amino20x4_PRO_xac,False,True,False,False
Amino20x4_PRO_xad,False,True,False,False
Amino20x4_PRO_xae,False,True,False,False
Amino20x4_PRO_xaf,False,True,False,False
Amino20x4_SER_xad,False,True,False,False
Amino20x4_SER_xaf,False,True,False,False
Amino20x4_SER_xah,False,True,False,False
Amino20x4_SER_xak,False,True,False,False
Amino20x4_SER_xar,False,True,False,False
Amino20x4_THR_xab,False,True,False,False
Amino20x4_THR_xag,False,True,False,False
Amino20x4_THR_xah,False,True,False,False
Amino20x4_THR_xal,False,True,False,False
Amino20x4_THR_xaq,False,True,False,False
Amino20x4_TRP_xac,False,True,False,False
Amino20x4_TRP_xaf,False,True,False,False
Amino20x4_TRP_xag,False,True,False,False
Amino20x4_TRP_xah,False,True,False,False
Amino20x4_TRP_xao,False,True,False,False
Amino20x4_TYR_xab,False,True,False,False
Amino20x4_TYR_xag,False,True,False,False
Amino20x4_TYR_xah,False,True,False,False
Amino20x4_TYR_xan,False,True,False,False
Amino20x4_TYR_xar,False,True,False,False
Amino20x4_VAL_xad,False,True,False,False
Amino20x4_VAL_xaf,False,True,False,False
Amino20x4_VAL_xah,False,True,False,False
Amino20x4_VAL_xaj,False,True,False,False
Amino20x4_VAL_xak,False,True,False,False
BH28_BHDIV_1_min,True,True,False,False
BH28_BHDIV_1_ts,True,True,False,False
BH28_BHDIV_2_min,True,True,False,False
BH28_BHDIV_2_ts,True,True,False,False
BH28_BHDIV_3_min,True,True,False,False
BH28_BHDIV_3_ts,True,True,False,False
BH28_BHPERI_1_min,True,True,False,False
BH28_BHPERI_1_ts,True,True,False,False
BH28_BHPERI_2_min,True,True,False,False
BH28_BHPERI_2_ts,True,True,False,False
BH28_BHPERI_3_min,True,True,False,False
BH28_BHPERI_3_ts,True,True,False,False
BH28_BHPERI_4_min,True,True,False,False
BH28_BHPERI_4_ts,True,True,False,False
BH28_BHPERI_5_min,True,True,False,False
BH28_BHPERI_5_ts,True,True,False,False
BH28_BHPERI_6_min,True,True,False,False
BH28_BHPERI_6_ts,True,True,False,False
BH28_CADBH_1_min,True,True,False,False
BH28_CADBH_1_ts,True,True,False,False
BH28_CADBH_2_min,True,True,False,False
BH28_CADBH_2_ts,True,True,False,False
BH28_CADBH_3_min,True,True,False,False
BH28_CADBH_3_ts,True,True,False,False
BH28_CADBH_4_min,True,True,False,False
BH28_CADBH_4_ts,True,True,False,False
BH28_CADBH_5_min,True,True,False,False
BH28_CADBH_5_ts,True,True,False,False
BH28_CADBH_6_min,True,True,False,False
BH28_CADBH_6_ts,True,True,False,False
BH28_CADBH_7_min,True,True,False,False
BH28_CADBH_7_ts,True,True,False,False
BH28_CADBH_8_min,True,True,False,False
BH28_CADBH_8_ts,True,True,False,False
BH28_CADBH_9_min,True,True,False,False
BH28_CADBH_9_ts,True,True,False,False
BH28_CADBH_c2h4,True,True,False,False
BH28_CRBH_1_min,True,True,False,False
BH28_CRBH_1_ts,True,True,False,False
BH28_CRBH_2_min,True,True,False,False
BH28_CRBH_2_ts,True,True,False,False
BH28_CRBH_3_min,True,True,False,False
BH28_CRBH_3_ts,True,True,False,False
BH28_CRBH_4_min,True,True,False,False
BH28_CRBH_4_ts,True,True,False,False
BH28_CRBH_5_min,True,True,False,False
BH28_CRBH_5_ts,True,True,False,False
BH28_CRBH_6_min,True,True,False,False
BH28_CRBH_6_ts,True,True,False,False
BH28_PXBH_1_min,True,True,False,False
BH28_PXBH_1_ts,True,True,False,False
BH28_PXBH_2_min,True,True,False,False
BH28_PXBH_2_ts,True,True,False,False
BH28_PXBH_3_min,True,True,False,False
BH28_PXBH_3_ts,True,True,False,False
BH28_PXBH_4_min,True,True,False,False
BH28_PXBH_4_ts,True,True,False,False
BH76_C2H5,False,True,False,False
BH76_C2H6,False,True,False,False
BH76_C5H8,False,True,False,False
BH76_CH3,False,True,False,False
BH76_CH3OH,False,True,False,False
BH76_CH4,False,True,False,False
BH76_Cl,False,True,False,False
BH76_F,False,True,False,False
BH76_H,False,True,False,False
BH76_H2,False,True,False,False
BH76_H2O,False,True,False,False
BH76_H2S,False,True,False,False
BH76_HCl,False,True,False,False
BH76_HF,False,True,False,False
BH76_HS,False,True,False,False
BH76_NH,False,True,False,False
BH76_NH2,False,True,False,False
BH76_NH3,False,True,False,False
BH76_O,False,True,False,False
BH76_OH,False,True,False,False
BH76_PH2,False,True,False,False
BH76_PH3,False,True,False,False
BH76_RKT01,False,True,False,False
BH76_RKT02,False,True,False,False
BH76_RKT03,False,True,False,False
BH76_RKT06,False,True,False,False
BH76_RKT07,False,True,False,False
BH76_RKT08,False,True,False,False
BH76_RKT09,False,True,False,False
BH76_RKT10,False,True,False,False
BH76_RKT11,False,True,False,False
BH76_RKT12,False,True,False,False
BH76_RKT17,False,True,False,False
BH76_RKT18,False,True,False,False
BH76_RKT19,False,True,False,False
BH76_RKT20,False,True,False,False
BH76_RKT21,False,True,False,False
BH76_RKT22,False,True,False,False
BH76_c2h4,False,True,False,False
BH76_c3h7,False,True,False,False
BH76_c3h7ts,False,True,False,False
BH76_ch3cl,False,True,False,False
BH76_ch3f,False,True,False,False
BH76_cl-,False,True,False,False
BH76_clch3clts,False,True,False,False
BH76_clf,False,True,False,False
BH76_co,False,True,False,False
BH76_f-,False,True,False,False
BH76_f2,False,True,False,False
BH76_fch3clcomp1,False,True,False,False
BH76_fch3clcomp2,False,True,False,False
BH76_fch3clts,False,True,False,False
BH76_fch3fcomp,False,True,False,False
BH76_fch3fts,False,True,False,False
BH76_hcn,False,True,False,False
BH76_hco,False,True,False,False
BH76_hcots,False,True,False,False
BH76_hf2ts,False,True,False,False
BH76_hfch3ts,False,True,False,False
BH76_hfhts,False,True,False,False
BH76_hn2,False,True,False,False
BH76_hnc,False,True,False,False
BH76_hoch3fcomp1,False,True,False,False
BH76_hoch3fcomp2,False,True,False,False
BH76_hoch3fts,False,True,False,False
BH76_n2,False,True,False,False
BH76_n2o,False,True,False,False
BH76_oh-,False,True,False,False
BH9_01_10P,False,True,False,False
BH9_01_10R,False,True,False,False
BH9_01_10TS,False,True,False,False
BH9_01_11P,False,True,False,False
BH9_01_11R,False,True,False,False
BH9_01_11TS,False,True,False,False
BH9_01_12P,False,True,False,False
BH9_01_12R,False,True,False,False
BH9_01_12TS,False,True,False,False
BH9_01_13P,False,True,False,False
BH9_01_13R,False,True,False,False
BH9_01_13TS,False,True,False,False
BH9_01_14P,False,True,False,False
BH9_01_14R,False,True,False,False
BH9_01_14TS,False,True,False,False
BH9_01_15P,False,True,False,False
BH9_01_15R,False,True,False,False
BH9_01_15TS,False,True,False,False
BH9_01_16P,False,True,False,False
BH9_01_16R,False,True,False,False
BH9_01_16TS,False,True,False,False
BH9_01_17P,False,True,False,False
BH9_01_17R,False,True,False,False
BH9_01_17TS,False,True,False,False
BH9_01_18P,False,True,False,False
BH9_01_18R,False,True,False,False
BH9_01_18TS,False,True,False,False
BH9_01_19P,False,True,False,False
BH9_01_19R,False,True,False,False
BH9_01_19TS,False,True,False,False
BH9_01_1P,False,True,False,False
BH9_01_1R,False,True,False,False
BH9_01_1TS,False,True,False,False
BH9_01_20P,False,True,False,False
BH9_01_20R,False,True,False,False
BH9_01_20TS,False,True,False,False
BH9_01_21P,False,True,False,False
BH9_01_21R,False,True,False,False
BH9_01_21TS,False,True,False,False
BH9_01_22P,False,True,False,False
BH9_01_22R,False,True,False,False
BH9_01_22TS,False,True,False,False
BH9_01_23P,False,True,False,False
BH9_01_23R,False,True,False,False
BH9_01_23TS,False,True,False,False
BH9_01_24P,False,True,False,False
BH9_01_24R,False,True,False,False
BH9_01_24TS,False,True,False,False
BH9_01_25P,False,True,False,False
BH9_01_25R,False,True,False,False
BH9_01_25TS,False,True,False,False
BH9_01_26P,False,True,False,False
BH9_01_26R,False,True,False,False
BH9_01_26TS,False,True,False,False
BH9_01_27P,False,True,False,False
BH9_01_27R,False,True,False,False
BH9_01_27TS,False,True,False,False
BH9_01_28P,False,True,False,False
BH9_01_28R,False,True,False,False
BH9_01_28TS,False,True,False,False
BH9_01_29P,False,True,False,False
BH9_01_29R,False,True,False,False
BH9_01_29TS,False,True,False,False
BH9_01_2P,False,True,False,False
BH9_01_2R,False,True,False,False
BH9_01_2TS,False,True,False,False
BH9_01_30P,False,True,False,False
BH9_01_30R,False,True,False,False
BH9_01_30TS,False,True,False,False
BH9_01_31P,False,True,False,False
BH9_01_31R,False,True,False,False
BH9_01_31TS,False,True,False,False
BH9_01_32P,False,True,False,False
BH9_01_32R,False,True,False,False
BH9_01_32TS,False,True,False,False
BH9_01_33P,False,True,False,False
BH9_01_33R,False,True,False,False
BH9_01_33TS,False,True,False,False
BH9_01_34P,False,True,False,False
BH9_01_34R,False,True,False,False
BH9_01_34TS,False,True,False,False
BH9_01_35P,False,True,False,False
BH9_01_35R,False,True,False,False
BH9_01_35TS,False,True,False,False
BH9_01_36P,False,True,False,False
BH9_01_36R,False,True,False,False
BH9_01_36TS,False,True,False,False
BH9_01_37P,False,True,False,False
BH9_01_37R,False,True,False,False
BH9_01_37TS,False,True,False,False
BH9_01_38P,False,True,False,False
BH9_01_38R,False,True,False,False
BH9_01_38TS,False,True,False,False
BH9_01_39P,False,True,False,False
BH9_01_39R,False,True,False,False
BH9_01_39TS,False,True,False,False
BH9_01_3P,False,True,False,False
BH9_01_3R,False,True,False,False
BH9_01_3TS,False,True,False,False
BH9_01_40P,False,True,False,False
BH9_01_40R,False,True,False,False
BH9_01_40TS,False,True,False,False
BH9_01_41P,False,True,False,False
BH9_01_41R,False,True,False,False
BH9_01_41TS,False,True,False,False
BH9_01_42P,False,True,False,False
BH9_01_42R,False,True,False,False
BH9_01_42TS,False,True,False,False
BH9_01_43P,False,True,False,False
BH9_01_43R,False,True,False,False
BH9_01_43TS,False,True,False,False
BH9_01_44P,False,True,False,False
BH9_01_44R,False,True,False,False
BH9_01_44TS,False,True,False,False
BH9_01_45P,False,True,False,False
BH9_01_45R,False,True,False,False
BH9_01_45TS,False,True,False,False
BH9_01_46P,False,True,False,False
BH9_01_46R1,False,True,False,False
BH9_01_46R2,False,True,False,False
BH9_01_46TS,False,True,False,False
BH9_01_47P,False,True,False,False
BH9_01_47R,False,True,False,False
BH9_01_47TS,False,True,False,False
BH9_01_48P,False,True,False,False
BH9_01_48R1,False,True,False,False
BH9_01_48R2,False,True,False,False
BH9_01_48TS,False,True,False,False
BH9_01_4P,False,True,False,False
BH9_01_4R,False,True,False,False
BH9_01_4TS,False,True,False,False
BH9_01_5P,False,True,False,False
BH9_01_5R,False,True,False,False
BH9_01_5TS,False,True,False,False
BH9_01_6P,False,True,False,False
BH9_01_6R,False,True,False,False
BH9_01_6TS,False,True,False,False
BH9_01_7P,False,True,False,False
BH9_01_7R,False,True,False,False
BH9_01_7TS,False,True,False,False
BH9_01_8P,False,True,False,False
BH9_01_8R,False,True,False,False
BH9_01_8TS,False,True,False,False
BH9_01_9P,False,True,False,False
BH9_01_9R1,False,True,False,False
BH9_01_9R2,False,True,False,False
BH9_01_9TS,False,True,False,False
BH9_02_100P,False,True,False,False
BH9_02_100R,False,True,False,False
BH9_02_100TS,False,True,False,False
BH9_02_101P,False,True,False,False
BH9_02_101R,False,True,False,False
BH9_02_101TS,False,True,False,False
BH9_02_102P,False,True,False,False
BH9_02_102R,False,True,False,False
BH9_02_102TS,False,True,False,False
BH9_02_103P,False,True,False,False
BH9_02_103R,False,True,False,False
BH9_02_103TS,False,True,False,False
BH9_02_104P,False,True,False,False
BH9_02_104R,False,True,False,False
BH9_02_104TS,False,True,False,False
BH9_02_105P,False,True,False,False
BH9_02_105R,False,True,False,False
BH9_02_105TS,False,True,False,False
BH9_02_106P,False,True,False,False
BH9_02_106R1,False,True,False,False
BH9_02_106R2,False,True,False,False
BH9_02_106TS,False,True,False,False
BH9_02_107P,False,True,False,False
BH9_02_107TS,False,True,False,False
BH9_02_108P,False,True,False,False
BH9_02_108TS,False,True,False,False
BH9_02_109P,False,True,False,False
BH9_02_109R,False,True,False,False
BH9_02_109TS,False,True,False,False
BH9_02_10P,False,True,False,False
BH9_02_10R,False,True,False,False
BH9_02_10TS,False,True,False,False
BH9_02_110P,False,True,False,False
BH9_02_110TS,False,True,False,False
BH9_02_111P,False,True,False,False
BH9_02_111R,False,True,False,False
BH9_02_111TS,False,True,False,False
BH9_02_112P,False,True,False,False
BH9_02_112R1,False,True,False,False
BH9_02_112R2,False,True,False,False
BH9_02_112TS,False,True,False,False
BH9_02_113P,False,True,False,False
BH9_02_113TS,False,True,False,False
BH9_02_114P,False,True,False,False
BH9_02_114TS,False,True,False,False
BH9_02_115P,False,True,False,False
BH9_02_115R1,False,True,False,False
BH9_02_115R2,False,True,False,False
BH9_02_115TS,False,True,False,False
BH9_02_116P,False,True,False,False
BH9_02_116TS,False,True,False,False
BH9_02_117P,False,True,False,False
BH9_02_117TS,False,True,False,False
BH9_02_118P,False,True,False,False
BH9_02_118R,False,True,False,False
BH9_02_118TS,False,True,False,False
BH9_02_119P,False,True,False,False
BH9_02_119R,False,True,False,False
BH9_02_119TS,False,True,False,False
BH9_02_11P,False,True,False,False
BH9_02_11R,False,True,False,False
BH9_02_11TS,False,True,False,False
BH9_02_120P,False,True,False,False
BH9_02_120R,False,True,False,False
BH9_02_120TS,False,True,False,False
BH9_02_121P,False,True,False,False
BH9_02_121TS,False,True,False,False
BH9_02_122P,False,True,False,False
BH9_02_122R,False,True,False,False
BH9_02_122TS,False,True,False,False
BH9_02_123P,False,True,False,False
BH9_02_123TS,False,True,False,False
BH9_02_124P,False,True,False,False
BH9_02_124R,False,True,False,False
BH9_02_124TS,False,True,False,False
BH9_02_125P,False,True,False,False
BH9_02_125TS,False,True,False,False
BH9_02_126P,False,True,False,False
BH9_02_126R,False,True,False,False
BH9_02_126TS,False,True,False,False
BH9_02_127P,False,True,False,False
BH9_02_127R,False,True,False,False
BH9_02_127TS,False,True,False,False
BH9_02_128P,False,True,False,False
BH9_02_128R,False,True,False,False
BH9_02_128TS,False,True,False,False
BH9_02_129P,False,True,False,False
BH9_02_129R,False,True,False,False
BH9_02_129TS,False,True,False,False
BH9_02_12P,False,True,False,False
BH9_02_12R,False,True,False,False
BH9_02_12TS,False,True,False,False
BH9_02_130P,False,True,False,False
BH9_02_130R,False,True,False,False
BH9_02_130TS,False,True,False,False
BH9_02_131P,False,True,False,False
BH9_02_131R,False,True,False,False
BH9_02_131TS,False,True,False,False
BH9_02_132P,False,True,False,False
BH9_02_132R,False,True,False,False
BH9_02_132TS,False,True,False,False
BH9_02_133P,False,True,False,False
BH9_02_133R,False,True,False,False
BH9_02_133TS,False,True,False,False
BH9_02_134P,False,True,False,False
BH9_02_134R,False,True,False,False
BH9_02_134TS,False,True,False,False
BH9_02_135P,False,True,False,False
BH9_02_135R,False,True,False,False
BH9_02_135TS,False,True,False,False
BH9_02_136P,False,True,False,False
BH9_02_136R,False,True,False,False
BH9_02_136TS,False,True,False,False
BH9_02_137P,False,True,False,False
BH9_02_137R,False,True,False,False
BH9_02_137TS,False,True,False,False
BH9_02_138P,False,True,False,False
BH9_02_138R,False,True,False,False
BH9_02_138TS,False,True,False,False
BH9_02_139P,False,True,False,False
BH9_02_139R,False,True,False,False
BH9_02_139TS,False,True,False,False
BH9_02_13P,False,True,False,False
BH9_02_13R,False,True,False,False
BH9_02_13TS,False,True,False,False
BH9_02_140P,False,True,False,False
BH9_02_140R,False,True,False,False
BH9_02_140TS,False,True,False,False
BH9_02_14P,False,True,False,False
BH9_02_14R,False,True,False,False
BH9_02_14TS,False,True,False,False
BH9_02_15P,False,True,False,False
BH9_02_15R,False,True,False,False
BH9_02_15TS,False,True,False,False
BH9_02_16P,False,True,False,False
BH9_02_16R,False,True,False,False
BH9_02_16TS,False,True,False,False
BH9_02_17P,False,True,False,False
BH9_02_17R,False,True,False,False
BH9_02_17TS,False,True,False,False
BH9_02_18P,False,True,False,False
BH9_02_18R,False,True,False,False
BH9_02_18TS,False,True,False,False
BH9_02_19P,False,True,False,False
BH9_02_19R,False,True,False,False
BH9_02_19TS,False,True,False,False
BH9_02_1P,False,True,False,False
BH9_02_1R1,False,True,False,False
BH9_02_1R2,False,True,False,False
BH9_02_1TS,False,True,False,False
BH9_02_20P,False,True,False,False
BH9_02_20R,False,True,False,False
BH9_02_20TS,False,True,False,False
BH9_02_21P,False,True,False,False
BH9_02_21R,False,True,False,False
BH9_02_21TS,False,True,False,False
BH9_02_22P,False,True,False,False
BH9_02_22R,False,True,False,False
BH9_02_22TS,False,True,False,False
BH9_02_23P,False,True,False,False
BH9_02_23R,False,True,False,False
BH9_02_23TS,False,True,False,False
BH9_02_24P,False,True,False,False
BH9_02_24R,False,True,False,False
BH9_02_24TS,False,True,False,False
BH9_02_25P,False,True,False,False
BH9_02_25R,False,True,False,False
BH9_02_25TS,False,True,False,False
BH9_02_26P,False,True,False,False
BH9_02_26R,False,True,False,False
BH9_02_26TS,False,True,False,False
BH9_02_27P,False,True,False,False
BH9_02_27R,False,True,False,False
BH9_02_27TS,False,True,False,False
BH9_02_28P,False,True,False,False
BH9_02_28R,False,True,False,False
BH9_02_28TS,False,True,False,False
BH9_02_29P,False,True,False,False
BH9_02_29R1,False,True,False,False
BH9_02_29R2,False,True,False,False
BH9_02_29TS,False,True,False,False
BH9_02_2P,False,True,False,False
BH9_02_2R1,False,True,False,False
BH9_02_2R2,False,True,False,False
BH9_02_2TS,False,True,False,False
BH9_02_30P,False,True,False,False
BH9_02_30R1,False,True,False,False
BH9_02_30R2,False,True,False,False
BH9_02_30TS,False,True,False,False
BH9_02_31P,False,True,False,False
BH9_02_31R1,False,True,False,False
BH9_02_31R2,False,True,False,False
BH9_02_31TS,False,True,False,False
BH9_02_32P,False,True,False,False
BH9_02_32R1,False,True,False,False
BH9_02_32R2,False,True,False,False
BH9_02_32TS,False,True,False,False
BH9_02_33P,False,True,False,False
BH9_02_33R,False,True,False,False
BH9_02_33TS,False,True,False,False
BH9_02_34P,False,True,False,False
BH9_02_34R,False,True,False,False
BH9_02_34TS,False,True,False,False
BH9_02_35P,False,True,False,False
BH9_02_35R,False,True,False,False
BH9_02_35TS,False,True,False,False
BH9_02_36P,False,True,False,False
BH9_02_36R,False,True,False,False
BH9_02_36TS,False,True,False,False
BH9_02_37P,False,True,False,False
BH9_02_37R,False,True,False,False
BH9_02_37TS,False,True,False,False
BH9_02_38P,False,True,False,False
BH9_02_38R,False,True,False,False
BH9_02_38TS,False,True,False,False
BH9_02_39P,False,True,False,False
BH9_02_39R,False,True,False,False
BH9_02_39TS,False,True,False,False
BH9_02_3P,False,True,False,False
BH9_02_3R1,False,True,False,False
BH9_02_3R2,False,True,False,False
BH9_02_3TS,False,True,False,False
BH9_02_40P,False,True,False,False
BH9_02_40R1,False,True,False,False
BH9_02_40R2,False,True,False,False
BH9_02_40TS,False,True,False,False
BH9_02_41P,False,True,False,False
BH9_02_41R1,False,True,False,False
BH9_02_41R2,False,True,False,False
BH9_02_41TS,False,True,False,False
BH9_02_42P,False,True,False,False
BH9_02_42R1,False,True,False,False
BH9_02_42R2,False,True,False,False
BH9_02_42TS,False,True,False,False
BH9_02_43P,False,True,False,False
BH9_02_43R1,False,True,False,False
BH9_02_43R2,False,True,False,False
BH9_02_43TS,False,True,False,False
BH9_02_44P,False,True,False,False
BH9_02_44R1,False,True,False,False
BH9_02_44R2,False,True,False,False
BH9_02_44TS,False,True,False,False
BH9_02_45P,False,True,False,False
BH9_02_45R1,False,True,False,False
BH9_02_45R2,False,True,False,False
BH9_02_45TS,False,True,False,False
BH9_02_46P,False,True,False,False
BH9_02_46R,False,True,False,False
BH9_02_46TS,False,True,False,False
BH9_02_47P,False,True,False,False
BH9_02_47R1,False,True,False,False
BH9_02_47R2,False,True,False,False
BH9_02_47TS,False,True,False,False
BH9_02_48P,False,True,False,False
BH9_02_48R1,False,True,False,False
BH9_02_48R2,False,True,False,False
BH9_02_48TS,False,True,False,False
BH9_02_49P,False,True,False,False
BH9_02_49R1,False,True,False,False
BH9_02_49R2,False,True,False,False
BH9_02_49TS,False,True,False,False
BH9_02_4P,False,True,False,False
BH9_02_4R1,False,True,False,False
BH9_02_4R2,False,True,False,False
BH9_02_4TS,False,True,False,False
BH9_02_50P,False,True,False,False
BH9_02_50R,False,True,False,False
BH9_02_50TS,False,True,False,False
BH9_02_51P1,False,True,False,False
BH9_02_51P2,False,True,False,False
BH9_02_51P3,False,True,False,False
BH9_02_51R1,False,True,False,False
BH9_02_51R2,False,True,False,False
BH9_02_51R3,False,True,False,False
BH9_02_51TS,False,True,False,False
BH9_02_52P,False,True,False,False
BH9_02_52R1,False,True,False,False
BH9_02_52R2,False,True,False,False
BH9_02_52TS,False,True,False,False
BH9_02_53P,False,True,False,False
BH9_02_53R1,False,True,False,False
BH9_02_53R2,False,True,False,False
BH9_02_53TS,False,True,False,False
BH9_02_54P,False,True,False,False
BH9_02_54R1,False,True,False,False
BH9_02_54R2,False,True,False,False
BH9_02_54TS,False,True,False,False
BH9_02_55P,False,True,False,False
BH9_02_55R1,False,True,False,False
BH9_02_55R2,False,True,False,False
BH9_02_55TS,False,True,False,False
BH9_02_56P,False,True,False,False
BH9_02_56R1,False,True,False,False
BH9_02_56R2,False,True,False,False
BH9_02_56TS,False,True,False,False
BH9_02_57P,False,True,False,False
BH9_02_57R1,False,True,False,False
BH9_02_57R2,False,True,False,False
BH9_02_57TS,False,True,False,False
BH9_02_58P,False,True,False,False
BH9_02_58R1,False,True,False,False
BH9_02_58R2,False,True,False,False
BH9_02_58TS,False,True,False,False
BH9_02_59P,False,True,False,False
BH9_02_59R1,False,True,False,False
BH9_02_59R2,False,True,False,False
BH9_02_59TS,False,True,False,False
BH9_02_5P,False,True,False,False
BH9_02_5R,False,True,False,False
BH9_02_5TS,False,True,False,False
BH9_02_60P,False,True,False,False
BH9_02_60R1,False,True,False,False
BH9_02_60R2,False,True,False,False
BH9_02_60TS,False,True,False,False
BH9_02_61P,False,True,False,False
BH9_02_61R1,False,True,False,False
BH9_02_61R2,False,True,False,False
BH9_02_61TS,False,True,False,False
BH9_02_62P,False,True,False,False
BH9_02_62R1,False,True,False,False
BH9_02_62R2,False,True,False,False
BH9_02_62TS,False,True,False,False
BH9_02_63P,False,True,False,False
BH9_02_63R,False,True,False,False
BH9_02_63TS,False,True,False,False
BH9_02_64P,False,True,False,False
BH9_02_64R,False,True,False,False
BH9_02_64TS,False,True,False,False
BH9_02_65P,False,True,False,False
BH9_02_65R,False,True,False,False
BH9_02_65TS,False,True,False,False
BH9_02_66P,False,True,False,False
BH9_02_66R,False,True,False,False
BH9_02_66TS,False,True,False,False
BH9_02_67P,False,True,False,False
BH9_02_67R1,False,True,False,False
BH9_02_67R2,False,True,False,False
BH9_02_67TS,False,True,False,False
BH9_02_68P,False,True,False,False
BH9_02_68R1,False,True,False,False
BH9_02_68R2,False,True,False,False
BH9_02_68TS,False,True,False,False
BH9_02_69P,False,True,False,False
BH9_02_69R1,False,True,False,False
BH9_02_69R2,False,True,False,False
BH9_02_69TS,False,True,False,False
BH9_02_6P,False,True,False,False
BH9_02_6R,False,True,False,False
BH9_02_6TS,False,True,False,False
BH9_02_70P,False,True,False,False
BH9_02_70R,False,True,False,False
BH9_02_70TS,False,True,False,False
BH9_02_71P,False,True,False,False
BH9_02_71R,False,True,False,False
BH9_02_71TS,False,True,False,False
BH9_02_72P,False,True,False,False
BH9_02_72R,False,True,False,False
BH9_02_72TS,False,True,False,False
BH9_02_73P,False,True,False,False
BH9_02_73R1,False,True,False,False
BH9_02_73R2,False,True,False,False
BH9_02_73TS,False,True,False,False
BH9_02_74P,False,True,False,False
BH9_02_74R,False,True,False,False
BH9_02_74TS,False,True,False,False
BH9_02_75P,False,True,False,False
BH9_02_75R1,False,True,False,False
BH9_02_75R2,False,True,False,False
BH9_02_75TS,False,True,False,False
BH9_02_76P,False,True,False,False
BH9_02_76R,False,True,False,False
BH9_02_76TS,False,True,False,False
BH9_02_77P,False,True,False,False
BH9_02_77R1,False,True,False,False
BH9_02_77R2,False,True,False,False
BH9_02_77TS,False,True,False,False
BH9_02_78P,False,True,False,False
BH9_02_78R,False,True,False,False
BH9_02_78TS,False,True,False,False
BH9_02_79P,False,True,False,False
BH9_02_79R1,False,True,False,False
BH9_02_79R2,False,True,False,False
BH9_02_79TS,False,True,False,False
BH9_02_7P,False,True,False,False
BH9_02_7R,False,True,False,False
BH9_02_7TS,False,True,False,False
BH9_02_80P,False,True,False,False
BH9_02_80R,False,True,False,False
BH9_02_80TS,False,True,False,False
BH9_02_81P,False,True,False,False
BH9_02_81R1,False,True,False,False
BH9_02_81R2,False,True,False,False
BH9_02_81TS,False,True,False,False
BH9_02_82P,False,True,False,False
BH9_02_82R1,False,True,False,False
BH9_02_82R2,False,True,False,False
BH9_02_82TS,False,True,False,False
BH9_02_83P,False,True,False,False
BH9_02_83R,False,True,False,False
BH9_02_83TS,False,True,False,False
BH9_02_84P,False,True,False,False
BH9_02_84R,False,True,False,False
BH9_02_84TS,False,True,False,False
BH9_02_85P,False,True,False,False
BH9_02_85R,False,True,False,False
BH9_02_85TS,False,True,False,False
BH9_02_86P,False,True,False,False
BH9_02_86R,False,True,False,False
BH9_02_86TS,False,True,False,False
BH9_02_87P,False,True,False,False
BH9_02_87R,False,True,False,False
BH9_02_87TS,False,True,False,False
BH9_02_88P,False,True,False,False
BH9_02_88R,False,True,False,False
BH9_02_88TS,False,True,False,False
BH9_02_89P,False,True,False,False
BH9_02_89R,False,True,False,False
BH9_02_89TS,False,True,False,False
BH9_02_8P,False,True,False,False
BH9_02_8R,False,True,False,False
BH9_02_8TS,False,True,False,False
BH9_02_90P,False,True,False,False
BH9_02_90R,False,True,False,False
BH9_02_90TS,False,True,False,False
BH9_02_91P,False,True,False,False
BH9_02_91R,False,True,False,False
BH9_02_91TS,False,True,False,False
BH9_02_92P,False,True,False,False
BH9_02_92R,False,True,False,False
BH9_02_92TS,False,True,False,False
BH9_02_93P,False,True,False,False
BH9_02_93R,False,True,False,False
BH9_02_93TS,False,True,False,False
BH9_02_94P,False,True,False,False
BH9_02_94R,False,True,False,False
BH9_02_94TS,False,True,False,False
BH9_02_95P,False,True,False,False
BH9_02_95R,False,True,False,False
BH9_02_95TS,False,True,False,False
BH9_02_96P,False,True,False,False
BH9_02_96R,False,True,False,False
BH9_02_96TS,False,True,False,False
BH9_02_97P,False,True,False,False
BH9_02_97R,False,True,False,False
BH9_02_97TS,False,True,False,False
BH9_02_98P,False,True,False,False
BH9_02_98R,False,True,False,False
BH9_02_98TS,False,True,False,False
BH9_02_99P,False,True,False,False
BH9_02_99R,False,True,False,False
BH9_02_99TS,False,True,False,False
BH9_02_9P,False,True,False,False
BH9_02_9R,False,True,False,False
BH9_02_9TS,False,True,False,False
BH9_03_10P1,False,True,False,False
BH9_03_10P2,False,True,False,False
BH9_03_10R1,False,True,False,False
BH9_03_10R2,False,True,False,False
BH9_03_10TS,False,True,False,False
BH9_03_11P1,False,True,False,False
BH9_03_11P2,False,True,False,False
BH9_03_11R1,False,True,False,False
BH9_03_11R2,False,True,False,False
BH9_03_11TS,False,True,False,False
BH9_03_12P1,False,True,False,False
BH9_03_12P2,False,True,False,False
BH9_03_12R1,False,True,False,False
BH9_03_12R2,False,True,False,False
BH9_03_12TS,False,True,False,False
BH9_03_13P1,False,True,False,False
BH9_03_13P2,False,True,False,False
BH9_03_13R1,False,True,False,False
BH9_03_13R2,False,True,False,False
BH9_03_13TS,False,True,False,False
BH9_03_14P1,False,True,False,False
BH9_03_14P2,False,True,False,False
BH9_03_14R1,False,True,False,False
BH9_03_14R2,False,True,False,False
BH9_03_14TS,False,True,False,False
BH9_03_15P1,False,True,False,False
BH9_03_15P2,False,True,False,False
BH9_03_15R1,False,True,False,False
BH9_03_15R2,False,True,False,False
BH9_03_15TS,False,True,False,False
BH9_03_16P1,False,True,False,False
BH9_03_16P2,False,True,False,False
BH9_03_16R1,False,True,False,False
BH9_03_16R2,False,True,False,False
BH9_03_16TS,False,True,False,False
BH9_03_17P1,False,True,False,False
BH9_03_17P2,False,True,False,False
BH9_03_17R1,False,True,False,False
BH9_03_17R2,False,True,False,False
BH9_03_17TS,False,True,False,False
BH9_03_18P1,False,True,False,False
BH9_03_18P2,False,True,False,False
BH9_03_18R1,False,True,False,False
BH9_03_18R2,False,True,False,False
BH9_03_18TS,False,True,False,False
BH9_03_19P1,False,True,False,False
BH9_03_19P2,False,True,False,False
BH9_03_19R1,False,True,False,False
BH9_03_19R2,False,True,False,False
BH9_03_19TS,False,True,False,False
BH9_03_1P1,False,True,False,False
BH9_03_1P2,False,True,False,False
BH9_03_1R1,False,True,False,False
BH9_03_1R2,False,True,False,False
BH9_03_1TS,False,True,False,False
BH9_03_20P1,False,True,False,False
BH9_03_20P2,False,True,False,False
BH9_03_20R1,False,True,False,False
BH9_03_20R2,False,True,False,False
BH9_03_20TS,False,True,False,False
BH9_03_21P1,False,True,False,False
BH9_03_21P2,False,True,False,False
BH9_03_21R1,False,True,False,False
BH9_03_21R2,False,True,False,False
BH9_03_21TS,False,True,False,False
BH9_03_22P1,False,True,False,False
BH9_03_22P2,False,True,False,False
BH9_03_22R1,False,True,False,False
BH9_03_22R2,False,True,False,False
BH9_03_22TS,False,True,False,False
BH9_03_23P1,False,True,False,False
BH9_03_23P2,False,True,False,False
BH9_03_23R1,False,True,False,False
BH9_03_23R2,False,True,False,False
BH9_03_23TS,False,True,False,False
BH9_03_24P1,False,True,False,False
BH9_03_24P2,False,True,False,False
BH9_03_24R1,False,True,False,False
BH9_03_24R2,False,True,False,False
BH9_03_24TS,False,True,False,False
BH9_03_25P,False,True,False,False
BH9_03_25R,False,True,False,False
BH9_03_25TS,False,True,False,False
BH9_03_26P1,False,True,False,False
BH9_03_26P2,False,True,False,False
BH9_03_26R1,False,True,False,False
BH9_03_26R2,False,True,False,False
BH9_03_26TS,False,True,False,False
BH9_03_27P1,False,True,False,False
BH9_03_27P2,False,True,False,False
BH9_03_27R1,False,True,False,False
BH9_03_27R2,False,True,False,False
BH9_03_27TS,False,True,False,False
BH9_03_28P1,False,True,False,False
BH9_03_28P2,False,True,False,False
BH9_03_28R1,False,True,False,False
BH9_03_28R2,False,True,False,False
BH9_03_28TS,False,True,False,False
BH9_03_29P1,False,True,False,False
BH9_03_29P2,False,True,False,False
BH9_03_29R1,False,True,False,False
BH9_03_29R2,False,True,False,False
BH9_03_29TS,False,True,False,False
BH9_03_2P1,False,True,False,False
BH9_03_2P2,False,True,False,False
BH9_03_2R1,False,True,False,False
BH9_03_2R2,False,True,False,False
BH9_03_2TS,False,True,False,False
BH9_03_30P1,False,True,False,False
BH9_03_30P2,False,True,False,False
BH9_03_30R1,False,True,False,False
BH9_03_30R2,False,True,False,False
BH9_03_30TS,False,True,False,False
BH9_03_31P1,False,True,False,False
BH9_03_31P2,False,True,False,False
BH9_03_31R1,False,True,False,False
BH9_03_31R2,False,True,False,False
BH9_03_31TS,False,True,False,False
BH9_03_32P1,False,True,False,False
BH9_03_32P2,False,True,False,False
BH9_03_32R1,False,True,False,False
BH9_03_32R2,False,True,False,False
BH9_03_32TS,False,True,False,False
BH9_03_33P1,False,True,False,False
BH9_03_33P2,False,True,False,False
BH9_03_33R1,False,True,False,False
BH9_03_33R2,False,True,False,False
BH9_03_33TS,False,True,False,False
BH9_03_34P1,False,True,False,False
BH9_03_34P2,False,True,False,False
BH9_03_34R1,False,True,False,False
BH9_03_34R2,False,True,False,False
BH9_03_34TS,False,True,False,False
BH9_03_35P1,False,True,False,False
BH9_03_35P2,False,True,False,False
BH9_03_35R1,False,True,False,False
BH9_03_35R2,False,True,False,False
BH9_03_35TS,False,True,False,False
BH9_03_36P1,False,True,False,False
BH9_03_36P2,False,True,False,False
BH9_03_36R1,False,True,False,False
BH9_03_36R2,False,True,False,False
BH9_03_36TS,False,True,False,False
BH9_03_37P1,False,True,False,False
BH9_03_37P2,False,True,False,False
BH9_03_37R1,False,True,False,False
BH9_03_37R2,False,True,False,False
BH9_03_37TS,False,True,False,False
BH9_03_38P1,False,True,False,False
BH9_03_38P2,False,True,False,False
BH9_03_38R1,False,True,False,False
BH9_03_38R2,False,True,False,False
BH9_03_38TS,False,True,False,False
BH9_03_39P1,False,True,False,False
BH9_03_39P2,False,True,False,False
BH9_03_39R1,False,True,False,False
BH9_03_39R2,False,True,False,False
BH9_03_39TS,False,True,False,False
BH9_03_3P1,False,True,False,False
BH9_03_3P2,False,True,False,False
BH9_03_3R1,False,True,False,False
BH9_03_3R2,False,True,False,False
BH9_03_3TS,False,True,False,False
BH9_03_40P1,False,True,False,False
BH9_03_40P2,False,True,False,False
BH9_03_40R1,False,True,False,False
BH9_03_40R2,False,True,False,False
BH9_03_40TS,False,True,False,False
BH9_03_41P1,False,True,False,False
BH9_03_41P2,False,True,False,False
BH9_03_41R1,False,True,False,False
BH9_03_41R2,False,True,False,False
BH9_03_41TS,False,True,False,False
BH9_03_42P1,False,True,False,False
BH9_03_42P2,False,True,False,False
BH9_03_42R1,False,True,False,False
BH9_03_42R2,False,True,False,False
BH9_03_42TS,False,True,False,False
BH9_03_43P1,False,True,False,False
BH9_03_43P2,False,True,False,False
BH9_03_43R1,False,True,False,False
BH9_03_43R2,False,True,False,False
BH9_03_43TS,False,True,False,False
BH9_03_4P1,False,True,False,False
BH9_03_4P2,False,True,False,False
BH9_03_4R1,False,True,False,False
BH9_03_4R2,False,True,False,False
BH9_03_4TS,False,True,False,False
BH9_03_5P1,False,True,False,False
BH9_03_5P2,False,True,False,False
BH9_03_5R1,False,True,False,False
BH9_03_5R2,False,True,False,False
BH9_03_5TS,False,True,False,False
BH9_03_6P1,False,True,False,False
BH9_03_6P2,False,True,False,False
BH9_03_6R1,False,True,False,False
BH9_03_6R2,False,True,False,False
BH9_03_6TS,False,True,False,False
BH9_03_7P1,False,True,False,False
BH9_03_7P2,False,True,False,False
BH9_03_7R1,False,True,False,False
BH9_03_7R2,False,True,False,False
BH9_03_7TS,False,True,False,False
BH9_03_8P1,False,True,False,False
BH9_03_8P2,False,True,False,False
BH9_03_8R1,False,True,False,False
BH9_03_8R2,False,True,False,False
BH9_03_8TS,False,True,False,False
BH9_03_9P1,False,True,False,False
BH9_03_9P2,False,True,False,False
BH9_03_9R1,False,True,False,False
BH9_03_9R2,False,True,False,False
BH9_03_9TS,False,True,False,False
BH9_04_10P1,False,True,False,False
BH9_04_10P2,False,True,False,False
BH9_04_10R1,False,True,False,False
BH9_04_10R2,False,True,False,False
BH9_04_10TS,False,True,False,False
BH9_04_11P1,False,True,False,False
BH9_04_11P2,False,True,False,False
BH9_04_11R1,False,True,False,False
BH9_04_11R2,False,True,False,False
BH9_04_11TS,False,True,False,False
BH9_04_12P1,False,True,False,False
BH9_04_12P2,False,True,False,False
BH9_04_12R1,False,True,False,False
BH9_04_12R2,False,True,False,False
BH9_04_12TS,False,True,False,False
BH9_04_13P1,False,True,False,False
BH9_04_13P2,False,True,False,False
BH9_04_13R1,False,True,False,False
BH9_04_13R2,False,True,False,False
BH9_04_13TS,False,True,False,False
BH9_04_14P1,False,True,False,False
BH9_04_14P2,False,True,False,False
BH9_04_14R1,False,True,False,False
BH9_04_14R2,False,True,False,False
BH9_04_14TS,False,True,False,False
BH9_04_15P1,False,True,False,False
BH9_04_15P2,False,True,False,False
BH9_04_15R1,False,True,False,False
BH9_04_15R2,False,True,False,False
BH9_04_15TS,False,True,False,False
BH9_04_16P1,False,True,False,False
BH9_04_16P2,False,True,False,False
BH9_04_16R1,False,True,False,False
BH9_04_16R2,False,True,False,False
BH9_04_16TS,False,True,False,False
BH9_04_17P1,False,True,False,False
BH9_04_17P2,False,True,False,False
BH9_04_17R1,False,True,False,False
BH9_04_17R2,False,True,False,False
BH9_04_17TS,False,True,False,False
BH9_04_18P,False,True,False,False
BH9_04_18R,False,True,False,False
BH9_04_18TS,False,True,False,False
BH9_04_19P,False,True,False,False
BH9_04_19R,False,True,False,False
BH9_04_19TS,False,True,False,False
BH9_04_1P,False,True,False,False
BH9_04_1R,False,True,False,False
BH9_04_1TS,False,True,False,False
BH9_04_20P,False,True,False,False
BH9_04_20R,False,True,False,False
BH9_04_20TS,False,True,False,False
BH9_04_21P,False,True,False,False
BH9_04_21R,False,True,False,False
BH9_04_21TS,False,True,False,False
BH9_04_22P1,False,True,False,False
BH9_04_22P2,False,True,False,False
BH9_04_22R1,False,True,False,False
BH9_04_22R2,False,True,False,False
BH9_04_22TS,False,True,False,False
BH9_04_23P1,False,True,False,False
BH9_04_23P2,False,True,False,False
BH9_04_23R1,False,True,False,False
BH9_04_23R2,False,True,False,False
BH9_04_23TS,False,True,False,False
BH9_04_24P1,False,True,False,False
BH9_04_24P2,False,True,False,False
BH9_04_24R1,False,True,False,False
BH9_04_24R2,False,True,False,False
BH9_04_24TS,False,True,False,False
BH9_04_25P1,False,True,False,False
BH9_04_25P2,False,True,False,False
BH9_04_25R1,False,True,False,False
BH9_04_25R2,False,True,False,False
BH9_04_25TS,False,True,False,False
BH9_04_26P1,False,True,False,False
BH9_04_26P2,False,True,False,False
BH9_04_26R1,False,True,False,False
BH9_04_26R2,False,True,False,False
BH9_04_26TS,False,True,False,False
BH9_04_27P1,False,True,False,False
BH9_04_27P2,False,True,False,False
BH9_04_27R1,False,True,False,False
BH9_04_27R2,False,True,False,False
BH9_04_27TS,False,True,False,False
BH9_04_28P,False,True,False,False
BH9_04_28R,False,True,False,False
BH9_04_28TS,False,True,False,False
BH9_04_29P1,False,True,False,False
BH9_04_29P2,False,True,False,False
BH9_04_29R1,False,True,False,False
BH9_04_29R2,False,True,False,False
BH9_04_29TS,False,True,False,False
BH9_04_2P1,False,True,False,False
BH9_04_2P2,False,True,False,False
BH9_04_2R1,False,True,False,False
BH9_04_2R2,False,True,False,False
BH9_04_2TS,False,True,False,False
BH9_04_30P1,False,True,False,False
BH9_04_30P2,False,True,False,False
BH9_04_30R1,False,True,False,False
BH9_04_30R2,False,True,False,False
BH9_04_30TS,False,True,False,False
BH9_04_31P,False,True,False,False
BH9_04_31R,False,True,False,False
BH9_04_31TS,False,True,False,False
BH9_04_32P1,False,True,False,False
BH9_04_32P2,False,True,False,False
BH9_04_32R1,False,True,False,False
BH9_04_32R2,False,True,False,False
BH9_04_32TS,False,True,False,False
BH9_04_33P1,False,True,False,False
BH9_04_33P2,False,True,False,False
BH9_04_33R1,False,True,False,False
BH9_04_33R2,False,True,False,False
BH9_04_33TS,False,True,False,False
BH9_04_34P1,False,True,False,False
BH9_04_34P2,False,True,False,False
BH9_04_34R1,False,True,False,False
BH9_04_34R2,False,True,False,False
BH9_04_34TS,False,True,False,False
BH9_04_35P1,False,True,False,False
BH9_04_35P2,False,True,False,False
BH9_04_35R1,False,True,False,False
BH9_04_35R2,False,True,False,False
BH9_04_35TS,False,True,False,False
BH9_04_36P,False,True,False,False
BH9_04_36R,False,True,False,False
BH9_04_36TS,False,True,False,False
BH9_04_37P,False,True,False,False
BH9_04_37R,False,True,False,False
BH9_04_37TS,False,True,False,False
BH9_04_38P1,False,True,False,False
BH9_04_38P2,False,True,False,False
BH9_04_38R1,False,True,False,False
BH9_04_38R2,False,True,False,False
BH9_04_38TS,False,True,False,False
BH9_04_39P1,False,True,False,False
BH9_04_39P2,False,True,False,False
BH9_04_39R1,False,True,False,False
BH9_04_39R2,False,True,False,False
BH9_04_39TS,False,True,False,False
BH9_04_3P1,False,True,False,False
BH9_04_3P2,False,True,False,False
BH9_04_3R1,False,True,False,False
BH9_04_3R2,False,True,False,False
BH9_04_3TS,False,True,False,False
BH9_04_40P1,False,True,False,False
BH9_04_40P2,False,True,False,False
BH9_04_40R1,False,True,False,False
BH9_04_40R2,False,True,False,False
BH9_04_40TS,False,True,False,False
BH9_04_41P,False,True,False,False
BH9_04_41R,False,True,False,False
BH9_04_41TS,False,True,False,False
BH9_04_42P,False,True,False,False
BH9_04_42R,False,True,False,False
BH9_04_42TS,False,True,False,False
BH9_04_43P,False,True,False,False
BH9_04_43R,False,True,False,False
BH9_04_43TS,False,True,False,False
BH9_04_44P1,False,True,False,False
BH9_04_44P2,False,True,False,False
BH9_04_44R1,False,True,False,False
BH9_04_44R2,False,True,False,False
BH9_04_44TS,False,True,False,False
BH9_04_45P1,False,True,False,False
BH9_04_45P2,False,True,False,False
BH9_04_45R1,False,True,False,False
BH9_04_45R2,False,True,False,False
BH9_04_45TS,False,True,False,False
BH9_04_46P1,False,True,False,False
BH9_04_46P2,False,True,False,False
BH9_04_46R1,False,True,False,False
BH9_04_46R2,False,True,False,False
BH9_04_46TS,False,True,False,False
BH9_04_47P1,False,True,False,False
BH9_04_47P2,False,True,False,False
BH9_04_47R1,False,True,False,False
BH9_04_47R2,False,True,False,False
BH9_04_47TS,False,True,False,False
BH9_04_48P1,False,True,False,False
BH9_04_48P2,False,True,False,False
BH9_04_48R1,False,True,False,False
BH9_04_48R2,False,True,False,False
BH9_04_48TS,False,True,False,False
BH9_04_49P1,False,True,False,False
BH9_04_49P2,False,True,False,False
BH9_04_49R1,False,True,False,False
BH9_04_49R2,False,True,False,False
BH9_04_49TS,False,True,False,False
BH9_04_4P,False,True,False,False
BH9_04_4R,False,True,False,False
BH9_04_4TS,False,True,False,False
BH9_04_50P1,False,True,False,False
BH9_04_50P2,False,True,False,False
BH9_04_50R1,False,True,False,False
BH9_04_50R2,False,True,False,False
BH9_04_50TS,False,True,False,False
BH9_04_51P1,False,True,False,False
BH9_04_51P2,False,True,False,False
BH9_04_51R1,False,True,False,False
BH9_04_51R2,False,True,False,False
BH9_04_51TS,False,True,False,False
BH9_04_52P1,False,True,False,False
BH9_04_52P2,False,True,False,False
BH9_04_52R1,False,True,False,False
BH9_04_52R2,False,True,False,False
BH9_04_52TS,False,True,False,False
BH9_04_53P1,False,True,False,False
BH9_04_53P2,False,True,False,False
BH9_04_53R1,False,True,False,False
BH9_04_53R2,False,True,False,False
BH9_04_53TS,False,True,False,False
BH9_04_54P1,False,True,False,False
BH9_04_54P2,False,True,False,False
BH9_04_54R1,False,True,False,False
BH9_04_54R2,False,True,False,False
BH9_04_54TS,False,True,False,False
BH9_04_55P1,False,True,False,False
BH9_04_55P2,False,True,False,False
BH9_04_55R1,False,True,False,False
BH9_04_55R2,False,True,False,False
BH9_04_55TS,False,True,False,False
BH9_04_56P,False,True,False,False
BH9_04_56R,False,True,False,False
BH9_04_56TS,False,True,False,False
BH9_04_57P1,False,True,False,False
BH9_04_57P2,False,True,False,False
BH9_04_57R1,False,True,False,False
BH9_04_57R2,False,True,False,False
BH9_04_57TS,False,True,False,False
BH9_04_58P1,False,True,False,False
BH9_04_58P2,False,True,False,False
BH9_04_58R1,False,True,False,False
BH9_04_58R2,False,True,False,False
BH9_04_58TS,False,True,False,False
BH9_04_59P1,False,True,False,False
BH9_04_59P2,False,True,False,False
BH9_04_59R1,False,True,False,False
BH9_04_59R2,False,True,False,False
BH9_04_59TS,False,True,False,False
BH9_04_5P1,False,True,False,False
BH9_04_5P2,False,True,False,False
BH9_04_5R1,False,True,False,False
BH9_04_5R2,False,True,False,False
BH9_04_5TS,False,True,False,False
BH9_04_60P1,False,True,False,False
BH9_04_60P2,False,True,False,False
BH9_04_60R1,False,True,False,False
BH9_04_60R2,False,True,False,False
BH9_04_60TS,False,True,False,False
BH9_04_61P,False,True,False,False
BH9_04_61R,False,True,False,False
BH9_04_61TS,False,True,False,False
BH9_04_62P1,False,True,False,False
BH9_04_62P2,False,True,False,False
BH9_04_62R1,False,True,False,False
BH9_04_62R2,False,True,False,False
BH9_04_62TS,False,True,False,False
BH9_04_63P1,False,True,False,False
BH9_04_63P2,False,True,False,False
BH9_04_63R1,False,True,False,False
BH9_04_63R2,False,True,False,False
BH9_04_63TS,False,True,False,False
BH9_04_64P,False,True,False,False
BH9_04_64R,False,True,False,False
BH9_04_64TS,False,True,False,False
BH9_04_65P1,False,True,False,False
BH9_04_65P2,False,True,False,False
BH9_04_65R1,False,True,False,False
BH9_04_65R2,False,True,False,False
BH9_04_65TS,False,True,False,False
BH9_04_66P1,False,True,False,False
BH9_04_66P2,False,True,False,False
BH9_04_66R1,False,True,False,False
BH9_04_66R2,False,True,False,False
BH9_04_66TS,False,True,False,False
BH9_04_67P1,False,True,False,False
BH9_04_67P2,False,True,False,False
BH9_04_67R1,False,True,False,False
BH9_04_67R2,False,True,False,False
BH9_04_67TS,False,True,False,False
BH9_04_68P1,False,True,False,False
BH9_04_68P2,False,True,False,False
BH9_04_68R1,False,True,False,False
BH9_04_68R2,False,True,False,False
BH9_04_68TS,False,True,False,False
BH9_04_69P,False,True,False,False
BH9_04_69R,False,True,False,False
BH9_04_69TS,False,True,False,False
BH9_04_6P1,False,True,False,False
BH9_04_6P2,False,True,False,False
BH9_04_6R1,False,True,False,False
BH9_04_6R2,False,True,False,False
BH9_04_6TS,False,True,False,False
BH9_04_70P1,False,True,False,False
BH9_04_70P2,False,True,False,False
BH9_04_70R1,False,True,False,False
BH9_04_70R2,False,True,False,False
BH9_04_70TS,False,True,False,False
BH9_04_71P1,False,True,False,False
BH9_04_71P2,False,True,False,False
BH9_04_71R1,False,True,False,False
BH9_04_71R2,False,True,False,False
BH9_04_71TS,False,True,False,False
BH9_04_72P,False,True,False,False
BH9_04_72R,False,True,False,False
BH9_04_72TS,False,True,False,False
BH9_04_73P1,False,True,False,False
BH9_04_73P2,False,True,False,False
BH9_04_73R1,False,True,False,False
BH9_04_73R2,False,True,False,False
BH9_04_73TS,False,True,False,False
BH9_04_74P1,False,True,False,False
BH9_04_74P2,False,True,False,False
BH9_04_74R1,False,True,False,False
BH9_04_74R2,False,True,False,False
BH9_04_74TS,False,True,False,False
BH9_04_75P1,False,True,False,False
BH9_04_75P2,False,True,False,False
BH9_04_75R1,False,True,False,False
BH9_04_75R2,False,True,False,False
BH9_04_75TS,False,True,False,False
BH9_04_76P,False,True,False,False
BH9_04_76R,False,True,False,False
BH9_04_76TS,False,True,False,False
BH9_04_77P1,False,True,False,False
BH9_04_77P2,False,True,False,False
BH9_04_77R1,False,True,False,False
BH9_04_77R2,False,True,False,False
BH9_04_77TS,False,True,False,False
BH9_04_78P,False,True,False,False
BH9_04_78R,False,True,False,False
BH9_04_78TS,False,True,False,False
BH9_04_79P1,False,True,False,False
BH9_04_79P2,False,True,False,False
BH9_04_79R1,False,True,False,False
BH9_04_79R2,False,True,False,False
BH9_04_79TS,False,True,False,False
BH9_04_7P1,False,True,False,False
BH9_04_7P2,False,True,False,False
BH9_04_7R1,False,True,False,False
BH9_04_7R2,False,True,False,False
BH9_04_7TS,False,True,False,False
BH9_04_80P1,False,True,False,False
BH9_04_80P2,False,True,False,False
BH9_04_80R1,False,True,False,False
BH9_04_80R2,False,True,False,False
BH9_04_80TS,False,True,False,False
BH9_04_81P1,False,True,False,False
BH9_04_81P2,False,True,False,False
BH9_04_81R1,False,True,False,False
BH9_04_81R2,False,True,False,False
BH9_04_81TS,False,True,False,False
BH9_04_82P1,False,True,False,False
BH9_04_82P2,False,True,False,False
BH9_04_82R1,False,True,False,False
BH9_04_82R2,False,True,False,False
BH9_04_82TS,False,True,False,False
BH9_04_83P1,False,True,False,False
BH9_04_83P2,False,True,False,False
BH9_04_83R1,False,True,False,False
BH9_04_83R2,False,True,False,False
BH9_04_83TS,False,True,False,False
BH9_04_84P,False,True,False,False
BH9_04_84R,False,True,False,False
BH9_04_84TS,False,True,False,False
BH9_04_85P1,False,True,False,False
BH9_04_85P2,False,True,False,False
BH9_04_85R1,False,True,False,False
BH9_04_85R2,False,True,False,False
BH9_04_85TS,False,True,False,False
BH9_04_86P1,False,True,False,False
BH9_04_86P2,False,True,False,False
BH9_04_86R1,False,True,False,False
BH9_04_86R2,False,True,False,False
BH9_04_86TS,False,True,False,False
BH9_04_87P1,False,True,False,False
BH9_04_87P2,False,True,False,False
BH9_04_87R1,False,True,False,False
BH9_04_87R2,False,True,False,False
BH9_04_87TS,False,True,False,False
BH9_04_88P,False,True,False,False
BH9_04_88R,False,True,False,False
BH9_04_88TS,False,True,False,False
BH9_04_89P1,False,True,False,False
BH9_04_89P2,False,True,False,False
BH9_04_89R1,False,True,False,False
BH9_04_89R2,False,True,False,False
BH9_04_89TS,False,True,False,False
BH9_04_8P,False,True,False,False
BH9_04_8R,False,True,False,False
BH9_04_8TS,False,True,False,False
BH9_04_90P1,False,True,False,False
BH9_04_90P2,False,True,False,False
BH9_04_90R1,False,True,False,False
BH9_04_90R2,False,True,False,False
BH9_04_90TS,False,True,False,False
BH9_04_9P1,False,True,False,False
BH9_04_9P2,False,True,False,False
BH9_04_9R1,False,True,False,False
BH9_04_9R2,False,True,False,False
BH9_04_9TS,False,True,False,False
BH9_05_10P1,False,False,False,True
BH9_05_10P2,False,False,False,True
BH9_05_10R1,False,False,False,True
BH9_05_10R2,False,False,False,True
BH9_05_10TS,False,False,False,True
BH9_05_11P1,False,True,False,False
BH9_05_11P2,False,True,False,False
BH9_05_11R1,False,True,False,False
BH9_05_11R2,False,True,False,False
BH9_05_11TS,False,True,False,False
BH9_05_12P1,False,False,False,True
BH9_05_12P2,False,False,False,True
BH9_05_12R1,False,False,False,True
BH9_05_12R2,False,False,False,True
BH9_05_12TS,False,False,False,True
BH9_05_13P1,False,True,False,False
BH9_05_13P2,False,True,False,False
BH9_05_13R1,False,True,False,False
BH9_05_13R2,False,True,False,False
BH9_05_13TS,False,True,False,False
BH9_05_14P1,False,True,False,False
BH9_05_14P2,False,True,False,False
BH9_05_14R1,False,True,False,False
BH9_05_14R2,False,True,False,False
BH9_05_14TS,False,True,False,False
BH9_05_15P1,False,False,False,True
BH9_05_15P2,False,False,False,True
BH9_05_15R1,False,False,False,True
BH9_05_15R2,False,False,False,True
BH9_05_15TS,False,False,False,True
BH9_05_16P1,False,True,False,False
BH9_05_16P2,False,True,False,False
BH9_05_16R1,False,True,False,False
BH9_05_16R2,False,True,False,False
BH9_05_16TS,False,True,False,False
BH9_05_17P1,False,True,False,False
BH9_05_17P2,False,True,False,False
BH9_05_17R1,False,True,False,False
BH9_05_17R2,False,True,False,False
BH9_05_17TS,False,True,False,False
BH9_05_18P1,False,True,False,False
BH9_05_18P2,False,True,False,False
BH9_05_18R1,False,True,False,False
BH9_05_18R2,False,True,False,False
BH9_05_18TS,False,True,False,False
BH9_05_19P1,False,True,False,False
BH9_05_19P2,False,True,False,False
BH9_05_19R1,False,True,False,False
BH9_05_19R2,False,True,False,False
BH9_05_19TS,False,True,False,False
BH9_05_1P,False,True,False,False
BH9_05_1R,False,True,False,False
BH9_05_1TS,False,True,False,False
BH9_05_20P1,False,True,False,False
BH9_05_20P2,False,True,False,False
BH9_05_20R1,False,True,False,False
BH9_05_20R2,False,True,False,False
BH9_05_20TS,False,True,False,False
BH9_05_21P1,False,True,False,False
BH9_05_21P2,False,True,False,False
BH9_05_21R1,False,True,False,False
BH9_05_21R2,False,True,False,False
BH9_05_21TS,False,True,False,False
BH9_05_22P1,False,True,False,False
BH9_05_22P2,False,True,False,False
BH9_05_22R1,False,True,False,False
BH9_05_22R2,False,True,False,False
BH9_05_22TS,False,True,False,False
BH9_05_23P1,False,True,False,False
BH9_05_23P2,False,True,False,False
BH9_05_23R1,False,True,False,False
BH9_05_23R2,False,True,False,False
BH9_05_23TS,False,True,False,False
BH9_05_24P1,False,True,False,False
BH9_05_24P2,False,True,False,False
BH9_05_24R1,False,True,False,False
BH9_05_24R2,False,True,False,False
BH9_05_24TS,False,True,False,False
BH9_05_25P1,False,True,False,False
BH9_05_25P2,False,True,False,False
BH9_05_25R1,False,True,False,False
BH9_05_25R2,False,True,False,False
BH9_05_25TS,False,True,False,False
BH9_05_26P1,False,True,False,False
BH9_05_26P2,False,True,False,False
BH9_05_26R1,False,True,False,False
BH9_05_26R2,False,True,False,False
BH9_05_26TS,False,True,False,False
BH9_05_27P1,False,True,False,False
BH9_05_27P2,False,True,False,False
BH9_05_27R1,False,True,False,False
BH9_05_27R2,False,True,False,False
BH9_05_27TS,False,True,False,False
BH9_05_28P1,False,False,False,True
BH9_05_28P2,False,False,False,True
BH9_05_28R1,False,False,False,True
BH9_05_28R2,False,False,False,True
BH9_05_28TS,False,False,False,True
BH9_05_29P1,False,False,False,True
BH9_05_29P2,False,False,False,True
BH9_05_29R1,False,False,False,True
BH9_05_29R2,False,False,False,True
BH9_05_29TS,False,False,False,True
BH9_05_2P,False,True,False,False
BH9_05_2R,False,True,False,False
BH9_05_2TS,False,True,False,False
BH9_05_30P1,False,True,False,False
BH9_05_30P2,False,True,False,False
BH9_05_30R1,False,True,False,False
BH9_05_30R2,False,True,False,False
BH9_05_30TS,False,True,False,False
BH9_05_31P1,False,True,False,False
BH9_05_31P2,False,True,False,False
BH9_05_31R1,False,True,False,False
BH9_05_31R2,False,True,False,False
BH9_05_31TS,False,True,False,False
BH9_05_32P1,False,True,False,False
BH9_05_32P2,False,True,False,False
BH9_05_32R1,False,True,False,False
BH9_05_32R2,False,True,False,False
BH9_05_32TS,False,True,False,False
BH9_05_33P1,False,True,False,False
BH9_05_33P2,False,True,False,False
BH9_05_33R1,False,True,False,False
BH9_05_33R2,False,True,False,False
BH9_05_33TS,False,True,False,False
BH9_05_34P1,False,True,False,False
BH9_05_34P2,False,True,False,False
BH9_05_34R1,False,True,False,False
BH9_05_34R2,False,True,False,False
BH9_05_34TS,False,True,False,False
BH9_05_35P1,False,True,False,False
BH9_05_35P2,False,True,False,False
BH9_05_35R1,False,True,False,False
BH9_05_35R2,False,True,False,False
BH9_05_35TS,False,True,False,False
BH9_05_36P1,False,True,False,False
BH9_05_36P2,False,True,False,False
BH9_05_36R1,False,True,False,False
BH9_05_36R2,False,True,False,False
BH9_05_36TS,False,True,False,False
BH9_05_37P1,False,False,False,True
BH9_05_37P2,False,False,False,True
BH9_05_37R1,False,False,False,True
BH9_05_37R2,False,False,False,True
BH9_05_37TS,False,False,False,True
BH9_05_38P1,False,True,False,False
BH9_05_38P2,False,True,False,False
BH9_05_38R1,False,True,False,False
BH9_05_38R2,False,True,False,False
BH9_05_38TS,False,True,False,False
BH9_05_39P1,False,True,False,False
BH9_05_39P2,False,True,False,False
BH9_05_39R1,False,True,False,False
BH9_05_39R2,False,True,False,False
BH9_05_39TS,False,True,False,False
BH9_05_3P,False,True,False,False
BH9_05_3R,False,True,False,False
BH9_05_3TS,False,True,False,False
BH9_05_40P1,False,True,False,False
BH9_05_40P2,False,True,False,False
BH9_05_40R1,False,True,False,False
BH9_05_40R2,False,True,False,False
BH9_05_40TS,False,True,False,False
BH9_05_41P1,False,True,False,False
BH9_05_41P2,False,True,False,False
BH9_05_41R1,False,True,False,False
BH9_05_41R2,False,True,False,False
BH9_05_41TS,False,True,False,False
BH9_05_42P1,False,True,False,False
BH9_05_42P2,False,True,False,False
BH9_05_42R1,False,True,False,False
BH9_05_42R2,False,True,False,False
BH9_05_42TS,False,True,False,False
BH9_05_4P,False,True,False,False
BH9_05_4R,False,True,False,False
BH9_05_4TS,False,True,False,False
BH9_05_5P1,False,True,False,False
BH9_05_5P2,False,True,False,False
BH9_05_5R1,False,True,False,False
BH9_05_5R2,False,True,False,False
BH9_05_5TS,False,True,False,False
BH9_05_6P,False,True,False,False
BH9_05_6R,False,True,False,False
BH9_05_6TS,False,True,False,False
BH9_05_7P1,False,True,False,False
BH9_05_7P2,False,True,False,False
BH9_05_7R1,False,True,False,False
BH9_05_7R2,False,True,False,False
BH9_05_7TS,False,True,False,False
BH9_05_8P,False,True,False,False
BH9_05_8R,False,True,False,False
BH9_05_8TS,False,True,False,False
BH9_05_9P,False,True,False,False
BH9_05_9R,False,True,False,False
BH9_05_9TS,False,True,False,False
BH9_06_10P,False,True,False,False
BH9_06_10R1,False,True,False,False
BH9_06_10R2,False,True,False,False
BH9_06_10TS,False,True,False,False
BH9_06_11P,False,True,False,False
BH9_06_11R1,False,True,False,False
BH9_06_11R2,False,True,False,False
BH9_06_11TS,False,True,False,False
BH9_06_12P,False,True,False,False
BH9_06_12R,False,True,False,False
BH9_06_12TS,False,True,False,False
BH9_06_13P,False,True,False,False
BH9_06_13R,False,True,False,False
BH9_06_13TS,False,True,False,False
BH9_06_14P,False,True,False,False
BH9_06_14R,False,True,False,False
BH9_06_14TS,False,True,False,False
BH9_06_15P,False,True,False,False
BH9_06_15R1,False,True,False,False
BH9_06_15R2,False,True,False,False
BH9_06_15TS,False,True,False,False
BH9_06_16P,False,True,False,False
BH9_06_16R,False,True,False,False
BH9_06_16TS,False,True,False,False
BH9_06_17P,False,True,False,False
BH9_06_17R,False,True,False,False
BH9_06_17TS,False,True,False,False
BH9_06_18P1,False,True,False,False
BH9_06_18P2,False,True,False,False
BH9_06_18R1,False,True,False,False
BH9_06_18R2,False,True,False,False
BH9_06_18TS,False,True,False,False
BH9_06_19P,False,True,False,False
BH9_06_19R1,False,True,False,False
BH9_06_19R2,False,True,False,False
BH9_06_19TS,False,True,False,False
BH9_06_1P1,False,True,False,False
BH9_06_1P2,False,True,False,False
BH9_06_1R1,False,True,False,False
BH9_06_1R2,False,True,False,False
BH9_06_1TS,False,True,False,False
BH9_06_20P,False,True,False,False
BH9_06_20R1,False,True,False,False
BH9_06_20R2,False,True,False,False
BH9_06_20TS,False,True,False,False
BH9_06_21P1,False,True,False,False
BH9_06_21P2,False,True,False,False
BH9_06_21R1,False,True,False,False
BH9_06_21R2,False,True,False,False
BH9_06_21TS,False,True,False,False
BH9_06_22P,False,True,False,False
BH9_06_22R1,False,True,False,False
BH9_06_22R2,False,True,False,False
BH9_06_22TS,False,True,False,False
BH9_06_23P,False,True,False,False
BH9_06_23R1,False,True,False,False
BH9_06_23R2,False,True,False,False
BH9_06_23TS,False,True,False,False
BH9_06_24P,False,True,False,False
BH9_06_24R1,False,True,False,False
BH9_06_24R2,False,True,False,False
BH9_06_24TS,False,True,False,False
BH9_06_25P,False,True,False,False
BH9_06_25R1,False,True,False,False
BH9_06_25R2,False,True,False,False
BH9_06_25TS,False,True,False,False
BH9_06_26P,False,True,False,False
BH9_06_26R1,False,True,False,False
BH9_06_26R2,False,True,False,False
BH9_06_26TS,False,True,False,False
BH9_06_27P,False,True,False,False
BH9_06_27R,False,True,False,False
BH9_06_27TS,False,True,False,False
BH9_06_28P,False,True,False,False
BH9_06_28R,False,True,False,False
BH9_06_28TS,False,True,False,False
BH9_06_29P,False,True,False,False
BH9_06_29R,False,True,False,False
BH9_06_29TS,False,True,False,False
BH9_06_2P,False,True,False,False
BH9_06_2R1,False,True,False,False
BH9_06_2R2,False,True,False,False
BH9_06_2TS,False,True,False,False
BH9_06_30P,False,True,False,False
BH9_06_30R,False,True,False,False
BH9_06_30TS,False,True,False,False
BH9_06_31P,False,True,False,False
BH9_06_31R1,False,True,False,False
BH9_06_31R2,False,True,False,False
BH9_06_31TS,False,True,False,False
BH9_06_32P,False,True,False,False
BH9_06_32R1,False,True,False,False
BH9_06_32R2,False,True,False,False
BH9_06_32TS,False,True,False,False
BH9_06_33P1,False,True,False,False
BH9_06_33P2,False,True,False,False
BH9_06_33R1,False,True,False,False
BH9_06_33R2,False,True,False,False
BH9_06_33TS,False,True,False,False
BH9_06_34P,False,True,False,False
BH9_06_34R1,False,True,False,False
BH9_06_34R2,False,True,False,False
BH9_06_34TS,False,True,False,False
BH9_06_35P,False,True,False,False
BH9_06_35R1,False,True,False,False
BH9_06_35R2,False,True,False,False
BH9_06_35TS,False,True,False,False
BH9_06_3P,False,True,False,False
BH9_06_3R1,False,True,False,False
BH9_06_3R2,False,True,False,False
BH9_06_3TS,False,True,False,False
BH9_06_4P,False,True,False,False
BH9_06_4R1,False,True,False,False
BH9_06_4R2,False,True,False,False
BH9_06_4TS,False,True,False,False
BH9_06_5P,False,True,False,False
BH9_06_5R1,False,True,False,False
BH9_06_5R2,False,True,False,False
BH9_06_5TS,False,True,False,False
BH9_06_6P,False,True,False,False
BH9_06_6R1,False,True,False,False
BH9_06_6R2,False,True,False,False
BH9_06_6TS,False,True,False,False
BH9_06_7P1,False,True,False,False
BH9_06_7P2,False,True,False,False
BH9_06_7R1,False,True,False,False
BH9_06_7R2,False,True,False,False
BH9_06_7TS,False,True,False,False
BH9_06_8P,False,True,False,False
BH9_06_8R1,False,True,False,False
BH9_06_8R2,False,True,False,False
BH9_06_8TS,False,True,False,False
BH9_06_9P,False,True,False,False
BH9_06_9R1,False,True,False,False
BH9_06_9R2,False,True,False,False
BH9_06_9TS,False,True,False,False
BH9_07_10P1,False,True,False,False
BH9_07_10P2,False,True,False,False
BH9_07_10R1,False,True,False,False
BH9_07_10R2,False,True,False,False
BH9_07_10TS,False,True,False,False
BH9_07_1P,False,True,False,False
BH9_07_1R,False,True,False,False
BH9_07_1TS,False,True,False,False
BH9_07_2P,False,True,False,False
BH9_07_2R,False,True,False,False
BH9_07_2TS,False,True,False,False
BH9_07_3P,False,True,False,False
BH9_07_3R,False,True,False,False
BH9_07_3TS,False,True,False,False
BH9_07_4P1,False,True,False,False
BH9_07_4P2,False,True,False,False
BH9_07_4R1,False,True,False,False
BH9_07_4R2,False,True,False,False
BH9_07_4TS,False,True,False,False
BH9_07_5P,False,True,False,False
BH9_07_5R,False,True,False,False
BH9_07_5TS,False,True,False,False
BH9_07_6P,False,True,False,False
BH9_07_6R,False,True,False,False
BH9_07_6TS,False,True,False,False
BH9_07_7P,False,True,False,False
BH9_07_7R,False,True,False,False
BH9_07_7TS,False,True,False,False
BH9_07_8P1,False,True,False,False
BH9_07_8P2,False,True,False,False
BH9_07_8R1,False,True,False,False
BH9_07_8R2,False,True,False,False
BH9_07_8TS,False,True,False,False
BH9_07_9P1,False,True,False,False
BH9_07_9P2,False,True,False,False
BH9_07_9R1,False,True,False,False
BH9_07_9R2,False,True,False,False
BH9_07_9TS,False,True,False,False
BH9_08_10P1,False,True,False,False
BH9_08_10P2,False,True,False,False
BH9_08_10R1,False,True,False,False
BH9_08_10R2,False,True,False,False
BH9_08_10TS,False,True,False,False
BH9_08_11P1,False,True,False,False
BH9_08_11P2,False,True,False,False
BH9_08_11R1,False,True,False,False
BH9_08_11R2,False,True,False,False
BH9_08_11TS,False,True,False,False
BH9_08_12P1,False,True,False,False
BH9_08_12P2,False,True,False,False
BH9_08_12R1,False,True,False,False
BH9_08_12R2,False,True,False,False
BH9_08_12TS,False,True,False,False
BH9_08_13P1,False,True,False,False
BH9_08_13P2,False,True,False,False
BH9_08_13R1,False,True,False,False
BH9_08_13R2,False,True,False,False
BH9_08_13TS,False,True,False,False
BH9_08_14P1,False,True,False,False
BH9_08_14P2,False,True,False,False
BH9_08_14R1,False,True,False,False
BH9_08_14R2,False,True,False,False
BH9_08_14TS,False,True,False,False
BH9_08_15P1,False,True,False,False
BH9_08_15P2,False,True,False,False
BH9_08_15R1,False,True,False,False
BH9_08_15R2,False,True,False,False
BH9_08_15TS,False,True,False,False
BH9_08_1P1,False,True,False,False
BH9_08_1P2,False,True,False,False
BH9_08_1R1,False,True,False,False
BH9_08_1R2,False,True,False,False
BH9_08_1TS,False,True,False,False
BH9_08_2P1,False,True,False,False
BH9_08_2P2,False,True,False,False
BH9_08_2R1,False,True,False,False
BH9_08_2R2,False,True,False,False
BH9_08_2TS,False,True,False,False
BH9_08_3P1,False,True,False,False
BH9_08_3P2,False,True,False,False
BH9_08_3R1,False,True,False,False
BH9_08_3R2,False,True,False,False
BH9_08_3TS,False,True,False,False
BH9_08_4P,False,True,False,False
BH9_08_4R1,False,True,False,False
BH9_08_4R2,False,True,False,False
BH9_08_4TS,False,True,False,False
BH9_08_5P1,False,True,False,False
BH9_08_5P2,False,True,False,False
BH9_08_5R1,False,True,False,False
BH9_08_5R2,False,True,False,False
BH9_08_5TS,False,True,False,False
BH9_08_6P1,False,True,False,False
BH9_08_6P2,False,True,False,False
BH9_08_6R1,False,True,False,False
BH9_08_6R2,False,True,False,False
BH9_08_6TS,False,True,False,False
BH9_08_7P1,False,True,False,False
BH9_08_7P2,False,True,False,False
BH9_08_7R1,False,True,False,False
BH9_08_7R2,False,True,False,False
BH9_08_7TS,False,True,False,False
BH9_08_8P1,False,True,False,False
BH9_08_8P2,False,True,False,False
BH9_08_8R1,False,True,False,False
BH9_08_8R2,False,True,False,False
BH9_08_8TS,False,True,False,False
BH9_08_9P1,False,True,False,False
BH9_08_9P2,False,True,False,False
BH9_08_9R1,False,True,False,False
BH9_08_9R2,False,True,False,False
BH9_08_9TS,False,True,False,False
BH9_09_10P,False,True,False,False
BH9_09_10R,False,True,False,False
BH9_09_10TS,False,True,False,False
BH9_09_11P,False,True,False,False
BH9_09_11R1,False,True,False,False
BH9_09_11R2,False,True,False,False
BH9_09_11TS,False,True,False,False
BH9_09_12P,False,True,False,False
BH9_09_12R1,False,True,False,False
BH9_09_12R2,False,True,False,False
BH9_09_12TS,False,True,False,False
BH9_09_13P,False,True,False,False
BH9_09_13R1,False,True,False,False
BH9_09_13R2,False,True,False,False
BH9_09_13TS,False,True,False,False
BH9_09_14P,False,True,False,False
BH9_09_14R1,False,True,False,False
BH9_09_14R2,False,True,False,False
BH9_09_14TS,False,True,False,False
BH9_09_15P,False,True,False,False
BH9_09_15R1,False,True,False,False
BH9_09_15R2,False,True,False,False
BH9_09_15TS,False,True,False,False
BH9_09_16P,False,True,False,False
BH9_09_16R1,False,True,False,False
BH9_09_16R2,False,True,False,False
BH9_09_16TS,False,True,False,False
BH9_09_17P,False,True,False,False
BH9_09_17R1,False,True,False,False
BH9_09_17R2,False,True,False,False
BH9_09_17TS,False,True,False,False
BH9_09_18P,False,True,False,False
BH9_09_18R1,False,True,False,False
BH9_09_18R2,False,True,False,False
BH9_09_18TS,False,True,False,False
BH9_09_19P,False,True,False,False
BH9_09_19R,False,True,False,False
BH9_09_19TS,False,True,False,False
BH9_09_1P,False,True,False,False
BH9_09_1R1,False,True,False,False
BH9_09_1R2,False,True,False,False
BH9_09_1TS,False,True,False,False
BH9_09_20P,False,True,False,False
BH9_09_20R,False,True,False,False
BH9_09_20TS,False,True,False,False
BH9_09_21P,False,True,False,False
BH9_09_21R1,False,True,False,False
BH9_09_21R2,False,True,False,False
BH9_09_21TS,False,True,False,False
BH9_09_22P,False,True,False,False
BH9_09_22R,False,True,False,False
BH9_09_22TS,False,True,False,False
BH9_09_23P,False,True,False,False
BH9_09_23R,False,True,False,False
BH9_09_23TS,False,True,False,False
BH9_09_24P,False,True,False,False
BH9_09_24R,False,True,False,False
BH9_09_24TS,False,True,False,False
BH9_09_25P,False,True,False,False
BH9_09_25R,False,True,False,False
BH9_09_25TS,False,True,False,False
BH9_09_26P,False,True,False,False
BH9_09_26R1,False,True,False,False
BH9_09_26R2,False,True,False,False
BH9_09_26TS,False,True,False,False
BH9_09_2P,False,True,False,False
BH9_09_2R1,False,True,False,False
BH9_09_2R2,False,True,False,False
BH9_09_2TS,False,True,False,False
BH9_09_3P,False,True,False,False
BH9_09_3R1,False,True,False,False
BH9_09_3R2,False,True,False,False
BH9_09_3TS,False,True,False,False
BH9_09_4P,False,True,False,False
BH9_09_4R1,False,True,False,False
BH9_09_4R2,False,True,False,False
BH9_09_4TS,False,True,False,False
BH9_09_5P,False,True,False,False
BH9_09_5R1,False,True,False,False
BH9_09_5R2,False,True,False,False
BH9_09_5TS,False,True,False,False
BH9_09_6P,False,True,False,False
BH9_09_6R1,False,True,False,False
BH9_09_6R2,False,True,False,False
BH9_09_6TS,False,True,False,False
BH9_09_7P,False,True,False,False
BH9_09_7R1,False,True,False,False
BH9_09_7R2,False,True,False,False
BH9_09_7TS,False,True,False,False
BH9_09_8P,False,True,False,False
BH9_09_8R1,False,True,False,False
BH9_09_8R2,False,True,False,False
BH9_09_8TS,False,True,False,False
BH9_09_9P,False,True,False,False
BH9_09_9R1,False,True,False,False
BH9_09_9R2,False,True,False,False
BH9_09_9TS,False,True,False,False
BHDIV10_ed1,True,True,False,False
BHDIV10_ed10,True,True,False,False
BHDIV10_ed3,True,True,False,False
BHDIV10_ed4,True,True,False,False
BHDIV10_ed5,True,True,False,False
BHDIV10_ed6,True,True,False,False
BHDIV10_ed7,True,True,False,False
BHDIV10_ts1,True,True,False,False
BHDIV10_ts10,True,True,False,False
BHDIV10_ts3,True,True,False,False
BHDIV10_ts4,True,True,False,False
BHDIV10_ts5,True,True,False,False
BHDIV10_ts6,True,True,False,False
BHDIV10_ts7,True,True,False,False
BHPERI_00r,True,True,False,False
BHPERI_02r,True,True,False,False
BHPERI_02ts,True,True,False,False
BHPERI_03r,True,True,False,False
BHPERI_03ts,True,True,False,False
BHPERI_04r,True,True,False,False
BHPERI_04ts,True,True,False,False
BHPERI_05r,True,True,False,False
BHPERI_06ts,True,True,False,False
BHPERI_07r,True,True,False,False
BHPERI_07ts,True,True,False,False
BHPERI_08ts,True,True,False,False
BHPERI_09r,True,True,False,False
BHPERI_09ts,True,True,False,False
BHPERI_1-3-Cyclopentadiene,True,True,False,False
BHPERI_Cis-triscyclopropacyclohexane,True,True,False,False
BHPERI_Ethylene,True,True,False,False
BHPERI_TS11,True,True,False,False
BHPERI_TS3,True,True,False,False
BHPERI_TS8,True,True,False,False
BHPERI_TS9,True,True,False,False
BHPERI_ortho-xylylene,True,True,False,False
BHROT27_acetamide_RC,False,True,False,False
BHROT27_acetamide_TS1,False,True,False,False
BHROT27_acetamide_TS2,False,True,False,False
BHROT27_bifuran_TS,False,True,False,False
BHROT27_bifuran_anti,False,True,False,False
BHROT27_bifuran_syn,False,True,False,False
BHROT27_biphenyl,False,True,False,False
BHROT27_biphenyl_TS,False,True,False,False
BHROT27_bithiophene_TS,False,True,False,False
BHROT27_bithiophene_anti,False,True,False,False
BHROT27_bithiophene_syn,False,True,False,False
BHROT27_butadiene_TS,False,True,False,False
BHROT27_butadiene_scis,False,True,False,False
BHROT27_butadiene_strans,False,True,False,False
BHROT27_ethane_ecl,False,True,False,False
BHROT27_ethane_st,False,True,False,False
BHROT27_ethylthiourea_0,False,True,False,False
BHROT27_ethylthiourea_180,False,True,False,False
BHROT27_ethylthiourea_TS1,False,True,False,False
BHROT27_ethylthiourea_TS2,False,True,False,False
BHROT27_h2o2,False,True,False,False
BHROT27_h2o2_cis,False,True,False,False
BHROT27_h2o2_trans,False,True,False,False
BHROT27_h2s2,False,True,False,False
BHROT27_h2s2_cis,False,True,False,False
BHROT27_h2s2_trans,False,True,False,False
BHROT27_methanol_ecl,False,True,False,False
BHROT27_methanol_st,False,True,False,False
BHROT27_methylamine_ecl,False,True,False,False
BHROT27_methylamine_st,False,True,False,False
BHROT27_n2h4_ecl1,False,True,False,False
BHROT27_n2h4_ecl2,False,True,False,False
BHROT27_n2h4_st1,False,True,False,False
BHROT27_nh2oh_ecl,False,True,False,False
BHROT27_nh2oh_st1,False,True,False,False
BHROT27_nh2oh_st2,False,True,False,False
BHROT27_tmethane_0,False,True,False,False
BHROT27_tmethane_120,False,True,False,False
BHROT27_tmethane_180,False,True,False,False
BHROT27_tmethane_60,False,True,False,False
BSR36_c1,True,True,False,False
BSR36_c2,True,True,False,False
BSR36_c2h6,True,True,False,False
BSR36_c3,True,True,False,False
BSR36_c4,True,True,False,False
BSR36_c5,True,True,False,False
BSR36_ch4,True,True,False,False
BSR36_h1,True,True,False,False
BSR36_h10,True,True,False,False
BSR36_h11,True,True,False,False
BSR36_h12,True,True,False,False
BSR36_h13,True,True,False,False
BSR36_h14,True,True,False,False
BSR36_h15,True,True,False,False
BSR36_h2,True,True,False,False
BSR36_h3,True,True,False,False
BSR36_h4,True,True,False,False
BSR36_h5,True,True,False,False
BSR36_h6,True,True,False,False
BSR36_h7,True,True,False,False
BSR36_h8,True,True,False,False
BSR36_h9,True,True,False,False
BSR36_r1,True,True,False,False
BSR36_r10,True,True,False,False
BSR36_r11,True,True,False,False
BSR36_r12,True,True,False,False
BSR36_r13,True,True,False,False
BSR36_r14,True,True,False,False
BSR36_r15,True,True,False,False
BSR36_r16,True,True,False,False
BSR36_r2,True,True,False,False
BSR36_r3,True,True,False,False
BSR36_r4,True,True,False,False
BSR36_r5,True,True,False,False
BSR36_r6,True,True,False,False
BSR36_r7,True,True,False,False
BSR36_r8,True,True,False,False
BSR36_r9,True,True,False,False
BUT14DIOL_B1,True,True,False,False
BUT14DIOL_B10,True,True,False,False
BUT14DIOL_B11,False,True,False,False
BUT14DIOL_B12,False,True,False,False
BUT14DIOL_B13,False,True,False,False
BUT14DIOL_B14,False,True,False,False
BUT14DIOL_B15,True,True,False,False
BUT14DIOL_B16,False,True,False,False
BUT14DIOL_B17,False,True,False,False
BUT14DIOL_B18,True,True,False,False
BUT14DIOL_B19,False,True,False,False
BUT14DIOL_B2,False,True,False,False
BUT14DIOL_B20,False,True,False,False
BUT14DIOL_B21,False,True,False,False
BUT14DIOL_B22,False,True,False,False
BUT14DIOL_B23,False,True,False,False
BUT14DIOL_B24,False,True,False,False
BUT14DIOL_B25,False,True,False,False
BUT14DIOL_B26,True,True,False,False
BUT14DIOL_B27,False,True,False,False
BUT14DIOL_B28,False,True,False,False
BUT14DIOL_B29,False,True,False,False
BUT14DIOL_B3,False,True,False,False
BUT14DIOL_B30,False,True,False,False
BUT14DIOL_B31,False,True,False,False
BUT14DIOL_B32,False,True,False,False
BUT14DIOL_B33,False,True,False,False
BUT14DIOL_B34,False,True,False,False
BUT14DIOL_B35,False,True,False,False
BUT14DIOL_B36,False,True,False,False
BUT14DIOL_B37,False,True,False,False
BUT14DIOL_B38,True,True,False,False
BUT14DIOL_B39,True,True,False,False
BUT14DIOL_B4,True,True,False,False
BUT14DIOL_B40,False,True,False,False
BUT14DIOL_B41,True,True,False,False
BUT14DIOL_B42,False,True,False,False
BUT14DIOL_B43,False,True,False,False
BUT14DIOL_B44,True,True,False,False
BUT14DIOL_B45,False,True,False,False
BUT14DIOL_B46,False,True,False,False
BUT14DIOL_B47,True,True,False,False
BUT14DIOL_B48,True,True,False,False
BUT14DIOL_B49,False,True,False,False
BUT14DIOL_B5,True,True,False,False
BUT14DIOL_B50,False,True,False,False
BUT14DIOL_B51,False,True,False,False
BUT14DIOL_B52,False,True,False,False
BUT14DIOL_B53,False,True,False,False
BUT14DIOL_B54,False,True,False,False
BUT14DIOL_B55,False,True,False,False
BUT14DIOL_B56,False,True,False,False
BUT14DIOL_B57,False,True,False,False
BUT14DIOL_B58,False,True,False,False
BUT14DIOL_B59,True,True,False,False
BUT14DIOL_B6,False,True,False,False
BUT14DIOL_B60,False,True,False,False
BUT14DIOL_B61,True,True,False,False
BUT14DIOL_B62,False,True,False,False
BUT14DIOL_B63,False,True,False,False
BUT14DIOL_B64,False,True,False,False
BUT14DIOL_B65,False,True,False,False
BUT14DIOL_B7,False,True,False,False
BUT14DIOL_B8,False,True,False,False
BUT14DIOL_B9,False,True,False,False
C60ISO_1,False,True,False,True
C60ISO_10,False,True,False,False
C60ISO_2,False,True,False,False
C60ISO_3,False,True,False,False
C60ISO_4,False,True,False,False
C60ISO_5,False,False,False,True
C60ISO_6,False,True,False,False
C60ISO_7,False,True,False,False
C60ISO_8,False,False,False,True
C60ISO_9,False,True,False,False
CARBHB12_1CL,False,False,False,True
CARBHB12_1CL_A,False,False,False,True
CARBHB12_1CL_B,False,False,False,True
CARBHB12_1N,False,False,False,True
CARBHB12_1N_A,False,False,False,True
CARBHB12_1N_B,False,False,False,True
CARBHB12_1O,False,False,False,True
CARBHB12_1O_A,False,False,False,True
CARBHB12_1O_B,False,False,False,True
CARBHB12_2CL,False,False,False,True
CARBHB12_2CL_A,False,False,False,True
CARBHB12_2CL_B,False,False,False,True
CARBHB12_2N,False,True,False,False
CARBHB12_2N_A,False,True,False,False
CARBHB12_2N_B,False,True,False,False
CARBHB12_2O,False,True,False,False
CARBHB12_2O_A,False,True,False,False
CARBHB12_2O_B,False,True,False,False
CARBHB12_3CL,False,True,False,False
CARBHB12_3CL_A,False,True,False,False
CARBHB12_3CL_B,False,True,False,False
CARBHB12_3N,False,True,False,False
CARBHB12_3N_A,False,True,False,False
CARBHB12_3N_B,False,True,False,False
CARBHB12_3O,False,True,False,False
CARBHB12_3O_A,False,True,False,False
CARBHB12_3O_B,False,True,False,False
CARBHB12_4CL,False,True,False,False
CARBHB12_4CL_A,False,True,False,False
CARBHB12_4CL_B,False,True,False,False
CARBHB12_4N,False,True,False,False
CARBHB12_4N_A,False,True,False,False
CARBHB12_4N_B,False,True,False,False
CARBHB12_4O,False,True,False,False
CARBHB12_4O_A,False,True,False,False
CARBHB12_4O_B,False,True,False,False
CHB6_22,False,True,False,False
CHB6_22A,False,True,False,False
CHB6_22B,False,True,False,False
CHB6_23,False,True,False,False
CHB6_23A,False,True,False,False
CHB6_23B,False,True,False,False
CHB6_24,False,True,False,False
CHB6_24A,False,True,False,False
CHB6_24B,False,True,False,False
CHB6_25,False,True,False,False
CHB6_25A,False,True,False,False
CHB6_25B,False,True,False,False
CHB6_26,False,True,False,False
CHB6_26A,False,True,False,False
CHB6_26B,False,True,False,False
CHB6_27,False,True,False,False
CHB6_27A,False,True,False,False
CHB6_27B,False,True,False,False
CUAGAU2_A001_H,False,True,False,True
CUAGAU2_A003_O,False,True,False,True
CUAGAU2_A004_NH3,False,True,False,True
CUAGAU2_A005_CO,False,True,False,True
CUAGAU2_M001_Cu,False,True,False,True
CUAGAU2_M002_Ag,False,True,False,True
CUAGAU2_M003_Au,False,True,False,True
CUAGAU2_M013_CuO,False,True,False,False
CUAGAU2_M014_AgO,False,True,False,False
CUAGAU2_M015_AuO,False,True,False,False
CUAGAU2_M022_Cu5-i0,False,True,False,False
CUAGAU2_M023_Ag5-i0,False,True,False,False
CUAGAU2_M024_Au5-i0,False,True,False,False
CUAGAU2_M025_Cu6-i0,False,False,False,True
CUAGAU2_M026_Ag6-i0,False,False,False,True
CUAGAU2_M027_Au6-i0,False,False,False,True
CUAGAU2_M031_Cu4-c2,False,True,False,False
CUAGAU2_M032_Ag4-c2,False,True,False,False
CUAGAU2_M033_Au4-c2,False,True,False,False
CUAGAU2_M034_Cu5-c1-i0,False,True,False,True
CUAGAU2_M035_Ag5-c1-i0,False,True,False,True
CUAGAU2_M036_Au5-c1-i0,False,True,False,True
CUAGAU2_M037_Cu5-c2-i0,False,True,False,False
CUAGAU2_M038_Ag5-c2-i0,False,True,False,False
CUAGAU2_M039_Au5-c2-i0,False,True,False,False
CUAGAU2_M040_Cu6-c1-i0,False,True,False,True
CUAGAU2_M041_Ag6-c1-i0,False,True,False,True
CUAGAU2_M042_Au6-c1-i0,False,True,False,True
CUAGAU2_M043_Cu6-c2-i0,False,False,False,True
CUAGAU2_M044_Ag6-c2-i0,False,False,False,True
CUAGAU2_M045_Ag6-c2-i0,False,False,False,True
CUAGAU2_M049_Cu5-i1,False,True,False,False
CUAGAU2_M050_Ag5-i1,False,True,False,False
CUAGAU2_M051_Au5-i1,False,True,False,False
CUAGAU2_M052_Cu6-i1,False,False,False,True
CUAGAU2_M053_Ag6-i1,False,False,False,True
CUAGAU2_M054_Au6-i1,False,False,False,True
CUAGAU2_M058_Cu5-c1-i1,False,False,False,True
CUAGAU2_M059_Ag5-c1-i1,False,False,False,True
CUAGAU2_M060_Au5-c1-i1,False,False,False,True
CUAGAU2_M061_Cu6-c1-i1,False,True,False,False
CUAGAU2_M062_Ag6-c1-i1,False,True,False,False
CUAGAU2_M063_Au6-c1-i1,False,True,False,False
CUAGAU2_M064_Cu5-c2-i1,False,True,False,False
CUAGAU2_M065_Ag5-c2-i1,False,True,False,False
CUAGAU2_M066_Au5-c2-i1,False,True,False,False
CUAGAU2_M067_Cu6-c2-i1,False,False,False,True
CUAGAU2_M068_Ag6-c2-i1,False,False,False,True
CUAGAU2_M069_Au6-c2-i1,False,False,False,True
CUAGAU2_M079_Cu4-c2-O-i0,False,False,False,True
CUAGAU2_M080_Ag4-c2-O-i0,False,False,False,True
CUAGAU2_M081_Au4-c2-O-i0,False,True,False,False
CUAGAU2_M082_Cu4-c2-O-i1,False,False,False,True
CUAGAU2_M083_Ag4-c2-O-i1,False,False,False,True
CUAGAU2_M084_Au4-c2-O-i1,False,True,False,False
CUAGAU2_M085_Cu4-c2-O-i2,False,True,False,True
CUAGAU2_M086_Ag4-c2-O-i2,False,True,False,True
CUAGAU2_M087_Au4-c2-O-i2,False,True,False,False
CUAGAU2_M094_Cu4-c2-CO-i0,False,True,False,False
CUAGAU2_M095_Ag4-c2-CO-i0,False,True,False,False
CUAGAU2_M096_Au4-c2-CO-i0,False,True,False,False
CUAGAU2_M097_Cu4-c2-CO-i1,False,True,False,False
CUAGAU2_M098_Ag4-c2-CO-i1,False,True,False,False
CUAGAU2_M099_Au4-c2-CO-i1,False,True,False,False
CUAGAU2_M100_Cu4-c2-CO-i2,False,True,False,False
CUAGAU2_M101_Ag4-c2-CO-i2,False,True,False,False
CUAGAU2_M102_Au4-c2-CO-i2,False,True,False,False
CUAGAU2_M103_Cu5-c2-H,False,True,False,False
CUAGAU2_M104_Ag5-c2-H,False,True,False,False
CUAGAU2_M105_Au5-c2-H,False,True,False,False
CUAGAU2_M106_Cu6-c2-H,False,False,False,True
CUAGAU2_M107_Ag6-c2-H,False,False,False,True
CUAGAU2_M108_Au6-c2-H,False,False,False,True
CUAGAU2_M109_Cu5-c2-O,False,True,False,False
CUAGAU2_M110_Ag5-c2-O,False,True,False,False
CUAGAU2_M111_Au5-c2-O,False,True,False,False
CUAGAU2_M112_Cu6-c2-O,False,False,False,True
CUAGAU2_M113_Ag6-c2-O,False,False,False,True
CUAGAU2_M114_Au6-c2-O,False,False,False,True
CUAGAU2_M115_Cu5-c2-NH3,False,True,False,False
CUAGAU2_M116_Ag5-c2-NH3,False,True,False,False
CUAGAU2_M117_Au5-c2-NH3,False,True,False,False
CUAGAU2_M118_Cu6-c2-NH3,False,False,False,True
CUAGAU2_M119_Ag6-c2-NH3,False,False,False,True
CUAGAU2_M120_Au6-c2-NH3,False,False,False,True
CUAGAU2_M121_Cu5-c2-CO,False,True,False,False
CUAGAU2_M122_Ag5-c2-CO,False,True,False,False
CUAGAU2_M123_Au5-c2-CO,False,True,False,False
CUAGAU2_M124_Cu6-c2-CO,False,False,False,True
CUAGAU2_M125_Ag6-c2-CO,False,False,False,True
CUAGAU2_M126_Au6-c2-CO,False,False,False,True
CUAGAU_Ag01N0,True,True,False,False
CUAGAU_Ag01N0_F,True,True,False,False
CUAGAU_Ag01N0_H,True,True,False,False
CUAGAU_Ag02N0,True,True,False,False
CUAGAU_Ag03C1_D3H,False,False,False,True
CUAGAU_Ag03C1_LIN,False,False,False,True
CUAGAU_Ag03N0_D3H,True,True,False,False
CUAGAU_Ag03N0_LIN,True,True,False,True
CUAGAU_Ag04C2,True,True,False,False
CUAGAU_Ag04C2_H_A,True,True,False,False
CUAGAU_Ag04C2_H_E,True,True,False,False
CUAGAU_Ag04C2_H_F,True,True,False,False
CUAGAU_Ag04C2_NH3_A,True,True,False,False
CUAGAU_Ag04C2_NH3_F,True,True,False,False
CUAGAU_Ag04N0,True,True,False,False
CUAGAU_Au01N0,True,True,False,False
CUAGAU_Au01N0_F,True,True,False,False
CUAGAU_Au01N0_H,True,True,False,False
CUAGAU_Au02N0,True,True,False,False
CUAGAU_Au03C1_D3H,False,False,False,True
CUAGAU_Au03C1_LIN,False,False,False,True
CUAGAU_Au03N0_D3H,True,True,False,False
CUAGAU_Au03N0_LIN,True,True,False,True
CUAGAU_Au04C2,True,True,False,False
CUAGAU_Au04C2_H_A,True,True,False,False
CUAGAU_Au04C2_H_E,True,True,False,False
CUAGAU_Au04C2_H_F,True,True,False,False
CUAGAU_Au04C2_NH3_A,True,True,False,False
CUAGAU_Au04C2_NH3_F,True,True,False,False
CUAGAU_Au04N0,True,True,False,False
CUAGAU_Cu01N0,True,True,False,False
CUAGAU_Cu01N0_F,True,True,False,False
CUAGAU_Cu01N0_H,True,True,False,False
CUAGAU_Cu02N0,True,True,False,False
CUAGAU_Cu03C1_D3H,False,False,False,True
CUAGAU_Cu03C1_LIN,False,False,False,True
CUAGAU_Cu03N0_D3H,True,True,False,False
CUAGAU_Cu03N0_LIN,True,True,False,True
CUAGAU_Cu04C2,True,True,False,False
CUAGAU_Cu04C2_H_A,True,True,False,False
CUAGAU_Cu04C2_H_E,True,True,False,False
CUAGAU_Cu04C2_H_F,True,True,False,False
CUAGAU_Cu04C2_NH3_A,True,True,False,False
CUAGAU_Cu04C2_NH3_F,True,True,False,False
CUAGAU_Cu04N0,True,True,False,False
CUAGAU_F,True,True,False,False
CUAGAU_H,True,True,False,False
CUAGAU_NH3,True,True,False,False
DAPD_Al,False,True,False,False
DAPD_B,False,True,False,False
DAPD_C,False,True,False,False
DAPD_Cl,False,True,False,False
DAPD_F,False,True,False,False
DAPD_H,False,True,False,False
DAPD_N,False,True,False,False
DAPD_O,False,True,False,False
DAPD_P,False,True,False,False
DAPD_Pd,False,True,False,False
DAPD_Pd2,False,True,False,False
DAPD_PdAl,False,True,False,False
DAPD_PdB,False,True,False,False
DAPD_PdC,False,True,False,False
DAPD_PdCl,False,True,False,False
DAPD_PdF,False,True,False,False
DAPD_PdH,False,True,False,False
DAPD_PdN,False,True,False,False
DAPD_PdO,False,True,False,False
DAPD_PdP,False,True,False,False
DAPD_PdS,False,True,False,False
DAPD_PdSi,False,True,False,False
DAPD_S,False,True,False,False
DAPD_Si,False,True,False,False
DARC_P1,False,True,False,False
DARC_P10,False,True,False,False
DARC_P10X,False,True,False,False
DARC_P2,False,True,False,False
DARC_P3,False,True,False,False
DARC_P4,False,True,False,False
DARC_P5,False,True,False,False
DARC_P6,False,True,False,False
DARC_P7,False,True,False,False
DARC_P7X,False,True,False,False
DARC_P8,False,True,False,False
DARC_P8X,False,True,False,False
DARC_P9,False,True,False,False
DARC_P9X,False,True,False,False
DARC_butadiene,False,True,False,False
DARC_chdiene,False,True,False,False
DARC_cpdiene,False,True,False,False
DARC_ethene,False,True,False,False
DARC_ethine,False,True,False,False
DARC_furane,False,True,False,False
DARC_malein,False,True,False,False
DARC_maleinNH,False,True,False,False
DC13_13dip,False,True,False,False
DC13_C6Cl6,False,True,False,False
DC13_C6H6,False,True,False,False
DC13_CL2,False,True,False,False
DC13_HCL,False,True,False,False
DC13_ISO_C8H8_1,False,True,False,False
DC13_ISO_C8H8_41,False,True,False,False
DC13_ISO_E35,False,True,False,False
DC13_ISO_E36,False,True,False,False
DC13_ISO_P35,False,True,False,False
DC13_ISO_P36,False,True,False,False
DC13_be,False,True,False,False
DC13_be4,False,True,False,False
DC13_c20bowl,False,True,False,False
DC13_c20cage,False,True,False,False
DC13_c2h2,False,True,False,False
DC13_c2h4,False,True,False,False
DC13_carbooxo1,False,True,False,False
DC13_carbooxo2,False,True,False,False
DC13_ch2n2,False,True,False,False
DC13_ethen,False,True,False,False
DC13_heptahexaene,False,True,False,False
DC13_heptatriyne,False,True,False,False
DC13_o3,False,True,False,False
DC13_o3_c2h2_add,False,True,False,False
DC13_o3_c2h4_add,False,True,False,False
DC13_omcb,False,True,False,False
DC13_s2,False,True,False,False
DC13_s8,False,True,False,False
DC13_tmethen,False,True,False,False
DIPCS10_be,True,True,False,False
DIPCS10_be_2+,True,True,False,False
DIPCS10_c2h4,True,True,False,False
DIPCS10_c2h4_2+,True,True,False,False
DIPCS10_c2h6,True,True,False,False
DIPCS10_c2h6_2+,True,True,False,False
DIPCS10_c4h4,True,True,False,False
DIPCS10_c4h4_2+,True,True,False,False
DIPCS10_ch2o,True,True,False,False
DIPCS10_ch2o_2+,True,True,False,False
DIPCS10_h2s,False,False,False,True
DIPCS10_h2s_2+,False,False,False,True
DIPCS10_mg,True,True,False,False
DIPCS10_mg_2+,True,True,False,False
DIPCS10_n2h2,True,True,False,False
DIPCS10_n2h2_2+,True,True,False,False
DIPCS10_nh3,True,True,False,False
DIPCS10_nh3_2+,True,True,False,False
DIPCS10_ph3,True,True,False,False
DIPCS10_ph3_2+,True,True,False,False
Dip146_AlF2+,True,True,False,False
Dip146_AlF2-,True,True,False,False
Dip146_AlH22+,False,True,False,False
Dip146_AlH22-,False,True,False,False
Dip146_BF2+,True,True,False,False
Dip146_BF2-,True,True,False,False
Dip146_BH2+,False,True,False,False
Dip146_BH2-,False,True,False,False
Dip146_BH22+,False,True,False,False
Dip146_BH22-,False,True,False,False
Dip146_BH2Cl2+,True,True,False,False
Dip146_BH2Cl2-,True,True,False,False
Dip146_BH2F2+,False,True,False,False
Dip146_BH2F2-,False,True,False,False
Dip146_BHCl22+,False,True,False,False
Dip146_BHCl22-,False,True,False,False
Dip146_BHF22+,True,True,False,False
Dip146_BHF22-,True,True,False,False
Dip146_BN2+,False,True,False,False
Dip146_BN2-,False,True,False,False
Dip146_BO2+,False,True,False,False
Dip146_BO2-,False,True,False,False
Dip146_BS2+,True,True,False,False
Dip146_BS2-,True,True,False,False
Dip146_BeH2+,False,True,False,False
Dip146_BeH2-,False,True,False,False
Dip146_C2H2+,False,True,False,False
Dip146_C2H2-,False,True,False,False
Dip146_C2H30+,False,True,False,False
Dip146_C2H30-,False,True,False,False
Dip146_C2H31+,True,True,False,False
Dip146_C2H31-,True,True,False,False
Dip146_C2H50+,False,True,False,False
Dip146_C2H50-,False,True,False,False
Dip146_C2H51+,False,True,False,False
Dip146_C2H51-,False,True,False,False
Dip146_CF2+,True,True,False,False
Dip146_CF2-,True,True,False,False
Dip146_CF22+,False,True,False,False
Dip146_CF22-,False,True,False,False
Dip146_CH2+,False,True,False,False
Dip146_CH2-,False,True,False,False
Dip146_CH2BH2+,True,True,False,False
Dip146_CH2BH2-,True,True,False,False
Dip146_CH2BOH0+,False,True,False,False
Dip146_CH2BOH0-,False,True,False,False
Dip146_CH2BOH2+,False,True,False,False
Dip146_CH2BOH2-,False,True,False,False
Dip146_CH2F0+,True,True,False,False
Dip146_CH2F0-,True,True,False,False
Dip146_CH2F1+,False,True,False,False
Dip146_CH2F1-,False,True,False,False
Dip146_CH2NH0+,False,True,False,False
Dip146_CH2NH0-,False,True,False,False
Dip146_CH2NH2+,True,True,False,False
Dip146_CH2NH2-,True,True,False,False
Dip146_CH2PH0+,False,True,False,False
Dip146_CH2PH0-,False,True,False,False
Dip146_CH2PH2+,False,True,False,False
Dip146_CH2PH2-,False,True,False,False
Dip146_CH3BH21+,False,True,False,False
Dip146_CH3BH21-,False,True,False,False
Dip146_CH3BO2+,True,True,False,False
Dip146_CH3BO2-,True,True,False,False
Dip146_CH3Cl2+,False,True,False,False
Dip146_CH3Cl2-,False,True,False,False
Dip146_CH3F2+,False,True,False,False
Dip146_CH3F2-,False,True,False,False
Dip146_CH3Li2+,True,True,False,False
Dip146_CH3Li2-,True,True,False,False
Dip146_CH3NH20+,False,True,False,False
Dip146_CH3NH20-,False,True,False,False
Dip146_CH3NH21+,False,True,False,False
Dip146_CH3NH21-,False,True,False,False
Dip146_CH3O2+,True,True,False,False
Dip146_CH3O2-,True,True,False,False
Dip146_CH3OH0+,False,True,False,False
Dip146_CH3OH0-,False,True,False,False
Dip146_CH3OH1+,False,True,False,False
Dip146_CH3OH1-,False,True,False,False
Dip146_CH3SH0+,True,True,False,False
Dip146_CH3SH0-,True,True,False,False
Dip146_CH3SH1+,False,True,False,False
Dip146_CH3SH1-,False,True,False,False
Dip146_CH3SH2+,False,True,False,False
Dip146_CH3SH2-,False,True,False,False
Dip146_CN2+,True,True,False,False
Dip146_CN2-,True,True,False,False
Dip146_CS2+,False,True,False,False
Dip146_CS2-,False,True,False,False
Dip146_CSO2+,False,True,False,False
Dip146_CSO2-,False,True,False,False
Dip146_ClCN2+,True,True,False,False
Dip146_ClCN2-,True,True,False,False
Dip146_ClF2+,False,True,False,False
Dip146_ClF2-,False,True,False,False
Dip146_ClO22+,False,True,False,False
Dip146_ClO22-,False,True,False,False
Dip146_FCN2+,True,True,False,False
Dip146_FCN2-,True,True,False,False
Dip146_FCO0+,False,True,False,False
Dip146_FCO0-,False,True,False,False
Dip146_FCO1+,False,True,False,False
Dip146_FCO1-,False,True,False,False
Dip146_FH-BH22+,True,True,False,False
Dip146_FH-BH22-,True,True,False,False
Dip146_FH-NH22+,False,True,False,False
Dip146_FH-NH22-,False,True,False,False
Dip146_FH-OH0+,False,True,False,False
Dip146_FH-OH0-,False,True,False,False
Dip146_FH-OH2+,True,True,False,False
Dip146_FH-OH2-,True,True,False,False
Dip146_FNO0+,False,True,False,False
Dip146_FNO0-,False,True,False,False
Dip146_FNO1+,False,True,False,False
Dip146_FNO1-,False,True,False,False
Dip146_H2CN2+,True,True,False,False
Dip146_H2CN2-,True,True,False,False
Dip146_H2O-Al0+,False,True,False,False
Dip146_H2O-Al0-,False,True,False,False
Dip146_H2O-Al1+,True,True,False,False
Dip146_H2O-Al1-,True,True,False,False
Dip146_H2O-Al2+,False,True,False,False
Dip146_H2O-Al2-,False,True,False,False
Dip146_H2O-Cl0+,False,True,False,False
Dip146_H2O-Cl0-,False,True,False,False
Dip146_H2O-Cl1+,True,True,False,False
Dip146_H2O-Cl1-,True,True,False,False
Dip146_H2O-Cl2+,False,True,False,False
Dip146_H2O-Cl2-,False,True,False,False
Dip146_H2O-F0+,False,True,False,False
Dip146_H2O-F0-,False,True,False,False
Dip146_H2O-F1+,True,True,False,False
Dip146_H2O-F1-,True,True,False,False
Dip146_H2O-F2+,False,True,False,False
Dip146_H2O-F2-,False,True,False,False
Dip146_H2O-H2O0+,False,True,False,False
Dip146_H2O-H2O0-,False,True,False,False
Dip146_H2O-H2O2+,True,True,False,False
Dip146_H2O-H2O2-,True,True,False,False
Dip146_H2O-Li1+,False,True,False,False
Dip146_H2O-Li1-,False,True,False,False
Dip146_H2O-Li2+,False,True,False,False
Dip146_H2O-Li2-,False,True,False,False
Dip146_H2O-NH30+,True,True,False,False
Dip146_H2O-NH30-,True,True,False,False
Dip146_H2O-NH31+,False,True,False,False
Dip146_H2O-NH31-,False,True,False,False
Dip146_H2O2+,False,True,False,False
Dip146_H2O2-,False,True,False,False
Dip146_H2S-H2S0+,False,True,False,False
Dip146_H2S-H2S0-,False,True,False,False
Dip146_H2S-H2S1+,True,True,False,False
Dip146_H2S-H2S1-,True,True,False,False
Dip146_H2S-HCl0+,False,True,False,False
Dip146_H2S-HCl0-,False,True,False,False
Dip146_H2S-HCl2+,False,True,False,False
Dip146_H2S-HCl2-,False,True,False,False
Dip146_HBH2BH2+,True,True,False,False
Dip146_HBH2BH2-,True,True,False,False
Dip146_HBO2+,False,True,False,False
Dip146_HBO2-,False,True,False,False
Dip146_HBS2+,False,True,False,False
Dip146_HBS2-,False,True,False,False
Dip146_HCCCl2+,True,True,False,False
Dip146_HCCCl2-,True,True,False,False
Dip146_HCCF2+,False,True,False,False
Dip146_HCCF2-,False,True,False,False
Dip146_HCHO2+,False,True,False,False
Dip146_HCHO2-,False,True,False,False
Dip146_HCHS2+,True,True,False,False
Dip146_HCHS2-,True,True,False,False
Dip146_HCN2+,False,True,False,False
Dip146_HCN2-,False,True,False,False
Dip146_HCNO0+,False,True,False,False
Dip146_HCNO0-,False,True,False,False
Dip146_HCNO1+,True,True,False,False
Dip146_HCNO1-,True,True,False,False
Dip146_HCO0+,False,True,False,False
Dip146_HCO0-,False,True,False,False
Dip146_HCO1+,False,True,False,False
Dip146_HCO1-,False,True,False,False
Dip146_HCOF0+,True,True,False,False
Dip146_HCOF0-,True,True,False,False
Dip146_HCOF1+,False,True,False,False
Dip146_HCOF1-,False,True,False,False
Dip146_HCONH20+,False,True,False,False
Dip146_HCONH20-,False,True,False,False
Dip146_HCONH21+,True,True,False,False
Dip146_HCONH21-,True,True,False,False
Dip146_HCOOH0+,False,True,False,False
Dip146_HCOOH0-,False,True,False,False
Dip146_HCP2+,False,True,False,False
Dip146_HCP2-,False,True,False,False
Dip146_HCl-HCl0+,False,True,False,False
Dip146_HCl-HCl0-,False,True,False,False
Dip146_HCl-HCl1+,True,True,False,False
Dip146_HCl-HCl1-,True,True,False,False
Dip146_HCl2+,False,True,False,False
Dip146_HCl2-,False,True,False,False
Dip146_HF-HF0+,False,True,False,False
Dip146_HF-HF0-,False,True,False,False
Dip146_HF-HF1+,False,True,False,False
Dip146_HF-HF1-,False,True,False,False
Dip146_HF2+,True,True,False,False
Dip146_HF2-,True,True,False,False
Dip146_HN30+,True,True,False,False
Dip146_HN30-,True,True,False,False
Dip146_HN31+,False,True,False,False
Dip146_HN31-,False,True,False,False
Dip146_HNC2+,False,True,False,False
Dip146_HNC2-,False,True,False,False
Dip146_HNCO0+,True,True,False,False
Dip146_HNCO0-,True,True,False,False
Dip146_HNCO1+,False,True,False,False
Dip146_HNCO1-,False,True,False,False
Dip146_HNO0+,False,True,False,False
Dip146_HNO0-,False,True,False,False
Dip146_HNO2+,True,True,False,False
Dip146_HNO2-,True,True,False,False
Dip146_HNO20+,False,True,False,False
Dip146_HNO20-,False,True,False,False
Dip146_HNO21+,False,True,False,False
Dip146_HNO21-,False,True,False,False
Dip146_HNS1+,True,True,False,False
Dip146_HNS1-,True,True,False,False
Dip146_HO20+,False,True,False,False
Dip146_HO20-,False,True,False,False
Dip146_HO21+,False,True,False,False
Dip146_HO21-,False,True,False,False
Dip146_HOCN0+,False,True,False,False
Dip146_HOCN0-,False,True,False,False
Dip146_HOCN1+,True,True,False,False
Dip146_HOCN1-,True,True,False,False
Dip146_HOCl0+,True,True,False,False
Dip146_HOCl0-,True,True,False,False
Dip146_HOCl2+,False,True,False,False
Dip146_HOCl2-,False,True,False,False
Dip146_HOF0+,False,True,False,False
Dip146_HOF0-,False,True,False,False
Dip146_HOF2+,False,True,False,False
Dip146_HOF2-,False,True,False,False
Dip146_HOOH2+,True,True,False,False
Dip146_HOOH2-,True,True,False,False
Dip146_HPO0+,False,True,False,False
Dip146_HPO0-,False,True,False,False
Dip146_HPO1+,False,True,False,False
Dip146_HPO1-,False,True,False,False
Dip146_LiBH42+,True,True,False,False
Dip146_LiBH42-,True,True,False,False
Dip146_LiCN0+,False,True,False,False
Dip146_LiCN0-,False,True,False,False
Dip146_LiCN1+,True,True,False,False
Dip146_LiCN1-,True,True,False,False
Dip146_LiCl2+,False,True,False,False
Dip146_LiCl2-,False,True,False,False
Dip146_LiF2+,False,True,False,False
Dip146_LiF2-,False,True,False,False
Dip146_LiH2+,False,True,False,False
Dip146_LiH2-,False,True,False,False
Dip146_LiN2+,True,True,False,False
Dip146_LiN2-,True,True,False,False
Dip146_LiOH2+,False,True,False,False
Dip146_LiOH2-,False,True,False,False
Dip146_N2H22+,False,True,False,False
Dip146_N2H22-,False,True,False,False
Dip146_N2H42+,True,True,False,False
Dip146_N2H42-,True,True,False,False
Dip146_NCO2+,True,True,False,False
Dip146_NCO2-,True,True,False,False
Dip146_NCl2+,False,True,False,False
Dip146_NCl2-,False,True,False,False
Dip146_NF22+,False,True,False,False
Dip146_NF22-,False,True,False,False
Dip146_NH2+,False,True,False,False
Dip146_NH2-,False,True,False,False
Dip146_NH22+,True,True,False,False
Dip146_NH22-,True,True,False,False
Dip146_NH2Cl0+,False,True,False,False
Dip146_NH2Cl0-,False,True,False,False
Dip146_NH2Cl1+,False,True,False,False
Dip146_NH2Cl1-,False,True,False,False
Dip146_NH2F0+,True,True,False,False
Dip146_NH2F0-,True,True,False,False
Dip146_NH2F1+,False,True,False,False
Dip146_NH2F1-,False,True,False,False
Dip146_NH2OH1+,False,True,False,False
Dip146_NH2OH1-,False,True,False,False
Dip146_NH3-BH32+,False,True,False,False
Dip146_NH3-BH32-,False,True,False,False
Dip146_NH3-NH30+,False,True,False,False
Dip146_NH3-NH30-,False,True,False,False
Dip146_NH3-NH32+,True,True,False,False
Dip146_NH3-NH32-,True,True,False,False
Dip146_NH32+,True,True,False,False
Dip146_NH32-,True,True,False,False
Dip146_NH3O2+,False,True,False,False
Dip146_NH3O2-,False,True,False,False
Dip146_NO2+,False,True,False,False
Dip146_NO2-,False,True,False,False
Dip146_NO22+,True,True,False,False
Dip146_NO22-,True,True,False,False
Dip146_NOCl0+,False,True,False,False
Dip146_NOCl0-,False,True,False,False
Dip146_NOCl1+,False,True,False,False
Dip146_NOCl1-,False,True,False,False
Dip146_NP2+,True,True,False,False
Dip146_NP2-,True,True,False,False
Dip146_NS2+,False,True,False,False
Dip146_NS2-,False,True,False,False
Dip146_NaCN0+,False,True,False,False
Dip146_NaCN0-,False,True,False,False
Dip146_NaCN1+,True,True,False,False
Dip146_NaCN1-,True,True,False,False
Dip146_NaCl2+,False,True,False,False
Dip146_NaCl2-,False,True,False,False
Dip146_NaF2+,False,True,False,False
Dip146_NaF2-,False,True,False,False
Dip146_NaH2+,False,True,False,False
Dip146_NaH2-,False,True,False,False
Dip146_NaLi2+,True,True,False,False
Dip146_NaLi2-,True,True,False,False
Dip146_NaOH2+,False,True,False,False
Dip146_NaOH2-,False,True,False,False
Dip146_O32+,False,True,False,False
Dip146_O32-,False,True,False,False
Dip146_OCl2+,True,True,False,False
Dip146_OCl2-,True,True,False,False
Dip146_OCl22+,False,True,False,False
Dip146_OCl22-,False,True,False,False
Dip146_OF22+,False,True,False,False
Dip146_OF22-,False,True,False,False
Dip146_OH2+,True,True,False,False
Dip146_OH2-,True,True,False,False
Dip146_P2H42+,False,True,False,False
Dip146_P2H42-,False,True,False,False
Dip146_PCl2+,False,True,False,False
Dip146_PCl2-,False,True,False,False
Dip146_PF2+,True,True,False,False
Dip146_PF2-,True,True,False,False
Dip146_PH2+,False,True,False,False
Dip146_PH2-,False,True,False,False
Dip146_PH22+,False,True,False,False
Dip146_PH22-,False,True,False,False
Dip146_PH2OH0+,True,True,False,False
Dip146_PH2OH0-,True,True,False,False
Dip146_PH32+,False,True,False,False
Dip146_PH32-,False,True,False,False
Dip146_PH3O2+,False,True,False,False
Dip146_PH3O2-,False,True,False,False
Dip146_PO2+,True,True,False,False
Dip146_PO2-,True,True,False,False
Dip146_PO22+,False,True,False,False
Dip146_PO22-,False,True,False,False
Dip146_PPO2+,False,True,False,False
Dip146_PPO2-,False,True,False,False
Dip146_PS2+,True,True,False,False
Dip146_PS2-,True,True,False,False
Dip146_S2H22+,False,True,False,False
Dip146_S2H22-,False,True,False,False
Dip146_SCl22+,False,True,False,False
Dip146_SCl22-,False,True,False,False
Dip146_SF2+,True,True,False,False
Dip146_SF2-,True,True,False,False
Dip146_SF22+,False,True,False,False
Dip146_SF22-,False,True,False,False
Dip146_SH2+,False,True,False,False
Dip146_SH2-,False,True,False,False
Dip146_SH22+,True,True,False,False
Dip146_SH22-,True,True,False,False
Dip146_SO-trip2+,False,True,False,False
Dip146_SO-trip2-,False,True,False,False
Dip146_SO22+,False,True,False,False
Dip146_SO22-,False,True,False,False
Dip146_SiH3Cl2+,False,True,False,False
Dip146_SiH3Cl2-,False,True,False,False
Dip146_SiH3F2+,False,True,False,False
Dip146_SiH3F2-,False,True,False,False
Dip146_SiO2+,True,True,False,False
Dip146_SiO2-,True,True,False,False
EA50_Al,False,True,False,False
EA50_Al2,False,True,False,False
EA50_Al2_n,False,True,False,False
EA50_AlO,False,True,False,False
EA50_AlO2,False,True,False,False
EA50_AlO2_n,False,True,False,False
EA50_AlO_n,False,True,False,False
EA50_Al_n,False,True,False,False
EA50_As,False,True,False,False
EA50_As_n,False,True,False,False
EA50_B,False,True,False,False
EA50_BH3,False,True,False,False
EA50_BH3_n,False,True,False,False
EA50_BO,False,True,False,False
EA50_BO2,False,True,False,False
EA50_BO2_n,False,True,False,False
EA50_BO_n,False,True,False,False
EA50_B_n,False,True,False,False
EA50_BeH,False,True,False,False
EA50_BeH_n,False,True,False,False
EA50_Br,False,True,False,False
EA50_Br_n,False,True,False,False
EA50_C2H,False,True,False,False
EA50_C2H2,False,True,False,False
EA50_C2H2_n,False,True,False,False
EA50_C2H_n,False,True,False,False
EA50_C2O,False,True,False,False
EA50_C2O_n,False,True,False,False
EA50_C3,False,True,False,False
EA50_C3H3,False,True,False,False
EA50_C3H3_n,False,True,False,False
EA50_C3_n,False,True,False,False
EA50_CH,False,True,False,False
EA50_CH2CHO,False,True,False,False
EA50_CH2CHO_n,False,True,False,False
EA50_CH3,False,True,False,False
EA50_CH3C2,False,True,False,False
EA50_CH3C2_n,False,True,False,False
EA50_CH3O,False,True,False,False
EA50_CH3O_n,False,True,False,False
EA50_CH3_n,False,True,False,False
EA50_CH_n,False,True,False,False
EA50_CN,False,True,False,False
EA50_CN_n,False,True,False,False
EA50_Cl,False,True,False,False
EA50_ClO,False,True,False,False
EA50_ClO_n,False,True,False,False
EA50_Cl_n,False,True,False,False
EA50_FO,False,True,False,False
EA50_FO_n,False,True,False,False
EA50_Ga,False,True,False,False
EA50_Ga_n,False,True,False,False
EA50_Ge,False,True,False,False
EA50_Ge_n,False,True,False,False
EA50_HCNN,False,True,False,False
EA50_HCNN_n,False,True,False,False
EA50_HNO,False,True,False,False
EA50_HNO_n,False,True,False,False
EA50_Li,False,True,False,False
EA50_LiH,False,True,False,False
EA50_LiH_n,False,True,False,False
EA50_Li_n,False,True,False,False
EA50_NCH2,False,True,False,False
EA50_NCH2_n,False,True,False,False
EA50_NCO,False,True,False,False
EA50_NCO_n,False,True,False,False
EA50_NH2,False,True,False,False
EA50_NH2_n,False,True,False,False
EA50_Na,False,True,False,False
EA50_Na_n,False,True,False,False
EA50_O3,False,True,False,False
EA50_O3_n,False,True,False,False
EA50_OH,False,True,False,False
EA50_OH_n,False,True,False,False
EA50_P2,False,True,False,False
EA50_P2_n,False,True,False,False
EA50_PH,False,True,False,False
EA50_PH2,False,True,False,False
EA50_PH2_n,False,True,False,False
EA50_PH_n,False,True,False,False
EA50_PO2,False,True,False,False
EA50_PO2_n,False,True,False,False
EA50_S2,False,True,False,False
EA50_S2_n,False,True,False,False
EA50_SF,False,True,False,False
EA50_SF_n,False,True,False,False
EA50_SH,False,True,False,False
EA50_SH_n,False,True,False,False
EA50_SO,False,True,False,False
EA50_SO_n,False,True,False,False
EA50_Se,False,True,False,False
EA50_Se_n,False,True,False,False
EA50_SiF,False,True,False,False
EA50_SiF2,False,True,False,False
EA50_SiF2_n,False,True,False,False
EA50_SiF_n,False,True,False,False
EA50_SiH,False,True,False,False
EA50_SiH2,False,True,False,False
EA50_SiH2_n,False,True,False,False
EA50_SiH_n,False,True,False,False
FH51_1-hexene,False,True,False,False
FH51_1-pentene,False,True,False,False
FH51_1-pentyne,False,True,False,False
FH51_2-pentyne,False,True,False,False
FH51_3-hexene,False,True,False,False
FH51_3-methylpentane,False,True,False,False
FH51_C2H4OH_2,False,True,False,False
FH51_C2H5CCNCHCH3,False,True,False,False
FH51_C2H5CClCHCH3,False,True,False,False
FH51_C2H5CO2CH3,False,True,False,False
FH51_C2H5CO2H,False,True,False,False
FH51_C2H5CONH2,False,True,False,False
FH51_C2H5O_2,False,True,False,False
FH51_C3H7CHCO,False,True,False,False
FH51_C3H7CN,False,True,False,False
FH51_C3H7CO2C2H3,False,True,False,False
FH51_C3H7CO2H,False,True,False,False
FH51_C3H7CONH2,False,True,False,False
FH51_C3H7NCO,False,True,False,False
FH51_C3H7NH2,False,True,False,False
FH51_C3H7SH,False,True,False,False
FH51_C3H7S_2,False,True,False,False
FH51_C4H9CHO,False,True,False,False
FH51_C4H9CO2H,False,True,False,False
FH51_C4H9NCO,False,True,False,False
FH51_C4H9NH2,False,True,False,False
FH51_C4H9NHCONH2,False,True,False,False
FH51_C4H9NO2,False,True,False,False
FH51_C4H9ONO,False,True,False,False
FH51_C4H9SO2H,False,True,False,False
FH51_C4H9SO3H,False,True,False,False
FH51_C6H12O,False,True,False,False
FH51_CO,False,True,False,False
FH51_CO2,False,True,False,False
FH51_COCl2,False,True,False,False
FH51_CO_2NHC3H7_2,False,True,False,False
FH51_Cl2,False,True,False,False
FH51_H2,False,True,False,False
FH51_H2C-C5-CH2,False,True,False,False
FH51_H2CO,False,True,False,False
FH51_H2O,False,True,False,False
FH51_H2O2,False,True,False,False
FH51_H2S,False,True,False,False
FH51_HCN,False,True,False,False
FH51_HCO2C5H11,False,True,False,False
FH51_HCON_C2H5_2,False,True,False,False
FH51_HCl,False,True,False,False
FH51_Heptene,False,True,False,False
FH51_NH3,False,True,False,False
FH51_OS_C2H5_2,False,True,False,False
FH51_S_C2H5_2,False,True,False,False
FH51_ax-methylcyclohexene,False,True,False,False
FH51_butanediol,False,True,False,False
FH51_cis-2-pentene,False,True,False,False
FH51_diethylamine,False,True,False,False
FH51_diethyloxirane,False,True,False,False
FH51_dimethylbutane,False,True,False,False
FH51_dimethyloxirane,False,True,False,False
FH51_dimethylpyrrole,False,True,False,False
FH51_eq-methylcyclohexene,False,True,False,False
FH51_ethene,False,True,False,False
FH51_ethyl-g-butyrolactone,False,True,False,False
FH51_heptatriyne,False,True,False,False
FH51_hexandione,False,True,False,False
FH51_hexyne,False,True,False,False
FH51_methanol,False,True,False,False
FH51_methyl-d-valerolactone,False,True,False,False
FH51_methylcyclohexa-1-3-diene,False,True,False,False
FH51_methylcyclohexa-1-4-diene,False,True,False,False
FH51_methylcyclohexane,False,True,False,False
FH51_methylfuran,False,True,False,False
FH51_methylimidazole,False,True,False,False
FH51_methylpyrazole,False,True,False,False
FH51_methylpyridine,False,True,False,False
FH51_methylpyrrole,False,True,False,False
FH51_n-hexane,False,True,False,False
FH51_n-nonane,False,True,False,False
FH51_neo-hexane,False,True,False,False
FH51_pentadiene,False,True,False,False
FH51_pentanediol,False,True,False,False
FH51_pentanol,False,True,False,False
FH51_propylfuran,False,True,False,False
FH51_propyloxirane,False,True,False,False
FH51_propylthiophene,False,True,False,False
FH51_tetramethylpentane,False,True,False,False
FH51_toluene,False,True,False,False
FH51_trans-2-pentene,False,True,False,False
G21EA_EA_10,True,True,False,False
G21EA_EA_10n,True,True,False,False
G21EA_EA_11,True,True,False,False
G21EA_EA_11n,True,True,False,False
G21EA_EA_12,True,True,False,False
G21EA_EA_12n,True,True,False,False
G21EA_EA_13,True,True,False,False
G21EA_EA_13n,True,True,False,False
G21EA_EA_14,True,True,False,False
G21EA_EA_14n,True,True,False,False
G21EA_EA_15,True,True,False,False
G21EA_EA_15n,True,True,False,False
G21EA_EA_16,True,True,False,False
G21EA_EA_16n,True,True,False,False
G21EA_EA_17,True,True,False,False
G21EA_EA_17n,True,True,False,False
G21EA_EA_18,True,True,False,False
G21EA_EA_18n,True,True,False,False
G21EA_EA_19,True,True,False,False
G21EA_EA_19n,True,True,False,False
G21EA_EA_20,True,True,False,False
G21EA_EA_20n,True,True,False,False
G21EA_EA_21,True,True,False,False
G21EA_EA_21n,True,True,False,False
G21EA_EA_22,True,True,False,False
G21EA_EA_22n,True,True,False,False
G21EA_EA_23,True,True,False,False
G21EA_EA_23n,True,True,False,False
G21EA_EA_24,True,True,False,False
G21EA_EA_24n,True,True,False,False
G21EA_EA_25,True,True,False,False
G21EA_EA_25n,True,True,False,False
G21EA_EA_8,True,True,False,False
G21EA_EA_8n,True,True,False,False
G21EA_EA_9,True,True,False,False
G21EA_EA_9n,True,True,False,False
G21EA_EA_c,True,True,False,False
G21EA_EA_c-,True,True,False,False
G21EA_EA_cl,True,True,False,False
G21EA_EA_cl-,True,True,False,False
G21EA_EA_f,True,True,False,False
G21EA_EA_f-,True,True,False,False
G21EA_EA_o,True,True,False,False
G21EA_EA_o-,True,True,False,False
G21EA_EA_p,True,True,False,False
G21EA_EA_p-,True,True,False,False
G21EA_EA_s,True,True,False,False
G21EA_EA_s-,True,True,False,False
G21EA_EA_si,True,True,False,False
G21EA_EA_si-,True,True,False,False
G21IP_11,True,True,False,False
G21IP_12,True,True,False,False
G21IP_13,True,True,False,False
G21IP_137,True,True,False,False
G21IP_14,True,True,False,False
G21IP_18,True,True,False,False
G21IP_19,True,True,False,False
G21IP_20,True,True,False,False
G21IP_22,True,True,False,False
G21IP_25,True,True,False,False
G21IP_26,True,True,False,False
G21IP_30,True,True,False,False
G21IP_34,True,True,False,False
G21IP_37,True,True,False,False
G21IP_43,True,True,False,False
G21IP_44,True,True,False,False
G21IP_45,True,True,False,False
G21IP_48,True,True,False,False
G21IP_51,True,True,False,False
G21IP_8,True,True,False,False
G21IP_IP_59,True,True,False,False
G21IP_IP_60,True,True,False,False
G21IP_IP_61,True,True,False,False
G21IP_IP_62,True,True,False,False
G21IP_IP_63,True,True,False,False
G21IP_IP_64,True,True,False,False
G21IP_IP_65,True,True,False,False
G21IP_IP_66,True,True,False,False
G21IP_IP_67,True,True,False,False
G21IP_IP_68,True,True,False,False
G21IP_IP_70,True,True,False,False
G21IP_IP_71,True,True,False,False
G21IP_IP_72,True,True,False,False
G21IP_IP_73,True,True,False,False
G21IP_IP_74,True,True,False,False
G21IP_IP_75,True,True,False,False
G21IP_IP_76,True,True,False,False
G21IP_IP_77,True,True,False,False
G21IP_IP_78,True,True,False,False
G21IP_IP_79,True,True,False,False
G21IP_IP_80,True,True,False,False
G21IP_IP_n65,True,True,False,False
G21IP_al,True,True,False,False
G21IP_al+,True,True,False,False
G21IP_b,True,True,False,False
G21IP_b+,True,True,False,False
G21IP_be,True,True,False,False
G21IP_be+,True,True,False,False
G21IP_c,True,True,False,False
G21IP_c+,True,True,False,False
G21IP_cl,True,True,False,False
G21IP_cl+,True,True,False,False
G21IP_f,True,True,False,False
G21IP_f+,True,True,False,False
G21IP_h,True,True,False,False
G21IP_li,True,True,False,False
G21IP_li+,True,True,False,False
G21IP_mg,True,True,False,False
G21IP_mg+,True,True,False,False
G21IP_n,True,True,False,False
G21IP_n+,True,True,False,False
G21IP_na,True,True,False,False
G21IP_na+,True,True,False,False
G21IP_o,True,True,False,False
G21IP_o+,True,True,False,False
G21IP_p,True,True,False,False
G21IP_p+,True,True,False,False
G21IP_s,True,True,False,False
G21IP_s+,True,True,False,False
G21IP_si,True,True,False,False
G21IP_si+,True,True,False,False
G2RC_1,False,True,False,False
G2RC_100,False,True,False,False
G2RC_104,False,True,False,False
G2RC_106,False,True,False,False
G2RC_11,False,True,False,False
G2RC_113,False,True,False,False
G2RC_117,False,True,False,False
G2RC_118,False,True,False,False
G2RC_121,False,True,False,False
G2RC_126,False,True,False,False
G2RC_128,False,True,False,False
G2RC_13,False,True,False,False
G2RC_14,False,True,False,False
G2RC_18,False,True,False,False
G2RC_21,False,True,False,False
G2RC_22,False,True,False,False
G2RC_23,False,True,False,False
G2RC_24,False,True,False,False
G2RC_25,False,True,False,False
G2RC_26,False,True,False,True
G2RC_30,False,True,False,False
G2RC_32,False,True,False,False
G2RC_33,False,True,False,False
G2RC_34,False,True,False,False
G2RC_39,False,True,False,False
G2RC_40,False,True,False,False
G2RC_45,False,True,False,False
G2RC_47,False,True,False,False
G2RC_51,False,True,False,False
G2RC_52,False,True,False,False
G2RC_56,False,True,False,False
G2RC_57,False,True,False,False
G2RC_58,False,True,False,False
G2RC_59,False,True,False,False
G2RC_6,False,False,False,True
G2RC_60,False,True,False,False
G2RC_61,False,True,False,False
G2RC_62,False,True,False,False
G2RC_66,False,True,False,False
G2RC_67,False,True,False,False
G2RC_68,False,True,False,False
G2RC_73,False,True,False,False
G2RC_8,False,True,False,False
G2RC_82,False,False,False,True
G2RC_88,False,True,False,False
G2RC_94,False,True,False,False
G2RC_97,False,True,False,False
HB375x10_1.001_OH-O__aceticacid--acetaldehyde_100,False,True,False,False
HB375x10_1.001_OH-O__aceticacid--acetaldehyde_monA,False,True,False,False
HB375x10_1.001_OH-O__aceticacid--acetaldehyde_monB,False,True,False,False
HB375x10_1.002_OH-O__aceticacid--acetamide_100,False,True,False,False
HB375x10_1.002_OH-O__aceticacid--acetamide_monA,False,True,False,False
HB375x10_1.002_OH-O__aceticacid--acetamide_monB,False,True,False,False
HB375x10_1.003_OH-O__aceticacid--acetone_100,False,True,False,False
HB375x10_1.003_OH-O__aceticacid--acetone_monA,False,True,False,False
HB375x10_1.003_OH-O__aceticacid--acetone_monB,False,True,False,False
HB375x10_1.004_OH-O__aceticacid--dimethylcarbonate_100,False,True,False,False
HB375x10_1.004_OH-O__aceticacid--dimethylcarbonate_monA,False,True,False,False
HB375x10_1.004_OH-O__aceticacid--dimethylcarbonate_monB,False,True,False,False
HB375x10_1.005_OH-O__aceticacid--dimethylether_100,False,True,False,False
HB375x10_1.005_OH-O__aceticacid--dimethylether_monA,False,True,False,False
HB375x10_1.005_OH-O__aceticacid--dimethylether_monB,False,True,False,False
HB375x10_1.006_OH-O__aceticacid--dimethylperoxide_100,False,True,False,False
HB375x10_1.006_OH-O__aceticacid--dimethylperoxide_monA,False,True,False,False
HB375x10_1.006_OH-O__aceticacid--dimethylperoxide_monB,False,True,False,False
HB375x10_1.007_OH-O__aceticacid--furan_100,False,True,False,False
HB375x10_1.007_OH-O__aceticacid--furan_monA,False,True,False,False
HB375x10_1.007_OH-O__aceticacid--furan_monB,False,True,False,False
HB375x10_1.008_OH-O__aceticacid--methanol_100,False,True,False,False
HB375x10_1.008_OH-O__aceticacid--methanol_monA,False,True,False,False
HB375x10_1.008_OH-O__aceticacid--methanol_monB,False,True,False,False
HB375x10_1.009_OH-O__aceticacid--methylacetate_100,False,True,False,False
HB375x10_1.009_OH-O__aceticacid--methylacetate_monA,False,True,False,False
HB375x10_1.009_OH-O__aceticacid--methylacetate_monB,False,True,False,False
HB375x10_1.010_OH-O__aceticacid--methylcyanate_100,False,True,False,False
HB375x10_1.010_OH-O__aceticacid--methylcyanate_monA,False,True,False,False
HB375x10_1.010_OH-O__aceticacid--methylcyanate_monB,False,True,False,False
HB375x10_1.011_OH-O__aceticacid--nitromethane_100,False,True,False,False
HB375x10_1.011_OH-O__aceticacid--nitromethane_monA,False,True,False,False
HB375x10_1.011_OH-O__aceticacid--nitromethane_monB,False,True,False,False
HB375x10_1.012_OH-O__aceticacid--nitrosomethane_100,False,True,False,False
HB375x10_1.012_OH-O__aceticacid--nitrosomethane_monA,False,True,False,False
HB375x10_1.012_OH-O__aceticacid--nitrosomethane_monB,False,True,False,False
HB375x10_1.013_OH-O__aceticacid--Nmethylacetamide_100,False,True,False,False
HB375x10_1.013_OH-O__aceticacid--Nmethylacetamide_monA,False,True,False,False
HB375x10_1.013_OH-O__aceticacid--Nmethylacetamide_monB,False,True,False,False
HB375x10_1.014_OH-O__aceticacid--water_100,False,True,False,False
HB375x10_1.014_OH-O__aceticacid--water_monA,False,True,False,False
HB375x10_1.014_OH-O__aceticacid--water_monB,False,True,False,False
HB375x10_1.015_OH-O__methanol--acetaldehyde_100,False,True,False,False
HB375x10_1.015_OH-O__methanol--acetaldehyde_monA,False,True,False,False
HB375x10_1.015_OH-O__methanol--acetaldehyde_monB,False,True,False,False
HB375x10_1.016_OH-O__methanol--acetamide_100,False,True,False,False
HB375x10_1.016_OH-O__methanol--acetamide_monA,False,True,False,False
HB375x10_1.016_OH-O__methanol--acetamide_monB,False,True,False,False
HB375x10_1.017_OH-O__methanol--aceticacid_100,False,True,False,False
HB375x10_1.017_OH-O__methanol--aceticacid_monA,False,True,False,False
HB375x10_1.017_OH-O__methanol--aceticacid_monB,False,True,False,False
HB375x10_1.018_OH-O__methanol--acetone_100,False,True,False,False
HB375x10_1.018_OH-O__methanol--acetone_monA,False,True,False,False
HB375x10_1.018_OH-O__methanol--acetone_monB,False,True,False,False
HB375x10_1.019_OH-O__methanol--dimethylcarbonate_100,False,True,False,False
HB375x10_1.019_OH-O__methanol--dimethylcarbonate_monA,False,True,False,False
HB375x10_1.019_OH-O__methanol--dimethylcarbonate_monB,False,True,False,False
HB375x10_1.020_OH-O__methanol--dimethylether_100,False,True,False,False
HB375x10_1.020_OH-O__methanol--dimethylether_monA,False,True,False,False
HB375x10_1.020_OH-O__methanol--dimethylether_monB,False,True,False,False
HB375x10_1.021_OH-O__methanol--dimethylperoxide_100,False,True,False,False
HB375x10_1.021_OH-O__methanol--dimethylperoxide_monA,False,True,False,False
HB375x10_1.021_OH-O__methanol--dimethylperoxide_monB,False,True,False,False
HB375x10_1.022_OH-O__methanol--furan_100,False,True,False,False
HB375x10_1.022_OH-O__methanol--furan_monA,False,True,False,False
HB375x10_1.022_OH-O__methanol--furan_monB,False,True,False,False
HB375x10_1.023_OH-O__methanol--methanol_100,False,True,False,False
HB375x10_1.023_OH-O__methanol--methanol_monA,False,True,False,False
HB375x10_1.023_OH-O__methanol--methanol_monB,False,True,False,False
HB375x10_1.024_OH-O__methanol--methylacetate_100,False,True,False,False
HB375x10_1.024_OH-O__methanol--methylacetate_monA,False,True,False,False
HB375x10_1.024_OH-O__methanol--methylacetate_monB,False,True,False,False
HB375x10_1.025_OH-O__methanol--nitromethane_100,False,True,False,False
HB375x10_1.025_OH-O__methanol--nitromethane_monA,False,True,False,False
HB375x10_1.025_OH-O__methanol--nitromethane_monB,False,True,False,False
HB375x10_1.026_OH-O__methanol--nitrosomethane_100,False,True,False,False
HB375x10_1.026_OH-O__methanol--nitrosomethane_monA,False,True,False,False
HB375x10_1.026_OH-O__methanol--nitrosomethane_monB,False,True,False,False
HB375x10_1.027_OH-O__methanol--Nmethylacetamide_100,False,True,False,False
HB375x10_1.027_OH-O__methanol--Nmethylacetamide_monA,False,True,False,False
HB375x10_1.027_OH-O__methanol--Nmethylacetamide_monB,False,True,False,False
HB375x10_1.028_OH-O__methanol--phenol_100,False,True,False,False
HB375x10_1.028_OH-O__methanol--phenol_monA,False,True,False,False
HB375x10_1.028_OH-O__methanol--phenol_monB,False,True,False,False
HB375x10_1.029_OH-O__methanol--water_100,False,True,False,False
HB375x10_1.029_OH-O__methanol--water_monA,False,True,False,False
HB375x10_1.029_OH-O__methanol--water_monB,False,True,False,False
HB375x10_1.030_OH-O__phenol--acetaldehyde_100,False,True,False,False
HB375x10_1.030_OH-O__phenol--acetaldehyde_monA,False,True,False,False
HB375x10_1.030_OH-O__phenol--acetaldehyde_monB,False,True,False,False
HB375x10_1.031_OH-O__phenol--acetamide_100,False,True,False,False
HB375x10_1.031_OH-O__phenol--acetamide_monA,False,True,False,False
HB375x10_1.031_OH-O__phenol--acetamide_monB,False,True,False,False
HB375x10_1.032_OH-O__phenol--acetone_100,False,True,False,False
HB375x10_1.032_OH-O__phenol--acetone_monA,False,True,False,False
HB375x10_1.032_OH-O__phenol--acetone_monB,False,True,False,False
HB375x10_1.033_OH-O__phenol--dimethylcarbonate_100,False,True,False,False
HB375x10_1.033_OH-O__phenol--dimethylcarbonate_monA,False,True,False,False
HB375x10_1.033_OH-O__phenol--dimethylcarbonate_monB,False,True,False,False
HB375x10_1.034_OH-O__phenol--dimethylether_100,False,True,False,False
HB375x10_1.034_OH-O__phenol--dimethylether_monA,False,True,False,False
HB375x10_1.034_OH-O__phenol--dimethylether_monB,False,True,False,False
HB375x10_1.035_OH-O__phenol--dimethylperoxide_100,False,True,False,False
HB375x10_1.035_OH-O__phenol--dimethylperoxide_monA,False,True,False,False
HB375x10_1.035_OH-O__phenol--dimethylperoxide_monB,False,True,False,False
HB375x10_1.036_OH-O__phenol--furan_100,False,True,False,False
HB375x10_1.036_OH-O__phenol--furan_monA,False,True,False,False
HB375x10_1.036_OH-O__phenol--furan_monB,False,True,False,False
HB375x10_1.037_OH-O__phenol--methanol_100,False,True,False,False
HB375x10_1.037_OH-O__phenol--methanol_monA,False,True,False,False
HB375x10_1.037_OH-O__phenol--methanol_monB,False,True,False,False
HB375x10_1.038_OH-O__phenol--methylacetate_100,False,True,False,False
HB375x10_1.038_OH-O__phenol--methylacetate_monA,False,True,False,False
HB375x10_1.038_OH-O__phenol--methylacetate_monB,False,True,False,False
HB375x10_1.039_OH-O__phenol--nitromethane_100,False,True,False,False
HB375x10_1.039_OH-O__phenol--nitromethane_monA,False,True,False,False
HB375x10_1.039_OH-O__phenol--nitromethane_monB,False,True,False,False
HB375x10_1.040_OH-O__phenol--nitrosomethane_100,False,True,False,False
HB375x10_1.040_OH-O__phenol--nitrosomethane_monA,False,True,False,False
HB375x10_1.040_OH-O__phenol--nitrosomethane_monB,False,True,False,False
HB375x10_1.041_OH-O__phenol--Nmethylacetamide_100,False,True,False,False
HB375x10_1.041_OH-O__phenol--Nmethylacetamide_monA,False,True,False,False
HB375x10_1.041_OH-O__phenol--Nmethylacetamide_monB,False,True,False,False
HB375x10_1.042_OH-O__phenol--phenol_100,False,True,False,False
HB375x10_1.042_OH-O__phenol--phenol_monA,False,True,False,False
HB375x10_1.042_OH-O__phenol--phenol_monB,False,True,False,False
HB375x10_1.043_OH-O__phenol--water_100,False,True,False,False
HB375x10_1.043_OH-O__phenol--water_monA,False,True,False,False
HB375x10_1.043_OH-O__phenol--water_monB,False,True,False,False
HB375x10_1.044_OH-O__water--acetaldehyde_100,False,True,False,False
HB375x10_1.044_OH-O__water--acetaldehyde_monA,False,True,False,False
HB375x10_1.044_OH-O__water--acetaldehyde_monB,False,True,False,False
HB375x10_1.045_OH-O__water--acetamide_100,False,True,False,False
HB375x10_1.045_OH-O__water--acetamide_monA,False,True,False,False
HB375x10_1.045_OH-O__water--acetamide_monB,False,True,False,False
HB375x10_1.046_OH-O__water--aceticacid_100,False,True,False,False
HB375x10_1.046_OH-O__water--aceticacid_monA,False,True,False,False
HB375x10_1.046_OH-O__water--aceticacid_monB,False,True,False,False
HB375x10_1.047_OH-O__water--acetone_100,False,True,False,False
HB375x10_1.047_OH-O__water--acetone_monA,False,True,False,False
HB375x10_1.047_OH-O__water--acetone_monB,False,True,False,False
HB375x10_1.048_OH-O__water--dimethylcarbonate_100,False,True,False,False
HB375x10_1.048_OH-O__water--dimethylcarbonate_monA,False,True,False,False
HB375x10_1.048_OH-O__water--dimethylcarbonate_monB,False,True,False,False
HB375x10_1.049_OH-O__water--dimethylether_100,False,True,False,False
HB375x10_1.049_OH-O__water--dimethylether_monA,False,True,False,False
HB375x10_1.049_OH-O__water--dimethylether_monB,False,True,False,False
HB375x10_1.050_OH-O__water--dimethylperoxide_100,False,True,False,False
HB375x10_1.050_OH-O__water--dimethylperoxide_monA,False,True,False,False
HB375x10_1.050_OH-O__water--dimethylperoxide_monB,False,True,False,False
HB375x10_1.051_OH-O__water--furan_100,False,True,False,False
HB375x10_1.051_OH-O__water--furan_monA,False,True,False,False
HB375x10_1.051_OH-O__water--furan_monB,False,True,False,False
HB375x10_1.052_OH-O__water--methanol_100,False,True,False,False
HB375x10_1.052_OH-O__water--methanol_monA,False,True,False,False
HB375x10_1.052_OH-O__water--methanol_monB,False,True,False,False
HB375x10_1.053_OH-O__water--methylacetate_100,False,True,False,False
HB375x10_1.053_OH-O__water--methylacetate_monA,False,True,False,False
HB375x10_1.053_OH-O__water--methylacetate_monB,False,True,False,False
HB375x10_1.054_OH-O__water--nitromethane_100,False,True,False,False
HB375x10_1.054_OH-O__water--nitromethane_monA,False,True,False,False
HB375x10_1.054_OH-O__water--nitromethane_monB,False,True,False,False
HB375x10_1.055_OH-O__water--nitrosomethane_100,False,True,False,False
HB375x10_1.055_OH-O__water--nitrosomethane_monA,False,True,False,False
HB375x10_1.055_OH-O__water--nitrosomethane_monB,False,True,False,False
HB375x10_1.056_OH-O__water--Nmethylacetamide_100,False,True,False,False
HB375x10_1.056_OH-O__water--Nmethylacetamide_monA,False,True,False,False
HB375x10_1.056_OH-O__water--Nmethylacetamide_monB,False,True,False,False
HB375x10_1.057_OH-O__water--phenol_100,False,True,False,False
HB375x10_1.057_OH-O__water--phenol_monA,False,True,False,False
HB375x10_1.057_OH-O__water--phenol_monB,False,True,False,False
HB375x10_1.058_OH-O__water--water_100,False,True,False,False
HB375x10_1.058_OH-O__water--water_monA,False,True,False,False
HB375x10_1.058_OH-O__water--water_monB,False,True,False,False
HB375x10_1.059_OH-Ox2__aceticacid--aceticacid_100,False,True,False,False
HB375x10_1.059_OH-Ox2__aceticacid--aceticacid_monA,False,True,False,False
HB375x10_1.059_OH-Ox2__aceticacid--aceticacid_monB,False,True,False,False
HB375x10_1.060_OH-Ox2__phenol--aceticacid_100,False,True,False,False
HB375x10_1.060_OH-Ox2__phenol--aceticacid_monA,False,True,False,False
HB375x10_1.060_OH-Ox2__phenol--aceticacid_monB,False,True,False,False
HB375x10_2.001_NH-O__1Hpyrrole--acetaldehyde_100,False,True,False,False
HB375x10_2.001_NH-O__1Hpyrrole--acetaldehyde_monA,False,True,False,False
HB375x10_2.001_NH-O__1Hpyrrole--acetaldehyde_monB,False,True,False,False
HB375x10_2.002_NH-O__1Hpyrrole--acetamide_100,False,True,False,False
HB375x10_2.002_NH-O__1Hpyrrole--acetamide_monA,False,True,False,False
HB375x10_2.002_NH-O__1Hpyrrole--acetamide_monB,False,True,False,False
HB375x10_2.003_NH-O__1Hpyrrole--aceticacid_100,False,True,False,False
HB375x10_2.003_NH-O__1Hpyrrole--aceticacid_monA,False,True,False,False
HB375x10_2.003_NH-O__1Hpyrrole--aceticacid_monB,False,True,False,False
HB375x10_2.004_NH-O__1Hpyrrole--acetone_100,False,True,False,False
HB375x10_2.004_NH-O__1Hpyrrole--acetone_monA,False,True,False,False
HB375x10_2.004_NH-O__1Hpyrrole--acetone_monB,False,True,False,False
HB375x10_2.005_NH-O__1Hpyrrole--dimethylcarbonate_100,False,True,False,False
HB375x10_2.005_NH-O__1Hpyrrole--dimethylcarbonate_monA,False,True,False,False
HB375x10_2.005_NH-O__1Hpyrrole--dimethylcarbonate_monB,False,True,False,False
HB375x10_2.006_NH-O__1Hpyrrole--dimethylether_100,False,True,False,False
HB375x10_2.006_NH-O__1Hpyrrole--dimethylether_monA,False,True,False,False
HB375x10_2.006_NH-O__1Hpyrrole--dimethylether_monB,False,True,False,False
HB375x10_2.007_NH-O__1Hpyrrole--dimethylperoxide_100,False,True,False,False
HB375x10_2.007_NH-O__1Hpyrrole--dimethylperoxide_monA,False,True,False,False
HB375x10_2.007_NH-O__1Hpyrrole--dimethylperoxide_monB,False,True,False,False
HB375x10_2.008_NH-O__1Hpyrrole--methanol_100,False,True,False,False
HB375x10_2.008_NH-O__1Hpyrrole--methanol_monA,False,True,False,False
HB375x10_2.008_NH-O__1Hpyrrole--methanol_monB,False,True,False,False
HB375x10_2.009_NH-O__1Hpyrrole--methylacetate_100,False,True,False,False
HB375x10_2.009_NH-O__1Hpyrrole--methylacetate_monA,False,True,False,False
HB375x10_2.009_NH-O__1Hpyrrole--methylacetate_monB,False,True,False,False
HB375x10_2.010_NH-O__1Hpyrrole--nitromethane_100,False,True,False,False
HB375x10_2.010_NH-O__1Hpyrrole--nitromethane_monA,False,True,False,False
HB375x10_2.010_NH-O__1Hpyrrole--nitromethane_monB,False,True,False,False
HB375x10_2.011_NH-O__1Hpyrrole--Nmethylacetamide_100,False,True,False,False
HB375x10_2.011_NH-O__1Hpyrrole--Nmethylacetamide_monA,False,True,False,False
HB375x10_2.011_NH-O__1Hpyrrole--Nmethylacetamide_monB,False,True,False,False
HB375x10_2.012_NH-O__1Hpyrrole--phenol_100,False,True,False,False
HB375x10_2.012_NH-O__1Hpyrrole--phenol_monA,False,True,False,False
HB375x10_2.012_NH-O__1Hpyrrole--phenol_monB,False,True,False,False
HB375x10_2.013_NH-O__1Hpyrrole--water_100,False,True,False,False
HB375x10_2.013_NH-O__1Hpyrrole--water_monA,False,True,False,False
HB375x10_2.013_NH-O__1Hpyrrole--water_monB,False,True,False,False
HB375x10_2.014_NH-O__ammonia--acetaldehyde_100,False,True,False,False
HB375x10_2.014_NH-O__ammonia--acetaldehyde_monA,False,True,False,False
HB375x10_2.014_NH-O__ammonia--acetaldehyde_monB,False,True,False,False
HB375x10_2.015_NH-O__ammonia--acetamide_100,False,True,False,False
HB375x10_2.015_NH-O__ammonia--acetamide_monA,False,True,False,False
HB375x10_2.015_NH-O__ammonia--acetamide_monB,False,True,False,False
HB375x10_2.016_NH-O__ammonia--aceticacid_100,False,True,False,False
HB375x10_2.016_NH-O__ammonia--aceticacid_monA,False,True,False,False
HB375x10_2.016_NH-O__ammonia--aceticacid_monB,False,True,False,False
HB375x10_2.017_NH-O__ammonia--acetone_100,False,True,False,False
HB375x10_2.017_NH-O__ammonia--acetone_monA,False,True,False,False
HB375x10_2.017_NH-O__ammonia--acetone_monB,False,True,False,False
HB375x10_2.018_NH-O__ammonia--dimethylcarbonate_100,False,True,False,False
HB375x10_2.018_NH-O__ammonia--dimethylcarbonate_monA,False,True,False,False
HB375x10_2.018_NH-O__ammonia--dimethylcarbonate_monB,False,True,False,False
HB375x10_2.019_NH-O__ammonia--dimethylether_100,False,True,False,False
HB375x10_2.019_NH-O__ammonia--dimethylether_monA,False,True,False,False
HB375x10_2.019_NH-O__ammonia--dimethylether_monB,False,True,False,False
HB375x10_2.020_NH-O__ammonia--dimethylperoxide_100,False,True,False,False
HB375x10_2.020_NH-O__ammonia--dimethylperoxide_monA,False,True,False,False
HB375x10_2.020_NH-O__ammonia--dimethylperoxide_monB,False,True,False,False
HB375x10_2.021_NH-O__ammonia--furan_100,False,True,False,False
HB375x10_2.021_NH-O__ammonia--furan_monA,False,True,False,False
HB375x10_2.021_NH-O__ammonia--furan_monB,False,True,False,False
HB375x10_2.022_NH-O__ammonia--methylacetate_100,False,True,False,False
HB375x10_2.022_NH-O__ammonia--methylacetate_monA,False,True,False,False
HB375x10_2.022_NH-O__ammonia--methylacetate_monB,False,True,False,False
HB375x10_2.023_NH-O__ammonia--nitrosomethane_100,False,True,False,False
HB375x10_2.023_NH-O__ammonia--nitrosomethane_monA,False,True,False,False
HB375x10_2.023_NH-O__ammonia--nitrosomethane_monB,False,True,False,False
HB375x10_2.024_NH-O__ammonia--Nmethylacetamide_100,False,True,False,False
HB375x10_2.024_NH-O__ammonia--Nmethylacetamide_monA,False,True,False,False
HB375x10_2.024_NH-O__ammonia--Nmethylacetamide_monB,False,True,False,False
HB375x10_2.025_NH-O__ammonia--phenol_100,False,True,False,False
HB375x10_2.025_NH-O__ammonia--phenol_monA,False,True,False,False
HB375x10_2.025_NH-O__ammonia--phenol_monB,False,True,False,False
HB375x10_2.026_NH-O__aniline--acetaldehyde_100,False,True,False,False
HB375x10_2.026_NH-O__aniline--acetaldehyde_monA,False,True,False,False
HB375x10_2.026_NH-O__aniline--acetaldehyde_monB,False,True,False,False
HB375x10_2.027_NH-O__aniline--acetamide_100,False,True,False,False
HB375x10_2.027_NH-O__aniline--acetamide_monA,False,True,False,False
HB375x10_2.027_NH-O__aniline--acetamide_monB,False,True,False,False
HB375x10_2.028_NH-O__aniline--aceticacid_100,False,True,False,False
HB375x10_2.028_NH-O__aniline--aceticacid_monA,False,True,False,False
HB375x10_2.028_NH-O__aniline--aceticacid_monB,False,True,False,False
HB375x10_2.029_NH-O__aniline--acetone_100,False,True,False,False
HB375x10_2.029_NH-O__aniline--acetone_monA,False,True,False,False
HB375x10_2.029_NH-O__aniline--acetone_monB,False,True,False,False
HB375x10_2.030_NH-O__aniline--dimethylcarbonate_100,False,True,False,False
HB375x10_2.030_NH-O__aniline--dimethylcarbonate_monA,False,True,False,False
HB375x10_2.030_NH-O__aniline--dimethylcarbonate_monB,False,True,False,False
HB375x10_2.031_NH-O__aniline--dimethylether_100,False,True,False,False
HB375x10_2.031_NH-O__aniline--dimethylether_monA,False,True,False,False
HB375x10_2.031_NH-O__aniline--dimethylether_monB,False,True,False,False
HB375x10_2.032_NH-O__aniline--dimethylperoxide_100,False,True,False,False
HB375x10_2.032_NH-O__aniline--dimethylperoxide_monA,False,True,False,False
HB375x10_2.032_NH-O__aniline--dimethylperoxide_monB,False,True,False,False
HB375x10_2.033_NH-O__aniline--methanol_100,False,True,False,False
HB375x10_2.033_NH-O__aniline--methanol_monA,False,True,False,False
HB375x10_2.033_NH-O__aniline--methanol_monB,False,True,False,False
HB375x10_2.034_NH-O__aniline--methylacetate_100,False,True,False,False
HB375x10_2.034_NH-O__aniline--methylacetate_monA,False,True,False,False
HB375x10_2.034_NH-O__aniline--methylacetate_monB,False,True,False,False
HB375x10_2.035_NH-O__aniline--Nmethylacetamide_100,False,True,False,False
HB375x10_2.035_NH-O__aniline--Nmethylacetamide_monA,False,True,False,False
HB375x10_2.035_NH-O__aniline--Nmethylacetamide_monB,False,True,False,False
HB375x10_2.036_NH-O__aniline--water_100,False,True,False,False
HB375x10_2.036_NH-O__aniline--water_monA,False,True,False,False
HB375x10_2.036_NH-O__aniline--water_monB,False,True,False,False
HB375x10_2.037_NH-O__dimethylamine--acetaldehyde_100,False,True,False,False
HB375x10_2.037_NH-O__dimethylamine--acetaldehyde_monA,False,True,False,False
HB375x10_2.037_NH-O__dimethylamine--acetaldehyde_monB,False,True,False,False
HB375x10_2.038_NH-O__dimethylamine--acetamide_100,False,True,False,False
HB375x10_2.038_NH-O__dimethylamine--acetamide_monA,False,True,False,False
HB375x10_2.038_NH-O__dimethylamine--acetamide_monB,False,True,False,False
HB375x10_2.039_NH-O__dimethylamine--aceticacid_100,False,True,False,False
HB375x10_2.039_NH-O__dimethylamine--aceticacid_monA,False,True,False,False
HB375x10_2.039_NH-O__dimethylamine--aceticacid_monB,False,True,False,False
HB375x10_2.040_NH-O__dimethylamine--acetone_100,False,True,False,False
HB375x10_2.040_NH-O__dimethylamine--acetone_monA,False,True,False,False
HB375x10_2.040_NH-O__dimethylamine--acetone_monB,False,True,False,False
HB375x10_2.041_NH-O__dimethylamine--dimethylcarbonate_100,False,True,False,False
HB375x10_2.041_NH-O__dimethylamine--dimethylcarbonate_monA,False,True,False,False
HB375x10_2.041_NH-O__dimethylamine--dimethylcarbonate_monB,False,True,False,False
HB375x10_2.042_NH-O__dimethylamine--dimethylether_100,False,True,False,False
HB375x10_2.042_NH-O__dimethylamine--dimethylether_monA,False,True,False,False
HB375x10_2.042_NH-O__dimethylamine--dimethylether_monB,False,True,False,False
HB375x10_2.043_NH-O__dimethylamine--dimethylperoxide_100,False,True,False,False
HB375x10_2.043_NH-O__dimethylamine--dimethylperoxide_monA,False,True,False,False
HB375x10_2.043_NH-O__dimethylamine--dimethylperoxide_monB,False,True,False,False
HB375x10_2.044_NH-O__dimethylamine--methanol_100,False,True,False,False
HB375x10_2.044_NH-O__dimethylamine--methanol_monA,False,True,False,False
HB375x10_2.044_NH-O__dimethylamine--methanol_monB,False,True,False,False
HB375x10_2.045_NH-O__dimethylamine--methylacetate_100,False,True,False,False
HB375x10_2.045_NH-O__dimethylamine--methylacetate_monA,False,True,False,False
HB375x10_2.045_NH-O__dimethylamine--methylacetate_monB,False,True,False,False
HB375x10_2.046_NH-O__dimethylamine--Nmethylacetamide_100,False,True,False,False
HB375x10_2.046_NH-O__dimethylamine--Nmethylacetamide_monA,False,True,False,False
HB375x10_2.046_NH-O__dimethylamine--Nmethylacetamide_monB,False,True,False,False
HB375x10_2.047_NH-O__dimethylamine--phenol_100,False,True,False,False
HB375x10_2.047_NH-O__dimethylamine--phenol_monA,False,True,False,False
HB375x10_2.047_NH-O__dimethylamine--phenol_monB,False,True,False,False
HB375x10_2.048_NH-O__methylamine--acetaldehyde_100,False,True,False,False
HB375x10_2.048_NH-O__methylamine--acetaldehyde_monA,False,True,False,False
HB375x10_2.048_NH-O__methylamine--acetaldehyde_monB,False,True,False,False
HB375x10_2.049_NH-O__methylamine--acetamide_100,False,True,False,False
HB375x10_2.049_NH-O__methylamine--acetamide_monA,False,True,False,False
HB375x10_2.049_NH-O__methylamine--acetamide_monB,False,True,False,False
HB375x10_2.050_NH-O__methylamine--aceticacid_100,False,True,False,False
HB375x10_2.050_NH-O__methylamine--aceticacid_monA,False,True,False,False
HB375x10_2.050_NH-O__methylamine--aceticacid_monB,False,True,False,False
HB375x10_2.051_NH-O__methylamine--acetone_100,False,True,False,False
HB375x10_2.051_NH-O__methylamine--acetone_monA,False,True,False,False
HB375x10_2.051_NH-O__methylamine--acetone_monB,False,True,False,False
HB375x10_2.052_NH-O__methylamine--dimethylcarbonate_100,False,True,False,False
HB375x10_2.052_NH-O__methylamine--dimethylcarbonate_monA,False,True,False,False
HB375x10_2.052_NH-O__methylamine--dimethylcarbonate_monB,False,True,False,False
HB375x10_2.053_NH-O__methylamine--dimethylether_100,False,True,False,False
HB375x10_2.053_NH-O__methylamine--dimethylether_monA,False,True,False,False
HB375x10_2.053_NH-O__methylamine--dimethylether_monB,False,True,False,False
HB375x10_2.054_NH-O__methylamine--dimethylperoxide_100,False,True,False,False
HB375x10_2.054_NH-O__methylamine--dimethylperoxide_monA,False,True,False,False
HB375x10_2.054_NH-O__methylamine--dimethylperoxide_monB,False,True,False,False
HB375x10_2.055_NH-O__methylamine--methylacetate_100,False,True,False,False
HB375x10_2.055_NH-O__methylamine--methylacetate_monA,False,True,False,False
HB375x10_2.055_NH-O__methylamine--methylacetate_monB,False,True,False,False
HB375x10_2.056_NH-O__methylamine--Nmethylacetamide_100,False,True,False,False
HB375x10_2.056_NH-O__methylamine--Nmethylacetamide_monA,False,True,False,False
HB375x10_2.056_NH-O__methylamine--Nmethylacetamide_monB,False,True,False,False
HB375x10_2.057_NH-O__Nmethylacetamide--acetamide_100,False,True,False,False
HB375x10_2.057_NH-O__Nmethylacetamide--acetamide_monA,False,True,False,False
HB375x10_2.057_NH-O__Nmethylacetamide--acetamide_monB,False,True,False,False
HB375x10_2.058_NH-O__Nmethylacetamide--aceticacid_100,False,True,False,False
HB375x10_2.058_NH-O__Nmethylacetamide--aceticacid_monA,False,True,False,False
HB375x10_2.058_NH-O__Nmethylacetamide--aceticacid_monB,False,True,False,False
HB375x10_2.059_NH-O__Nmethylacetamide--dimethylcarbonate_100,False,True,False,False
HB375x10_2.059_NH-O__Nmethylacetamide--dimethylcarbonate_monA,False,True,False,False
HB375x10_2.059_NH-O__Nmethylacetamide--dimethylcarbonate_monB,False,True,False,False
HB375x10_2.060_NH-O__Nmethylacetamide--dimethylether_100,False,True,False,False
HB375x10_2.060_NH-O__Nmethylacetamide--dimethylether_monA,False,True,False,False
HB375x10_2.060_NH-O__Nmethylacetamide--dimethylether_monB,False,True,False,False
HB375x10_2.061_NH-O__Nmethylacetamide--dimethylperoxide_100,False,True,False,False
HB375x10_2.061_NH-O__Nmethylacetamide--dimethylperoxide_monA,False,True,False,False
HB375x10_2.061_NH-O__Nmethylacetamide--dimethylperoxide_monB,False,True,False,False
HB375x10_2.062_NH-O__Nmethylacetamide--methanol_100,False,True,False,False
HB375x10_2.062_NH-O__Nmethylacetamide--methanol_monA,False,True,False,False
HB375x10_2.062_NH-O__Nmethylacetamide--methanol_monB,False,True,False,False
HB375x10_2.063_NH-O__Nmethylacetamide--Nmethylacetamide_100,False,True,False,False
HB375x10_2.063_NH-O__Nmethylacetamide--Nmethylacetamide_monA,False,True,False,False
HB375x10_2.063_NH-O__Nmethylacetamide--Nmethylacetamide_monB,False,True,False,False
HB375x10_2.064_NH-O__Nmethylacetamide--phenol_100,False,True,False,False
HB375x10_2.064_NH-O__Nmethylacetamide--phenol_monA,False,True,False,False
HB375x10_2.064_NH-O__Nmethylacetamide--phenol_monB,False,True,False,False
HB375x10_2.065_NH-O__Nmethylacetamide--water_100,False,True,False,False
HB375x10_2.065_NH-O__Nmethylacetamide--water_monA,False,True,False,False
HB375x10_2.065_NH-O__Nmethylacetamide--water_monB,False,True,False,False
HB375x10_3.001_OH-N__aceticacid--acetonitrile_100,False,True,False,False
HB375x10_3.001_OH-N__aceticacid--acetonitrile_monA,False,True,False,False
HB375x10_3.001_OH-N__aceticacid--acetonitrile_monB,False,True,False,False
HB375x10_3.002_OH-N__aceticacid--ammonia_100,False,True,False,False
HB375x10_3.002_OH-N__aceticacid--ammonia_monA,False,True,False,False
HB375x10_3.002_OH-N__aceticacid--ammonia_monB,False,True,False,False
HB375x10_3.003_OH-N__aceticacid--aniline_100,False,True,False,False
HB375x10_3.003_OH-N__aceticacid--aniline_monA,False,True,False,False
HB375x10_3.003_OH-N__aceticacid--aniline_monB,False,True,False,False
HB375x10_3.004_OH-N__aceticacid--dimethylamine_100,False,True,False,False
HB375x10_3.004_OH-N__aceticacid--dimethylamine_monA,False,True,False,False
HB375x10_3.004_OH-N__aceticacid--dimethylamine_monB,False,True,False,False
HB375x10_3.005_OH-N__aceticacid--dimethyldiazene_100,False,True,False,False
HB375x10_3.005_OH-N__aceticacid--dimethyldiazene_monA,False,True,False,False
HB375x10_3.005_OH-N__aceticacid--dimethyldiazene_monB,False,True,False,False
HB375x10_3.006_OH-N__aceticacid--methylamine_100,False,True,False,False
HB375x10_3.006_OH-N__aceticacid--methylamine_monA,False,True,False,False
HB375x10_3.006_OH-N__aceticacid--methylamine_monB,False,True,False,False
HB375x10_3.007_OH-N__aceticacid--methylazide_100,False,True,False,False
HB375x10_3.007_OH-N__aceticacid--methylazide_monA,False,True,False,False
HB375x10_3.007_OH-N__aceticacid--methylazide_monB,False,True,False,False
HB375x10_3.008_OH-N__aceticacid--methylcyanate_100,False,True,False,False
HB375x10_3.008_OH-N__aceticacid--methylcyanate_monA,False,True,False,False
HB375x10_3.008_OH-N__aceticacid--methylcyanate_monB,False,True,False,False
HB375x10_3.009_OH-N__aceticacid--nitrosomethane_100,False,True,False,False
HB375x10_3.009_OH-N__aceticacid--nitrosomethane_monA,False,True,False,False
HB375x10_3.009_OH-N__aceticacid--nitrosomethane_monB,False,True,False,False
HB375x10_3.010_OH-N__aceticacid--Nmethyl2propanimine_100,False,True,False,False
HB375x10_3.010_OH-N__aceticacid--Nmethyl2propanimine_monA,False,True,False,False
HB375x10_3.010_OH-N__aceticacid--Nmethyl2propanimine_monB,False,True,False,False
HB375x10_3.011_OH-N__aceticacid--pyridine_100,False,True,False,False
HB375x10_3.011_OH-N__aceticacid--pyridine_monA,False,True,False,False
HB375x10_3.011_OH-N__aceticacid--pyridine_monB,False,True,False,False
HB375x10_3.012_OH-N__aceticacid--trimethylamine_100,False,True,False,False
HB375x10_3.012_OH-N__aceticacid--trimethylamine_monA,False,True,False,False
HB375x10_3.012_OH-N__aceticacid--trimethylamine_monB,False,True,False,False
HB375x10_3.013_OH-N__methanol--acetonitrile_100,False,True,False,False
HB375x10_3.013_OH-N__methanol--acetonitrile_monA,False,True,False,False
HB375x10_3.013_OH-N__methanol--acetonitrile_monB,False,True,False,False
HB375x10_3.014_OH-N__methanol--ammonia_100,False,True,False,False
HB375x10_3.014_OH-N__methanol--ammonia_monA,False,True,False,False
HB375x10_3.014_OH-N__methanol--ammonia_monB,False,True,False,False
HB375x10_3.015_OH-N__methanol--aniline_100,False,True,False,False
HB375x10_3.015_OH-N__methanol--aniline_monA,False,True,False,False
HB375x10_3.015_OH-N__methanol--aniline_monB,False,True,False,False
HB375x10_3.016_OH-N__methanol--dimethylamine_100,False,True,False,False
HB375x10_3.016_OH-N__methanol--dimethylamine_monA,False,True,False,False
HB375x10_3.016_OH-N__methanol--dimethylamine_monB,False,True,False,False
HB375x10_3.017_OH-N__methanol--dimethyldiazene_100,False,True,False,False
HB375x10_3.017_OH-N__methanol--dimethyldiazene_monA,False,True,False,False
HB375x10_3.017_OH-N__methanol--dimethyldiazene_monB,False,True,False,False
HB375x10_3.018_OH-N__methanol--methylamine_100,False,True,False,False
HB375x10_3.018_OH-N__methanol--methylamine_monA,False,True,False,False
HB375x10_3.018_OH-N__methanol--methylamine_monB,False,True,False,False
HB375x10_3.019_OH-N__methanol--methylazide_100,False,True,False,False
HB375x10_3.019_OH-N__methanol--methylazide_monA,False,True,False,False
HB375x10_3.019_OH-N__methanol--methylazide_monB,False,True,False,False
HB375x10_3.020_OH-N__methanol--methylcyanate_100,False,True,False,False
HB375x10_3.020_OH-N__methanol--methylcyanate_monA,False,True,False,False
HB375x10_3.020_OH-N__methanol--methylcyanate_monB,False,True,False,False
HB375x10_3.021_OH-N__methanol--Nmethyl2propanimine_100,False,True,False,False
HB375x10_3.021_OH-N__methanol--Nmethyl2propanimine_monA,False,True,False,False
HB375x10_3.021_OH-N__methanol--Nmethyl2propanimine_monB,False,True,False,False
HB375x10_3.022_OH-N__methanol--pyridine_100,False,True,False,False
HB375x10_3.022_OH-N__methanol--pyridine_monA,False,True,False,False
HB375x10_3.022_OH-N__methanol--pyridine_monB,False,True,False,False
HB375x10_3.023_OH-N__methanol--trimethylamine_100,False,True,False,False
HB375x10_3.023_OH-N__methanol--trimethylamine_monA,False,True,False,False
HB375x10_3.023_OH-N__methanol--trimethylamine_monB,False,True,False,False
HB375x10_3.024_OH-N__phenol--acetonitrile_100,False,True,False,False
HB375x10_3.024_OH-N__phenol--acetonitrile_monA,False,True,False,False
HB375x10_3.024_OH-N__phenol--acetonitrile_monB,False,True,False,False
HB375x10_3.025_OH-N__phenol--ammonia_100,False,True,False,False
HB375x10_3.025_OH-N__phenol--ammonia_monA,False,True,False,False
HB375x10_3.025_OH-N__phenol--ammonia_monB,False,True,False,False
HB375x10_3.026_OH-N__phenol--aniline_100,False,True,False,False
HB375x10_3.026_OH-N__phenol--aniline_monA,False,True,False,False
HB375x10_3.026_OH-N__phenol--aniline_monB,False,True,False,False
HB375x10_3.027_OH-N__phenol--dimethylamine_100,False,True,False,False
HB375x10_3.027_OH-N__phenol--dimethylamine_monA,False,True,False,False
HB375x10_3.027_OH-N__phenol--dimethylamine_monB,False,True,False,False
HB375x10_3.028_OH-N__phenol--dimethyldiazene_100,False,True,False,False
HB375x10_3.028_OH-N__phenol--dimethyldiazene_monA,False,True,False,False
HB375x10_3.028_OH-N__phenol--dimethyldiazene_monB,False,True,False,False
HB375x10_3.029_OH-N__phenol--methylamine_100,False,True,False,False
HB375x10_3.029_OH-N__phenol--methylamine_monA,False,True,False,False
HB375x10_3.029_OH-N__phenol--methylamine_monB,False,True,False,False
HB375x10_3.030_OH-N__phenol--methylazide_100,False,True,False,False
HB375x10_3.030_OH-N__phenol--methylazide_monA,False,True,False,False
HB375x10_3.030_OH-N__phenol--methylazide_monB,False,True,False,False
HB375x10_3.031_OH-N__phenol--methylcyanate_100,False,True,False,False
HB375x10_3.031_OH-N__phenol--methylcyanate_monA,False,True,False,False
HB375x10_3.031_OH-N__phenol--methylcyanate_monB,False,True,False,False
HB375x10_3.032_OH-N__phenol--Nmethyl2propanimine_100,False,True,False,False
HB375x10_3.032_OH-N__phenol--Nmethyl2propanimine_monA,False,True,False,False
HB375x10_3.032_OH-N__phenol--Nmethyl2propanimine_monB,False,True,False,False
HB375x10_3.033_OH-N__phenol--pyridine_100,False,True,False,False
HB375x10_3.033_OH-N__phenol--pyridine_monA,False,True,False,False
HB375x10_3.033_OH-N__phenol--pyridine_monB,False,True,False,False
HB375x10_3.034_OH-N__phenol--trimethylamine_100,False,True,False,False
HB375x10_3.034_OH-N__phenol--trimethylamine_monA,False,True,False,False
HB375x10_3.034_OH-N__phenol--trimethylamine_monB,False,True,False,False
HB375x10_3.035_OH-N__water--acetonitrile_100,False,True,False,False
HB375x10_3.035_OH-N__water--acetonitrile_monA,False,True,False,False
HB375x10_3.035_OH-N__water--acetonitrile_monB,False,True,False,False
HB375x10_3.036_OH-N__water--ammonia_100,False,True,False,False
HB375x10_3.036_OH-N__water--ammonia_monA,False,True,False,False
HB375x10_3.036_OH-N__water--ammonia_monB,False,True,False,False
HB375x10_3.037_OH-N__water--aniline_100,False,True,False,False
HB375x10_3.037_OH-N__water--aniline_monA,False,True,False,False
HB375x10_3.037_OH-N__water--aniline_monB,False,True,False,False
HB375x10_3.038_OH-N__water--dimethylamine_100,False,True,False,False
HB375x10_3.038_OH-N__water--dimethylamine_monA,False,True,False,False
HB375x10_3.038_OH-N__water--dimethylamine_monB,False,True,False,False
HB375x10_3.039_OH-N__water--dimethyldiazene_100,False,True,False,False
HB375x10_3.039_OH-N__water--dimethyldiazene_monA,False,True,False,False
HB375x10_3.039_OH-N__water--dimethyldiazene_monB,False,True,False,False
HB375x10_3.040_OH-N__water--methylamine_100,False,True,False,False
HB375x10_3.040_OH-N__water--methylamine_monA,False,True,False,False
HB375x10_3.040_OH-N__water--methylamine_monB,False,True,False,False
HB375x10_3.041_OH-N__water--methylazide_100,False,True,False,False
HB375x10_3.041_OH-N__water--methylazide_monA,False,True,False,False
HB375x10_3.041_OH-N__water--methylazide_monB,False,True,False,False
HB375x10_3.042_OH-N__water--methylcyanate_100,False,True,False,False
HB375x10_3.042_OH-N__water--methylcyanate_monA,False,True,False,False
HB375x10_3.042_OH-N__water--methylcyanate_monB,False,True,False,False
HB375x10_3.043_OH-N__water--Nmethyl2propanimine_100,False,True,False,False
HB375x10_3.043_OH-N__water--Nmethyl2propanimine_monA,False,True,False,False
HB375x10_3.043_OH-N__water--Nmethyl2propanimine_monB,False,True,False,False
HB375x10_3.044_OH-N__water--pyridine_100,False,True,False,False
HB375x10_3.044_OH-N__water--pyridine_monA,False,True,False,False
HB375x10_3.044_OH-N__water--pyridine_monB,False,True,False,False
HB375x10_3.045_OH-N__water--trimethylamine_100,False,True,False,False
HB375x10_3.045_OH-N__water--trimethylamine_monA,False,True,False,False
HB375x10_3.045_OH-N__water--trimethylamine_monB,False,True,False,False
HB375x10_4.001_NH-N__1Hpyrrole--acetonitrile_100,False,True,False,False
HB375x10_4.001_NH-N__1Hpyrrole--acetonitrile_monA,False,True,False,False
HB375x10_4.001_NH-N__1Hpyrrole--acetonitrile_monB,False,True,False,False
HB375x10_4.002_NH-N__1Hpyrrole--ammonia_100,False,True,False,False
HB375x10_4.002_NH-N__1Hpyrrole--ammonia_monA,False,True,False,False
HB375x10_4.002_NH-N__1Hpyrrole--ammonia_monB,False,True,False,False
HB375x10_4.003_NH-N__1Hpyrrole--aniline_100,False,True,False,False
HB375x10_4.003_NH-N__1Hpyrrole--aniline_monA,False,True,False,False
HB375x10_4.003_NH-N__1Hpyrrole--aniline_monB,False,True,False,False
HB375x10_4.004_NH-N__1Hpyrrole--dimethylamine_100,False,True,False,False
HB375x10_4.004_NH-N__1Hpyrrole--dimethylamine_monA,False,True,False,False
HB375x10_4.004_NH-N__1Hpyrrole--dimethylamine_monB,False,True,False,False
HB375x10_4.005_NH-N__1Hpyrrole--dimethyldiazene_100,False,True,False,False
HB375x10_4.005_NH-N__1Hpyrrole--dimethyldiazene_monA,False,True,False,False
HB375x10_4.005_NH-N__1Hpyrrole--dimethyldiazene_monB,False,True,False,False
HB375x10_4.006_NH-N__1Hpyrrole--methylamine_100,False,True,False,False
HB375x10_4.006_NH-N__1Hpyrrole--methylamine_monA,False,True,False,False
HB375x10_4.006_NH-N__1Hpyrrole--methylamine_monB,False,True,False,False
HB375x10_4.007_NH-N__1Hpyrrole--methylcyanate_100,False,True,False,False
HB375x10_4.007_NH-N__1Hpyrrole--methylcyanate_monA,False,True,False,False
HB375x10_4.007_NH-N__1Hpyrrole--methylcyanate_monB,False,True,False,False
HB375x10_4.008_NH-N__1Hpyrrole--Nmethyl2propanimine_100,False,True,False,False
HB375x10_4.008_NH-N__1Hpyrrole--Nmethyl2propanimine_monA,False,True,False,False
HB375x10_4.008_NH-N__1Hpyrrole--Nmethyl2propanimine_monB,False,True,False,False
HB375x10_4.009_NH-N__1Hpyrrole--pyridine_100,False,True,False,False
HB375x10_4.009_NH-N__1Hpyrrole--pyridine_monA,False,True,False,False
HB375x10_4.009_NH-N__1Hpyrrole--pyridine_monB,False,True,False,False
HB375x10_4.010_NH-N__1Hpyrrole--trimethylamine_100,False,True,False,False
HB375x10_4.010_NH-N__1Hpyrrole--trimethylamine_monA,False,True,False,False
HB375x10_4.010_NH-N__1Hpyrrole--trimethylamine_monB,False,True,False,False
HB375x10_4.011_NH-N__ammonia--ammonia_100,False,True,False,False
HB375x10_4.011_NH-N__ammonia--ammonia_monA,False,True,False,False
HB375x10_4.011_NH-N__ammonia--ammonia_monB,False,True,False,False
HB375x10_4.012_NH-N__ammonia--dimethylamine_100,False,True,False,False
HB375x10_4.012_NH-N__ammonia--dimethylamine_monA,False,True,False,False
HB375x10_4.012_NH-N__ammonia--dimethylamine_monB,False,True,False,False
HB375x10_4.013_NH-N__ammonia--dimethyldiazene_100,False,True,False,False
HB375x10_4.013_NH-N__ammonia--dimethyldiazene_monA,False,True,False,False
HB375x10_4.013_NH-N__ammonia--dimethyldiazene_monB,False,True,False,False
HB375x10_4.014_NH-N__ammonia--methylamine_100,False,True,False,False
HB375x10_4.014_NH-N__ammonia--methylamine_monA,False,True,False,False
HB375x10_4.014_NH-N__ammonia--methylamine_monB,False,True,False,False
HB375x10_4.015_NH-N__ammonia--Nmethyl2propanimine_100,False,True,False,False
HB375x10_4.015_NH-N__ammonia--Nmethyl2propanimine_monA,False,True,False,False
HB375x10_4.015_NH-N__ammonia--Nmethyl2propanimine_monB,False,True,False,False
HB375x10_4.016_NH-N__ammonia--pyridine_100,False,True,False,False
HB375x10_4.016_NH-N__ammonia--pyridine_monA,False,True,False,False
HB375x10_4.016_NH-N__ammonia--pyridine_monB,False,True,False,False
HB375x10_4.017_NH-N__ammonia--trimethylamine_100,False,True,False,False
HB375x10_4.017_NH-N__ammonia--trimethylamine_monA,False,True,False,False
HB375x10_4.017_NH-N__ammonia--trimethylamine_monB,False,True,False,False
HB375x10_4.018_NH-N__aniline--ammonia_100,False,True,False,False
HB375x10_4.018_NH-N__aniline--ammonia_monA,False,True,False,False
HB375x10_4.018_NH-N__aniline--ammonia_monB,False,True,False,False
HB375x10_4.019_NH-N__aniline--aniline_100,False,True,False,False
HB375x10_4.019_NH-N__aniline--aniline_monA,False,True,False,False
HB375x10_4.019_NH-N__aniline--aniline_monB,False,True,False,False
HB375x10_4.020_NH-N__aniline--dimethylamine_100,False,True,False,False
HB375x10_4.020_NH-N__aniline--dimethylamine_monA,False,True,False,False
HB375x10_4.020_NH-N__aniline--dimethylamine_monB,False,True,False,False
HB375x10_4.021_NH-N__aniline--dimethyldiazene_100,False,True,False,False
HB375x10_4.021_NH-N__aniline--dimethyldiazene_monA,False,True,False,False
HB375x10_4.021_NH-N__aniline--dimethyldiazene_monB,False,True,False,False
HB375x10_4.022_NH-N__aniline--methylamine_100,False,True,False,False
HB375x10_4.022_NH-N__aniline--methylamine_monA,False,True,False,False
HB375x10_4.022_NH-N__aniline--methylamine_monB,False,True,False,False
HB375x10_4.023_NH-N__aniline--methylcyanate_100,False,True,False,False
HB375x10_4.023_NH-N__aniline--methylcyanate_monA,False,True,False,False
HB375x10_4.023_NH-N__aniline--methylcyanate_monB,False,True,False,False
HB375x10_4.024_NH-N__aniline--Nmethyl2propanimine_100,False,True,False,False
HB375x10_4.024_NH-N__aniline--Nmethyl2propanimine_monA,False,True,False,False
HB375x10_4.024_NH-N__aniline--Nmethyl2propanimine_monB,False,True,False,False
HB375x10_4.025_NH-N__aniline--pyridine_100,False,True,False,False
HB375x10_4.025_NH-N__aniline--pyridine_monA,False,True,False,False
HB375x10_4.025_NH-N__aniline--pyridine_monB,False,True,False,False
HB375x10_4.026_NH-N__aniline--trimethylamine_100,False,True,False,False
HB375x10_4.026_NH-N__aniline--trimethylamine_monA,False,True,False,False
HB375x10_4.026_NH-N__aniline--trimethylamine_monB,False,True,False,False
HB375x10_4.027_NH-N__dimethylamine--acetonitrile_100,False,True,False,False
HB375x10_4.027_NH-N__dimethylamine--acetonitrile_monA,False,True,False,False
HB375x10_4.027_NH-N__dimethylamine--acetonitrile_monB,False,True,False,False
HB375x10_4.028_NH-N__dimethylamine--ammonia_100,False,True,False,False
HB375x10_4.028_NH-N__dimethylamine--ammonia_monA,False,True,False,False
HB375x10_4.028_NH-N__dimethylamine--ammonia_monB,False,True,False,False
HB375x10_4.029_NH-N__dimethylamine--aniline_100,False,True,False,False
HB375x10_4.029_NH-N__dimethylamine--aniline_monA,False,True,False,False
HB375x10_4.029_NH-N__dimethylamine--aniline_monB,False,True,False,False
HB375x10_4.030_NH-N__dimethylamine--dimethylamine_100,False,True,False,False
HB375x10_4.030_NH-N__dimethylamine--dimethylamine_monA,False,True,False,False
HB375x10_4.030_NH-N__dimethylamine--dimethylamine_monB,False,True,False,False
HB375x10_4.031_NH-N__dimethylamine--dimethyldiazene_100,False,True,False,False
HB375x10_4.031_NH-N__dimethylamine--dimethyldiazene_monA,False,True,False,False
HB375x10_4.031_NH-N__dimethylamine--dimethyldiazene_monB,False,True,False,False
HB375x10_4.032_NH-N__dimethylamine--methylazide_100,False,True,False,False
HB375x10_4.032_NH-N__dimethylamine--methylazide_monA,False,True,False,False
HB375x10_4.032_NH-N__dimethylamine--methylazide_monB,False,True,False,False
HB375x10_4.033_NH-N__dimethylamine--Nmethyl2propanimine_100,False,True,False,False
HB375x10_4.033_NH-N__dimethylamine--Nmethyl2propanimine_monA,False,True,False,False
HB375x10_4.033_NH-N__dimethylamine--Nmethyl2propanimine_monB,False,True,False,False
HB375x10_4.034_NH-N__dimethylamine--pyridine_100,False,True,False,False
HB375x10_4.034_NH-N__dimethylamine--pyridine_monA,False,True,False,False
HB375x10_4.034_NH-N__dimethylamine--pyridine_monB,False,True,False,False
HB375x10_4.035_NH-N__dimethylamine--trimethylamine_100,False,True,False,False
HB375x10_4.035_NH-N__dimethylamine--trimethylamine_monA,False,True,False,False
HB375x10_4.035_NH-N__dimethylamine--trimethylamine_monB,False,True,False,False
HB375x10_4.036_NH-N__methylamine--acetonitrile_100,False,True,False,False
HB375x10_4.036_NH-N__methylamine--acetonitrile_monA,False,True,False,False
HB375x10_4.036_NH-N__methylamine--acetonitrile_monB,False,True,False,False
HB375x10_4.037_NH-N__methylamine--ammonia_100,False,True,False,False
HB375x10_4.037_NH-N__methylamine--ammonia_monA,False,True,False,False
HB375x10_4.037_NH-N__methylamine--ammonia_monB,False,True,False,False
HB375x10_4.038_NH-N__methylamine--dimethylamine_100,False,True,False,False
HB375x10_4.038_NH-N__methylamine--dimethylamine_monA,False,True,False,False
HB375x10_4.038_NH-N__methylamine--dimethylamine_monB,False,True,False,False
HB375x10_4.039_NH-N__methylamine--dimethyldiazene_100,False,True,False,False
HB375x10_4.039_NH-N__methylamine--dimethyldiazene_monA,False,True,False,False
HB375x10_4.039_NH-N__methylamine--dimethyldiazene_monB,False,True,False,False
HB375x10_4.040_NH-N__methylamine--methylamine_100,False,True,False,False
HB375x10_4.040_NH-N__methylamine--methylamine_monA,False,True,False,False
HB375x10_4.040_NH-N__methylamine--methylamine_monB,False,True,False,False
HB375x10_4.041_NH-N__methylamine--Nmethyl2propanimine_100,False,True,False,False
HB375x10_4.041_NH-N__methylamine--Nmethyl2propanimine_monA,False,True,False,False
HB375x10_4.041_NH-N__methylamine--Nmethyl2propanimine_monB,False,True,False,False
HB375x10_4.042_NH-N__methylamine--pyridine_100,False,True,False,False
HB375x10_4.042_NH-N__methylamine--pyridine_monA,False,True,False,False
HB375x10_4.042_NH-N__methylamine--pyridine_monB,False,True,False,False
HB375x10_4.043_NH-N__methylamine--trimethylamine_100,False,True,False,False
HB375x10_4.043_NH-N__methylamine--trimethylamine_monA,False,True,False,False
HB375x10_4.043_NH-N__methylamine--trimethylamine_monB,False,True,False,False
HB375x10_4.044_NH-N__Nmethylacetamide--acetonitrile_100,False,True,False,False
HB375x10_4.044_NH-N__Nmethylacetamide--acetonitrile_monA,False,True,False,False
HB375x10_4.044_NH-N__Nmethylacetamide--acetonitrile_monB,False,True,False,False
HB375x10_4.045_NH-N__Nmethylacetamide--ammonia_100,False,True,False,False
HB375x10_4.045_NH-N__Nmethylacetamide--ammonia_monA,False,True,False,False
HB375x10_4.045_NH-N__Nmethylacetamide--ammonia_monB,False,True,False,False
HB375x10_4.046_NH-N__Nmethylacetamide--aniline_100,False,True,False,False
HB375x10_4.046_NH-N__Nmethylacetamide--aniline_monA,False,True,False,False
HB375x10_4.046_NH-N__Nmethylacetamide--aniline_monB,False,True,False,False
HB375x10_4.047_NH-N__Nmethylacetamide--dimethylamine_100,False,True,False,False
HB375x10_4.047_NH-N__Nmethylacetamide--dimethylamine_monA,False,True,False,False
HB375x10_4.047_NH-N__Nmethylacetamide--dimethylamine_monB,False,True,False,False
HB375x10_4.048_NH-N__Nmethylacetamide--dimethyldiazene_100,False,True,False,False
HB375x10_4.048_NH-N__Nmethylacetamide--dimethyldiazene_monA,False,True,False,False
HB375x10_4.048_NH-N__Nmethylacetamide--dimethyldiazene_monB,False,True,False,False
HB375x10_4.049_NH-N__Nmethylacetamide--methylamine_100,False,True,False,False
HB375x10_4.049_NH-N__Nmethylacetamide--methylamine_monA,False,True,False,False
HB375x10_4.049_NH-N__Nmethylacetamide--methylamine_monB,False,True,False,False
HB375x10_4.050_NH-N__Nmethylacetamide--methylazide_100,False,True,False,False
HB375x10_4.050_NH-N__Nmethylacetamide--methylazide_monA,False,True,False,False
HB375x10_4.050_NH-N__Nmethylacetamide--methylazide_monB,False,True,False,False
HB375x10_4.051_NH-N__Nmethylacetamide--Nmethyl2propanimine_100,False,True,False,False
HB375x10_4.051_NH-N__Nmethylacetamide--Nmethyl2propanimine_monA,False,True,False,False
HB375x10_4.051_NH-N__Nmethylacetamide--Nmethyl2propanimine_monB,False,True,False,False
HB375x10_4.052_NH-N__Nmethylacetamide--pyridine_100,False,True,False,False
HB375x10_4.052_NH-N__Nmethylacetamide--pyridine_monA,False,True,False,False
HB375x10_4.052_NH-N__Nmethylacetamide--pyridine_monB,False,True,False,False
HB375x10_4.053_NH-N__Nmethylacetamide--trimethylamine_100,False,True,False,False
HB375x10_4.053_NH-N__Nmethylacetamide--trimethylamine_monA,False,True,False,False
HB375x10_4.053_NH-N__Nmethylacetamide--trimethylamine_monB,False,True,False,False
HB375x10_5.001_CH-O__ethyne--acetaldehyde_100,False,True,False,False
HB375x10_5.001_CH-O__ethyne--acetaldehyde_monA,False,True,False,False
HB375x10_5.001_CH-O__ethyne--acetaldehyde_monB,False,True,False,False
HB375x10_5.002_CH-O__ethyne--acetamide_100,False,True,False,False
HB375x10_5.002_CH-O__ethyne--acetamide_monA,False,True,False,False
HB375x10_5.002_CH-O__ethyne--acetamide_monB,False,True,False,False
HB375x10_5.003_CH-O__ethyne--aceticacid_100,False,True,False,False
HB375x10_5.003_CH-O__ethyne--aceticacid_monA,False,True,False,False
HB375x10_5.003_CH-O__ethyne--aceticacid_monB,False,True,False,False
HB375x10_5.004_CH-O__ethyne--acetone_100,False,True,False,False
HB375x10_5.004_CH-O__ethyne--acetone_monA,False,True,False,False
HB375x10_5.004_CH-O__ethyne--acetone_monB,False,True,False,False
HB375x10_5.005_CH-O__ethyne--dimethylcarbonate_100,False,True,False,False
HB375x10_5.005_CH-O__ethyne--dimethylcarbonate_monA,False,True,False,False
HB375x10_5.005_CH-O__ethyne--dimethylcarbonate_monB,False,True,False,False
HB375x10_5.006_CH-O__ethyne--dimethylether_100,False,True,False,False
HB375x10_5.006_CH-O__ethyne--dimethylether_monA,False,True,False,False
HB375x10_5.006_CH-O__ethyne--dimethylether_monB,False,True,False,False
HB375x10_5.007_CH-O__ethyne--dimethylperoxide_100,False,True,False,False
HB375x10_5.007_CH-O__ethyne--dimethylperoxide_monA,False,True,False,False
HB375x10_5.007_CH-O__ethyne--dimethylperoxide_monB,False,True,False,False
HB375x10_5.008_CH-O__ethyne--methanol_100,False,True,False,False
HB375x10_5.008_CH-O__ethyne--methanol_monA,False,True,False,False
HB375x10_5.008_CH-O__ethyne--methanol_monB,False,True,False,False
HB375x10_5.009_CH-O__ethyne--methylacetate_100,False,True,False,False
HB375x10_5.009_CH-O__ethyne--methylacetate_monA,False,True,False,False
HB375x10_5.009_CH-O__ethyne--methylacetate_monB,False,True,False,False
HB375x10_5.010_CH-O__ethyne--nitromethane_100,False,True,False,False
HB375x10_5.010_CH-O__ethyne--nitromethane_monA,False,True,False,False
HB375x10_5.010_CH-O__ethyne--nitromethane_monB,False,True,False,False
HB375x10_5.011_CH-O__ethyne--nitrosomethane_100,False,True,False,False
HB375x10_5.011_CH-O__ethyne--nitrosomethane_monA,False,True,False,False
HB375x10_5.011_CH-O__ethyne--nitrosomethane_monB,False,True,False,False
HB375x10_5.012_CH-O__ethyne--Nmethylacetamide_100,False,True,False,False
HB375x10_5.012_CH-O__ethyne--Nmethylacetamide_monA,False,True,False,False
HB375x10_5.012_CH-O__ethyne--Nmethylacetamide_monB,False,True,False,False
HB375x10_5.013_CH-O__ethyne--phenol_100,False,True,False,False
HB375x10_5.013_CH-O__ethyne--phenol_monA,False,True,False,False
HB375x10_5.013_CH-O__ethyne--phenol_monB,False,True,False,False
HB375x10_5.014_CH-O__ethyne--water_100,False,True,False,False
HB375x10_5.014_CH-O__ethyne--water_monA,False,True,False,False
HB375x10_5.014_CH-O__ethyne--water_monB,False,True,False,False
HB375x10_5.015_CH-O__methylacetate--Nmethylacetamide_100,False,True,False,False
HB375x10_5.015_CH-O__methylacetate--Nmethylacetamide_monA,False,True,False,False
HB375x10_5.015_CH-O__methylacetate--Nmethylacetamide_monB,False,True,False,False
HB375x10_5.016_CH-O__methylcyanate--Nmethylacetamide_100,False,True,False,False
HB375x10_5.016_CH-O__methylcyanate--Nmethylacetamide_monA,False,True,False,False
HB375x10_5.016_CH-O__methylcyanate--Nmethylacetamide_monB,False,True,False,False
HB375x10_5.017_CH-O__methylisocyanide--Nmethylacetamide_100,False,True,False,False
HB375x10_5.017_CH-O__methylisocyanide--Nmethylacetamide_monA,False,True,False,False
HB375x10_5.017_CH-O__methylisocyanide--Nmethylacetamide_monB,False,True,False,False
HB375x10_5.018_CH-O__nitromethane--Nmethylacetamide_100,False,True,False,False
HB375x10_5.018_CH-O__nitromethane--Nmethylacetamide_monA,False,True,False,False
HB375x10_5.018_CH-O__nitromethane--Nmethylacetamide_monB,False,True,False,False
HB375x10_5.019_CH-O__nitrosomethane--Nmethylacetamide_100,False,True,False,False
HB375x10_5.019_CH-O__nitrosomethane--Nmethylacetamide_monA,False,True,False,False
HB375x10_5.019_CH-O__nitrosomethane--Nmethylacetamide_monB,False,True,False,False
HB375x10_6.001_CH-N__ethyne--acetonitrile_100,False,True,False,False
HB375x10_6.001_CH-N__ethyne--acetonitrile_monA,False,True,False,False
HB375x10_6.001_CH-N__ethyne--acetonitrile_monB,False,True,False,False
HB375x10_6.002_CH-N__ethyne--ammonia_100,False,True,False,False
HB375x10_6.002_CH-N__ethyne--ammonia_monA,False,True,False,False
HB375x10_6.002_CH-N__ethyne--ammonia_monB,False,True,False,False
HB375x10_6.003_CH-N__ethyne--aniline_100,False,True,False,False
HB375x10_6.003_CH-N__ethyne--aniline_monA,False,True,False,False
HB375x10_6.003_CH-N__ethyne--aniline_monB,False,True,False,False
HB375x10_6.004_CH-N__ethyne--dimethylamine_100,False,True,False,False
HB375x10_6.004_CH-N__ethyne--dimethylamine_monA,False,True,False,False
HB375x10_6.004_CH-N__ethyne--dimethylamine_monB,False,True,False,False
HB375x10_6.005_CH-N__ethyne--dimethyldiazene_100,False,True,False,False
HB375x10_6.005_CH-N__ethyne--dimethyldiazene_monA,False,True,False,False
HB375x10_6.005_CH-N__ethyne--dimethyldiazene_monB,False,True,False,False
HB375x10_6.006_CH-N__ethyne--methylamine_100,False,True,False,False
HB375x10_6.006_CH-N__ethyne--methylamine_monA,False,True,False,False
HB375x10_6.006_CH-N__ethyne--methylamine_monB,False,True,False,False
HB375x10_6.007_CH-N__ethyne--methylazide_100,False,True,False,False
HB375x10_6.007_CH-N__ethyne--methylazide_monA,False,True,False,False
HB375x10_6.007_CH-N__ethyne--methylazide_monB,False,True,False,False
HB375x10_6.008_CH-N__ethyne--Nmethyl2propanimine_100,False,True,False,False
HB375x10_6.008_CH-N__ethyne--Nmethyl2propanimine_monA,False,True,False,False
HB375x10_6.008_CH-N__ethyne--Nmethyl2propanimine_monB,False,True,False,False
HB375x10_6.009_CH-N__ethyne--pyridine_100,False,True,False,False
HB375x10_6.009_CH-N__ethyne--pyridine_monA,False,True,False,False
HB375x10_6.009_CH-N__ethyne--pyridine_monB,False,True,False,False
HB375x10_6.010_CH-N__ethyne--trimethylamine_100,False,True,False,False
HB375x10_6.010_CH-N__ethyne--trimethylamine_monA,False,True,False,False
HB375x10_6.010_CH-N__ethyne--trimethylamine_monB,False,True,False,False
HB375x10_6.011_CH-N__furan--methylamine_100,False,True,False,False
HB375x10_6.011_CH-N__furan--methylamine_monA,False,True,False,False
HB375x10_6.011_CH-N__furan--methylamine_monB,False,True,False,False
HB375x10_6.012_CH-N__methylcyanate--ammonia_100,False,True,False,False
HB375x10_6.012_CH-N__methylcyanate--ammonia_monA,False,True,False,False
HB375x10_6.012_CH-N__methylcyanate--ammonia_monB,False,True,False,False
HB375x10_6.013_CH-N__methylcyanate--dimethylamine_100,False,True,False,False
HB375x10_6.013_CH-N__methylcyanate--dimethylamine_monA,False,True,False,False
HB375x10_6.013_CH-N__methylcyanate--dimethylamine_monB,False,True,False,False
HB375x10_6.014_CH-N__methylcyanate--methylamine_100,False,True,False,False
HB375x10_6.014_CH-N__methylcyanate--methylamine_monA,False,True,False,False
HB375x10_6.014_CH-N__methylcyanate--methylamine_monB,False,True,False,False
HB375x10_6.015_CH-N__methylisocyanide--dimethylamine_100,False,True,False,False
HB375x10_6.015_CH-N__methylisocyanide--dimethylamine_monA,False,True,False,False
HB375x10_6.015_CH-N__methylisocyanide--dimethylamine_monB,False,True,False,False
HB375x10_6.016_CH-N__methylisocyanide--methylamine_100,False,True,False,False
HB375x10_6.016_CH-N__methylisocyanide--methylamine_monA,False,True,False,False
HB375x10_6.016_CH-N__methylisocyanide--methylamine_monB,False,True,False,False
HB375x10_6.017_CH-N__nitromethane--dimethylamine_100,False,True,False,False
HB375x10_6.017_CH-N__nitromethane--dimethylamine_monA,False,True,False,False
HB375x10_6.017_CH-N__nitromethane--dimethylamine_monB,False,True,False,False
HB375x10_6.018_CH-N__nitromethane--methylamine_100,False,True,False,False
HB375x10_6.018_CH-N__nitromethane--methylamine_monA,False,True,False,False
HB375x10_6.018_CH-N__nitromethane--methylamine_monB,False,True,False,False
HB375x10_6.019_CH-N__nitrosomethane--dimethylamine_100,False,True,False,False
HB375x10_6.019_CH-N__nitrosomethane--dimethylamine_monA,False,True,False,False
HB375x10_6.019_CH-N__nitrosomethane--dimethylamine_monB,False,True,False,False
HB375x10_6.020_CH-N__nitrosomethane--methylamine_100,False,True,False,False
HB375x10_6.020_CH-N__nitrosomethane--methylamine_monA,False,True,False,False
HB375x10_6.020_CH-N__nitrosomethane--methylamine_monB,False,True,False,False
HCP32_10_FSeH-SHF_dim,True,True,False,False
HCP32_10_FSeH-SHF_monA,True,True,False,False
HCP32_10_FSeH-SHF_monB,True,True,False,False
HCP32_11_FSH-OHF_dim,True,True,False,False
HCP32_11_FSH-OHF_monA,True,True,False,False
HCP32_11_FSH-OHF_monB,True,True,False,False
HCP32_12_FSH-OH2_dim,True,True,False,False
HCP32_12_FSH-OH2_monA,True,True,False,False
HCP32_12_FSH-OH2_monB,True,True,False,False
HCP32_13_FSH-SH2_dim,True,True,False,False
HCP32_13_FSH-SH2_monA,True,True,False,False
HCP32_13_FSH-SH2_monB,True,True,False,False
HCP32_14_FSH-SF2_dim,True,True,False,False
HCP32_14_FSH-SF2_monA,True,True,False,False
HCP32_14_FSH-SF2_monB,True,True,False,False
HCP32_15_FPH2_2_dim,True,True,False,False
HCP32_15_FPH2_2_monA,True,True,False,False
HCP32_15_FPH2_2_monB,True,True,False,False
HCP32_16_FNH2_2_dim,True,True,False,False
HCP32_16_FNH2_2_monA,True,True,False,False
HCP32_16_FNH2_2_monB,True,True,False,False
HCP32_17_FH2As-PFH2_dim,True,True,False,False
HCP32_17_FH2As-PFH2_monA,True,True,False,False
HCP32_17_FH2As-PFH2_monB,True,True,False,False
HCP32_18_FH2P-NFH2_dim,True,True,False,False
HCP32_18_FH2P-NFH2_monA,True,True,False,False
HCP32_18_FH2P-NFH2_monB,True,True,False,False
HCP32_19_FH2P-PH3_dim,True,True,False,False
HCP32_19_FH2P-PH3_monA,True,True,False,False
HCP32_19_FH2P-PH3_monB,True,True,False,False
HCP32_1_Cl2_2_dim,True,True,False,False
HCP32_1_Cl2_2_monA,True,True,False,False
HCP32_1_Cl2_2_monB,True,True,False,False
HCP32_20_FH2P-NH3_dim,True,True,False,False
HCP32_20_FH2P-NH3_monA,True,True,False,False
HCP32_20_FH2P-NH3_monB,True,True,False,False
HCP32_21_FHS-PH2F_dim,True,True,False,False
HCP32_21_FHS-PH2F_monA,True,True,False,False
HCP32_21_FHS-PH2F_monB,True,True,False,False
HCP32_22_FHSe-PH2F_dim,True,True,False,False
HCP32_22_FHSe-PH2F_monA,True,True,False,False
HCP32_22_FHSe-PH2F_monB,True,True,False,False
HCP32_23_FHS-AsH2F_dim,True,True,False,False
HCP32_23_FHS-AsH2F_monA,True,True,False,False
HCP32_23_FHS-AsH2F_monB,True,True,False,False
HCP32_24_FH2P-SH2O_dim,True,True,False,False
HCP32_24_FH2P-SH2O_monA,True,True,False,False
HCP32_24_FH2P-SH2O_monB,True,True,False,False
HCP32_25_FH2P-SHF_dim,True,True,False,False
HCP32_25_FH2P-SHF_monA,True,True,False,False
HCP32_25_FH2P-SHF_monB,True,True,False,False
HCP32_26_FHS-PH2F_dim,True,True,False,False
HCP32_26_FHS-PH2F_monA,True,True,False,False
HCP32_26_FHS-PH2F_monB,True,True,False,False
HCP32_27_FHS-PF2H_dim,True,True,False,False
HCP32_27_FHS-PF2H_monA,True,True,False,False
HCP32_27_FHS-PF2H_monB,True,True,False,False
HCP32_28_FHS-PH3_dim,True,True,False,False
HCP32_28_FHS-PH3_monA,True,True,False,False
HCP32_28_FHS-PH3_monB,True,True,False,False
HCP32_29_FH2P-SH2_dim,True,True,False,False
HCP32_29_FH2P-SH2_monA,True,True,False,False
HCP32_29_FH2P-SH2_monB,True,True,False,False
HCP32_2_FCl_2_dim,True,True,False,False
HCP32_2_FCl_2_monA,True,True,False,False
HCP32_2_FCl_2_monB,True,True,False,False
HCP32_30_FH2P-SF2_dim,True,True,False,False
HCP32_30_FH2P-SF2_monA,True,True,False,False
HCP32_30_FH2P-SF2_monB,True,True,False,False
HCP32_31_FPH2-Cl2_dim,True,True,False,False
HCP32_31_FPH2-Cl2_monA,True,True,False,False
HCP32_31_FPH2-Cl2_monB,True,True,False,False
HCP32_32_Cl2-PH2F_dim,True,True,False,False
HCP32_32_Cl2-PH2F_monA,True,True,False,False
HCP32_32_Cl2-PH2F_monB,True,True,False,False
HCP32_3_FBr_2_dim,True,True,False,False
HCP32_3_FBr_2_monA,True,True,False,False
HCP32_3_FBr_2_monB,True,True,False,False
HCP32_4_Cl2_2_dim,True,True,False,False
HCP32_4_Cl2_2_monA,True,True,False,False
HCP32_4_Cl2_2_monB,True,True,False,False
HCP32_5_FCl_2_dim,True,True,False,False
HCP32_5_FCl_2_monA,True,True,False,False
HCP32_5_FCl_2_monB,True,True,False,False
HCP32_6_FBr_2_dim,True,True,False,False
HCP32_6_FBr_2_monA,True,True,False,False
HCP32_6_FBr_2_monB,True,True,False,False
HCP32_7_FHS_2_dim,True,True,False,False
HCP32_7_FHS_2_monA,True,True,False,False
HCP32_7_FHS_2_monB,True,True,False,False
HCP32_8_FHS_2_dim,True,True,False,False
HCP32_8_FHS_2_monA,True,True,False,False
HCP32_8_FHS_2_monB,True,True,False,False
HCP32_9_OSH2_2_dim,True,True,False,False
HCP32_9_OSH2_2_monA,True,True,False,False
HCP32_9_OSH2_2_monB,True,True,False,False
HEAVY28_bih3,False,True,False,False
HEAVY28_bih3_2,False,True,False,False
HEAVY28_bih3_h2o,False,True,False,False
HEAVY28_bih3_h2s,False,True,False,False
HEAVY28_bih3_hbr,False,True,False,False
HEAVY28_bih3_hcl,False,True,False,False
HEAVY28_bih3_hi,False,True,False,False
HEAVY28_bih3_nh3,False,True,False,False
HEAVY28_h2o,False,True,False,False
HEAVY28_h2s,False,True,False,False
HEAVY28_hbr,False,True,False,False
HEAVY28_hcl,False,True,False,False
HEAVY28_hi,False,True,False,False
HEAVY28_nh3,False,True,False,False
HEAVY28_pbh4,False,True,False,False
HEAVY28_pbh4_2,False,True,False,False
HEAVY28_pbh4_bih3,False,True,False,False
HEAVY28_pbh4_h2o,False,True,False,False
HEAVY28_pbh4_hbr,False,True,False,False
HEAVY28_pbh4_hcl,False,True,False,False
HEAVY28_pbh4_hi,False,True,False,False
HEAVY28_pbh4_teh2,False,True,False,False
HEAVY28_sbh3,False,True,False,False
HEAVY28_sbh3_2,False,True,False,False
HEAVY28_sbh3_h2o,False,True,False,False
HEAVY28_sbh3_h2s,False,True,False,False
HEAVY28_sbh3_hbr,False,True,False,False
HEAVY28_sbh3_hcl,False,True,False,False
HEAVY28_sbh3_hi,False,True,False,False
HEAVY28_sbh3_nh3,False,True,False,False
HEAVY28_teh2,False,True,False,False
HEAVY28_teh2_2,False,True,False,False
HEAVY28_teh2_h2o,False,True,False,False
HEAVY28_teh2_h2s,False,True,False,False
HEAVY28_teh2_hbr,False,True,False,False
HEAVY28_teh2_hcl,False,True,False,False
HEAVY28_teh2_hi,False,True,False,False
HEAVY28_teh2_nh3,False,True,False,False
HEAVYSB11_as2me4,True,True,False,False
HEAVYSB11_asme2,True,True,False,False
HEAVYSB11_br,True,True,False,False
HEAVYSB11_br2,True,True,False,False
HEAVYSB11_cl,True,True,False,False
HEAVYSB11_cl2,True,True,False,False
HEAVYSB11_ge2h6,True,True,False,False
HEAVYSB11_geh3,True,True,False,False
HEAVYSB11_h2s2,True,True,False,False
HEAVYSB11_h2se2,True,True,False,False
HEAVYSB11_p2me4,True,True,False,False
HEAVYSB11_pb2me6,True,True,False,False
HEAVYSB11_pbme3,True,True,False,False
HEAVYSB11_pme2,True,True,False,False
HEAVYSB11_sb2me4,True,True,False,False
HEAVYSB11_sbme2,True,True,False,False
HEAVYSB11_seh,True,True,False,False
HEAVYSB11_sh,True,True,False,False
HEAVYSB11_sn2me6,True,True,False,False
HEAVYSB11_snme3,True,True,False,False
HEAVYSB11_te2me2,True,True,False,False
HEAVYSB11_teme,True,True,False,False
HR46_1-3-butadiene,True,True,False,False
HR46_1-3-butadiene0+,False,True,False,False
HR46_1-3-butadiene0-,False,True,False,False
HR46_1-3-butadiene1+,False,True,False,False
HR46_1-3-butadiene1-,False,True,False,False
HR46_1-3-butadiene2+,True,True,False,False
HR46_1-3-butadiene2-,True,True,False,False
HR46_1-pentene,True,True,False,False
HR46_1-pentene0+,False,True,False,False
HR46_1-pentene0-,False,True,False,False
HR46_1-pentene1+,False,True,False,False
HR46_1-pentene1-,False,True,False,False
HR46_1-pentene2+,True,True,False,False
HR46_1-pentene2-,True,True,False,False
HR46_N-methylacetamide,True,True,False,False
HR46_N-methylacetamide0+,True,True,False,False
HR46_N-methylacetamide0-,True,True,False,False
HR46_N-methylacetamide1+,False,True,False,False
HR46_N-methylacetamide1-,False,True,False,False
HR46_N-methylacetamide2+,False,True,False,False
HR46_N-methylacetamide2-,False,True,False,False
HR46_acetaldehyde,True,True,False,False
HR46_acetaldehyde0+,True,True,False,False
HR46_acetaldehyde0-,True,True,False,False
HR46_acetaldehyde1+,False,True,False,False
HR46_acetaldehyde1-,False,True,False,False
HR46_acetaldehyde2+,False,True,False,False
HR46_acetaldehyde2-,False,True,False,False
HR46_acetic_acid,True,True,False,False
HR46_acetic_acid0+,False,True,False,False
HR46_acetic_acid0-,False,True,False,False
HR46_acetic_acid1+,True,True,False,False
HR46_acetic_acid1-,True,True,False,False
HR46_acetic_acid2+,False,True,False,False
HR46_acetic_acid2-,False,True,False,False
HR46_acetone,True,True,False,False
HR46_acetone0+,False,True,False,False
HR46_acetone0-,False,True,False,False
HR46_acetone1+,True,True,False,False
HR46_acetone1-,True,True,False,False
HR46_acetone2+,False,True,False,False
HR46_acetone2-,False,True,False,False
HR46_acetonitrile,True,True,False,False
HR46_acetonitrile0+,False,True,False,False
HR46_acetonitrile0-,False,True,False,False
HR46_acetonitrile1+,True,True,False,False
HR46_acetonitrile1-,True,True,False,False
HR46_acetonitrile2+,False,True,False,False
HR46_acetonitrile2-,False,True,False,False
HR46_ammonia,True,True,False,False
HR46_ammonia0+,False,True,False,False
HR46_ammonia0-,False,True,False,False
HR46_ammonia1+,True,True,False,False
HR46_ammonia1-,True,True,False,False
HR46_ammonia2+,False,True,False,False
HR46_ammonia2-,False,True,False,False
HR46_benzene,True,True,False,False
HR46_benzene0+,True,True,False,False
HR46_benzene0-,True,True,False,False
HR46_benzene1+,False,True,False,False
HR46_benzene1-,False,True,False,False
HR46_benzene2+,False,True,False,False
HR46_benzene2-,False,True,False,False
HR46_bromine,True,True,False,False
HR46_bromine0+,True,True,False,False
HR46_bromine0-,True,True,False,False
HR46_bromine1+,False,True,False,False
HR46_bromine1-,False,True,False,False
HR46_carbon_dioxide,False,True,False,False
HR46_carbon_dioxide0+,False,True,False,False
HR46_carbon_dioxide0-,False,True,False,False
HR46_carbon_dioxide1+,False,True,False,False
HR46_carbon_dioxide1-,False,True,False,False
HR46_carbon_monoxide,True,True,False,False
HR46_carbon_monoxide0+,False,True,False,False
HR46_carbon_monoxide0-,False,True,False,False
HR46_carbon_monoxide1+,True,True,False,False
HR46_carbon_monoxide1-,True,True,False,False
HR46_chlorine,True,True,False,False
HR46_chlorine0+,False,True,False,False
HR46_chlorine0-,False,True,False,False
HR46_chlorine1+,True,True,False,False
HR46_chlorine1-,True,True,False,False
HR46_chlorobenzene,True,True,False,False
HR46_chlorobenzene0+,True,True,False,False
HR46_chlorobenzene0-,True,True,False,False
HR46_chlorobenzene1+,False,True,False,False
HR46_chlorobenzene1-,False,True,False,False
HR46_chlorobenzene2+,False,True,False,False
HR46_chlorobenzene2-,False,True,False,False
HR46_cytosine,True,True,False,False
HR46_cytosine0+,True,True,False,False
HR46_cytosine0-,True,True,False,False
HR46_cytosine1+,False,True,False,False
HR46_cytosine1-,False,True,False,False
HR46_cytosine2+,False,True,False,False
HR46_cytosine2-,False,True,False,False
HR46_dimethyl_amine,True,True,False,False
HR46_dimethyl_amine0+,False,True,False,False
HR46_dimethyl_amine0-,False,True,False,False
HR46_dimethyl_amine1+,False,True,False,False
HR46_dimethyl_amine1-,False,True,False,False
HR46_dimethyl_amine2+,True,True,False,False
HR46_dimethyl_amine2-,True,True,False,False
HR46_dimethyl_ether,True,True,False,False
HR46_dimethyl_ether0+,True,True,False,False
HR46_dimethyl_ether0-,True,True,False,False
HR46_dimethyl_ether1+,False,True,False,False
HR46_dimethyl_ether1-,False,True,False,False
HR46_dimethyl_ether2+,False,True,False,False
HR46_dimethyl_ether2-,False,True,False,False
HR46_dimethyl_sulfide,True,True,False,False
HR46_dimethyl_sulfide0+,False,True,False,False
HR46_dimethyl_sulfide0-,False,True,False,False
HR46_dimethyl_sulfide1+,True,True,False,False
HR46_dimethyl_sulfide1-,True,True,False,False
HR46_dimethyl_sulfide2+,False,True,False,False
HR46_dimethyl_sulfide2-,False,True,False,False
HR46_dimethyl_sulfone,True,True,False,False
HR46_dimethyl_sulfone0+,False,True,False,False
HR46_dimethyl_sulfone0-,False,True,False,False
HR46_dimethyl_sulfone1+,False,True,False,False
HR46_dimethyl_sulfone1-,False,True,False,False
HR46_dimethyl_sulfone2+,True,True,False,False
HR46_dimethyl_sulfone2-,True,True,False,False
HR46_ethanol,True,True,False,False
HR46_ethanol0+,False,True,False,False
HR46_ethanol0-,False,True,False,False
HR46_ethanol1+,True,True,False,False
HR46_ethanol1-,True,True,False,False
HR46_ethanol2+,False,True,False,False
HR46_ethanol2-,False,True,False,False
HR46_ethene,True,True,False,False
HR46_ethene0+,True,True,False,False
HR46_ethene0-,True,True,False,False
HR46_ethene1+,False,True,False,False
HR46_ethene1-,False,True,False,False
HR46_ethene2+,False,True,False,False
HR46_ethene2-,False,True,False,False
HR46_fluorobenzene,True,True,False,False
HR46_fluorobenzene0+,False,True,False,False
HR46_fluorobenzene0-,False,True,False,False
HR46_fluorobenzene1+,False,True,False,False
HR46_fluorobenzene1-,False,True,False,False
HR46_fluorobenzene2+,True,True,False,False
HR46_fluorobenzene2-,True,True,False,False
HR46_fluoromethane,True,True,False,False
HR46_fluoromethane0+,True,True,False,False
HR46_fluoromethane0-,True,True,False,False
HR46_fluoromethane1+,False,True,False,False
HR46_fluoromethane1-,False,True,False,False
HR46_furan,True,True,False,False
HR46_furan0+,False,True,False,False
HR46_furan0-,False,True,False,False
HR46_furan1+,False,True,False,False
HR46_furan1-,False,True,False,False
HR46_furan2+,True,True,False,False
HR46_furan2-,True,True,False,False
HR46_hydrogen_sulfide,True,True,False,False
HR46_hydrogen_sulfide0+,True,True,False,False
HR46_hydrogen_sulfide0-,True,True,False,False
HR46_hydrogen_sulfide1+,False,True,False,False
HR46_hydrogen_sulfide1-,False,True,False,False
HR46_hydrogen_sulfide2+,False,True,False,False
HR46_hydrogen_sulfide2-,False,True,False,False
HR46_imidazole,True,True,False,False
HR46_imidazole0+,False,True,False,False
HR46_imidazole0-,False,True,False,False
HR46_imidazole1+,True,True,False,False
HR46_imidazole1-,True,True,False,False
HR46_imidazole2+,False,True,False,False
HR46_imidazole2-,False,True,False,False
HR46_isobutene,True,True,False,False
HR46_isobutene0+,False,True,False,False
HR46_isobutene0-,False,True,False,False
HR46_isobutene1+,True,True,False,False
HR46_isobutene1-,True,True,False,False
HR46_isobutene2+,False,True,False,False
HR46_isobutene2-,False,True,False,False
HR46_methanol,True,True,False,False
HR46_methanol0+,True,True,False,False
HR46_methanol0-,True,True,False,False
HR46_methanol1+,False,True,False,False
HR46_methanol1-,False,True,False,False
HR46_methanol2+,False,True,False,False
HR46_methanol2-,False,True,False,False
HR46_methylacetate,True,True,False,False
HR46_methylacetate0+,False,True,False,False
HR46_methylacetate0-,False,True,False,False
HR46_methylacetate1+,True,True,False,False
HR46_methylacetate1-,True,True,False,False
HR46_methylacetate2+,False,True,False,False
HR46_methylacetate2-,False,True,False,False
HR46_methylformate,True,True,False,False
HR46_methylformate0+,False,True,False,False
HR46_methylformate0-,False,True,False,False
HR46_methylformate1+,True,True,False,False
HR46_methylformate1-,True,True,False,False
HR46_methylformate2+,False,True,False,False
HR46_methylformate2-,False,True,False,False
HR46_nitrogen,True,True,False,False
HR46_nitrogen0+,True,True,False,False
HR46_nitrogen0-,True,True,False,False
HR46_nitrogen1+,False,True,False,False
HR46_nitrogen1-,False,True,False,False
HR46_nitrogen_monoxide,True,True,False,False
HR46_nitrogen_monoxide0+,False,True,False,False
HR46_nitrogen_monoxide0-,False,True,False,False
HR46_nitrogen_monoxide2+,True,True,False,False
HR46_nitrogen_monoxide2-,True,True,False,False
HR46_oxygen,True,True,False,False
HR46_oxygen0+,False,True,False,False
HR46_oxygen0-,False,True,False,False
HR46_oxygen1+,True,True,False,False
HR46_oxygen1-,True,True,False,False
HR46_phenol,True,True,False,False
HR46_phenol0+,False,True,False,False
HR46_phenol0-,False,True,False,False
HR46_phenol1+,False,True,False,False
HR46_phenol1-,False,True,False,False
HR46_phenol2+,True,True,False,False
HR46_phenol2-,True,True,False,False
HR46_phosphine,True,True,False,False
HR46_phosphine0+,False,True,False,False
HR46_phosphine0-,False,True,False,False
HR46_phosphine1+,False,True,False,False
HR46_phosphine1-,False,True,False,False
HR46_phosphine2+,True,True,False,False
HR46_phosphine2-,True,True,False,False
HR46_propane,True,True,False,False
HR46_propane0+,True,True,False,False
HR46_propane0-,True,True,False,False
HR46_propane1+,False,True,False,False
HR46_propane1-,False,True,False,False
HR46_propane2+,False,True,False,False
HR46_propane2-,False,True,False,False
HR46_pyrazole,True,True,False,False
HR46_pyrazole0+,True,True,False,False
HR46_pyrazole0-,True,True,False,False
HR46_pyrazole1+,False,True,False,False
HR46_pyrazole1-,False,True,False,False
HR46_pyrazole2+,False,True,False,False
HR46_pyrazole2-,False,True,False,False
HR46_pyridine,True,True,False,False
HR46_pyridine0+,False,True,False,False
HR46_pyridine0-,False,True,False,False
HR46_pyridine1+,False,True,False,False
HR46_pyridine1-,False,True,False,False
HR46_pyridine2+,True,True,False,False
HR46_pyridine2-,True,True,False,False
HR46_pyrrole,True,True,False,False
HR46_pyrrole0+,False,True,False,False
HR46_pyrrole0-,False,True,False,False
HR46_pyrrole1+,True,True,False,False
HR46_pyrrole1-,True,True,False,False
HR46_pyrrole2+,False,True,False,False
HR46_pyrrole2-,False,True,False,False
HR46_silane,True,True,False,False
HR46_silane0+,False,True,False,False
HR46_silane0-,False,True,False,False
HR46_silane1+,True,True,False,False
HR46_silane1-,True,True,False,False
HR46_sulfur_dioxide,True,True,False,False
HR46_sulfur_dioxide0+,True,True,False,False
HR46_sulfur_dioxide0-,True,True,False,False
HR46_sulfur_dioxide1+,False,True,False,False
HR46_sulfur_dioxide1-,False,True,False,False
HR46_sulfur_dioxide2+,False,True,False,False
HR46_sulfur_dioxide2-,False,True,False,False
HR46_sulfur_monoxide,True,True,False,False
HR46_sulfur_monoxide0+,True,True,False,False
HR46_sulfur_monoxide0-,True,True,False,False
HR46_sulfur_monoxide1+,False,True,False,False
HR46_sulfur_monoxide1-,False,True,False,False
HR46_thiophene,True,True,False,False
HR46_thiophene0+,True,True,False,False
HR46_thiophene0-,True,True,False,False
HR46_thiophene1+,False,True,False,False
HR46_thiophene1-,False,True,False,False
HR46_thiophene2+,False,True,False,False
HR46_thiophene2-,False,True,False,False
HR46_toluene,True,True,False,False
HR46_toluene0+,True,True,False,False
HR46_toluene0-,True,True,False,False
HR46_toluene1+,False,True,False,False
HR46_toluene1-,False,True,False,False
HR46_toluene2+,False,True,False,False
HR46_toluene2-,False,True,False,False
HR46_trimethyl_amine,True,True,False,False
HR46_trimethyl_amine0+,True,True,False,False
HR46_trimethyl_amine0-,True,True,False,False
HR46_trimethyl_amine1+,False,True,False,False
HR46_trimethyl_amine1-,False,True,False,False
HR46_trimethyl_amine2+,False,True,False,False
HR46_trimethyl_amine2-,False,True,False,False
HR46_water,True,True,False,False
HR46_water0+,False,True,False,False
HR46_water0-,False,True,False,False
HR46_water1+,False,True,False,False
HR46_water1-,False,True,False,False
HR46_water2+,True,True,False,False
HR46_water2-,True,True,False,False
He3_1,False,True,False,False
He3_10,False,True,False,False
He3_10_dim12,False,True,False,False
He3_10_dim23,False,True,False,False
He3_10_dim31,False,True,False,False
He3_11,False,True,False,False
He3_11_dim12,False,True,False,False
He3_11_dim23,False,True,False,False
He3_11_dim31,False,True,False,False
He3_12,False,True,False,False
He3_12_dim12,False,True,False,False
He3_12_dim23,False,True,False,False
He3_12_dim31,False,True,False,False
He3_13,False,True,False,False
He3_13_dim12,False,True,False,False
He3_13_dim23,False,True,False,False
He3_13_dim31,False,True,False,False
He3_14,False,True,False,False
He3_14_dim12,False,True,False,False
He3_14_dim23,False,True,False,False
He3_14_dim31,False,True,False,False
He3_15,False,True,False,False
He3_15_dim12,False,True,False,False
He3_15_dim23,False,True,False,False
He3_15_dim31,False,True,False,False
He3_16,False,True,False,False
He3_16_dim12,False,True,False,False
He3_16_dim23,False,True,False,False
He3_16_dim31,False,True,False,False
He3_17,False,True,False,False
He3_17_dim12,False,True,False,False
He3_17_dim23,False,True,False,False
He3_17_dim31,False,True,False,False
He3_18,False,True,False,False
He3_18_dim12,False,True,False,False
He3_18_dim23,False,True,False,False
He3_18_dim31,False,True,False,False
He3_19,False,True,False,False
He3_19_dim12,False,True,False,False
He3_19_dim23,False,True,False,False
He3_19_dim31,False,True,False,False
He3_1_dim12,False,True,False,False
He3_1_dim23,False,True,False,False
He3_1_dim31,False,True,False,False
He3_2,False,True,False,False
He3_20,False,True,False,False
He3_20_dim12,False,True,False,False
He3_20_dim23,False,True,False,False
He3_20_dim31,False,True,False,False
He3_21,False,True,False,False
He3_21_dim12,False,True,False,False
He3_21_dim23,False,True,False,False
He3_21_dim31,False,True,False,False
He3_22,False,True,False,False
He3_22_dim12,False,True,False,False
He3_22_dim23,False,True,False,False
He3_22_dim31,False,True,False,False
He3_23,False,True,False,False
He3_23_dim12,False,True,False,False
He3_23_dim23,False,True,False,False
He3_23_dim31,False,True,False,False
He3_24,False,True,False,False
He3_24_dim12,False,True,False,False
He3_24_dim23,False,True,False,False
He3_24_dim31,False,True,False,False
He3_25,False,True,False,False
He3_25_dim12,False,True,False,False
He3_25_dim23,False,True,False,False
He3_25_dim31,False,True,False,False
He3_26,False,True,False,False
He3_26_dim12,False,True,False,False
He3_26_dim23,False,True,False,False
He3_26_dim31,False,True,False,False
He3_27,False,True,False,False
He3_27_dim12,False,True,False,False
He3_27_dim23,False,True,False,False
He3_27_dim31,False,True,False,False
He3_28,False,True,False,False
He3_28_dim12,False,True,False,False
He3_28_dim23,False,True,False,False
He3_28_dim31,False,True,False,False
He3_29,False,True,False,False
He3_29_dim12,False,True,False,False
He3_29_dim23,False,True,False,False
He3_29_dim31,False,True,False,False
He3_2_dim12,False,True,False,False
He3_2_dim23,False,True,False,False
He3_2_dim31,False,True,False,False
He3_3,False,True,False,False
He3_30,False,True,False,False
He3_30_dim12,False,True,False,False
He3_30_dim23,False,True,False,False
He3_30_dim31,False,True,False,False
He3_31,False,True,False,False
He3_31_dim12,False,True,False,False
He3_31_dim23,False,True,False,False
He3_31_dim31,False,True,False,False
He3_32,False,True,False,False
He3_32_dim12,False,True,False,False
He3_32_dim23,False,True,False,False
He3_32_dim31,False,True,False,False
He3_33,False,True,False,False
He3_33_dim12,False,True,False,False
He3_33_dim23,False,True,False,False
He3_33_dim31,False,True,False,False
He3_34,False,True,False,False
He3_34_dim12,False,True,False,False
He3_34_dim23,False,True,False,False
He3_34_dim31,False,True,False,False
He3_35,False,True,False,False
He3_35_dim12,False,True,False,False
He3_35_dim23,False,True,False,False
He3_35_dim31,False,True,False,False
He3_36,False,True,False,False
He3_36_dim12,False,True,False,False
He3_36_dim23,False,True,False,False
He3_36_dim31,False,True,False,False
He3_37,False,True,False,False
He3_37_dim12,False,True,False,False
He3_37_dim23,False,True,False,False
He3_37_dim31,False,True,False,False
He3_38,False,True,False,False
He3_38_dim12,False,True,False,False
He3_38_dim23,False,True,False,False
He3_38_dim31,False,True,False,False
He3_39,False,True,False,False
He3_39_dim12,False,True,False,False
He3_39_dim23,False,True,False,False
He3_39_dim31,False,True,False,False
He3_3_dim12,False,True,False,False
He3_3_dim23,False,True,False,False
He3_3_dim31,False,True,False,False
He3_4,False,True,False,False
He3_40,False,True,False,False
He3_40_dim12,False,True,False,False
He3_40_dim23,False,True,False,False
He3_40_dim31,False,True,False,False
He3_41,False,True,False,False
He3_41_dim12,False,True,False,False
He3_41_dim23,False,True,False,False
He3_41_dim31,False,True,False,False
He3_42,False,True,False,False
He3_42_dim12,False,True,False,False
He3_42_dim23,False,True,False,False
He3_42_dim31,False,True,False,False
He3_43,False,True,False,False
He3_43_dim12,False,True,False,False
He3_43_dim23,False,True,False,False
He3_43_dim31,False,True,False,False
He3_44,False,True,False,False
He3_44_dim12,False,True,False,False
He3_44_dim23,False,True,False,False
He3_44_dim31,False,True,False,False
He3_45,False,True,False,False
He3_45_dim12,False,True,False,False
He3_45_dim23,False,True,False,False
He3_45_dim31,False,True,False,False
He3_46,False,True,False,False
He3_46_dim12,False,True,False,False
He3_46_dim23,False,True,False,False
He3_46_dim31,False,True,False,False
He3_47,False,True,False,False
He3_47_dim12,False,True,False,False
He3_47_dim23,False,True,False,False
He3_47_dim31,False,True,False,False
He3_48,False,True,False,False
He3_48_dim12,False,True,False,False
He3_48_dim23,False,True,False,False
He3_48_dim31,False,True,False,False
He3_49,False,True,False,False
He3_49_dim12,False,True,False,False
He3_49_dim23,False,True,False,False
He3_49_dim31,False,True,False,False
He3_4_dim12,False,True,False,False
He3_4_dim23,False,True,False,False
He3_4_dim31,False,True,False,False
He3_5,False,True,False,False
He3_5_dim12,False,True,False,False
He3_5_dim23,False,True,False,False
He3_5_dim31,False,True,False,False
He3_6,False,True,False,False
He3_6_dim12,False,True,False,False
He3_6_dim23,False,True,False,False
He3_6_dim31,False,True,False,False
He3_7,False,True,False,False
He3_7_dim12,False,True,False,False
He3_7_dim23,False,True,False,False
He3_7_dim31,False,True,False,False
He3_8,False,True,False,False
He3_8_dim12,False,True,False,False
He3_8_dim23,False,True,False,False
He3_8_dim31,False,True,False,False
He3_9,False,True,False,False
He3_9_dim12,False,True,False,False
He3_9_dim23,False,True,False,False
He3_9_dim31,False,True,False,False
He3_He,False,True,False,False
ICONF_H2S2O7_1,False,True,False,False
ICONF_H2S2O7_2,False,True,False,False
ICONF_H2S2O7_3,False,True,False,False
ICONF_H4P2O7_1,False,True,False,False
ICONF_H4P2O7_2,False,True,False,False
ICONF_H4P2O7_3,False,True,False,False
ICONF_H4P2O7_4,False,True,False,False
ICONF_N3H5_1,False,True,False,False
ICONF_N3H5_2,False,True,False,False
ICONF_N3H5_3,False,True,False,False
ICONF_N3P3H12_1,False,True,False,False
ICONF_N3P3H12_2,False,True,False,False
ICONF_N4H6_1,False,True,False,False
ICONF_N4H6_2,False,True,False,False
ICONF_N4H6_3,False,True,False,False
ICONF_P7H7_1,False,True,False,False
ICONF_P7H7_2,False,True,False,False
ICONF_S4O4_1,False,True,False,False
ICONF_S4O4_2,False,True,False,False
ICONF_S8_1,False,True,False,False
ICONF_S8_2,False,True,False,False
ICONF_SI5H12_1,False,True,False,False
ICONF_SI5H12_2,False,True,False,False
ICONF_SI5H12_3,False,True,False,False
ICONF_SI5H12_4,False,True,False,False
ICONF_SI6H12_1,False,True,False,False
ICONF_SI6H12_2,False,True,False,False
IDISP_F14f,False,True,False,False
IDISP_F14l,False,True,False,False
IDISP_F22f,False,True,False,False
IDISP_F22l,False,True,False,False
IDISP_ant,False,True,False,False
IDISP_antdimer,False,True,False,False
IDISP_h2,False,True,False,False
IDISP_octane1,False,True,False,False
IDISP_octane2,False,True,False,False
IDISP_pc22,False,True,False,False
IDISP_pxylene,False,True,False,False
IDISP_undecan1,False,True,False,False
IDISP_undecan2,False,True,False,False
IHB100x10_01.001_OHk-O__oxonium--methylcyanate_080,False,True,False,False
IHB100x10_01.001_OHk-O__oxonium--methylcyanate_100,True,True,False,False
IHB100x10_01.001_OHk-O__oxonium--methylcyanate_150,False,True,False,False
IHB100x10_01.001_OHk-O__oxonium--methylcyanate_monA,True,True,False,False
IHB100x10_01.001_OHk-O__oxonium--methylcyanate_monB,True,True,False,False
IHB100x10_02.001_NHk-O__ammonium--acetaldehyde_080,False,True,False,False
IHB100x10_02.001_NHk-O__ammonium--acetaldehyde_100,True,True,False,False
IHB100x10_02.001_NHk-O__ammonium--acetaldehyde_150,False,True,False,False
IHB100x10_02.001_NHk-O__ammonium--acetaldehyde_monA,True,True,False,False
IHB100x10_02.001_NHk-O__ammonium--acetaldehyde_monB,True,True,False,False
IHB100x10_02.002_NHk-O__ammonium--dimethylcarbonate_080,False,True,False,False
IHB100x10_02.002_NHk-O__ammonium--dimethylcarbonate_100,True,True,False,False
IHB100x10_02.002_NHk-O__ammonium--dimethylcarbonate_150,False,True,False,False
IHB100x10_02.002_NHk-O__ammonium--dimethylcarbonate_monA,True,True,False,False
IHB100x10_02.002_NHk-O__ammonium--dimethylcarbonate_monB,True,True,False,False
IHB100x10_02.003_NHk-O__ammonium--dimethylether_080,False,True,False,False
IHB100x10_02.003_NHk-O__ammonium--dimethylether_100,True,True,False,False
IHB100x10_02.003_NHk-O__ammonium--dimethylether_150,False,True,False,False
IHB100x10_02.003_NHk-O__ammonium--dimethylether_monA,True,True,False,False
IHB100x10_02.003_NHk-O__ammonium--dimethylether_monB,True,True,False,False
IHB100x10_02.004_NHk-O__ammonium--nitromethane_080,False,True,False,False
IHB100x10_02.004_NHk-O__ammonium--nitromethane_100,True,True,False,False
IHB100x10_02.004_NHk-O__ammonium--nitromethane_150,False,True,False,False
IHB100x10_02.004_NHk-O__ammonium--nitromethane_monA,True,True,False,False
IHB100x10_02.004_NHk-O__ammonium--nitromethane_monB,True,True,False,False
IHB100x10_02.005_NHk-O__guanidinium--nitrosomethane_080,False,True,False,False
IHB100x10_02.005_NHk-O__guanidinium--nitrosomethane_100,True,True,False,False
IHB100x10_02.005_NHk-O__guanidinium--nitrosomethane_150,False,True,False,False
IHB100x10_02.005_NHk-O__guanidinium--nitrosomethane_monA,True,True,False,False
IHB100x10_02.005_NHk-O__guanidinium--nitrosomethane_monB,True,True,False,False
IHB100x10_02.006_NHk-O__imidazolium--acetone_080,False,True,False,False
IHB100x10_02.006_NHk-O__imidazolium--acetone_100,True,True,False,False
IHB100x10_02.006_NHk-O__imidazolium--acetone_150,False,True,False,False
IHB100x10_02.006_NHk-O__imidazolium--acetone_monA,True,True,False,False
IHB100x10_02.006_NHk-O__imidazolium--acetone_monB,True,True,False,False
IHB100x10_02.007_NHk-O__imidazolium--Nmethylacetamide_080,False,True,False,False
IHB100x10_02.007_NHk-O__imidazolium--Nmethylacetamide_100,True,True,False,False
IHB100x10_02.007_NHk-O__imidazolium--Nmethylacetamide_150,False,True,False,False
IHB100x10_02.007_NHk-O__imidazolium--Nmethylacetamide_monA,True,True,False,False
IHB100x10_02.007_NHk-O__imidazolium--Nmethylacetamide_monB,True,True,False,False
IHB100x10_02.008_NHk-O__imidazolium--phenol_080,False,True,False,False
IHB100x10_02.008_NHk-O__imidazolium--phenol_100,True,True,False,False
IHB100x10_02.008_NHk-O__imidazolium--phenol_150,False,True,False,False
IHB100x10_02.008_NHk-O__imidazolium--phenol_monA,True,True,False,False
IHB100x10_02.008_NHk-O__imidazolium--phenol_monB,True,True,False,False
IHB100x10_02.009_NHk-O__trimethylammonium--acetaldehyde_080,False,True,False,False
IHB100x10_02.009_NHk-O__trimethylammonium--acetaldehyde_100,True,True,False,False
IHB100x10_02.009_NHk-O__trimethylammonium--acetaldehyde_150,False,True,False,False
IHB100x10_02.009_NHk-O__trimethylammonium--acetaldehyde_monA,True,True,False,False
IHB100x10_02.009_NHk-O__trimethylammonium--acetaldehyde_monB,True,True,False,False
IHB100x10_02.010_NHk-O__trimethylammonium--acetamide_080,False,True,False,False
IHB100x10_02.010_NHk-O__trimethylammonium--acetamide_100,True,True,False,False
IHB100x10_02.010_NHk-O__trimethylammonium--acetamide_150,False,True,False,False
IHB100x10_02.010_NHk-O__trimethylammonium--acetamide_monA,True,True,False,False
IHB100x10_02.010_NHk-O__trimethylammonium--acetamide_monB,True,True,False,False
IHB100x10_02.011_NHk-O__trimethylammonium--aceticacid_080,False,True,False,False
IHB100x10_02.011_NHk-O__trimethylammonium--aceticacid_100,True,True,False,False
IHB100x10_02.011_NHk-O__trimethylammonium--aceticacid_150,False,True,False,False
IHB100x10_02.011_NHk-O__trimethylammonium--aceticacid_monA,True,True,False,False
IHB100x10_02.011_NHk-O__trimethylammonium--aceticacid_monB,True,True,False,False
IHB100x10_02.012_NHk-O__trimethylammonium--nitrosomethane_080,False,True,False,False
IHB100x10_02.012_NHk-O__trimethylammonium--nitrosomethane_100,True,True,False,False
IHB100x10_02.012_NHk-O__trimethylammonium--nitrosomethane_150,False,True,False,False
IHB100x10_02.012_NHk-O__trimethylammonium--nitrosomethane_monA,True,True,False,False
IHB100x10_02.012_NHk-O__trimethylammonium--nitrosomethane_monB,True,True,False,False
IHB100x10_02.013_NHk-O__guanidinium--acetamide_080,False,True,False,False
IHB100x10_02.013_NHk-O__guanidinium--acetamide_100,True,True,False,False
IHB100x10_02.013_NHk-O__guanidinium--acetamide_150,False,True,False,False
IHB100x10_02.013_NHk-O__guanidinium--acetamide_monA,True,True,False,False
IHB100x10_02.013_NHk-O__guanidinium--acetamide_monB,True,True,False,False
IHB100x10_02.014_NHk-O__guanidinium--furan_080,False,True,False,False
IHB100x10_02.014_NHk-O__guanidinium--furan_100,True,True,False,False
IHB100x10_02.014_NHk-O__guanidinium--furan_150,False,True,False,False
IHB100x10_02.014_NHk-O__guanidinium--furan_monA,True,True,False,False
IHB100x10_02.014_NHk-O__guanidinium--furan_monB,True,True,False,False
IHB100x10_02.015_NHk-O__guanidinium--nitromethane_080,False,True,False,False
IHB100x10_02.015_NHk-O__guanidinium--nitromethane_100,True,True,False,False
IHB100x10_02.015_NHk-O__guanidinium--nitromethane_150,False,True,False,False
IHB100x10_02.015_NHk-O__guanidinium--nitromethane_monA,True,True,False,False
IHB100x10_02.015_NHk-O__guanidinium--nitromethane_monB,True,True,False,False
IHB100x10_03.001_NHk-N__ammonium--methylazide_080,False,True,False,False
IHB100x10_03.001_NHk-N__ammonium--methylazide_100,True,True,False,False
IHB100x10_03.001_NHk-N__ammonium--methylazide_150,False,True,False,False
IHB100x10_03.001_NHk-N__ammonium--methylazide_monA,True,True,False,False
IHB100x10_03.001_NHk-N__ammonium--methylazide_monB,True,True,False,False
IHB100x10_03.002_NHk-N__ammonium--methylcyanate_080,False,True,False,False
IHB100x10_03.002_NHk-N__ammonium--methylcyanate_100,True,True,False,False
IHB100x10_03.002_NHk-N__ammonium--methylcyanate_150,False,True,False,False
IHB100x10_03.002_NHk-N__ammonium--methylcyanate_monA,True,True,False,False
IHB100x10_03.002_NHk-N__ammonium--methylcyanate_monB,True,True,False,False
IHB100x10_03.003_NHk-N__guanidinium--ammonia_080,False,True,False,False
IHB100x10_03.003_NHk-N__guanidinium--ammonia_100,True,True,False,False
IHB100x10_03.003_NHk-N__guanidinium--ammonia_150,False,True,False,False
IHB100x10_03.003_NHk-N__guanidinium--ammonia_monA,True,True,False,False
IHB100x10_03.003_NHk-N__guanidinium--ammonia_monB,True,True,False,False
IHB100x10_03.004_NHk-N__guanidinium--dimethyldiazene_080,False,True,False,False
IHB100x10_03.004_NHk-N__guanidinium--dimethyldiazene_100,True,True,False,False
IHB100x10_03.004_NHk-N__guanidinium--dimethyldiazene_150,False,True,False,False
IHB100x10_03.004_NHk-N__guanidinium--dimethyldiazene_monA,True,True,False,False
IHB100x10_03.004_NHk-N__guanidinium--dimethyldiazene_monB,True,True,False,False
IHB100x10_03.005_NHk-N__imidazolium--acetonitrile_080,False,True,False,False
IHB100x10_03.005_NHk-N__imidazolium--acetonitrile_100,True,True,False,False
IHB100x10_03.005_NHk-N__imidazolium--acetonitrile_150,False,True,False,False
IHB100x10_03.005_NHk-N__imidazolium--acetonitrile_monA,True,True,False,False
IHB100x10_03.005_NHk-N__imidazolium--acetonitrile_monB,True,True,False,False
IHB100x10_03.006_NHk-N__imidazolium--aniline_080,False,True,False,False
IHB100x10_03.006_NHk-N__imidazolium--aniline_100,True,True,False,False
IHB100x10_03.006_NHk-N__imidazolium--aniline_150,False,True,False,False
IHB100x10_03.006_NHk-N__imidazolium--aniline_monA,True,True,False,False
IHB100x10_03.006_NHk-N__imidazolium--aniline_monB,True,True,False,False
IHB100x10_03.007_NHk-N__trimethylammonium--acetonitrile_080,False,True,False,False
IHB100x10_03.007_NHk-N__trimethylammonium--acetonitrile_100,True,True,False,False
IHB100x10_03.007_NHk-N__trimethylammonium--acetonitrile_150,False,True,False,False
IHB100x10_03.007_NHk-N__trimethylammonium--acetonitrile_monA,True,True,False,False
IHB100x10_03.007_NHk-N__trimethylammonium--acetonitrile_monB,True,True,False,False
IHB100x10_03.008_NHk-N__trimethylammonium--ammonia_080,False,True,False,False
IHB100x10_03.008_NHk-N__trimethylammonium--ammonia_100,True,True,False,False
IHB100x10_03.008_NHk-N__trimethylammonium--ammonia_150,False,True,False,False
IHB100x10_03.008_NHk-N__trimethylammonium--ammonia_monA,True,True,False,False
IHB100x10_03.008_NHk-N__trimethylammonium--ammonia_monB,True,True,False,False
IHB100x10_03.009_NHk-N__trimethylammonium--dimethylamine_080,False,True,False,False
IHB100x10_03.009_NHk-N__trimethylammonium--dimethylamine_100,True,True,False,False
IHB100x10_03.009_NHk-N__trimethylammonium--dimethylamine_150,False,True,False,False
IHB100x10_03.009_NHk-N__trimethylammonium--dimethylamine_monA,True,True,False,False
IHB100x10_03.009_NHk-N__trimethylammonium--dimethylamine_monB,True,True,False,False
IHB100x10_03.010_NHk-N__trimethylammonium--dimethyldiazene_080,False,True,False,False
IHB100x10_03.010_NHk-N__trimethylammonium--dimethyldiazene_100,True,True,False,False
IHB100x10_03.010_NHk-N__trimethylammonium--dimethyldiazene_150,False,True,False,False
IHB100x10_03.010_NHk-N__trimethylammonium--dimethyldiazene_monA,True,True,False,False
IHB100x10_03.010_NHk-N__trimethylammonium--dimethyldiazene_monB,True,True,False,False
IHB100x10_03.011_NHk-N__trimethylammonium--methylamine_080,False,True,False,False
IHB100x10_03.011_NHk-N__trimethylammonium--methylamine_100,True,True,False,False
IHB100x10_03.011_NHk-N__trimethylammonium--methylamine_150,False,True,False,False
IHB100x10_03.011_NHk-N__trimethylammonium--methylamine_monA,True,True,False,False
IHB100x10_03.011_NHk-N__trimethylammonium--methylamine_monB,True,True,False,False
IHB100x10_03.012_NHk-N__trimethylammonium--methylazide_080,False,True,False,False
IHB100x10_03.012_NHk-N__trimethylammonium--methylazide_100,True,True,False,False
IHB100x10_03.012_NHk-N__trimethylammonium--methylazide_150,False,True,False,False
IHB100x10_03.012_NHk-N__trimethylammonium--methylazide_monA,True,True,False,False
IHB100x10_03.012_NHk-N__trimethylammonium--methylazide_monB,True,True,False,False
IHB100x10_03.013_NHk-N__trimethylammonium--trimethylamine_080,False,True,False,False
IHB100x10_03.013_NHk-N__trimethylammonium--trimethylamine_100,True,True,False,False
IHB100x10_03.013_NHk-N__trimethylammonium--trimethylamine_150,False,True,False,False
IHB100x10_03.013_NHk-N__trimethylammonium--trimethylamine_monA,True,True,False,False
IHB100x10_03.013_NHk-N__trimethylammonium--trimethylamine_monB,True,True,False,False
IHB100x10_03.014_NHk-N__guanidinium--methylcyanate_080,False,True,False,False
IHB100x10_03.014_NHk-N__guanidinium--methylcyanate_100,True,True,False,False
IHB100x10_03.014_NHk-N__guanidinium--methylcyanate_150,False,True,False,False
IHB100x10_03.014_NHk-N__guanidinium--methylcyanate_monA,True,True,False,False
IHB100x10_03.014_NHk-N__guanidinium--methylcyanate_monB,True,True,False,False
IHB100x10_03.015_NHk-N__guanidinium--Nmethyl2propanimine_080,False,True,False,False
IHB100x10_03.015_NHk-N__guanidinium--Nmethyl2propanimine_100,True,True,False,False
IHB100x10_03.015_NHk-N__guanidinium--Nmethyl2propanimine_150,False,True,False,False
IHB100x10_03.015_NHk-N__guanidinium--Nmethyl2propanimine_monA,True,True,False,False
IHB100x10_03.015_NHk-N__guanidinium--Nmethyl2propanimine_monB,True,True,False,False
IHB100x10_04.001_NHk-C__ammonium--methylisocyanide_080,False,True,False,False
IHB100x10_04.001_NHk-C__ammonium--methylisocyanide_100,True,True,False,False
IHB100x10_04.001_NHk-C__ammonium--methylisocyanide_150,False,True,False,False
IHB100x10_04.001_NHk-C__ammonium--methylisocyanide_monA,True,True,False,False
IHB100x10_04.001_NHk-C__ammonium--methylisocyanide_monB,True,True,False,False
IHB100x10_04.002_NHk-C__imidazolium--methylisocyanide_080,False,True,False,False
IHB100x10_04.002_NHk-C__imidazolium--methylisocyanide_100,True,True,False,False
IHB100x10_04.002_NHk-C__imidazolium--methylisocyanide_150,False,True,False,False
IHB100x10_04.002_NHk-C__imidazolium--methylisocyanide_monA,True,True,False,False
IHB100x10_04.002_NHk-C__imidazolium--methylisocyanide_monB,True,True,False,False
IHB100x10_04.003_NHk-C__trimethylammonium--methylisocyanide_080,False,True,False,False
IHB100x10_04.003_NHk-C__trimethylammonium--methylisocyanide_100,True,True,False,False
IHB100x10_04.003_NHk-C__trimethylammonium--methylisocyanide_150,False,True,False,False
IHB100x10_04.003_NHk-C__trimethylammonium--methylisocyanide_monA,True,True,False,False
IHB100x10_04.003_NHk-C__trimethylammonium--methylisocyanide_monB,True,True,False,False
IHB100x10_04.004_NHk-C__guanidinium--methylisocyanide_080,False,True,False,False
IHB100x10_04.004_NHk-C__guanidinium--methylisocyanide_100,True,True,False,False
IHB100x10_04.004_NHk-C__guanidinium--methylisocyanide_150,False,True,False,False
IHB100x10_04.004_NHk-C__guanidinium--methylisocyanide_monA,True,True,False,False
IHB100x10_04.004_NHk-C__guanidinium--methylisocyanide_monB,True,True,False,False
IHB100x10_05.001_OH-Oa__water--oxalate_080,False,True,False,False
IHB100x10_05.001_OH-Oa__water--oxalate_100,True,True,False,False
IHB100x10_05.001_OH-Oa__water--oxalate_150,False,True,False,False
IHB100x10_05.001_OH-Oa__water--oxalate_monA,True,True,False,False
IHB100x10_05.001_OH-Oa__water--oxalate_monB,True,True,False,False
IHB100x10_05.002_OH-Oa__aceticacid--benzoate_080,False,True,False,False
IHB100x10_05.002_OH-Oa__aceticacid--benzoate_100,True,True,False,False
IHB100x10_05.002_OH-Oa__aceticacid--benzoate_150,False,True,False,False
IHB100x10_05.002_OH-Oa__aceticacid--benzoate_monA,True,True,False,False
IHB100x10_05.002_OH-Oa__aceticacid--benzoate_monB,True,True,False,False
IHB100x10_05.003_OH-Oa__aceticacid--nitrite_080,False,True,False,False
IHB100x10_05.003_OH-Oa__aceticacid--nitrite_100,True,True,False,False
IHB100x10_05.003_OH-Oa__aceticacid--nitrite_150,False,True,False,False
IHB100x10_05.003_OH-Oa__aceticacid--nitrite_monA,True,True,False,False
IHB100x10_05.003_OH-Oa__aceticacid--nitrite_monB,True,True,False,False
IHB100x10_05.004_OH-Oa__methanol--acetate_080,False,True,False,False
IHB100x10_05.004_OH-Oa__methanol--acetate_100,True,True,False,False
IHB100x10_05.004_OH-Oa__methanol--acetate_150,False,True,False,False
IHB100x10_05.004_OH-Oa__methanol--acetate_monA,True,True,False,False
IHB100x10_05.004_OH-Oa__methanol--acetate_monB,True,True,False,False
IHB100x10_05.005_OH-Oa__methanol--benzoate_080,False,True,False,False
IHB100x10_05.005_OH-Oa__methanol--benzoate_100,True,True,False,False
IHB100x10_05.005_OH-Oa__methanol--benzoate_150,False,True,False,False
IHB100x10_05.005_OH-Oa__methanol--benzoate_monA,True,True,False,False
IHB100x10_05.005_OH-Oa__methanol--benzoate_monB,True,True,False,False
IHB100x10_05.006_OH-Oa__methanol--nitrate_080,False,True,False,False
IHB100x10_05.006_OH-Oa__methanol--nitrate_100,True,True,False,False
IHB100x10_05.006_OH-Oa__methanol--nitrate_150,False,True,False,False
IHB100x10_05.006_OH-Oa__methanol--nitrate_monA,True,True,False,False
IHB100x10_05.006_OH-Oa__methanol--nitrate_monB,True,True,False,False
IHB100x10_05.007_OH-Oa__methanol--nitrite_080,False,True,False,False
IHB100x10_05.007_OH-Oa__methanol--nitrite_100,True,True,False,False
IHB100x10_05.007_OH-Oa__methanol--nitrite_150,False,True,False,False
IHB100x10_05.007_OH-Oa__methanol--nitrite_monA,True,True,False,False
IHB100x10_05.007_OH-Oa__methanol--nitrite_monB,True,True,False,False
IHB100x10_05.008_OH-Oa__phenol--acetate_080,False,True,False,False
IHB100x10_05.008_OH-Oa__phenol--acetate_100,True,True,False,False
IHB100x10_05.008_OH-Oa__phenol--acetate_150,False,True,False,False
IHB100x10_05.008_OH-Oa__phenol--acetate_monA,True,True,False,False
IHB100x10_05.008_OH-Oa__phenol--acetate_monB,True,True,False,False
IHB100x10_05.009_OH-Oa__phenol--benzoate_080,False,True,False,False
IHB100x10_05.009_OH-Oa__phenol--benzoate_100,True,True,False,False
IHB100x10_05.009_OH-Oa__phenol--benzoate_150,False,True,False,False
IHB100x10_05.009_OH-Oa__phenol--benzoate_monA,True,True,False,False
IHB100x10_05.009_OH-Oa__phenol--benzoate_monB,True,True,False,False
IHB100x10_05.010_OH-Oa__phenol--nitrate_080,False,True,False,False
IHB100x10_05.010_OH-Oa__phenol--nitrate_100,True,True,False,False
IHB100x10_05.010_OH-Oa__phenol--nitrate_150,False,True,False,False
IHB100x10_05.010_OH-Oa__phenol--nitrate_monA,True,True,False,False
IHB100x10_05.010_OH-Oa__phenol--nitrate_monB,True,True,False,False
IHB100x10_05.011_OH-Oa__phenol--nitrite_080,False,True,False,False
IHB100x10_05.011_OH-Oa__phenol--nitrite_100,True,True,False,False
IHB100x10_05.011_OH-Oa__phenol--nitrite_150,False,True,False,False
IHB100x10_05.011_OH-Oa__phenol--nitrite_monA,True,True,False,False
IHB100x10_05.011_OH-Oa__phenol--nitrite_monB,True,True,False,False
IHB100x10_05.012_OH-Oa__water--hydroxide_080,False,True,False,False
IHB100x10_05.012_OH-Oa__water--hydroxide_100,True,True,False,False
IHB100x10_05.012_OH-Oa__water--hydroxide_150,False,True,False,False
IHB100x10_05.012_OH-Oa__water--hydroxide_monA,True,True,False,False
IHB100x10_05.012_OH-Oa__water--hydroxide_monB,True,True,False,False
IHB100x10_05.013_OH-Oa__water--nitrate_080,False,True,False,False
IHB100x10_05.013_OH-Oa__water--nitrate_100,True,True,False,False
IHB100x10_05.013_OH-Oa__water--nitrate_150,False,True,False,False
IHB100x10_05.013_OH-Oa__water--nitrate_monA,True,True,False,False
IHB100x10_05.013_OH-Oa__water--nitrate_monB,True,True,False,False
IHB100x10_05.014_OH-Oa__water--nitrite_080,False,True,False,False
IHB100x10_05.014_OH-Oa__water--nitrite_100,True,True,False,False
IHB100x10_05.014_OH-Oa__water--nitrite_150,False,True,False,False
IHB100x10_05.014_OH-Oa__water--nitrite_monA,True,True,False,False
IHB100x10_05.014_OH-Oa__water--nitrite_monB,True,True,False,False
IHB100x10_05.015_OH-Oa__water--benzoate_080,False,True,False,False
IHB100x10_05.015_OH-Oa__water--benzoate_100,True,True,False,False
IHB100x10_05.015_OH-Oa__water--benzoate_150,False,True,False,False
IHB100x10_05.015_OH-Oa__water--benzoate_monA,True,True,False,False
IHB100x10_05.015_OH-Oa__water--benzoate_monB,True,True,False,False
IHB100x10_06.001_OH-Na__aceticacid--cyanide_080,False,True,False,False
IHB100x10_06.001_OH-Na__aceticacid--cyanide_100,True,True,False,False
IHB100x10_06.001_OH-Na__aceticacid--cyanide_150,False,True,False,False
IHB100x10_06.001_OH-Na__aceticacid--cyanide_monA,True,True,False,False
IHB100x10_06.001_OH-Na__aceticacid--cyanide_monB,True,True,False,False
IHB100x10_06.002_OH-Na__phenol--cyanide_080,False,True,False,False
IHB100x10_06.002_OH-Na__phenol--cyanide_100,True,True,False,False
IHB100x10_06.002_OH-Na__phenol--cyanide_150,False,True,False,False
IHB100x10_06.002_OH-Na__phenol--cyanide_monA,True,True,False,False
IHB100x10_06.002_OH-Na__phenol--cyanide_monB,True,True,False,False
IHB100x10_06.003_OH-Na__water--cyanide_080,False,True,False,False
IHB100x10_06.003_OH-Na__water--cyanide_100,True,True,False,False
IHB100x10_06.003_OH-Na__water--cyanide_150,False,True,False,False
IHB100x10_06.003_OH-Na__water--cyanide_monA,True,True,False,False
IHB100x10_06.003_OH-Na__water--cyanide_monB,True,True,False,False
IHB100x10_07.001_OH-Ca__methanol--cyanide_080,False,True,False,False
IHB100x10_07.001_OH-Ca__methanol--cyanide_100,True,True,False,False
IHB100x10_07.001_OH-Ca__methanol--cyanide_150,False,True,False,False
IHB100x10_07.001_OH-Ca__methanol--cyanide_monA,True,True,False,False
IHB100x10_07.001_OH-Ca__methanol--cyanide_monB,True,True,False,False
IHB100x10_07.002_OH-Ca__water--cyanide_080,False,True,False,False
IHB100x10_07.002_OH-Ca__water--cyanide_100,True,True,False,False
IHB100x10_07.002_OH-Ca__water--cyanide_150,False,True,False,False
IHB100x10_07.002_OH-Ca__water--cyanide_monA,True,True,False,False
IHB100x10_07.002_OH-Ca__water--cyanide_monB,True,True,False,False
IHB100x10_08.001_NH-Oa__ammonia--carbonate_080,False,True,False,False
IHB100x10_08.001_NH-Oa__ammonia--carbonate_100,True,True,False,False
IHB100x10_08.001_NH-Oa__ammonia--carbonate_150,False,True,False,False
IHB100x10_08.001_NH-Oa__ammonia--carbonate_monA,True,True,False,False
IHB100x10_08.001_NH-Oa__ammonia--carbonate_monB,True,True,False,False
IHB100x10_08.002_NH-Oa__ammonia--oxalate_080,False,True,False,False
IHB100x10_08.002_NH-Oa__ammonia--oxalate_100,True,True,False,False
IHB100x10_08.002_NH-Oa__ammonia--oxalate_150,False,True,False,False
IHB100x10_08.002_NH-Oa__ammonia--oxalate_monA,True,True,False,False
IHB100x10_08.002_NH-Oa__ammonia--oxalate_monB,True,True,False,False
IHB100x10_08.003_NH-Oa__1Hpyrrole--acetate_080,False,True,False,False
IHB100x10_08.003_NH-Oa__1Hpyrrole--acetate_100,True,True,False,False
IHB100x10_08.003_NH-Oa__1Hpyrrole--acetate_150,False,True,False,False
IHB100x10_08.003_NH-Oa__1Hpyrrole--acetate_monA,True,True,False,False
IHB100x10_08.003_NH-Oa__1Hpyrrole--acetate_monB,True,True,False,False
IHB100x10_08.004_NH-Oa__1Hpyrrole--benzoate_080,False,True,False,False
IHB100x10_08.004_NH-Oa__1Hpyrrole--benzoate_100,True,True,False,False
IHB100x10_08.004_NH-Oa__1Hpyrrole--benzoate_150,False,True,False,False
IHB100x10_08.004_NH-Oa__1Hpyrrole--benzoate_monA,True,True,False,False
IHB100x10_08.004_NH-Oa__1Hpyrrole--benzoate_monB,True,True,False,False
IHB100x10_08.005_NH-Oa__1Hpyrrole--nitrite_080,False,True,False,False
IHB100x10_08.005_NH-Oa__1Hpyrrole--nitrite_100,True,True,False,False
IHB100x10_08.005_NH-Oa__1Hpyrrole--nitrite_150,False,True,False,False
IHB100x10_08.005_NH-Oa__1Hpyrrole--nitrite_monA,True,True,False,False
IHB100x10_08.005_NH-Oa__1Hpyrrole--nitrite_monB,True,True,False,False
IHB100x10_08.006_NH-Oa__ammonia--acetate_080,False,True,False,False
IHB100x10_08.006_NH-Oa__ammonia--acetate_100,True,True,False,False
IHB100x10_08.006_NH-Oa__ammonia--acetate_150,False,True,False,False
IHB100x10_08.006_NH-Oa__ammonia--acetate_monA,True,True,False,False
IHB100x10_08.006_NH-Oa__ammonia--acetate_monB,True,True,False,False
IHB100x10_08.007_NH-Oa__ammonia--benzoate_080,False,True,False,False
IHB100x10_08.007_NH-Oa__ammonia--benzoate_100,True,True,False,False
IHB100x10_08.007_NH-Oa__ammonia--benzoate_150,False,True,False,False
IHB100x10_08.007_NH-Oa__ammonia--benzoate_monA,True,True,False,False
IHB100x10_08.007_NH-Oa__ammonia--benzoate_monB,True,True,False,False
IHB100x10_08.008_NH-Oa__aniline--benzoate_080,False,True,False,False
IHB100x10_08.008_NH-Oa__aniline--benzoate_100,True,True,False,False
IHB100x10_08.008_NH-Oa__aniline--benzoate_150,False,True,False,False
IHB100x10_08.008_NH-Oa__aniline--benzoate_monA,True,True,False,False
IHB100x10_08.008_NH-Oa__aniline--benzoate_monB,True,True,False,False
IHB100x10_08.009_NH-Oa__aniline--nitrite_080,False,True,False,False
IHB100x10_08.009_NH-Oa__aniline--nitrite_100,True,True,False,False
IHB100x10_08.009_NH-Oa__aniline--nitrite_150,False,True,False,False
IHB100x10_08.009_NH-Oa__aniline--nitrite_monA,True,True,False,False
IHB100x10_08.009_NH-Oa__aniline--nitrite_monB,True,True,False,False
IHB100x10_08.010_NH-Oa__dimethylamine--acetate_080,False,True,False,False
IHB100x10_08.010_NH-Oa__dimethylamine--acetate_100,True,True,False,False
IHB100x10_08.010_NH-Oa__dimethylamine--acetate_150,False,True,False,False
IHB100x10_08.010_NH-Oa__dimethylamine--acetate_monA,True,True,False,False
IHB100x10_08.010_NH-Oa__dimethylamine--acetate_monB,True,True,False,False
IHB100x10_08.011_NH-Oa__dimethylamine--hydroxide_080,False,True,False,False
IHB100x10_08.011_NH-Oa__dimethylamine--hydroxide_100,True,True,False,False
IHB100x10_08.011_NH-Oa__dimethylamine--hydroxide_150,False,True,False,False
IHB100x10_08.011_NH-Oa__dimethylamine--hydroxide_monA,True,True,False,False
IHB100x10_08.011_NH-Oa__dimethylamine--hydroxide_monB,True,True,False,False
IHB100x10_08.012_NH-Oa__methylamine--acetate_080,False,True,False,False
IHB100x10_08.012_NH-Oa__methylamine--acetate_100,True,True,False,False
IHB100x10_08.012_NH-Oa__methylamine--acetate_150,False,True,False,False
IHB100x10_08.012_NH-Oa__methylamine--acetate_monA,True,True,False,False
IHB100x10_08.012_NH-Oa__methylamine--acetate_monB,True,True,False,False
IHB100x10_08.013_NH-Oa__methylamine--benzoate_080,False,True,False,False
IHB100x10_08.013_NH-Oa__methylamine--benzoate_100,True,True,False,False
IHB100x10_08.013_NH-Oa__methylamine--benzoate_150,False,True,False,False
IHB100x10_08.013_NH-Oa__methylamine--benzoate_monA,True,True,False,False
IHB100x10_08.013_NH-Oa__methylamine--benzoate_monB,True,True,False,False
IHB100x10_08.014_NH-Oa__methylamine--nitrate_080,False,True,False,False
IHB100x10_08.014_NH-Oa__methylamine--nitrate_100,True,True,False,False
IHB100x10_08.014_NH-Oa__methylamine--nitrate_150,False,True,False,False
IHB100x10_08.014_NH-Oa__methylamine--nitrate_monA,True,True,False,False
IHB100x10_08.014_NH-Oa__methylamine--nitrate_monB,True,True,False,False
IHB100x10_08.015_NH-Oa__methylamine--nitrite_080,False,True,False,False
IHB100x10_08.015_NH-Oa__methylamine--nitrite_100,True,True,False,False
IHB100x10_08.015_NH-Oa__methylamine--nitrite_150,False,True,False,False
IHB100x10_08.015_NH-Oa__methylamine--nitrite_monA,True,True,False,False
IHB100x10_08.015_NH-Oa__methylamine--nitrite_monB,True,True,False,False
IHB100x10_09.001_NH-Na__1Hpyrrole--cyanide_080,False,True,False,False
IHB100x10_09.001_NH-Na__1Hpyrrole--cyanide_100,True,True,False,False
IHB100x10_09.001_NH-Na__1Hpyrrole--cyanide_150,False,True,False,False
IHB100x10_09.001_NH-Na__1Hpyrrole--cyanide_monA,True,True,False,False
IHB100x10_09.001_NH-Na__1Hpyrrole--cyanide_monB,True,True,False,False
IHB100x10_09.002_NH-Na__ammonia--cyanide_080,False,True,False,False
IHB100x10_09.002_NH-Na__ammonia--cyanide_100,True,True,False,False
IHB100x10_09.002_NH-Na__ammonia--cyanide_150,False,True,False,False
IHB100x10_09.002_NH-Na__ammonia--cyanide_monA,True,True,False,False
IHB100x10_09.002_NH-Na__ammonia--cyanide_monB,True,True,False,False
IHB100x10_09.003_NH-Na__aniline--cyanide_080,False,True,False,False
IHB100x10_09.003_NH-Na__aniline--cyanide_100,True,True,False,False
IHB100x10_09.003_NH-Na__aniline--cyanide_150,False,True,False,False
IHB100x10_09.003_NH-Na__aniline--cyanide_monA,True,True,False,False
IHB100x10_09.003_NH-Na__aniline--cyanide_monB,True,True,False,False
IHB100x10_09.004_NH-Na__dimethylamine--cyanide_080,False,True,False,False
IHB100x10_09.004_NH-Na__dimethylamine--cyanide_100,True,True,False,False
IHB100x10_09.004_NH-Na__dimethylamine--cyanide_150,False,True,False,False
IHB100x10_09.004_NH-Na__dimethylamine--cyanide_monA,True,True,False,False
IHB100x10_09.004_NH-Na__dimethylamine--cyanide_monB,True,True,False,False
IHB100x10_09.005_NH-Na__methylamine--cyanide_080,False,True,False,False
IHB100x10_09.005_NH-Na__methylamine--cyanide_100,True,True,False,False
IHB100x10_09.005_NH-Na__methylamine--cyanide_150,False,True,False,False
IHB100x10_09.005_NH-Na__methylamine--cyanide_monA,True,True,False,False
IHB100x10_09.005_NH-Na__methylamine--cyanide_monB,True,True,False,False
IHB100x10_09.006_NH-Na__Nmethylacetamide--cyanide_080,False,True,False,False
IHB100x10_09.006_NH-Na__Nmethylacetamide--cyanide_100,True,True,False,False
IHB100x10_09.006_NH-Na__Nmethylacetamide--cyanide_150,False,True,False,False
IHB100x10_09.006_NH-Na__Nmethylacetamide--cyanide_monA,True,True,False,False
IHB100x10_09.006_NH-Na__Nmethylacetamide--cyanide_monB,True,True,False,False
IHB100x10_10.001_NH-Ca__ammonia--cyanide_080,False,True,False,False
IHB100x10_10.001_NH-Ca__ammonia--cyanide_100,True,True,False,False
IHB100x10_10.001_NH-Ca__ammonia--cyanide_150,False,True,False,False
IHB100x10_10.001_NH-Ca__ammonia--cyanide_monA,True,True,False,False
IHB100x10_10.001_NH-Ca__ammonia--cyanide_monB,True,True,False,False
IHB100x10_10.002_NH-Ca__aniline--cyanide_080,False,True,False,False
IHB100x10_10.002_NH-Ca__aniline--cyanide_100,True,True,False,False
IHB100x10_10.002_NH-Ca__aniline--cyanide_150,False,True,False,False
IHB100x10_10.002_NH-Ca__aniline--cyanide_monA,True,True,False,False
IHB100x10_10.002_NH-Ca__aniline--cyanide_monB,True,True,False,False
IHB100x10_10.003_NH-Ca__dimethylamine--cyanide_080,False,True,False,False
IHB100x10_10.003_NH-Ca__dimethylamine--cyanide_100,True,True,False,False
IHB100x10_10.003_NH-Ca__dimethylamine--cyanide_150,False,True,False,False
IHB100x10_10.003_NH-Ca__dimethylamine--cyanide_monA,True,True,False,False
IHB100x10_10.003_NH-Ca__dimethylamine--cyanide_monB,True,True,False,False
IHB100x10_10.004_NH-Ca__methylamine--cyanide_080,False,True,False,False
IHB100x10_10.004_NH-Ca__methylamine--cyanide_100,True,True,False,False
IHB100x10_10.004_NH-Ca__methylamine--cyanide_150,False,True,False,False
IHB100x10_10.004_NH-Ca__methylamine--cyanide_monA,True,True,False,False
IHB100x10_10.004_NH-Ca__methylamine--cyanide_monB,True,True,False,False
IHB100x10_10.005_NH-Ca__Nmethylacetamide--cyanide_080,False,True,False,False
IHB100x10_10.005_NH-Ca__Nmethylacetamide--cyanide_100,True,True,False,False
IHB100x10_10.005_NH-Ca__Nmethylacetamide--cyanide_150,False,True,False,False
IHB100x10_10.005_NH-Ca__Nmethylacetamide--cyanide_monA,True,True,False,False
IHB100x10_10.005_NH-Ca__Nmethylacetamide--cyanide_monB,True,True,False,False
IHB100x10_11.001_CH-Oa__ethyne--oxalate_080,False,True,False,False
IHB100x10_11.001_CH-Oa__ethyne--oxalate_100,True,True,False,False
IHB100x10_11.001_CH-Oa__ethyne--oxalate_150,False,True,False,False
IHB100x10_11.001_CH-Oa__ethyne--oxalate_monA,True,True,False,False
IHB100x10_11.001_CH-Oa__ethyne--oxalate_monB,True,True,False,False
IHB100x10_11.002_CH-Oa__ethene--oxalate_080,False,True,False,False
IHB100x10_11.002_CH-Oa__ethene--oxalate_100,True,True,False,False
IHB100x10_11.002_CH-Oa__ethene--oxalate_150,False,True,False,False
IHB100x10_11.002_CH-Oa__ethene--oxalate_monA,True,True,False,False
IHB100x10_11.002_CH-Oa__ethene--oxalate_monB,True,True,False,False
IHB100x10_11.003_CH-Oa__benzene--hydroxide_080,False,True,False,False
IHB100x10_11.003_CH-Oa__benzene--hydroxide_100,True,True,False,False
IHB100x10_11.003_CH-Oa__benzene--hydroxide_150,False,True,False,False
IHB100x10_11.003_CH-Oa__benzene--hydroxide_monA,True,True,False,False
IHB100x10_11.003_CH-Oa__benzene--hydroxide_monB,True,True,False,False
IHB100x10_11.004_CH-Oa__benzene--nitrite_080,False,True,False,False
IHB100x10_11.004_CH-Oa__benzene--nitrite_100,True,True,False,False
IHB100x10_11.004_CH-Oa__benzene--nitrite_150,False,True,False,False
IHB100x10_11.004_CH-Oa__benzene--nitrite_monA,True,True,False,False
IHB100x10_11.004_CH-Oa__benzene--nitrite_monB,True,True,False,False
IHB100x10_11.005_CH-Oa__ethene--hydroxide_080,False,True,False,False
IHB100x10_11.005_CH-Oa__ethene--hydroxide_100,True,True,False,False
IHB100x10_11.005_CH-Oa__ethene--hydroxide_150,False,True,False,False
IHB100x10_11.005_CH-Oa__ethene--hydroxide_monA,True,True,False,False
IHB100x10_11.005_CH-Oa__ethene--hydroxide_monB,True,True,False,False
IHB100x10_11.006_CH-Oa__ethene--nitrite_080,False,True,False,False
IHB100x10_11.006_CH-Oa__ethene--nitrite_100,True,True,False,False
IHB100x10_11.006_CH-Oa__ethene--nitrite_150,False,True,False,False
IHB100x10_11.006_CH-Oa__ethene--nitrite_monA,True,True,False,False
IHB100x10_11.006_CH-Oa__ethene--nitrite_monB,True,True,False,False
IHB100x10_11.007_CH-Oa__ethyne--acetate_080,False,True,False,False
IHB100x10_11.007_CH-Oa__ethyne--acetate_100,True,True,False,False
IHB100x10_11.007_CH-Oa__ethyne--acetate_150,False,True,False,False
IHB100x10_11.007_CH-Oa__ethyne--acetate_monA,True,True,False,False
IHB100x10_11.007_CH-Oa__ethyne--acetate_monB,True,True,False,False
IHB100x10_11.008_CH-Oa__ethyne--nitrate_080,False,True,False,False
IHB100x10_11.008_CH-Oa__ethyne--nitrate_100,True,True,False,False
IHB100x10_11.008_CH-Oa__ethyne--nitrate_150,False,True,False,False
IHB100x10_11.008_CH-Oa__ethyne--nitrate_monA,True,True,False,False
IHB100x10_11.008_CH-Oa__ethyne--nitrate_monB,True,True,False,False
IHB100x10_11.009_CH-Oa__methane--acetate_080,False,True,False,False
IHB100x10_11.009_CH-Oa__methane--acetate_100,True,True,False,False
IHB100x10_11.009_CH-Oa__methane--acetate_150,False,True,False,False
IHB100x10_11.009_CH-Oa__methane--acetate_monA,True,True,False,False
IHB100x10_11.009_CH-Oa__methane--acetate_monB,True,True,False,False
IHB100x10_11.010_CH-Oa__methane--hydroxide_080,False,True,False,False
IHB100x10_11.010_CH-Oa__methane--hydroxide_100,True,True,False,False
IHB100x10_11.010_CH-Oa__methane--hydroxide_150,False,True,False,False
IHB100x10_11.010_CH-Oa__methane--hydroxide_monA,True,True,False,False
IHB100x10_11.010_CH-Oa__methane--hydroxide_monB,True,True,False,False
IHB100x10_11.011_CH-Oa__methane--nitrate_080,False,True,False,False
IHB100x10_11.011_CH-Oa__methane--nitrate_100,True,True,False,False
IHB100x10_11.011_CH-Oa__methane--nitrate_150,False,True,False,False
IHB100x10_11.011_CH-Oa__methane--nitrate_monA,True,True,False,False
IHB100x10_11.011_CH-Oa__methane--nitrate_monB,True,True,False,False
IHB100x10_11.012_CH-Oa__methane--nitrite_080,False,True,False,False
IHB100x10_11.012_CH-Oa__methane--nitrite_100,True,True,False,False
IHB100x10_11.012_CH-Oa__methane--nitrite_150,False,True,False,False
IHB100x10_11.012_CH-Oa__methane--nitrite_monA,True,True,False,False
IHB100x10_11.012_CH-Oa__methane--nitrite_monB,True,True,False,False
IHB100x10_11.013_CH-Oa__benzene--acetate_080,False,True,False,False
IHB100x10_11.013_CH-Oa__benzene--acetate_100,True,True,False,False
IHB100x10_11.013_CH-Oa__benzene--acetate_150,False,True,False,False
IHB100x10_11.013_CH-Oa__benzene--acetate_monA,True,True,False,False
IHB100x10_11.013_CH-Oa__benzene--acetate_monB,True,True,False,False
IHB100x10_11.014_CH-Oa__benzene--benzoate_080,False,True,False,False
IHB100x10_11.014_CH-Oa__benzene--benzoate_100,True,True,False,False
IHB100x10_11.014_CH-Oa__benzene--benzoate_150,False,True,False,False
IHB100x10_11.014_CH-Oa__benzene--benzoate_monA,True,True,False,False
IHB100x10_11.014_CH-Oa__benzene--benzoate_monB,True,True,False,False
IHB100x10_11.015_CH-Oa__ethene--acetate_080,False,True,False,False
IHB100x10_11.015_CH-Oa__ethene--acetate_100,True,True,False,False
IHB100x10_11.015_CH-Oa__ethene--acetate_150,False,True,False,False
IHB100x10_11.015_CH-Oa__ethene--acetate_monA,True,True,False,False
IHB100x10_11.015_CH-Oa__ethene--acetate_monB,True,True,False,False
IHB100x10_12.001_CH-Na__benzene--cyanide_080,False,True,False,False
IHB100x10_12.001_CH-Na__benzene--cyanide_100,True,True,False,False
IHB100x10_12.001_CH-Na__benzene--cyanide_150,False,True,False,False
IHB100x10_12.001_CH-Na__benzene--cyanide_monA,True,True,False,False
IHB100x10_12.001_CH-Na__benzene--cyanide_monB,True,True,False,False
IHB100x10_12.002_CH-Na__ethene--cyanide_080,False,True,False,False
IHB100x10_12.002_CH-Na__ethene--cyanide_100,True,True,False,False
IHB100x10_12.002_CH-Na__ethene--cyanide_150,False,True,False,False
IHB100x10_12.002_CH-Na__ethene--cyanide_monA,True,True,False,False
IHB100x10_12.002_CH-Na__ethene--cyanide_monB,True,True,False,False
IHB100x10_12.003_CH-Na__ethyne--cyanide_080,False,True,False,False
IHB100x10_12.003_CH-Na__ethyne--cyanide_100,True,True,False,False
IHB100x10_12.003_CH-Na__ethyne--cyanide_150,False,True,False,False
IHB100x10_12.003_CH-Na__ethyne--cyanide_monA,True,True,False,False
IHB100x10_12.003_CH-Na__ethyne--cyanide_monB,True,True,False,False
IHB100x10_13.001_CH-Ca__methane--cyanide_080,False,True,False,False
IHB100x10_13.001_CH-Ca__methane--cyanide_100,True,True,False,False
IHB100x10_13.001_CH-Ca__methane--cyanide_150,False,True,False,False
IHB100x10_13.001_CH-Ca__methane--cyanide_monA,True,True,False,False
IHB100x10_13.001_CH-Ca__methane--cyanide_monB,True,True,False,False
IL16_008,True,True,False,False
IL16_008A,True,True,False,False
IL16_008B,True,True,False,False
IL16_144,True,True,False,False
IL16_144A,True,True,False,False
IL16_144B,True,True,False,False
IL16_147,True,True,False,False
IL16_147A,True,True,False,False
IL16_147B,True,True,False,False
IL16_148,True,True,False,False
IL16_148A,True,True,False,False
IL16_148B,True,True,False,False
IL16_150,True,True,False,False
IL16_150A,True,True,False,False
IL16_150B,True,True,False,False
IL16_152,True,True,False,False
IL16_152A,True,True,False,False
IL16_152B,True,True,False,False
IL16_187,True,True,False,False
IL16_187A,True,True,False,False
IL16_187B,True,True,False,False
IL16_202,True,True,False,False
IL16_202A,True,True,False,False
IL16_202B,True,True,False,False
IL16_212,True,True,False,False
IL16_212A,True,True,False,False
IL16_212B,True,True,False,False
IL16_213,True,True,False,False
IL16_213A,True,True,False,False
IL16_213B,True,True,False,False
IL16_214,True,True,False,False
IL16_214A,True,True,False,False
IL16_214B,True,True,False,False
IL16_227,True,True,False,False
IL16_227A,True,True,False,False
IL16_227B,True,True,False,False
IL16_228,True,True,False,False
IL16_228A,True,True,False,False
IL16_228B,True,True,False,False
IL16_229,True,True,False,False
IL16_229A,True,True,False,False
IL16_229B,True,True,False,False
IL16_230,True,True,False,False
IL16_230A,True,True,False,False
IL16_230B,True,True,False,False
IL16_231,True,True,False,False
IL16_231A,True,True,False,False
IL16_231B,True,True,False,False
INV24_BN_Corannulene,False,True,False,False
INV24_BN_Corannulene_TS,False,True,False,False
INV24_BN_Sumanene,False,True,False,False
INV24_BN_Sumanene_TS,False,True,False,False
INV24_Corannulene,False,True,False,False
INV24_Corannulene_TS,False,True,False,False
INV24_Dibenzocarbazole,False,True,False,False
INV24_Dibenzocarbazole_TS,False,True,False,False
INV24_Dibenzocycloheptene,False,True,False,False
INV24_Dibenzocycloheptene_TS,False,True,False,False
INV24_Ether,False,True,False,False
INV24_Ether_TS,False,True,False,False
INV24_H2O,False,True,False,False
INV24_H2O_TS,False,True,False,False
INV24_H2S,False,True,False,False
INV24_H2S_TS,False,True,False,False
INV24_Hexahelicene,False,True,False,False
INV24_Hexahelicene_TS,False,True,False,False
INV24_Methinecyanine,False,True,False,False
INV24_Methinecyanine_TS,False,True,False,False
INV24_NCl3,False,True,False,False
INV24_NCl3_TS,False,True,False,False
INV24_NMe3,False,True,False,False
INV24_NMe3_TS,False,True,False,False
INV24_PCl3,False,False,False,True
INV24_PCl3_TS,False,False,False,True
INV24_PH2Ph,False,True,False,False
INV24_PH2Ph_TS,False,True,False,False
INV24_PMe3,False,True,False,False
INV24_PMe3_TS,False,True,False,False
INV24_PPh3,False,True,False,False
INV24_PPh3_TS,False,True,False,False
INV24_Pentahelicene,False,True,False,False
INV24_Pentahelicene_TS,False,True,False,False
INV24_SO2,False,True,False,False
INV24_SO2_TS,False,True,False,False
INV24_Sumanene,False,True,False,False
INV24_Sumanene_TS,False,True,False,False
INV24_Tetrabenzopyracylene,False,True,False,False
INV24_Tetrabenzopyracylene_TS,False,True,False,False
INV24_Tetrahelicene,False,True,False,False
INV24_Tetrahelicene_TS,False,True,False,False
INV24_Thioether,False,True,False,False
INV24_Thioether_TS,False,True,False,False
INV24_Triazasumanene,False,True,False,False
INV24_Triazasumanene_TS,False,True,False,False
INV24_Triindenotriphenylene,False,True,False,False
INV24_Triindenotriphenylene_TS,False,True,False,False
IP23_Ar,False,True,False,False
IP23_Ar_n,False,True,False,False
IP23_BF,False,True,False,False
IP23_BF_n,False,True,False,False
IP23_BH3,False,True,False,False
IP23_BH3_n,False,True,False,False
IP23_BN,False,True,False,False
IP23_BN_n,False,True,False,False
IP23_BeO,False,True,False,False
IP23_BeO_n,False,True,False,False
IP23_C2,False,True,False,False
IP23_C2_n,False,True,False,False
IP23_CH2O,False,True,False,False
IP23_CH2O_n,False,True,False,False
IP23_CH4,False,True,False,False
IP23_CH4_n,False,True,False,False
IP23_CO,False,True,False,False
IP23_CO2,False,True,False,False
IP23_CO2_n,False,True,False,False
IP23_CO_n,False,True,False,False
IP23_CS,False,True,False,False
IP23_CS_n,False,True,False,False
IP23_F2,False,True,False,False
IP23_F2_n,False,True,False,False
IP23_H2O,False,True,False,False
IP23_H2O_n,False,True,False,False
IP23_H2S,False,True,False,False
IP23_H2S_n,False,True,False,False
IP23_HCl,False,True,False,False
IP23_HCl_n,False,True,False,False
IP23_HF,False,True,False,False
IP23_HF_n,False,True,False,False
IP23_LiCl,False,True,False,False
IP23_LiCl_n,False,True,False,False
IP23_LiF,False,True,False,False
IP23_LiF_n,False,True,False,False
IP23_N2,False,True,False,False
IP23_N2_n,False,True,False,False
IP23_NH3,False,True,False,False
IP23_NH3_n,False,True,False,False
IP23_Ne,False,True,False,False
IP23_Ne_n,False,True,False,False
IP23_PH3,False,True,False,False
IP23_PH3_n,False,True,False,False
IP23_SiH4,False,True,False,False
IP23_SiH4_n,False,True,False,False
IP30_C2F4,False,True,False,False
IP30_C2F4_n,False,True,False,False
IP30_C2H2,False,True,False,False
IP30_C2H2F2,False,True,False,False
IP30_C2H2F2_n,False,True,False,False
IP30_C2H2_n,False,True,False,False
IP30_C2H4,False,True,False,False
IP30_C2H4_n,False,True,False,False
IP30_C2H6,False,True,False,False
IP30_C2H6_n,False,True,False,False
IP30_C2N2,False,True,False,False
IP30_C2N2_n,False,True,False,False
IP30_C3O2,False,True,False,False
IP30_C3O2_n,False,True,False,False
IP30_CF4,False,True,False,False
IP30_CF4_n,False,True,False,False
IP30_CH2F2,False,True,False,False
IP30_CH2F2_n,False,True,False,False
IP30_CH3CCH,False,True,False,False
IP30_CH3CCH_n,False,True,False,False
IP30_CH3CN,False,True,False,False
IP30_CH3CN_n,False,True,False,False
IP30_CH3F,False,True,False,False
IP30_CH3F_n,False,True,False,False
IP30_CH3NC,False,True,False,False
IP30_CH3NC_n,False,True,False,False
IP30_CHF3,False,True,False,False
IP30_CHF3_n,False,True,False,False
IP30_FCN,False,True,False,False
IP30_FCN_n,False,True,False,False
IP30_H2CS,False,True,False,False
IP30_H2CS_n,False,True,False,False
IP30_HC4H,False,True,False,False
IP30_HC4H_n,False,True,False,False
IP30_HCCCN,False,True,False,False
IP30_HCCCN_n,False,True,False,False
IP30_HCCF,False,True,False,False
IP30_HCCF_n,False,True,False,False
IP30_HCN,False,True,False,False
IP30_HCN_n,False,True,False,False
IP30_HCONH2,False,True,False,False
IP30_HCONH2_n,False,True,False,False
IP30_HCOOH,False,True,False,False
IP30_HCOOH_n,False,True,False,False
IP30_NNO,False,True,False,False
IP30_NNO_n,False,True,False,False
IP30_NSF,False,True,False,False
IP30_NSF_n,False,True,False,False
IP30_O3,False,True,False,False
IP30_O3_n,False,True,False,False
IP30_OCS,False,True,False,False
IP30_OCS_n,False,True,False,False
IP30_P2,False,True,False,False
IP30_P2_n,False,True,False,False
IP30_SiF4,False,True,False,False
IP30_SiF4_n,False,True,False,False
IP30_SiO,False,True,False,False
IP30_SiO_n,False,True,False,False
IP30_cis-C2H2F2,False,True,False,False
IP30_cis-C2H2F2_n,False,True,False,False
ISO34_E1,False,True,False,False
ISO34_E10,False,True,False,False
ISO34_E11,False,True,False,False
ISO34_E12,False,True,False,False
ISO34_E13,False,True,False,False
ISO34_E14,False,True,False,False
ISO34_E15,False,True,False,False
ISO34_E16,False,True,False,False
ISO34_E17,False,True,False,False
ISO34_E18,False,True,False,False
ISO34_E19,False,True,False,False
ISO34_E20,False,True,False,False
ISO34_E21,False,True,False,False
ISO34_E22,False,True,False,False
ISO34_E23,False,True,False,False
ISO34_E24,False,True,False,False
ISO34_E25,False,True,False,False
ISO34_E26,False,True,False,False
ISO34_E27,False,True,False,False
ISO34_E28,False,True,False,False
ISO34_E29,False,True,False,False
ISO34_E3,False,True,False,False
ISO34_E30,False,True,False,False
ISO34_E31,False,True,False,False
ISO34_E32,False,True,False,False
ISO34_E33,False,True,False,False
ISO34_E34,False,True,False,False
ISO34_E4,False,True,False,False
ISO34_E5,False,True,False,False
ISO34_E7,False,True,False,False
ISO34_E8,False,True,False,False
ISO34_E9,False,True,False,False
ISO34_P1,False,True,False,False
ISO34_P10,False,True,False,False
ISO34_P11,False,True,False,False
ISO34_P12,False,True,False,False
ISO34_P13,False,True,False,False
ISO34_P14,False,True,False,False
ISO34_P15,False,True,False,False
ISO34_P16,False,True,False,False
ISO34_P17,False,True,False,False
ISO34_P18,False,True,False,False
ISO34_P2,False,True,False,False
ISO34_P20,False,True,False,False
ISO34_P21,False,True,False,False
ISO34_P23,False,True,False,False
ISO34_P24,False,True,False,False
ISO34_P25,False,True,False,False
ISO34_P26,False,True,False,False
ISO34_P27,False,True,False,False
ISO34_P28,False,True,False,False
ISO34_P29,False,True,False,False
ISO34_P3,False,True,False,False
ISO34_P30,False,True,False,False
ISO34_P31,False,True,False,False
ISO34_P32,False,True,False,False
ISO34_P33,False,True,False,False
ISO34_P34,False,True,False,False
ISO34_P4,False,True,False,False
ISO34_P6,False,True,False,False
ISO34_P7,False,True,False,False
ISO34_P8,False,True,False,False
ISO34_P9,False,True,False,False
ISOL24_i10e,False,True,False,False
ISOL24_i10p,False,True,False,False
ISOL24_i11e,False,False,False,True
ISOL24_i11p,False,False,False,True
ISOL24_i12e,False,True,False,False
ISOL24_i12p,False,True,False,False
ISOL24_i13e,False,True,False,False
ISOL24_i13p,False,True,False,False
ISOL24_i14e,False,True,False,False
ISOL24_i14p,False,True,False,False
ISOL24_i15e,False,True,False,False
ISOL24_i15p,False,True,False,False
ISOL24_i16e,False,True,False,False
ISOL24_i16p,False,True,False,False
ISOL24_i17e,False,True,False,False
ISOL24_i17p,False,True,False,False
ISOL24_i18e,False,True,False,False
ISOL24_i18p,False,True,False,False
ISOL24_i19e,False,True,False,False
ISOL24_i19p,False,True,False,False
ISOL24_i1e,False,True,False,False
ISOL24_i1p,False,True,False,False
ISOL24_i20e,False,True,False,False
ISOL24_i20p,False,True,False,False
ISOL24_i21e,False,True,False,False
ISOL24_i21p,False,True,False,False
ISOL24_i22e,False,True,False,False
ISOL24_i22p,False,True,False,False
ISOL24_i23e,False,True,False,False
ISOL24_i23p,False,True,False,False
ISOL24_i24e,False,True,False,False
ISOL24_i24p,False,True,False,False
ISOL24_i2e,False,True,False,False
ISOL24_i2p,False,True,False,False
ISOL24_i3e,False,True,False,False
ISOL24_i3p,False,True,False,False
ISOL24_i4e,False,True,False,False
ISOL24_i4p,False,True,False,False
ISOL24_i5e,False,True,False,False
ISOL24_i5p,False,True,False,False
ISOL24_i6e,False,True,False,False
ISOL24_i6p,False,True,False,False
ISOL24_i7e,False,True,False,False
ISOL24_i7p,False,True,False,False
ISOL24_i8e,False,True,False,False
ISOL24_i8p,False,True,False,False
ISOL24_i9e,False,True,False,False
ISOL24_i9p,False,True,False,False
MB08-165_001,False,True,True,False
MB08-165_002,False,True,True,False
MB08-165_003,False,True,True,False
MB08-165_004,False,True,True,False
MB08-165_005,False,True,True,False
MB08-165_006,False,True,True,False
MB08-165_007,False,True,True,False
MB08-165_008,False,True,True,False
MB08-165_009,False,True,True,False
MB08-165_010,False,True,True,False
MB08-165_011,False,True,True,False
MB08-165_012,False,True,True,False
MB08-165_013,False,True,True,False
MB08-165_014,False,True,True,False
MB08-165_015,False,True,True,False
MB08-165_016,False,True,True,False
MB08-165_017,False,True,True,False
MB08-165_018,False,True,True,False
MB08-165_019,False,True,True,False
MB08-165_020,False,True,True,False
MB08-165_021,False,True,True,False
MB08-165_022,False,True,True,False
MB08-165_023,False,True,True,False
MB08-165_024,False,True,True,False
MB08-165_025,False,True,True,False
MB08-165_026,False,True,True,False
MB08-165_027,False,True,True,False
MB08-165_028,False,True,True,False
MB08-165_029,False,True,True,False
MB08-165_030,False,True,True,False
MB08-165_031,False,True,True,False
MB08-165_032,False,True,True,False
MB08-165_033,False,True,True,False
MB08-165_034,False,True,True,False
MB08-165_035,False,True,True,False
MB08-165_036,False,True,True,False
MB08-165_037,False,True,True,False
MB08-165_038,False,True,True,False
MB08-165_039,False,True,True,False
MB08-165_040,False,True,True,False
MB08-165_041,False,True,True,False
MB08-165_042,False,True,True,False
MB08-165_043,False,True,True,False
MB08-165_044,False,True,True,False
MB08-165_045,False,True,True,False
MB08-165_046,False,True,True,False
MB08-165_047,False,True,True,False
MB08-165_048,False,True,True,False
MB08-165_049,False,True,True,False
MB08-165_050,False,True,True,False
MB08-165_051,False,True,True,False
MB08-165_052,False,True,True,False
MB08-165_053,False,True,True,False
MB08-165_054,False,True,True,False
MB08-165_055,False,True,True,False
MB08-165_056,False,True,True,False
MB08-165_057,False,True,True,False
MB08-165_058,False,True,True,False
MB08-165_059,False,True,True,False
MB08-165_060,False,True,True,False
MB08-165_061,False,True,True,False
MB08-165_062,False,True,True,False
MB08-165_063,False,True,True,False
MB08-165_064,False,True,True,False
MB08-165_065,False,True,True,False
MB08-165_066,False,True,True,False
MB08-165_067,False,True,True,False
MB08-165_068,False,True,True,False
MB08-165_069,False,True,True,False
MB08-165_070,False,True,True,False
MB08-165_071,False,True,True,False
MB08-165_072,False,True,True,False
MB08-165_073,False,True,True,False
MB08-165_074,False,True,True,False
MB08-165_075,False,True,True,False
MB08-165_076,False,True,True,False
MB08-165_077,False,True,True,False
MB08-165_078,False,True,True,False
MB08-165_079,False,True,True,False
MB08-165_080,False,True,True,False
MB08-165_081,False,True,True,False
MB08-165_082,False,True,True,False
MB08-165_083,False,True,True,False
MB08-165_084,False,True,True,False
MB08-165_085,False,True,True,False
MB08-165_086,False,True,True,False
MB08-165_087,False,True,True,False
MB08-165_088,False,True,True,False
MB08-165_089,False,True,True,False
MB08-165_090,False,True,True,False
MB08-165_091,False,True,True,False
MB08-165_092,False,True,True,False
MB08-165_093,False,True,True,False
MB08-165_094,False,True,True,False
MB08-165_095,False,True,True,False
MB08-165_096,False,True,True,False
MB08-165_097,False,True,True,False
MB08-165_098,False,True,True,False
MB08-165_099,False,True,True,False
MB08-165_100,False,True,True,False
MB08-165_101,False,True,True,False
MB08-165_102,False,True,True,False
MB08-165_103,False,True,True,False
MB08-165_104,False,True,True,False
MB08-165_105,False,True,True,False
MB08-165_106,False,True,True,False
MB08-165_107,False,True,True,False
MB08-165_108,False,True,True,False
MB08-165_109,False,True,True,False
MB08-165_110,False,True,True,False
MB08-165_111,False,True,True,False
MB08-165_112,False,True,True,False
MB08-165_113,False,True,True,False
MB08-165_114,False,True,True,False
MB08-165_115,False,True,True,False
MB08-165_116,False,True,True,False
MB08-165_117,False,True,True,False
MB08-165_118,False,True,True,False
MB08-165_119,False,True,True,False
MB08-165_120,False,True,True,False
MB08-165_121,False,True,True,False
MB08-165_122,False,True,True,False
MB08-165_123,False,True,True,False
MB08-165_124,False,True,True,False
MB08-165_125,False,True,True,False
MB08-165_126,False,True,True,False
MB08-165_127,False,True,True,False
MB08-165_128,False,True,True,False
MB08-165_129,False,True,True,False
MB08-165_130,False,True,True,False
MB08-165_131,False,True,True,False
MB08-165_132,False,True,True,False
MB08-165_133,False,True,True,False
MB08-165_134,False,True,True,False
MB08-165_135,False,True,True,False
MB08-165_136,False,True,True,False
MB08-165_137,False,True,True,False
MB08-165_138,False,True,True,False
MB08-165_139,False,True,True,False
MB08-165_140,False,True,True,False
MB08-165_141,False,True,True,False
MB08-165_142,False,True,True,False
MB08-165_143,False,True,True,False
MB08-165_144,False,True,True,False
MB08-165_145,False,True,True,False
MB08-165_146,False,True,True,False
MB08-165_147,False,True,True,False
MB08-165_148,False,True,True,False
MB08-165_149,False,True,True,False
MB08-165_150,False,True,True,False
MB08-165_151,False,True,True,False
MB08-165_152,False,True,True,False
MB08-165_153,False,True,True,False
MB08-165_154,False,True,True,False
MB08-165_155,False,True,True,False
MB08-165_156,False,True,True,False
MB08-165_157,False,True,True,False
MB08-165_158,False,True,True,False
MB08-165_159,False,True,True,False
MB08-165_160,False,True,True,False
MB08-165_161,False,True,True,False
MB08-165_162,False,True,True,False
MB08-165_163,False,True,True,False
MB08-165_164,False,True,True,False
MB08-165_165,False,True,True,False
MB08-165_166_h,False,True,True,False
MB08-165_167_li,False,True,True,False
MB08-165_168_be,False,True,True,False
MB08-165_169_b,False,True,True,False
MB08-165_170_c,False,True,True,False
MB08-165_171_n,False,True,True,False
MB08-165_172_o,False,True,True,False
MB08-165_173_f,False,True,True,False
MB08-165_174_na,False,True,True,False
MB08-165_175_mg,False,True,True,False
MB08-165_176_al,False,True,True,False
MB08-165_177_si,False,True,True,False
MB08-165_178_p,False,True,True,False
MB08-165_179_s,False,True,True,False
MB08-165_180_cl,False,True,True,False
MB16-43_01,True,True,True,False
MB16-43_02,True,True,True,False
MB16-43_03,True,True,True,False
MB16-43_04,True,True,True,False
MB16-43_05,True,True,True,False
MB16-43_06,True,True,True,False
MB16-43_07,True,True,True,False
MB16-43_08,True,True,True,False
MB16-43_09,True,True,True,False
MB16-43_10,True,True,True,False
MB16-43_11,True,True,True,False
MB16-43_12,True,True,True,False
MB16-43_13,True,True,True,False
MB16-43_14,True,True,True,False
MB16-43_15,True,True,True,False
MB16-43_16,True,True,True,False
MB16-43_17,True,True,True,False
MB16-43_18,True,True,True,False
MB16-43_19,True,True,True,False
MB16-43_20,True,True,True,False
MB16-43_21,True,True,True,False
MB16-43_22,True,True,True,False
MB16-43_23,True,True,True,False
MB16-43_24,True,True,True,False
MB16-43_25,True,True,True,False
MB16-43_26,True,True,True,False
MB16-43_27,True,True,True,False
MB16-43_28,True,True,True,False
MB16-43_29,True,True,True,False
MB16-43_30,True,True,True,False
MB16-43_31,True,True,True,False
MB16-43_32,True,True,True,False
MB16-43_33,True,True,True,False
MB16-43_34,True,True,True,False
MB16-43_35,True,True,True,False
MB16-43_36,True,True,True,False
MB16-43_37,True,True,True,False
MB16-43_38,True,True,True,False
MB16-43_39,True,True,True,False
MB16-43_40,True,True,True,False
MB16-43_41,True,True,True,False
MB16-43_42,True,True,True,False
MB16-43_43,True,True,True,False
MB16-43_AlH3,True,True,True,False
MB16-43_BH3,True,True,True,False
MB16-43_BeH2,True,True,True,False
MB16-43_CH4,True,True,True,False
MB16-43_Cl2,True,True,True,False
MB16-43_F2,True,True,True,False
MB16-43_H2,True,True,True,False
MB16-43_LiH,True,True,True,False
MB16-43_MgH2,True,True,True,False
MB16-43_N2,True,True,True,False
MB16-43_NaH,True,True,True,False
MB16-43_O2,True,True,True,False
MB16-43_P2,True,True,True,False
MB16-43_S2,True,True,True,False
MB16-43_SiH4,True,True,True,False
MCONF_1,False,True,False,False
MCONF_10,False,True,False,False
MCONF_11,False,True,False,False
MCONF_12,False,True,False,False
MCONF_13,False,True,False,False
MCONF_14,False,True,False,False
MCONF_15,False,True,False,False
MCONF_16,False,True,False,False
MCONF_17,False,True,False,False
MCONF_18,False,True,False,False
MCONF_19,False,True,False,False
MCONF_2,False,True,False,False
MCONF_20,False,True,False,False
MCONF_21,False,True,False,False
MCONF_22,False,True,False,False
MCONF_23,False,True,False,False
MCONF_24,False,True,False,False
MCONF_25,False,True,False,False
MCONF_26,False,True,False,False
MCONF_27,False,True,False,False
MCONF_28,False,True,False,False
MCONF_29,False,True,False,False
MCONF_3,False,True,False,False
MCONF_30,False,True,False,False
MCONF_31,False,True,False,False
MCONF_32,False,True,False,False
MCONF_33,False,True,False,False
MCONF_34,False,True,False,False
MCONF_35,False,True,False,False
MCONF_36,False,True,False,False
MCONF_37,False,True,False,False
MCONF_38,False,True,False,False
MCONF_39,False,True,False,False
MCONF_4,False,True,False,False
MCONF_40,False,True,False,False
MCONF_41,False,True,False,False
MCONF_42,False,True,False,False
MCONF_43,False,True,False,False
MCONF_44,False,True,False,False
MCONF_45,False,True,False,False
MCONF_46,False,True,False,False
MCONF_47,False,True,False,False
MCONF_48,False,True,False,False
MCONF_49,False,True,False,False
MCONF_5,False,True,False,False
MCONF_50,False,True,False,False
MCONF_51,False,True,False,False
MCONF_52,False,True,False,False
MCONF_6,False,True,False,False
MCONF_7,False,True,False,False
MCONF_8,False,True,False,False
MCONF_9,False,True,False,False
MME55_AAP_int1a,False,True,False,False
MME55_AAP_int1b,False,True,False,False
MME55_AAP_int2,False,True,False,False
MME55_AAP_int3,False,True,False,False
MME55_AAP_p,False,True,False,False
MME55_AAP_r,False,True,False,False
MME55_AAP_ts1,False,True,False,False
MME55_AAP_ts2,False,True,False,False
MME55_AAP_ts3,False,True,False,False
MME55_AAP_ts4,False,True,False,False
MME55_AH_int1,False,True,False,False
MME55_AH_int2,False,True,False,False
MME55_AH_int3,False,True,False,False
MME55_AH_int4,False,True,False,False
MME55_AH_p,False,True,False,False
MME55_AH_r,False,True,False,False
MME55_AH_ts1,False,True,False,False
MME55_AH_ts2,False,True,False,False
MME55_AH_ts3,False,True,False,False
MME55_AH_ts4,False,True,False,False
MME55_CDO_1A,False,True,False,False
MME55_CDO_1B,False,True,False,True
MME55_CDO_1C,False,False,False,True
MME55_CDO_3A,False,True,False,False
MME55_CDO_3B,False,True,False,False
MME55_CDO_3Cprime,False,True,False,False
MME55_CDO_3D,False,True,False,False
MME55_CDO_5A,False,True,False,False
MME55_CDO_5B,False,True,False,False
MME55_CDO_5C,False,True,False,False
MME55_CDO_5Cprime,False,True,False,False
MME55_CDO_5D,False,True,False,False
MME55_CoNHase_EP,False,True,False,False
MME55_CoNHase_ES,False,True,False,False
MME55_CoNHase_INT1,False,True,False,False
MME55_CoNHase_INT2,False,True,False,False
MME55_DMML_INT1,False,True,False,False
MME55_DMML_INT2,False,True,False,False
MME55_DMML_INT3,False,True,False,False
MME55_DMML_INT4,False,True,False,False
MME55_DMML_PROD1,False,True,False,False
MME55_DMML_REACT,False,True,False,False
MME55_Hc_1_1,False,False,False,True
MME55_Hc_1_2a,False,False,False,True
MME55_Hc_1_3,False,False,False,True
MME55_Hc_3_1,False,True,False,False
MME55_Hc_3_2a,False,True,False,False
MME55_Hc_3_3,False,True,False,False
MME55_Hc_3_TS1,False,True,False,False
MME55_Hc_3_TS2,False,True,False,False
MME55_MoCuCODH_Int1A,False,True,False,False
MME55_MoCuCODH_Int2A,False,True,False,False
MME55_MoCuCODH_Int3A,False,True,False,False
MME55_MoCuCODH_Int4A,False,True,False,False
MME55_MoCuCODH_Int5A,False,True,False,False
MME55_MoCuCODH_Int6A,False,True,False,False
MME55_NiSOD_4_singlet,False,True,False,False
MME55_NiSOD_4_triplet,False,True,False,False
MME55_NiSOD_4prime_singlet,False,True,False,False
MME55_NiSOD_4prime_triplet,False,True,False,False
MME55_NiSOD_TS4,False,True,False,False
MME55_PTE_i,False,True,False,False
MME55_PTE_r,False,True,False,False
MME55_PTE_ts1,False,True,False,False
MME55_PTE_ts2,False,True,False,False
MME55_WFOR_int,False,True,False,False
MME55_WFOR_p,False,True,False,False
MME55_WFOR_r,False,True,False,False
MME55_WFOR_ts1,False,True,False,False
MME55_WFOR_ts2,False,True,False,False
MOBH35_01_end,False,True,False,False
MOBH35_01_start,False,True,False,False
MOBH35_01_ts,False,True,False,False
MOBH35_02_end,False,True,False,False
MOBH35_02_start,False,True,False,False
MOBH35_02_ts,False,True,False,False
MOBH35_03_end,False,True,False,False
MOBH35_03_start,False,True,False,False
MOBH35_03_ts,False,True,False,False
MOBH35_04_end,False,True,False,False
MOBH35_04_start,False,True,False,False
MOBH35_04_ts,False,True,False,False
MOBH35_05_end_correct,False,True,False,False
MOBH35_05_start,False,True,False,False
MOBH35_05_ts,False,True,False,False
MOBH35_06_end,False,True,False,False
MOBH35_06_start,False,True,False,False
MOBH35_06_ts,False,True,False,False
MOBH35_07_end,False,True,False,False
MOBH35_07_start,False,True,False,False
MOBH35_07_ts,False,True,False,False
MOBH35_08_end,False,True,False,False
MOBH35_08_start,False,True,False,False
MOBH35_08_ts,False,True,False,False
MOBH35_10_end_MAI,False,True,False,False
MOBH35_10_start_MAI,False,True,False,False
MOBH35_10_ts_MAI,False,True,False,False
MOBH35_11_end,False,True,False,False
MOBH35_11_start,False,True,False,False
MOBH35_11_ts,False,True,False,False
MOBH35_12_end,False,True,False,False
MOBH35_12_start,False,True,False,False
MOBH35_12_ts,False,True,False,False
MOBH35_13_end,False,True,False,False
MOBH35_13_start,False,True,False,False
MOBH35_13_ts,False,True,False,False
MOBH35_14_end,False,True,False,False
MOBH35_14_start,False,True,False,False
MOBH35_14_ts,False,True,False,False
MOBH35_15_end,False,True,False,False
MOBH35_15_start,False,True,False,False
MOBH35_15_ts,False,True,False,False
MOBH35_16_end,False,True,False,False
MOBH35_16_start,False,True,False,False
MOBH35_16_ts,False,True,False,False
MOBH35_21_end,False,True,False,False
MOBH35_21_start,False,True,False,False
MOBH35_21_ts,False,True,False,False
MOBH35_22_end,False,True,False,False
MOBH35_22_start,False,True,False,False
MOBH35_22_ts,False,True,False,False
MOBH35_23_end,False,True,False,False
MOBH35_23_start,False,True,False,False
MOBH35_23_ts,False,True,False,False
MOBH35_26_end,False,True,False,False
MOBH35_26_start,False,True,False,False
MOBH35_26_ts,False,True,False,False
MOBH35_27_end,False,True,False,False
MOBH35_27_start,False,True,False,False
MOBH35_27_ts,False,True,False,False
MOBH35_28_end,False,True,False,False
MOBH35_28_start,False,True,False,False
MOBH35_28_ts,False,True,False,False
MOBH35_29_end,False,True,False,False
MOBH35_29_start,False,True,False,False
MOBH35_29_ts,False,True,False,False
MOBH35_30_end,False,True,False,False
MOBH35_30_start,False,True,False,False
MOBH35_30_ts,False,True,False,False
MOBH35_31_end,False,True,False,False
MOBH35_31_start,False,True,False,False
MOBH35_31_ts,False,True,False,False
MOBH35_32_end,False,True,False,False
MOBH35_32_start,False,True,False,False
MOBH35_32_ts,False,True,False,False
MOBH35_33_end,False,True,False,False
MOBH35_33_start,False,True,False,False
MOBH35_33_ts,False,True,False,False
MOBH35_34_end,False,True,False,False
MOBH35_34_start,False,True,False,False
MOBH35_34_ts,False,True,False,False
MOBH35_35_end_MAI,False,True,False,False
MOBH35_35_start_MAI,False,True,False,False
MOBH35_35_ts_MAI,False,True,False,False
MOBH35_prodCH4,False,True,False,False
MOBH35_prodCO,False,True,False,False
MOR01_accl,True,True,False,False
MOR02_bz,True,True,False,False
MOR03_c2h4,True,True,False,False
MOR04_c2h6,True,True,False,False
MOR05_co,True,True,False,False
MOR06_cod,True,True,False,False
MOR07_ed01,True,True,False,False
MOR08_ed05,True,True,False,False
MOR09_ed07,True,True,False,False
MOR10_ed09,True,True,False,False
MOR11_ed11,True,True,False,False
MOR12_ed18,True,True,False,False
MOR13_ed24,True,True,False,False
MOR14_ed26,True,True,False,False
MOR15_ed28,True,True,False,False
MOR16_ed33,True,True,False,False
MOR17_ed36,True,True,False,False
MOR18_ed37,True,True,False,False
MOR19_h2,True,True,False,False
MOR20_i2,True,True,False,False
MOR21_mecn,True,True,False,False
MOR22_pcy3,True,True,False,False
MOR23_phseh,True,True,False,False
MOR24_pme3,True,True,False,False
MOR25_pr01,True,True,False,False
MOR26_pr05,True,True,False,False
MOR27_pr07,True,True,False,False
MOR28_pr09,True,True,False,False
MOR29_pr11,True,True,False,False
MOR30_pr12,True,True,False,False
MOR31_pr20,True,True,False,False
MOR32_pr24,True,True,False,False
MOR33_pr28,True,True,False,False
MOR34_pr35,True,True,False,False
MOR35_pr36,True,True,False,False
MOR36_pr37,True,True,False,False
MOR37_pr38,True,True,False,False
MX35_1109_NaF_006,True,True,False,False
MX35_1109_NaF_008,True,True,False,False
MX35_1109_NaF_01,True,True,False,False
MX35_1109_NaF_02,True,True,False,False
MX35_1109_NaF_04,True,True,False,False
MX35_1117_NaCl_006,True,True,False,False
MX35_1117_NaCl_008,True,True,False,False
MX35_1117_NaCl_01,True,True,False,False
MX35_1117_NaCl_02,True,True,False,False
MX35_1117_NaCl_04,True,True,False,False
MX35_1208_MgO_006,True,True,False,False
MX35_1208_MgO_008,True,True,False,False
MX35_1208_MgO_01,False,False,False,True
MX35_1208_MgO_02,True,True,False,False
MX35_1208_MgO_04,True,True,False,False
MX35_1216_MgS_006,True,True,False,False
MX35_1216_MgS_008,True,True,False,False
MX35_1216_MgS_01,True,True,False,False
MX35_1216_MgS_02,True,True,False,False
MX35_1216_MgS_04,True,True,False,False
MX35_1909_KF_006,True,True,False,False
MX35_1909_KF_008,True,True,False,False
MX35_1909_KF_01,True,True,False,False
MX35_1909_KF_02,True,True,False,False
MX35_1909_KF_04,True,True,False,False
MX35_2008_CaO_006,True,True,False,False
MX35_2008_CaO_008,True,True,False,False
MX35_2008_CaO_01,True,True,False,False
MX35_2008_CaO_02,True,True,False,False
MX35_2008_CaO_04,True,True,False,False
MX35_2016_CaS_006,True,True,False,False
MX35_2016_CaS_008,True,True,False,False
MX35_2016_CaS_01,True,True,False,False
MX35_2016_CaS_02,True,True,False,False
MX35_2016_CaS_04,True,True,False,False
MX35_Ca,True,True,False,False
MX35_Cl,True,True,False,False
MX35_F,True,True,False,False
MX35_K,True,True,False,False
MX35_Mg,True,True,False,True
MX35_Na,True,True,False,False
MX35_O,True,True,False,True
MX35_S,True,True,False,False
NBPRC_BCl3,False,True,False,False
NBPRC_BCl3PMe3,False,True,False,False
NBPRC_BF3,False,True,False,False
NBPRC_BF3PMe3,False,True,False,False
NBPRC_BH3,False,True,False,False
NBPRC_BH3PH3,False,True,False,False
NBPRC_H2,False,True,False,False
NBPRC_K_Cl,False,True,False,False
NBPRC_K_F,False,True,False,False
NBPRC_K_H,False,True,False,False
NBPRC_PH3,False,True,False,False
NBPRC_PMe3,False,True,False,False
NBPRC_bz,False,True,False,False
NBPRC_cbut,False,True,False,False
NBPRC_ch,False,True,False,False
NBPRC_nh-bh,False,True,False,False
NBPRC_nh2-bh2,False,True,False,False
NBPRC_nh3,False,True,False,False
NBPRC_nh3-bh3,False,True,False,False
O24x5_c2h3-c2h4_0.9,False,True,False,False
O24x5_c2h3-c2h4_1.0,False,True,False,False
O24x5_c2h3-c2h4_1.2,False,True,False,False
O24x5_c2h3-c2h4_1.5,False,True,False,False
O24x5_c2h3-c2h4_2.0,False,True,False,False
O24x5_c2h3-c2h4_monA,False,True,False,False
O24x5_c2h3-c2h4_monB,False,True,False,False
O24x5_c2h3-co2_0.9,False,True,False,False
O24x5_c2h3-co2_1.0,False,True,False,False
O24x5_c2h3-co2_1.2,False,True,False,False
O24x5_c2h3-co2_1.5,False,True,False,False
O24x5_c2h3-co2_2.0,False,True,False,False
O24x5_c2h3-co2_monA,False,True,False,False
O24x5_c2h3-co2_monB,False,True,False,False
O24x5_ch2o-nh2_0.9,False,True,False,False
O24x5_ch2o-nh2_1.0,False,True,False,False
O24x5_ch2o-nh2_1.2,False,True,False,False
O24x5_ch2o-nh2_1.5,False,True,False,False
O24x5_ch2o-nh2_2.0,False,True,False,False
O24x5_ch2o-nh2_monA,False,True,False,False
O24x5_ch2o-nh2_monB,False,True,False,False
O24x5_cn-ar_0.9,False,True,False,False
O24x5_cn-ar_1.0,False,True,False,False
O24x5_cn-ar_1.2,False,True,False,False
O24x5_cn-ar_1.5,False,True,False,False
O24x5_cn-ar_2.0,False,True,False,False
O24x5_cn-ar_monA,False,True,False,False
O24x5_cn-ar_monB,False,True,False,False
O24x5_cn-h2_0.9,False,True,False,False
O24x5_cn-h2_1.0,False,True,False,False
O24x5_cn-h2_1.2,False,True,False,False
O24x5_cn-h2_1.5,False,True,False,False
O24x5_cn-h2_2.0,False,True,False,False
O24x5_cn-h2_monA,False,True,False,False
O24x5_cn-h2_monB,False,True,False,False
O24x5_cn-he_0.9,False,True,False,False
O24x5_cn-he_1.0,False,True,False,False
O24x5_cn-he_1.2,False,True,False,False
O24x5_cn-he_1.5,False,True,False,False
O24x5_cn-he_2.0,False,True,False,False
O24x5_cn-he_monA,False,True,False,False
O24x5_cn-he_monB,False,True,False,False
O24x5_co2-o2_0.9,False,True,False,False
O24x5_co2-o2_1.0,False,True,False,False
O24x5_co2-o2_1.2,False,True,False,False
O24x5_co2-o2_1.5,False,True,False,False
O24x5_co2-o2_2.0,False,True,False,False
O24x5_co2-o2_monA,False,True,False,False
O24x5_co2-o2_monB,False,True,False,False
O24x5_h2o-na_0.9,False,True,False,False
O24x5_h2o-na_1.0,False,True,False,False
O24x5_h2o-na_1.2,False,True,False,False
O24x5_h2o-na_1.5,False,True,False,False
O24x5_h2o-na_2.0,False,True,False,False
O24x5_h2o-na_monA,False,True,False,False
O24x5_h2o-na_monB,False,True,False,False
O24x5_h2o-o2_gm_0.9,False,True,False,False
O24x5_h2o-o2_gm_1.0,False,True,False,False
O24x5_h2o-o2_gm_1.2,False,True,False,False
O24x5_h2o-o2_gm_1.5,False,True,False,False
O24x5_h2o-o2_gm_2.0,False,True,False,False
O24x5_h2o-o2_gm_monA,False,True,False,False
O24x5_h2o-o2_gm_monB,False,True,False,False
O24x5_h2o-o2_sp_0.9,False,True,False,False
O24x5_h2o-o2_sp_1.0,False,True,False,False
O24x5_h2o-o2_sp_1.2,False,True,False,False
O24x5_h2o-o2_sp_1.5,False,True,False,False
O24x5_h2o-o2_sp_2.0,False,True,False,False
O24x5_h2o-o2_sp_monA,False,True,False,False
O24x5_h2o-o2_sp_monB,False,True,False,False
O24x5_h2o-o2h_0.9,False,True,False,False
O24x5_h2o-o2h_1.0,False,True,False,False
O24x5_h2o-o2h_1.2,False,True,False,False
O24x5_h2o-o2h_1.5,False,True,False,False
O24x5_h2o-o2h_2.0,False,True,False,False
O24x5_h2o-o2h_monA,False,True,False,False
O24x5_h2o-o2h_monB,False,True,False,False
O24x5_h2o-oh_0.9,False,True,False,False
O24x5_h2o-oh_1.0,False,True,False,False
O24x5_h2o-oh_1.2,False,True,False,False
O24x5_h2o-oh_1.5,False,True,False,False
O24x5_h2o-oh_2.0,False,True,False,False
O24x5_h2o-oh_monA,False,True,False,False
O24x5_h2o-oh_monB,False,True,False,False
O24x5_he2_0.9,False,True,False,False
O24x5_he2_1.0,False,True,False,False
O24x5_he2_1.2,False,True,False,False
O24x5_he2_1.5,False,True,False,False
O24x5_he2_2.0,False,True,False,False
O24x5_he2_monA,False,True,False,False
O24x5_he2_monB,False,True,False,False
O24x5_hf-co+_0.9,False,True,False,False
O24x5_hf-co+_1.0,False,True,False,False
O24x5_hf-co+_1.2,False,True,False,False
O24x5_hf-co+_1.5,False,True,False,False
O24x5_hf-co+_2.0,False,True,False,False
O24x5_hf-co+_monA,False,True,False,False
O24x5_hf-co+_monB,False,True,False,False
O24x5_li-nh3_gm_0.9,False,True,False,False
O24x5_li-nh3_gm_1.0,False,True,False,False
O24x5_li-nh3_gm_1.2,False,True,False,False
O24x5_li-nh3_gm_1.5,False,True,False,False
O24x5_li-nh3_gm_2.0,False,True,False,False
O24x5_li-nh3_gm_monA,False,True,False,False
O24x5_li-nh3_gm_monB,False,True,False,False
O24x5_li-nh3_lm_0.9,False,True,False,False
O24x5_li-nh3_lm_1.0,False,True,False,False
O24x5_li-nh3_lm_1.2,False,True,False,False
O24x5_li-nh3_lm_1.5,False,True,False,False
O24x5_li-nh3_lm_2.0,False,True,False,False
O24x5_li-nh3_lm_monA,False,True,False,False
O24x5_li-nh3_lm_monB,False,True,False,False
O24x5_li-o2_0.9,False,True,False,False
O24x5_li-o2_1.0,False,True,False,False
O24x5_li-o2_1.2,False,True,False,False
O24x5_li-o2_1.5,False,True,False,False
O24x5_li-o2_2.0,False,True,False,False
O24x5_li-o2_monA,False,True,False,False
O24x5_li-o2_monB,False,True,False,False
O24x5_na-li_0.9,False,True,False,False
O24x5_na-li_1.0,False,True,False,False
O24x5_na-li_1.2,False,True,False,False
O24x5_na-li_1.5,False,True,False,False
O24x5_na-li_2.0,False,True,False,False
O24x5_na-li_monA,False,True,False,False
O24x5_na-li_monB,False,True,False,False
O24x5_nh-ar_0.9,False,True,False,False
O24x5_nh-ar_1.0,False,True,False,False
O24x5_nh-ar_1.2,False,True,False,False
O24x5_nh-ar_1.5,False,True,False,False
O24x5_nh-ar_2.0,False,True,False,False
O24x5_nh-ar_monA,False,True,False,False
O24x5_nh-ar_monB,False,True,False,False
O24x5_nh-he_0.9,False,True,False,False
O24x5_nh-he_1.0,False,True,False,False
O24x5_nh-he_1.2,False,True,False,False
O24x5_nh-he_1.5,False,True,False,False
O24x5_nh-he_2.0,False,True,False,False
O24x5_nh-he_monA,False,True,False,False
O24x5_nh-he_monB,False,True,False,False
O24x5_nh-nh_0.9,False,True,False,False
O24x5_nh-nh_1.0,False,True,False,False
O24x5_nh-nh_1.2,False,True,False,False
O24x5_nh-nh_1.5,False,True,False,False
O24x5_nh-nh_2.0,False,True,False,False
O24x5_nh-nh_monA,False,True,False,False
O24x5_nh-nh_monB,False,True,False,False
O24x5_o2-h2_0.9,False,True,False,False
O24x5_o2-h2_1.0,False,True,False,False
O24x5_o2-h2_1.2,False,True,False,False
O24x5_o2-h2_1.5,False,True,False,False
O24x5_o2-h2_2.0,False,True,False,False
O24x5_o2-h2_monA,False,True,False,False
O24x5_o2-h2_monB,False,True,False,False
O24x5_o2-n2_0.9,False,True,False,False
O24x5_o2-n2_1.0,False,True,False,False
O24x5_o2-n2_1.2,False,True,False,False
O24x5_o2-n2_1.5,False,True,False,False
O24x5_o2-n2_2.0,False,True,False,False
O24x5_o2-n2_monA,False,True,False,False
O24x5_o2-n2_monB,False,True,False,False
O24x5_o2-o2_0.9,False,True,False,False
O24x5_o2-o2_1.0,False,True,False,False
O24x5_o2-o2_1.2,False,True,False,False
O24x5_o2-o2_1.5,False,True,False,False
O24x5_o2-o2_2.0,False,True,False,False
O24x5_o2-o2_monA,False,True,False,False
O24x5_o2-o2_monB,False,True,False,False
OEEF_c2h2_0.0,False,True,False,True
OEEF_c2h2_0.01,False,True,False,False
OEEF_c2h2_0.02,False,True,False,False
OEEF_c2h2_0.03,False,True,False,False
OEEF_c2h2_0.04,False,True,False,False
OEEF_c2h2_0.05,False,False,False,True
OEEF_c2h4_0.0,False,True,False,True
OEEF_c2h4_0.01,False,True,False,False
OEEF_c2h4_0.02,False,True,False,False
OEEF_c2h4_0.03,False,True,False,False
OEEF_c2h4_0.04,False,True,False,False
OEEF_c2h4_0.05,False,False,False,True
OEEF_c2h6_0.0,False,True,False,False
OEEF_c2h6_0.01,False,True,False,False
OEEF_c2h6_0.02,False,True,False,False
OEEF_c2h6_0.03,False,True,False,False
OEEF_c2h6_0.04,False,True,False,False
OEEF_cl2_0.0,False,True,False,False
OEEF_cl2_0.01,False,True,False,False
OEEF_cl2_0.02,False,True,False,False
OEEF_cl2_0.03,False,True,False,False
OEEF_cl2_0.04,False,True,False,False
OEEF_cl2_0.05,False,True,False,False
OEEF_co_-0.01,False,True,False,False
OEEF_co_-0.02,False,True,False,False
OEEF_co_-0.03,False,True,False,False
OEEF_co_-0.04,False,True,False,False
OEEF_co_-0.05,False,True,False,False
OEEF_co_0.0,False,True,False,False
OEEF_co_0.01,False,True,False,False
OEEF_co_0.02,False,True,False,False
OEEF_co_0.03,False,True,False,False
OEEF_co_0.04,False,True,False,False
OEEF_co_0.05,False,True,False,False
OEEF_f2_0.0,False,True,False,False
OEEF_f2_0.01,False,True,False,False
OEEF_f2_0.02,False,True,False,False
OEEF_f2_0.03,False,True,False,False
OEEF_f2_0.04,False,True,False,False
OEEF_f2_0.05,False,True,False,False
OEEF_fluoromethane_-0.01,False,True,False,False
OEEF_fluoromethane_-0.02,False,True,False,False
OEEF_fluoromethane_-0.03,False,True,False,False
OEEF_fluoromethane_-0.04,False,True,False,False
OEEF_fluoromethane_-0.05,False,True,False,False
OEEF_fluoromethane_0.0,False,True,False,False
OEEF_fluoromethane_0.01,False,True,False,False
OEEF_fluoromethane_0.02,False,True,False,False
OEEF_fluoromethane_0.03,False,True,False,False
OEEF_fluoromethane_0.04,False,True,False,False
OEEF_fluoromethane_0.05,False,True,False,False
OEEF_formaldehyde_-0.01,False,True,False,False
OEEF_formaldehyde_-0.02,False,True,False,False
OEEF_formaldehyde_-0.03,False,True,False,False
OEEF_formaldehyde_-0.04,False,True,False,False
OEEF_formaldehyde_-0.05,False,True,False,False
OEEF_formaldehyde_0.0,False,True,False,False
OEEF_formaldehyde_0.01,False,True,False,False
OEEF_formaldehyde_0.02,False,True,False,False
OEEF_formaldehyde_0.03,False,True,False,False
OEEF_formaldehyde_0.04,False,True,False,False
OEEF_formaldehyde_0.05,False,True,False,False
OEEF_formamide_-0.01,False,True,False,False
OEEF_formamide_-0.02,False,True,False,False
OEEF_formamide_-0.03,False,True,False,False
OEEF_formamide_0.0,False,True,False,False
OEEF_formamide_0.01,False,True,False,False
OEEF_formamide_0.02,False,True,False,False
OEEF_formamide_0.03,False,True,False,False
OEEF_formamide_0.04,False,True,False,False
OEEF_formamide_0.05,False,True,False,False
OEEF_formicacid_-0.01,False,True,False,False
OEEF_formicacid_-0.02,False,True,False,False
OEEF_formicacid_-0.03,False,True,False,False
OEEF_formicacid_-0.04,False,True,False,False
OEEF_formicacid_-0.05,False,True,False,False
OEEF_formicacid_0.0,False,True,False,False
OEEF_formicacid_0.01,False,True,False,False
OEEF_formicacid_0.02,False,True,False,False
OEEF_formicacid_0.03,False,True,False,False
OEEF_formicacid_0.04,False,True,False,False
OEEF_formicacid_0.05,False,True,False,False
OEEF_h2_0.0,False,True,False,False
OEEF_h2_0.01,False,True,False,False
OEEF_h2_0.02,False,True,False,False
OEEF_h2_0.03,False,True,False,False
OEEF_h2_0.04,False,True,False,False
OEEF_h2_0.05,False,True,False,False
OEEF_hcl_-0.01,False,True,False,False
OEEF_hcl_-0.02,False,True,False,False
OEEF_hcl_-0.03,False,True,False,False
OEEF_hcl_-0.04,False,True,False,False
OEEF_hcl_-0.05,False,True,False,False
OEEF_hcl_0.0,False,True,False,False
OEEF_hcl_0.01,False,True,False,False
OEEF_hcl_0.02,False,True,False,False
OEEF_hcl_0.03,False,True,False,False
OEEF_hcl_0.04,False,True,False,False
OEEF_hcl_0.05,False,True,False,False
OEEF_hcn_-0.01,False,True,False,False
OEEF_hcn_-0.02,False,True,False,False
OEEF_hcn_-0.03,False,True,False,False
OEEF_hcn_-0.04,False,True,False,False
OEEF_hcn_-0.05,False,True,False,False
OEEF_hcn_0.0,False,True,False,False
OEEF_hcn_0.01,False,True,False,False
OEEF_hcn_0.02,False,True,False,False
OEEF_hcn_0.03,False,True,False,False
OEEF_hcn_0.04,False,True,False,False
OEEF_hcn_0.05,False,True,False,False
OEEF_hf_-0.01,False,True,False,False
OEEF_hf_-0.02,False,True,False,False
OEEF_hf_-0.03,False,True,False,False
OEEF_hf_-0.04,False,True,False,False
OEEF_hf_-0.05,False,True,False,False
OEEF_hf_0.0,False,True,False,False
OEEF_hf_0.01,False,True,False,False
OEEF_hf_0.02,False,True,False,False
OEEF_hf_0.03,False,True,False,False
OEEF_hf_0.04,False,True,False,False
OEEF_hf_0.05,False,True,False,False
OEEF_meoh_-0.01,False,True,False,False
OEEF_meoh_-0.02,False,True,False,False
OEEF_meoh_-0.03,False,True,False,False
OEEF_meoh_-0.04,False,True,False,False
OEEF_meoh_-0.05,False,True,False,False
OEEF_meoh_0.0,False,True,False,False
OEEF_meoh_0.01,False,True,False,False
OEEF_meoh_0.02,False,True,False,False
OEEF_meoh_0.03,False,True,False,False
OEEF_meoh_0.04,False,True,False,False
OEEF_meoh_0.05,False,True,False,False
OEEF_methylamine_-0.01,False,True,False,False
OEEF_methylamine_-0.02,False,True,False,False
OEEF_methylamine_-0.03,False,True,False,False
OEEF_methylamine_0.0,False,True,False,False
OEEF_methylamine_0.01,False,True,False,False
OEEF_methylamine_0.02,False,True,False,False
OEEF_methylamine_0.03,False,True,False,False
OEEF_methylamine_0.04,False,True,False,False
OEEF_methylene-imine_-0.01,False,True,False,False
OEEF_methylene-imine_-0.02,False,True,False,False
OEEF_methylene-imine_-0.03,False,True,False,False
OEEF_methylene-imine_-0.04,False,True,False,False
OEEF_methylene-imine_-0.05,False,False,False,True
OEEF_methylene-imine_0.0,False,True,False,True
OEEF_methylene-imine_0.01,False,True,False,False
OEEF_methylene-imine_0.02,False,True,False,False
OEEF_methylene-imine_0.03,False,True,False,False
OEEF_methylene-imine_0.04,False,True,False,False
OEEF_methylene-imine_0.05,False,True,False,False
OEEF_n2_0.0,False,True,False,False
OEEF_n2_0.01,False,True,False,False
OEEF_n2_0.02,False,True,False,False
OEEF_n2_0.03,False,True,False,False
OEEF_n2_0.04,False,True,False,False
OEEF_n2_0.05,False,True,False,False
ORBH35_CO3B_S01,False,True,False,False
ORBH35_CO3B_S02,False,True,False,False
ORBH35_CO3B_S03T,False,True,False,False
ORBH35_CO3B_S04T,False,True,False,False
ORBH35_CO3B_T01,False,True,False,False
ORBH35_CO3B_T02,False,True,False,False
ORBH35_CO3B_T03T,False,True,False,False
ORBH35_CO3B_T04T,False,True,False,False
ORBH35_CO3B_T05T,False,True,False,False
ORBH35_CO3B_T06T,False,True,False,False
ORBH35_CO3B_T07T,False,True,False,False
ORBH35_CO3B_T08,False,True,False,False
ORBH35_CO3B_T09T,False,True,False,False
ORBH35_CO3C_T01T,False,True,False,False
ORBH35_CO3C_T02T,False,True,False,False
ORBH35_CO3C_tHOOCO,False,True,False,False
ORBH35_CO3X_CO,False,True,False,False
ORBH35_CO3X_CO2,False,True,False,False
ORBH35_CO3X_HO,False,True,False,False
ORBH35_CO3X_HO2,False,True,False,False
ORBH35_CO3X_O2_t,False,True,False,False
ORBH35_CO3X_O_t,False,True,False,False
ORBH35_VO_TS10,False,True,False,False
ORBH35_VO_TS11,False,True,False,False
ORBH35_VO_TS12,False,True,False,False
ORBH35_VO_TS13,False,True,False,False
ORBH35_VO_TS14,False,True,False,False
ORBH35_VO_TS5,False,True,False,False
ORBH35_VO_TS6,False,True,False,False
ORBH35_VO_TS7,False,True,False,False
ORBH35_VO_W1,False,True,False,False
ORBH35_VO_W2,False,True,False,False
ORBH35_VO_W3,False,True,False,False
ORBH35_VO_W4,False,True,False,False
ORBH35_VO_W5,False,True,False,False
ORBH35_VO_W6,False,True,False,False
ORBH35_VO_W7,False,True,False,False
ORBH35_VO_W8,False,True,False,False
P34_A01_H,False,True,False,False
P34_A06_C,False,True,False,False
P34_A07_N,False,True,False,False
P34_A08_O,False,True,False,False
P34_A09_F,False,True,False,False
P34_A17_Cl,False,True,False,False
P34_A31_Ga,False,True,False,False
P34_A32_Ge,False,True,False,False
P34_A33_As,False,True,False,False
P34_A34_Se,False,True,False,False
P34_A35_Br,False,True,False,False
P34_A36_Kr,False,True,False,False
P34_A49_In,False,True,False,False
P34_A50_Sn,False,True,False,False
P34_A51_Sb,False,True,False,False
P34_A52_Te,False,True,False,False
P34_A53_I,False,True,False,False
P34_A54_Xe,False,True,False,False
P34_P01_Ga2,False,True,False,False
P34_P02_As2,False,True,False,False
P34_P03_Br2,False,True,False,False
P34_P04_AsN,False,True,False,False
P34_P05_BrO,False,True,False,False
P34_P06_HBr,False,True,False,False
P34_P07_GaF,False,True,False,False
P34_P08_GaCl,False,True,False,False
P34_P09_GaBr,False,True,False,False
P34_P10_AsF,False,True,False,False
P34_P11_AsCl,False,True,False,False
P34_P12_BrF,False,True,False,False
P34_P13_BrCl,False,True,False,False
P34_P14_I2,False,True,False,False
P34_P15_HI,False,True,False,False
P34_P16_IO,False,True,False,False
P34_P17_ICl,False,True,False,False
P34_P18_IBr,False,True,False,False
P34_P19_IOH,False,True,False,False
P34_P20_ICN,False,True,False,False
P34_P21_MeI,False,True,False,False
P34_P22_EtI,False,True,False,False
P34_P23_CH2CHI,False,True,False,False
P34_P24_CF3I,False,True,False,False
P34_P25_IC2H4OH,False,True,False,False
P34_P26_PhI,False,True,False,False
P34_P27_SnH4,False,True,False,False
P34_P28_SnF4,False,True,False,False
P34_P29_SnCl4,False,True,False,False
P34_P30_SnBr4,False,True,False,False
P34_P31_SnI4,False,True,False,False
P34_P32_SnMe4,False,True,False,False
P34_P33_SnMe3H,False,True,False,False
P34_P34_SnMe3F,False,True,False,False
P34_P35_SnMe3Cl,False,True,False,False
P34_P36_SnMe3Br,False,True,False,False
P34_P37_SnMe3I,False,True,False,False
P34_P38_SnF3H,False,True,False,False
P34_P39_SnCl3H,False,True,False,False
P34_P40_SnBr3H,False,True,False,False
P34_P41_SnMe2H2,False,True,False,False
P34_P42_SnMe2F2,False,True,False,False
P34_P43_SnMe2Cl2,False,True,False,False
P34_P44_SnMe2Br2,False,True,False,False
P34_P45C_Ga,False,True,False,False
P34_P46C_Ge,False,True,False,False
P34_P47C_As,False,True,False,False
P34_P48C_Se,False,True,False,False
P34_P49C_Br,False,True,False,False
P34_P50C_Kr,False,True,False,False
P34_P51C_In,False,True,False,False
P34_P52C_Sn,False,True,False,False
P34_P53C_Sb,False,True,False,False
P34_P54C_Te,False,True,False,False
P34_P55C_I,False,True,False,False
P34_P56C_Xe,False,True,False,False
P34_P57C_IO,False,True,False,False
P34_P58C_MeI,False,True,False,False
P34_P59C_PhI,False,True,False,False
P34_P60A_Ga,False,True,False,False
P34_P61A_Ge,False,True,False,False
P34_P62A_As,False,True,False,False
P34_P63A_Se,False,True,False,False
P34_P64A_Br,False,True,False,False
P34_P65A_In,False,True,False,False
P34_P66A_Sn,False,True,False,False
P34_P67A_Sb,False,True,False,False
P34_P68A_I,False,True,False,False
PA26_A,False,True,False,False
PA26_Ap,False,True,False,False
PA26_C,False,True,False,False
PA26_Cp,False,True,False,False
PA26_G,False,True,False,False
PA26_Gp,False,True,False,False
PA26_T,False,True,False,False
PA26_Tp,False,True,False,False
PA26_ass,False,True,False,False
PA26_assp,False,True,False,False
PA26_c2f6,False,True,False,False
PA26_c2f6p,False,True,False,False
PA26_c2h2,False,True,False,False
PA26_c2h2p,False,True,False,False
PA26_ch2s,False,True,False,False
PA26_ch2sp,False,True,False,False
PA26_ch3cooh,False,True,False,False
PA26_ch3coohp,False,True,False,False
PA26_cys,False,True,False,False
PA26_cysp,False,True,False,False
PA26_ethanol,False,True,False,False
PA26_ethanolp,False,True,False,False
PA26_gly,False,True,False,False
PA26_glyp,False,True,False,False
PA26_h2,False,True,False,False
PA26_h2o,False,True,False,False
PA26_h2op,False,True,False,False
PA26_h2p,False,True,False,False
PA26_h2s,False,True,False,False
PA26_h2sp,False,True,False,False
PA26_hcl,False,True,False,False
PA26_hclp,False,True,False,False
PA26_nh3,False,True,False,False
PA26_nh3p,False,True,False,False
PA26_p2,False,True,False,False
PA26_p2p,False,True,False,False
PA26_p4,False,True,False,False
PA26_p4p,False,True,False,False
PA26_p6,False,True,False,False
PA26_p6p,False,True,False,False
PA26_p8,False,True,False,False
PA26_p8p,False,True,False,False
PA26_ph3,False,True,False,False
PA26_ph3p,False,True,False,False
PA26_phenol,False,True,False,False
PA26_phenolp,False,True,False,False
PA26_phosphapyrrol,False,True,False,False
PA26_phosphapyrrolp,False,True,False,False
PA26_si2h6,False,True,False,False
PA26_si2h6p,False,True,False,False
PA26_sih4,False,True,False,False
PA26_sih4p,False,True,False,False
PArel_A0,False,True,False,False
PArel_A1,False,True,False,False
PArel_A2,False,True,False,False
PArel_T0,False,True,False,False
PArel_T1,False,True,False,False
PArel_T2,False,True,False,False
PArel_T3,False,True,False,False
PArel_aminocoohbz1,False,True,False,False
PArel_aminocoohbz2,False,True,False,False
PArel_aminocoohbz3,False,True,False,False
PArel_arg0,False,True,False,False
PArel_arg2,False,True,False,False
PArel_c2cl41,False,True,False,False
PArel_c2cl42,False,True,False,False
PArel_c2cl43,False,True,False,False
PArel_c2h2f41,False,True,False,False
PArel_c2h2f42,False,True,False,False
PArel_h2s2o71,False,True,False,False
PArel_h2s2o72,False,True,False,False
PArel_h4p2o71,False,True,False,False
PArel_h4p2o72,False,True,False,False
PArel_his0,False,True,False,False
PArel_his1,False,True,False,False
PArel_his2,False,True,False,False
PArel_his3,False,True,False,False
PArel_s4o41,False,True,False,False
PArel_s4o42,False,True,False,False
PArel_sugar0,False,True,False,False
PArel_sugar2,False,True,False,False
PArel_sugar3,False,True,False,False
PArel_sugar4,False,True,False,False
PCONF21_114,True,True,False,False
PCONF21_215,True,True,False,False
PCONF21_224,True,True,False,False
PCONF21_300,True,True,False,False
PCONF21_357,True,True,False,False
PCONF21_366,True,True,False,False
PCONF21_412,True,True,False,False
PCONF21_444,True,True,False,False
PCONF21_470,True,True,False,False
PCONF21_691,True,True,False,False
PCONF21_99,True,True,False,False
PCONF21_GLY_aL,True,True,False,False
PCONF21_GLY_aR,True,True,False,False
PCONF21_GLY_ab,True,True,False,False
PCONF21_GLY_b,True,True,False,False
PCONF21_GLY_pII,True,True,False,False
PCONF21_SER_aL,True,True,False,False
PCONF21_SER_aR,True,True,False,False
PCONF21_SER_ab,True,True,False,False
PCONF21_SER_b,True,True,False,False
PCONF21_SER_pII,True,True,False,False
PNICO23_1,False,True,False,False
PNICO23_10,False,True,False,False
PNICO23_10a,False,True,False,False
PNICO23_10b,False,True,False,False
PNICO23_11,False,True,False,False
PNICO23_11a,False,True,False,False
PNICO23_11b,False,True,False,False
PNICO23_12,False,True,False,False
PNICO23_12a,False,True,False,False
PNICO23_12b,False,True,False,False
PNICO23_13,False,True,False,False
PNICO23_13a,False,True,False,False
PNICO23_13b,False,True,False,False
PNICO23_14,False,True,False,False
PNICO23_14a,False,True,False,False
PNICO23_14b,False,True,False,False
PNICO23_15,False,True,False,False
PNICO23_15a,False,True,False,False
PNICO23_15b,False,True,False,False
PNICO23_16,False,True,False,False
PNICO23_16a,False,True,False,False
PNICO23_16b,False,True,False,False
PNICO23_17,False,True,False,False
PNICO23_17a,False,True,False,False
PNICO23_17b,False,True,False,False
PNICO23_18,False,True,False,False
PNICO23_18a,False,True,False,False
PNICO23_18b,False,True,False,False
PNICO23_19,False,True,False,False
PNICO23_19a,False,True,False,False
PNICO23_19b,False,True,False,False
PNICO23_1a,False,True,False,False
PNICO23_1b,False,True,False,False
PNICO23_2,False,True,False,False
PNICO23_20,False,True,False,False
PNICO23_20a,False,True,False,False
PNICO23_20b,False,True,False,False
PNICO23_21,False,True,False,False
PNICO23_21a,False,True,False,False
PNICO23_21b,False,True,False,False
PNICO23_22,False,True,False,False
PNICO23_22a,False,True,False,False
PNICO23_22b,False,True,False,False
PNICO23_23,False,True,False,False
PNICO23_23a,False,True,False,False
PNICO23_23b,False,True,False,False
PNICO23_2a,False,True,False,False
PNICO23_2b,False,True,False,False
PNICO23_3,False,True,False,False
PNICO23_3a,False,True,False,False
PNICO23_3b,False,True,False,False
PNICO23_4,False,True,False,False
PNICO23_4a,False,True,False,False
PNICO23_4b,False,True,False,False
PNICO23_5,False,True,False,False
PNICO23_5a,False,True,False,False
PNICO23_5b,False,True,False,False
PNICO23_6,False,True,False,False
PNICO23_6a,False,True,False,False
PNICO23_6b,False,True,False,False
PNICO23_7,False,True,False,False
PNICO23_7a,False,True,False,False
PNICO23_7b,False,True,False,False
PNICO23_8,False,True,False,False
PNICO23_8a,False,True,False,False
PNICO23_8b,False,True,False,False
PNICO23_9,False,True,False,False
PNICO23_9a,False,True,False,False
PNICO23_9b,False,True,False,False
PX13_h2o_2,True,True,False,False
PX13_h2o_2_ts,True,True,False,False
PX13_h2o_3,True,True,False,False
PX13_h2o_3_ts,True,True,False,False
PX13_h2o_5,True,True,False,False
PX13_h2o_5_ts,True,True,False,False
PX13_h2o_6,True,True,False,False
PX13_h2o_6_ts,True,True,False,False
PX13_hf_2,True,True,False,False
PX13_hf_2_ts,True,True,False,False
PX13_hf_3,True,True,False,False
PX13_hf_3_ts,True,True,False,False
PX13_hf_6,True,True,False,False
PX13_hf_6_ts,True,True,False,False
PX13_nh3_2,True,True,False,False
PX13_nh3_2_ts,True,True,False,False
PX13_nh3_3,True,True,False,False
PX13_nh3_3_ts,True,True,False,False
Pol130_AlF,True,True,False,False
Pol130_AlF0+,True,True,False,False
Pol130_AlF0-,True,True,False,False
Pol130_AlF2+,False,True,False,False
Pol130_AlF2-,False,True,False,False
Pol130_Ar,False,True,False,False
Pol130_Ar0+,False,True,False,False
Pol130_Ar0-,False,True,False,False
Pol130_BF,False,True,False,False
Pol130_BF0+,False,True,False,False
Pol130_BF0-,False,True,False,False
Pol130_BF2+,False,True,False,False
Pol130_BF2-,False,True,False,False
Pol130_BH2,True,True,False,False
Pol130_BH20+,True,True,False,False
Pol130_BH20-,True,True,False,False
Pol130_BH21+,True,True,False,False
Pol130_BH21-,True,True,False,False
Pol130_BH22+,False,True,False,False
Pol130_BH22-,False,True,False,False
Pol130_BH2Cl,True,True,False,False
Pol130_BH2Cl0+,False,True,False,False
Pol130_BH2Cl0-,False,True,False,False
Pol130_BH2Cl1+,False,True,False,False
Pol130_BH2Cl1-,False,True,False,False
Pol130_BH2Cl2+,True,True,False,False
Pol130_BH2Cl2-,True,True,False,False
Pol130_BH2F,False,True,False,False
Pol130_BH2F0+,False,True,False,False
Pol130_BH2F0-,False,True,False,False
Pol130_BH2F1+,False,True,False,False
Pol130_BH2F1-,False,True,False,False
Pol130_BH2F2+,False,True,False,False
Pol130_BH2F2-,False,True,False,False
Pol130_BH3,True,True,False,False
Pol130_BH30+,True,True,False,False
Pol130_BH30-,True,True,False,False
Pol130_BH32+,False,True,False,False
Pol130_BH32-,False,True,False,False
Pol130_BHF2,True,True,False,False
Pol130_BHF20+,True,True,False,False
Pol130_BHF20-,True,True,False,False
Pol130_BHF21+,False,True,False,False
Pol130_BHF21-,False,True,False,False
Pol130_BHF22+,True,True,False,False
Pol130_BHF22-,True,True,False,False
Pol130_BO,True,True,False,False
Pol130_BO0+,False,True,False,False
Pol130_BO0-,False,True,False,False
Pol130_BO2+,True,True,False,False
Pol130_BO2-,True,True,False,False
Pol130_BS,True,True,False,False
Pol130_BS0+,False,True,False,False
Pol130_BS0-,False,True,False,False
Pol130_BS2+,True,True,False,False
Pol130_BS2-,True,True,False,False
Pol130_Be,True,True,False,False
Pol130_Be0+,True,True,False,False
Pol130_Be0-,True,True,False,False
Pol130_BeH,False,True,False,False
Pol130_BeH0+,False,True,False,False
Pol130_BeH0-,False,True,False,False
Pol130_BeH2,False,True,False,False
Pol130_BeH2+,False,True,False,False
Pol130_BeH2-,False,True,False,False
Pol130_BeH21+,False,True,False,False
Pol130_BeH21-,False,True,False,False
Pol130_BeH22+,False,True,False,False
Pol130_BeH22-,False,True,False,False
Pol130_C2H,False,True,False,False
Pol130_C2H0+,False,True,False,False
Pol130_C2H0-,False,True,False,False
Pol130_C2H2,False,True,False,False
Pol130_C2H2+,False,True,False,False
Pol130_C2H2-,False,True,False,False
Pol130_C2H20+,False,True,False,False
Pol130_C2H20-,False,True,False,False
Pol130_C2H22+,False,True,False,False
Pol130_C2H22-,False,True,False,False
Pol130_C2H3,True,True,False,False
Pol130_C2H30+,True,True,False,False
Pol130_C2H30-,True,True,False,False
Pol130_C2H31+,False,True,False,False
Pol130_C2H31-,False,True,False,False
Pol130_C2H32+,False,True,False,False
Pol130_C2H32-,False,True,False,False
Pol130_C2H4,True,True,False,False
Pol130_C2H40+,True,True,False,False
Pol130_C2H40-,True,True,False,False
Pol130_C2H41+,False,True,False,False
Pol130_C2H41-,False,True,False,False
Pol130_C2H42+,False,True,False,False
Pol130_C2H42-,False,True,False,False
Pol130_CH2-t,True,True,False,False
Pol130_CH2-t0+,True,True,False,False
Pol130_CH2-t0-,True,True,False,False
Pol130_CH2-t1+,False,True,False,False
Pol130_CH2-t1-,False,True,False,False
Pol130_CH2-t2+,False,True,False,False
Pol130_CH2-t2-,False,True,False,False
Pol130_CH2BH,True,True,False,False
Pol130_CH2BH0+,True,True,False,False
Pol130_CH2BH0-,True,True,False,False
Pol130_CH2BH1+,False,True,False,False
Pol130_CH2BH1-,False,True,False,False
Pol130_CH2BH2+,False,True,False,False
Pol130_CH2BH2-,False,True,False,False
Pol130_CH2F,True,True,False,False
Pol130_CH2F0+,True,True,False,False
Pol130_CH2F0-,True,True,False,False
Pol130_CH2F1+,False,True,False,False
Pol130_CH2F1-,False,True,False,False
Pol130_CH2F2+,True,True,False,False
Pol130_CH2F2-,True,True,False,False
Pol130_CH2NH,False,True,False,False
Pol130_CH2NH0+,False,True,False,False
Pol130_CH2NH0-,False,True,False,False
Pol130_CH2NH1+,False,True,False,False
Pol130_CH2NH1-,False,True,False,False
Pol130_CH2NH2+,False,True,False,False
Pol130_CH2NH2-,False,True,False,False
Pol130_CH2PH,True,True,False,False
Pol130_CH2PH0+,True,True,False,False
Pol130_CH2PH0-,True,True,False,False
Pol130_CH2PH1+,False,True,False,False
Pol130_CH2PH1-,False,True,False,False
Pol130_CH2PH2+,False,True,False,False
Pol130_CH2PH2-,False,True,False,False
Pol130_CH3,True,True,False,False
Pol130_CH30+,True,True,False,False
Pol130_CH30-,True,True,False,False
Pol130_CH32+,False,True,False,False
Pol130_CH32-,False,True,False,False
Pol130_CH3BH2,True,True,False,False
Pol130_CH3BH20+,True,True,False,False
Pol130_CH3BH20-,True,True,False,False
Pol130_CH3BH21+,False,True,False,False
Pol130_CH3BH21-,False,True,False,False
Pol130_CH3BH22+,False,True,False,False
Pol130_CH3BH22-,False,True,False,False
Pol130_CH3Cl,True,True,False,False
Pol130_CH3Cl0+,True,True,False,False
Pol130_CH3Cl0-,True,True,False,False
Pol130_CH3Cl2+,False,True,False,False
Pol130_CH3Cl2-,False,True,False,False
Pol130_CH3F,True,True,False,False
Pol130_CH3F0+,False,True,False,False
Pol130_CH3F0-,False,True,False,False
Pol130_CH3F2+,True,True,False,False
Pol130_CH3F2-,True,True,False,False
Pol130_CH3NH2,False,True,False,False
Pol130_CH3NH20+,False,True,False,False
Pol130_CH3NH20-,False,True,False,False
Pol130_CH3NH21+,False,True,False,False
Pol130_CH3NH21-,False,True,False,False
Pol130_CH3NH22+,False,True,False,False
Pol130_CH3NH22-,False,True,False,False
Pol130_CH3O,True,True,False,False
Pol130_CH3O0+,True,True,False,False
Pol130_CH3O0-,True,True,False,False
Pol130_CH3O2+,False,True,False,False
Pol130_CH3O2-,False,True,False,False
Pol130_CH3OH,True,True,False,False
Pol130_CH3OH0+,True,True,False,False
Pol130_CH3OH0-,True,True,False,False
Pol130_CH3OH1+,False,True,False,False
Pol130_CH3OH1-,False,True,False,False
Pol130_CH3OH2+,True,True,False,False
Pol130_CH3OH2-,True,True,False,False
Pol130_CH3SH,False,True,False,False
Pol130_CH3SH0+,False,True,False,False
Pol130_CH3SH0-,False,True,False,False
Pol130_CH3SH1+,False,True,False,False
Pol130_CH3SH1-,False,True,False,False
Pol130_CH3SH2+,False,True,False,False
Pol130_CH3SH2-,False,True,False,False
Pol130_CH4,True,True,False,False
Pol130_CH40+,True,True,False,False
Pol130_CH40-,True,True,False,False
Pol130_CN,True,True,False,False
Pol130_CN0+,True,True,False,False
Pol130_CN0-,True,True,False,False
Pol130_CN2+,False,True,False,False
Pol130_CN2-,False,True,False,False
Pol130_CO,False,True,False,False
Pol130_CO0+,False,True,False,False
Pol130_CO0-,False,True,False,False
Pol130_CO2,True,True,False,False
Pol130_CO2+,False,True,False,False
Pol130_CO2-,False,True,False,False
Pol130_CO20+,True,True,False,False
Pol130_CO20-,True,True,False,False
Pol130_CO22+,False,True,False,False
Pol130_CO22-,False,True,False,False
Pol130_CS,False,True,False,False
Pol130_CS0+,False,True,False,False
Pol130_CS0-,False,True,False,False
Pol130_CS2+,False,True,False,False
Pol130_CS2-,False,True,False,False
Pol130_CSO,False,True,False,False
Pol130_CSO0+,False,True,False,False
Pol130_CSO0-,False,True,False,False
Pol130_CSO2+,False,True,False,False
Pol130_CSO2-,False,True,False,False
Pol130_Cl2,False,True,False,False
Pol130_Cl20+,False,True,False,False
Pol130_Cl20-,False,True,False,False
Pol130_Cl22+,False,True,False,False
Pol130_Cl22-,False,True,False,False
Pol130_ClCN,False,True,False,False
Pol130_ClCN0+,False,True,False,False
Pol130_ClCN0-,False,True,False,False
Pol130_ClCN2+,False,True,False,False
Pol130_ClCN2-,False,True,False,False
Pol130_ClF,False,True,False,False
Pol130_ClF1+,False,True,False,False
Pol130_ClF1-,False,True,False,False
Pol130_ClF2+,False,True,False,False
Pol130_ClF2-,False,True,False,False
Pol130_F2,True,True,False,False
Pol130_F20+,True,True,False,False
Pol130_F20-,True,True,False,False
Pol130_F22+,False,True,False,False
Pol130_F22-,False,True,False,False
Pol130_FCN,False,True,False,False
Pol130_FCN0+,False,True,False,False
Pol130_FCN0-,False,True,False,False
Pol130_FCN2+,False,True,False,False
Pol130_FCN2-,False,True,False,False
Pol130_FCO,True,True,False,False
Pol130_FCO0+,True,True,False,False
Pol130_FCO0-,True,True,False,False
Pol130_FCO1+,False,True,False,False
Pol130_FCO1-,False,True,False,False
Pol130_FCO2+,False,True,False,False
Pol130_FCO2-,False,True,False,False
Pol130_FH-OH,True,True,False,False
Pol130_FH-OH0+,True,True,False,False
Pol130_FH-OH0-,True,True,False,False
Pol130_FH-OH1+,False,True,False,False
Pol130_FH-OH1-,False,True,False,False
Pol130_FH-OH2+,False,True,False,False
Pol130_FH-OH2-,False,True,False,False
Pol130_FNO,True,True,False,False
Pol130_FNO0+,True,True,False,False
Pol130_FNO0-,True,True,False,False
Pol130_FNO1+,True,True,False,False
Pol130_FNO1-,True,True,False,False
Pol130_FNO2+,False,True,False,False
Pol130_FNO2-,False,True,False,False
Pol130_H,False,True,False,False
Pol130_H0+,False,True,False,False
Pol130_H0-,False,True,False,False
Pol130_H2,True,True,False,False
Pol130_H20+,True,True,False,False
Pol130_H20-,True,True,False,False
Pol130_H22+,False,True,False,False
Pol130_H22-,False,True,False,False
Pol130_H2CN,True,True,False,False
Pol130_H2CN0+,True,True,False,False
Pol130_H2CN0-,True,True,False,False
Pol130_H2CN1+,False,True,False,False
Pol130_H2CN1-,False,True,False,False
Pol130_H2CN2+,False,True,False,False
Pol130_H2CN2-,False,True,False,False
Pol130_H2O,True,True,False,False
Pol130_H2O-Li,True,True,False,False
Pol130_H2O-Li0+,False,True,False,False
Pol130_H2O-Li0-,False,True,False,False
Pol130_H2O-Li1+,False,True,False,False
Pol130_H2O-Li1-,False,True,False,False
Pol130_H2O-Li2+,True,True,False,False
Pol130_H2O-Li2-,True,True,False,False
Pol130_H2O0+,False,True,False,False
Pol130_H2O0-,False,True,False,False
Pol130_H2O1+,True,True,False,False
Pol130_H2O1-,True,True,False,False
Pol130_H2O2+,False,True,False,False
Pol130_H2O2-,False,True,False,False
Pol130_HBO,True,True,False,False
Pol130_HBO0+,True,True,False,False
Pol130_HBO0-,True,True,False,False
Pol130_HBO2+,False,True,False,False
Pol130_HBO2-,False,True,False,False
Pol130_HBS,False,True,False,False
Pol130_HBS0+,False,True,False,False
Pol130_HBS0-,False,True,False,False
Pol130_HBS2+,False,True,False,False
Pol130_HBS2-,False,True,False,False
Pol130_HCCCl,True,True,False,False
Pol130_HCCCl0+,False,True,False,False
Pol130_HCCCl0-,False,True,False,False
Pol130_HCCCl2+,True,True,False,False
Pol130_HCCCl2-,True,True,False,False
Pol130_HCCF,True,True,False,False
Pol130_HCCF0+,False,True,False,False
Pol130_HCCF0-,False,True,False,False
Pol130_HCCF2+,True,True,False,False
Pol130_HCCF2-,True,True,False,False
Pol130_HCHO,True,True,False,False
Pol130_HCHO0+,False,True,False,False
Pol130_HCHO0-,False,True,False,False
Pol130_HCHO1+,False,True,False,False
Pol130_HCHO1-,False,True,False,False
Pol130_HCHO2+,True,True,False,False
Pol130_HCHO2-,True,True,False,False
Pol130_HCHS,True,True,False,False
Pol130_HCHS0+,False,True,False,False
Pol130_HCHS0-,False,True,False,False
Pol130_HCHS1+,True,True,False,False
Pol130_HCHS1-,True,True,False,False
Pol130_HCHS2+,False,True,False,False
Pol130_HCHS2-,False,True,False,False
Pol130_HCN,True,True,False,False
Pol130_HCN0+,True,True,False,False
Pol130_HCN0-,True,True,False,False
Pol130_HCN2+,False,True,False,False
Pol130_HCN2-,False,True,False,False
Pol130_HCO,False,True,False,False
Pol130_HCO0+,False,True,False,False
Pol130_HCO0-,False,True,False,False
Pol130_HCO1+,False,True,False,False
Pol130_HCO1-,False,True,False,False
Pol130_HCO2+,False,True,False,False
Pol130_HCO2-,False,True,False,False
Pol130_HCONH2,True,True,False,False
Pol130_HCONH20+,True,True,False,False
Pol130_HCONH20-,True,True,False,False
Pol130_HCONH21+,False,True,False,False
Pol130_HCONH21-,False,True,False,False
Pol130_HCONH22+,False,True,False,False
Pol130_HCONH22-,False,True,False,False
Pol130_HCOOH,True,True,False,False
Pol130_HCOOH0+,False,True,False,False
Pol130_HCOOH0-,False,True,False,False
Pol130_HCOOH1+,False,True,False,False
Pol130_HCOOH1-,False,True,False,False
Pol130_HCOOH2+,True,True,False,False
Pol130_HCOOH2-,True,True,False,False
Pol130_HCP,True,True,False,False
Pol130_HCP0+,False,True,False,False
Pol130_HCP0-,False,True,False,False
Pol130_HCP2+,True,True,False,False
Pol130_HCP2-,True,True,False,False
Pol130_HCl,True,True,False,False
Pol130_HCl0+,True,True,False,False
Pol130_HCl0-,True,True,False,False
Pol130_HCl2+,False,True,False,False
Pol130_HCl2-,False,True,False,False
Pol130_HF,True,True,False,False
Pol130_HF0+,False,True,False,False
Pol130_HF0-,False,True,False,False
Pol130_HF2+,True,True,False,False
Pol130_HF2-,True,True,False,False
Pol130_HNC,True,True,False,False
Pol130_HNC0+,False,True,False,False
Pol130_HNC0-,False,True,False,False
Pol130_HNC2+,True,True,False,False
Pol130_HNC2-,True,True,False,False
Pol130_HNO,False,True,False,False
Pol130_HNO0+,False,True,False,False
Pol130_HNO0-,False,True,False,False
Pol130_HNO1+,False,True,False,False
Pol130_HNO1-,False,True,False,False
Pol130_HNO2+,False,True,False,False
Pol130_HNO2-,False,True,False,False
Pol130_HNS,True,True,False,False
Pol130_HNS0+,True,True,False,False
Pol130_HNS0-,True,True,False,False
Pol130_HNS1+,False,True,False,False
Pol130_HNS1-,False,True,False,False
Pol130_HNS2+,False,True,False,False
Pol130_HNS2-,False,True,False,False
Pol130_HO2,True,True,False,False
Pol130_HO20+,False,True,False,False
Pol130_HO20-,False,True,False,False
Pol130_HO21+,True,True,False,False
Pol130_HO21-,True,True,False,False
Pol130_HO22+,True,True,False,False
Pol130_HO22-,True,True,False,False
Pol130_HOCl,True,True,False,False
Pol130_HOCl0+,False,True,False,False
Pol130_HOCl0-,False,True,False,False
Pol130_HOCl1+,False,True,False,False
Pol130_HOCl1-,False,True,False,False
Pol130_HOCl2+,True,True,False,False
Pol130_HOCl2-,True,True,False,False
Pol130_HOF,False,True,False,False
Pol130_HOF0+,False,True,False,False
Pol130_HOF0-,False,True,False,False
Pol130_HOF1+,False,True,False,False
Pol130_HOF1-,False,True,False,False
Pol130_HOF2+,False,True,False,False
Pol130_HOF2-,False,True,False,False
Pol130_HOOH,True,True,False,False
Pol130_HOOH0+,True,True,False,False
Pol130_HOOH0-,True,True,False,False
Pol130_HOOH1+,False,True,False,False
Pol130_HOOH1-,False,True,False,False
Pol130_HOOH2+,True,True,False,False
Pol130_HOOH2-,True,True,False,False
Pol130_He,True,True,False,False
Pol130_He0+,True,True,False,False
Pol130_He0-,True,True,False,False
Pol130_Li2,False,True,False,False
Pol130_Li20+,False,True,False,False
Pol130_Li20-,False,True,False,False
Pol130_Li22+,False,True,False,False
Pol130_Li22-,False,True,False,False
Pol130_LiBH4,True,True,False,False
Pol130_LiBH40+,True,True,False,False
Pol130_LiBH40-,True,True,False,False
Pol130_LiBH42+,True,True,False,False
Pol130_LiBH42-,True,True,False,False
Pol130_LiCN,True,True,False,False
Pol130_LiCN0+,False,True,False,False
Pol130_LiCN0-,False,True,False,False
Pol130_LiCN1+,False,True,False,False
Pol130_LiCN1-,False,True,False,False
Pol130_LiCN2+,True,True,False,False
Pol130_LiCN2-,True,True,False,False
Pol130_LiCl,True,True,False,False
Pol130_LiCl0+,False,True,False,False
Pol130_LiCl0-,False,True,False,False
Pol130_LiCl2+,True,True,False,False
Pol130_LiCl2-,True,True,False,False
Pol130_LiH,False,True,False,False
Pol130_LiH0+,False,True,False,False
Pol130_LiH0-,False,True,False,False
Pol130_LiH2+,False,True,False,False
Pol130_LiH2-,False,True,False,False
Pol130_Mg,False,True,False,False
Pol130_Mg0+,False,True,False,False
Pol130_Mg0-,False,True,False,False
Pol130_Mg2,True,True,False,False
Pol130_Mg20+,True,True,False,False
Pol130_Mg20-,True,True,False,False
Pol130_Mg22+,False,True,False,False
Pol130_Mg22-,False,True,False,False
Pol130_N,True,True,False,False
Pol130_N0+,True,True,False,False
Pol130_N0-,True,True,False,False
Pol130_N2,False,True,False,False
Pol130_N20+,False,True,False,False
Pol130_N20-,False,True,False,False
Pol130_N22+,False,True,False,False
Pol130_N22-,False,True,False,False
Pol130_N2H2,True,True,False,False
Pol130_N2H20+,True,True,False,False
Pol130_N2H20-,True,True,False,False
Pol130_N2H21+,False,True,False,False
Pol130_N2H21-,False,True,False,False
Pol130_N2H22+,False,True,False,False
Pol130_N2H22-,False,True,False,False
Pol130_N2H4,True,True,False,False
Pol130_N2H40+,True,True,False,False
Pol130_N2H40-,True,True,False,False
Pol130_N2H41+,False,True,False,False
Pol130_N2H41-,False,True,False,False
Pol130_N2H42+,False,True,False,False
Pol130_N2H42-,False,True,False,False
Pol130_NCO,True,True,False,False
Pol130_NCO0+,True,True,False,False
Pol130_NCO0-,True,True,False,False
Pol130_NCO2+,True,True,False,False
Pol130_NCO2-,True,True,False,False
Pol130_NH,False,True,False,False
Pol130_NH0+,False,True,False,False
Pol130_NH0-,False,True,False,False
Pol130_NH2,True,True,False,False
Pol130_NH2+,False,True,False,False
Pol130_NH2-,False,True,False,False
Pol130_NH20+,False,True,False,False
Pol130_NH20-,False,True,False,False
Pol130_NH21+,True,True,False,False
Pol130_NH21-,True,True,False,False
Pol130_NH22+,False,True,False,False
Pol130_NH22-,False,True,False,False
Pol130_NH2Cl,True,True,False,False
Pol130_NH2Cl0+,True,True,False,False
Pol130_NH2Cl0-,True,True,False,False
Pol130_NH2Cl1+,False,True,False,False
Pol130_NH2Cl1-,False,True,False,False
Pol130_NH2Cl2+,False,True,False,False
Pol130_NH2Cl2-,False,True,False,False
Pol130_NH2F,True,True,False,False
Pol130_NH2F0+,True,True,False,False
Pol130_NH2F0-,True,True,False,False
Pol130_NH2F1+,False,True,False,False
Pol130_NH2F1-,False,True,False,False
Pol130_NH2F2+,False,True,False,False
Pol130_NH2F2-,False,True,False,False
Pol130_NH2OH,True,True,False,False
Pol130_NH2OH0+,True,True,False,False
Pol130_NH2OH0-,True,True,False,False
Pol130_NH2OH1+,False,True,False,False
Pol130_NH2OH1-,False,True,False,False
Pol130_NH2OH2+,False,True,False,False
Pol130_NH2OH2-,False,True,False,False
Pol130_NH3,False,True,False,False
Pol130_NH30+,False,True,False,False
Pol130_NH30-,False,True,False,False
Pol130_NH32+,False,True,False,False
Pol130_NH32-,False,True,False,False
Pol130_NH3O,True,True,False,False
Pol130_NH3O0+,False,True,False,False
Pol130_NH3O0-,False,True,False,False
Pol130_NH3O2+,True,True,False,False
Pol130_NH3O2-,True,True,False,False
Pol130_NO,False,True,False,False
Pol130_NO0+,False,True,False,False
Pol130_NO0-,False,True,False,False
Pol130_NO2+,False,True,False,False
Pol130_NO2-,False,True,False,False
Pol130_NOCl,True,True,False,False
Pol130_NOCl0+,False,True,False,False
Pol130_NOCl0-,False,True,False,False
Pol130_NOCl1+,True,True,False,False
Pol130_NOCl1-,True,True,False,False
Pol130_NOCl2+,False,True,False,False
Pol130_NOCl2-,False,True,False,False
Pol130_NP,True,True,False,False
Pol130_NP0+,True,True,False,False
Pol130_NP0-,True,True,False,False
Pol130_NP2+,False,True,False,False
Pol130_NP2-,False,True,False,False
Pol130_Na,False,True,False,False
Pol130_Na0+,False,True,False,False
Pol130_Na0-,False,True,False,False
Pol130_Na2,True,True,False,False
Pol130_Na20+,True,True,False,False
Pol130_Na20-,True,True,False,False
Pol130_Na22+,False,True,False,False
Pol130_Na22-,False,True,False,False
Pol130_NaCN,True,True,False,False
Pol130_NaCN0+,False,True,False,False
Pol130_NaCN0-,False,True,False,False
Pol130_NaCN1+,True,True,False,False
Pol130_NaCN1-,True,True,False,False
Pol130_NaCN2+,False,True,False,False
Pol130_NaCN2-,False,True,False,False
Pol130_NaCl,False,True,False,False
Pol130_NaCl0+,False,True,False,False
Pol130_NaCl0-,False,True,False,False
Pol130_NaCl2+,False,True,False,False
Pol130_NaCl2-,False,True,False,False
Pol130_NaH,True,True,False,False
Pol130_NaH0+,False,True,False,False
Pol130_NaH0-,False,True,False,False
Pol130_NaH2+,True,True,False,False
Pol130_NaH2-,True,True,False,False
Pol130_NaLi,False,True,False,False
Pol130_NaLi0+,False,True,False,False
Pol130_NaLi0-,False,True,False,False
Pol130_NaLi2+,False,True,False,False
Pol130_NaLi2-,False,True,False,False
Pol130_Ne,False,True,False,False
Pol130_Ne0+,False,True,False,False
Pol130_Ne0-,False,True,False,False
Pol130_O2,True,True,False,False
Pol130_O20+,True,True,False,False
Pol130_O20-,True,True,False,False
Pol130_O22+,False,True,False,False
Pol130_O22-,False,True,False,False
Pol130_O3,True,True,False,False
Pol130_O30+,False,True,False,False
Pol130_O30-,False,True,False,False
Pol130_O31+,True,True,False,False
Pol130_O31-,True,True,False,False
Pol130_O32+,False,True,False,False
Pol130_O32-,False,True,False,False
Pol130_OCl,True,True,False,False
Pol130_OCl0+,False,True,False,False
Pol130_OCl0-,False,True,False,False
Pol130_OCl2,False,True,False,False
Pol130_OCl2+,True,True,False,False
Pol130_OCl2-,True,True,False,False
Pol130_OCl20+,False,True,False,False
Pol130_OCl20-,False,True,False,False
Pol130_OCl21+,False,True,False,False
Pol130_OCl21-,False,True,False,False
Pol130_OCl22+,False,True,False,False
Pol130_OCl22-,False,True,False,False
Pol130_OF,True,True,False,False
Pol130_OF0+,False,True,False,False
Pol130_OF0-,False,True,False,False
Pol130_OF2,True,True,False,False
Pol130_OF2+,True,True,False,False
Pol130_OF2-,True,True,False,False
Pol130_OF20+,False,True,False,False
Pol130_OF20-,False,True,False,False
Pol130_OF21+,False,True,False,False
Pol130_OF21-,False,True,False,False
Pol130_OF22+,True,True,False,False
Pol130_OF22-,True,True,False,False
Pol130_OH,False,True,False,False
Pol130_OH2+,False,True,False,False
Pol130_OH2-,False,True,False,False
Pol130_P,False,True,False,False
Pol130_P0+,False,True,False,False
Pol130_P0-,False,True,False,False
Pol130_P2,True,True,False,False
Pol130_P20+,True,True,False,False
Pol130_P20-,True,True,False,False
Pol130_P22+,False,True,False,False
Pol130_P22-,False,True,False,False
Pol130_P2H4,True,True,False,False
Pol130_P2H40+,True,True,False,False
Pol130_P2H40-,True,True,False,False
Pol130_P2H41+,False,True,False,False
Pol130_P2H41-,False,True,False,False
Pol130_P2H42+,False,True,False,False
Pol130_P2H42-,False,True,False,False
Pol130_PH,True,True,False,False
Pol130_PH0+,False,True,False,False
Pol130_PH0-,False,True,False,False
Pol130_PH2,True,True,False,False
Pol130_PH2+,True,True,False,False
Pol130_PH2-,True,True,False,False
Pol130_PH20+,False,True,False,False
Pol130_PH20-,False,True,False,False
Pol130_PH21+,False,True,False,False
Pol130_PH21-,False,True,False,False
Pol130_PH22+,True,True,False,False
Pol130_PH22-,True,True,False,False
Pol130_PH2OH,False,True,False,False
Pol130_PH2OH0+,False,True,False,False
Pol130_PH2OH0-,False,True,False,False
Pol130_PH2OH1+,False,True,False,False
Pol130_PH2OH1-,False,True,False,False
Pol130_PH2OH2+,False,True,False,False
Pol130_PH2OH2-,False,True,False,False
Pol130_PH3,True,True,False,False
Pol130_PH30+,True,True,False,False
Pol130_PH30-,True,True,False,False
Pol130_PH32+,True,True,False,False
Pol130_PH32-,True,True,False,False
Pol130_PH3O,False,True,False,False
Pol130_PH3O0+,False,True,False,False
Pol130_PH3O0-,False,True,False,False
Pol130_PH3O2+,False,True,False,False
Pol130_PH3O2-,False,True,False,False
Pol130_PS,False,True,False,False
Pol130_PS2+,False,True,False,False
Pol130_PS2-,False,True,False,False
Pol130_S2,True,True,False,False
Pol130_S20+,False,True,False,False
Pol130_S20-,False,True,False,False
Pol130_S22+,True,True,False,False
Pol130_S22-,True,True,False,False
Pol130_S2H2,False,True,False,False
Pol130_S2H20+,False,True,False,False
Pol130_S2H20-,False,True,False,False
Pol130_S2H21+,False,True,False,False
Pol130_S2H21-,False,True,False,False
Pol130_S2H22+,False,True,False,False
Pol130_S2H22-,False,True,False,False
Pol130_SCl,False,True,False,False
Pol130_SCl2,True,True,False,False
Pol130_SCl2+,False,True,False,False
Pol130_SCl2-,False,True,False,False
Pol130_SCl20+,False,True,False,False
Pol130_SCl20-,False,True,False,False
Pol130_SCl21+,True,True,False,False
Pol130_SCl21-,True,True,False,False
Pol130_SCl22+,False,True,False,False
Pol130_SCl22-,False,True,False,False
Pol130_SF,False,True,False,False
Pol130_SF2,True,True,False,False
Pol130_SF2+,False,True,False,False
Pol130_SF2-,False,True,False,False
Pol130_SF20+,True,True,False,False
Pol130_SF20-,True,True,False,False
Pol130_SF21+,False,True,False,False
Pol130_SF21-,False,True,False,False
Pol130_SF22+,False,True,False,False
Pol130_SF22-,False,True,False,False
Pol130_SH,True,True,False,False
Pol130_SH2,True,True,False,False
Pol130_SH2+,True,True,False,False
Pol130_SH2-,True,True,False,False
Pol130_SH20+,False,True,False,False
Pol130_SH20-,False,True,False,False
Pol130_SH21+,False,True,False,False
Pol130_SH21-,False,True,False,False
Pol130_SH22+,True,True,False,False
Pol130_SH22-,True,True,False,False
Pol130_SO-trip,True,True,False,False
Pol130_SO-trip0+,False,True,False,False
Pol130_SO-trip0-,False,True,False,False
Pol130_SO-trip2+,True,True,False,False
Pol130_SO-trip2-,True,True,False,False
Pol130_SO2,True,True,False,False
Pol130_SO20+,False,True,False,False
Pol130_SO20-,False,True,False,False
Pol130_SO21+,False,True,False,False
Pol130_SO21-,False,True,False,False
Pol130_SO22+,True,True,False,False
Pol130_SO22-,True,True,False,False
Pol130_SiH3,True,True,False,False
Pol130_SiH30+,False,True,False,False
Pol130_SiH30-,False,True,False,False
Pol130_SiH32+,True,True,False,False
Pol130_SiH32-,True,True,False,False
Pol130_SiH3Cl,False,True,False,False
Pol130_SiH3Cl0+,False,True,False,False
Pol130_SiH3Cl0-,False,True,False,False
Pol130_SiH3Cl2+,False,True,False,False
Pol130_SiH3Cl2-,False,True,False,False
Pol130_SiH3F,False,True,False,False
Pol130_SiH3F0+,False,True,False,False
Pol130_SiH3F0-,False,True,False,False
Pol130_SiH3F2+,False,True,False,False
Pol130_SiH3F2-,False,True,False,False
Pol130_SiH4,False,True,False,False
Pol130_SiH40+,False,True,False,False
Pol130_SiH40-,False,True,False,False
Pol130_SiO,True,True,False,False
Pol130_SiO0+,True,True,False,False
Pol130_SiO0-,True,True,False,False
Pol130_SiO2+,False,True,False,False
Pol130_SiO2-,False,True,False,False
RC21_10e,False,True,False,False
RC21_10p1,False,True,False,False
RC21_10p2,False,True,False,False
RC21_1e,False,True,False,False
RC21_1p1,False,True,False,False
RC21_1p2,False,True,False,False
RC21_1p3,False,True,False,False
RC21_2e,False,True,False,False
RC21_2p1,False,True,False,False
RC21_2p2,False,True,False,False
RC21_2p3,False,True,False,False
RC21_3e,False,True,False,False
RC21_3int1,False,True,False,False
RC21_3int2,False,True,False,False
RC21_3int3,False,True,False,False
RC21_3p1,False,True,False,False
RC21_3p2,False,True,False,False
RC21_3p3,False,True,False,False
RC21_4e,False,True,False,False
RC21_4p,False,True,False,False
RC21_5e,False,True,False,False
RC21_5p,False,True,False,False
RC21_6e,False,True,False,False
RC21_6int,False,True,False,False
RC21_6p1,False,True,False,False
RC21_6p3,False,True,False,False
RC21_7e,False,True,False,False
RC21_7p1,False,True,False,False
RC21_7p2,False,True,False,False
RC21_7p3,False,True,False,False
RC21_7p4,False,True,False,False
RC21_7p5,False,True,False,False
RC21_7p6,False,True,False,False
RC21_8e,False,True,False,False
RC21_8p1,False,True,False,False
RC21_9e,False,True,False,False
RC21_9p1,False,True,False,False
RC21_9p2,False,True,False,False
RC21_ethylene,False,True,False,False
RC21_me,False,True,False,False
RC21_pr,False,True,False,False
RG10N_Ar,True,True,False,False
RG10N_ArAr_10p000,False,True,False,False
RG10N_ArAr_12p000,False,True,False,False
RG10N_ArAr_14p000,False,True,False,False
RG10N_ArAr_16p000,False,True,False,False
RG10N_ArAr_20p000,False,True,False,False
RG10N_ArAr_2p000,True,True,False,False
RG10N_ArAr_2p200,False,True,False,False
RG10N_ArAr_2p400,True,True,False,False
RG10N_ArAr_2p600,False,True,False,False
RG10N_ArAr_2p800,True,True,False,False
RG10N_ArAr_3p000,False,True,False,False
RG10N_ArAr_3p200,False,True,False,False
RG10N_ArAr_3p400,True,True,False,False
RG10N_ArAr_3p500,False,True,False,False
RG10N_ArAr_3p600,False,True,False,False
RG10N_ArAr_3p650,False,True,False,False
RG10N_ArAr_3p700,False,True,False,False
RG10N_ArAr_3p750,True,True,False,False
RG10N_ArAr_3p800,False,True,False,False
RG10N_ArAr_3p850,False,True,False,False
RG10N_ArAr_3p900,False,True,False,False
RG10N_ArAr_4p000,False,True,False,False
RG10N_ArAr_4p200,False,True,False,False
RG10N_ArAr_4p400,False,True,False,False
RG10N_ArAr_4p600,False,True,False,False
RG10N_ArAr_4p800,False,True,False,False
RG10N_ArAr_5p000,False,True,False,False
RG10N_ArAr_5p300,False,True,False,False
RG10N_ArAr_5p600,False,True,False,False
RG10N_ArAr_6p000,False,True,False,False
RG10N_ArAr_6p500,False,True,False,False
RG10N_ArAr_7p000,False,True,False,False
RG10N_ArAr_8p000,False,True,False,False
RG10N_ArKr_10p000,False,True,False,False
RG10N_ArKr_12p000,False,True,False,False
RG10N_ArKr_15p000,False,True,False,False
RG10N_ArKr_2p400,True,True,False,False
RG10N_ArKr_2p600,False,True,False,False
RG10N_ArKr_2p800,True,True,False,False
RG10N_ArKr_3p000,False,True,False,False
RG10N_ArKr_3p200,False,True,False,False
RG10N_ArKr_3p400,False,True,False,False
RG10N_ArKr_3p600,True,True,False,False
RG10N_ArKr_3p800,False,True,False,False
RG10N_ArKr_4p000,True,True,False,False
RG10N_ArKr_4p200,False,True,False,False
RG10N_ArKr_4p400,False,True,False,False
RG10N_ArKr_4p600,False,True,False,False
RG10N_ArKr_4p800,False,True,False,False
RG10N_ArKr_5p000,False,True,False,False
RG10N_ArKr_5p200,False,True,False,False
RG10N_ArKr_5p400,False,True,False,False
RG10N_ArKr_5p600,False,True,False,False
RG10N_ArKr_5p800,False,True,False,False
RG10N_ArKr_6p000,False,True,False,False
RG10N_ArKr_6p200,False,True,False,False
RG10N_ArKr_6p600,False,True,False,False
RG10N_ArKr_6p900,False,True,False,False
RG10N_ArKr_7p200,False,True,False,False
RG10N_ArKr_7p500,False,True,False,False
RG10N_ArKr_8p000,False,True,False,False
RG10N_ArKr_8p500,False,True,False,False
RG10N_ArKr_9p000,False,True,False,False
RG10N_He,True,True,False,False
RG10N_HeAr_10p584,False,True,False,False
RG10N_HeAr_13p229,True,True,False,False
RG10N_HeAr_1p852,True,True,False,False
RG10N_HeAr_2p117,False,True,False,False
RG10N_HeAr_2p249,True,True,False,False
RG10N_HeAr_2p381,False,True,False,False
RG10N_HeAr_2p514,False,True,False,False
RG10N_HeAr_2p646,False,True,False,False
RG10N_HeAr_2p778,False,True,False,False
RG10N_HeAr_2p910,False,True,False,False
RG10N_HeAr_3p043,False,True,False,False
RG10N_HeAr_3p175,True,True,False,False
RG10N_HeAr_3p307,False,True,False,False
RG10N_HeAr_3p440,False,True,False,False
RG10N_HeAr_3p572,False,True,False,False
RG10N_HeAr_3p704,False,True,False,False
RG10N_HeAr_3p969,False,True,False,False
RG10N_HeAr_4p233,False,True,False,False
RG10N_HeAr_4p498,False,True,False,False
RG10N_HeAr_4p763,False,True,False,False
RG10N_HeAr_5p027,False,True,False,False
RG10N_HeAr_5p292,False,True,False,False
RG10N_HeAr_5p821,False,True,False,False
RG10N_HeAr_6p350,False,True,False,False
RG10N_HeAr_6p879,False,True,False,False
RG10N_HeAr_7p408,False,True,False,False
RG10N_HeAr_8p467,False,True,False,False
RG10N_HeAr_9p525,False,True,False,False
RG10N_HeHe_1p588,True,True,False,False
RG10N_HeHe_2p117,False,True,False,False
RG10N_HeHe_2p646,True,True,False,False
RG10N_HeHe_2p963,False,True,False,False
RG10N_HeHe_3p175,False,True,False,False
RG10N_HeHe_3p704,False,True,False,False
RG10N_HeHe_4p763,False,True,False,False
RG10N_HeKr_1p300,True,True,False,False
RG10N_HeKr_1p500,False,True,False,False
RG10N_HeKr_1p700,True,True,False,False
RG10N_HeKr_1p900,False,True,False,False
RG10N_HeKr_2p100,True,True,False,False
RG10N_HeKr_2p300,False,True,False,False
RG10N_HeKr_2p500,False,True,False,False
RG10N_HeKr_2p700,False,True,False,False
RG10N_HeKr_2p900,False,True,False,False
RG10N_HeKr_3p000,False,True,False,False
RG10N_HeKr_3p100,False,True,False,False
RG10N_HeKr_3p200,False,True,False,False
RG10N_HeKr_3p300,True,True,False,False
RG10N_HeKr_3p400,False,True,False,False
RG10N_HeKr_3p500,False,True,False,False
RG10N_HeKr_3p600,False,True,False,False
RG10N_HeKr_3p700,False,True,False,False
RG10N_HeKr_3p800,False,True,False,False
RG10N_HeKr_3p900,False,True,False,False
RG10N_HeKr_4p000,False,True,False,False
RG10N_HeKr_4p100,False,True,False,False
RG10N_HeKr_4p200,False,True,False,False
RG10N_HeKr_4p300,False,True,False,False
RG10N_HeKr_4p400,False,True,False,False
RG10N_HeKr_4p500,False,True,False,False
RG10N_HeKr_4p700,False,True,False,False
RG10N_HeKr_4p900,False,True,False,False
RG10N_HeKr_5p200,False,True,False,False
RG10N_HeKr_5p500,False,True,False,False
RG10N_HeKr_6p000,False,True,False,False
RG10N_HeKr_6p500,False,True,False,False
RG10N_HeKr_7p000,False,True,False,False
RG10N_HeKr_8p000,False,True,False,False
RG10N_HeKr_9p000,True,True,False,False
RG10N_HeNe_10p054,False,True,False,False
RG10N_HeNe_10p584,False,True,False,False
RG10N_HeNe_1p984,True,True,False,False
RG10N_HeNe_2p249,True,True,False,False
RG10N_HeNe_2p514,False,True,False,False
RG10N_HeNe_2p646,True,True,False,False
RG10N_HeNe_2p778,False,True,False,False
RG10N_HeNe_2p910,False,True,False,False
RG10N_HeNe_2p990,False,True,False,False
RG10N_HeNe_3p043,False,True,False,False
RG10N_HeNe_3p096,False,True,False,False
RG10N_HeNe_3p175,False,True,False,False
RG10N_HeNe_3p440,False,True,False,False
RG10N_HeNe_3p704,False,True,False,False
RG10N_HeNe_3p969,False,True,False,False
RG10N_HeNe_4p233,False,True,False,False
RG10N_HeNe_4p763,False,True,False,False
RG10N_HeNe_5p292,False,True,False,False
RG10N_HeNe_6p350,False,True,False,False
RG10N_HeNe_7p408,False,True,False,False
RG10N_HeNe_8p467,False,True,False,False
RG10N_HeNe_8p996,False,True,False,False
RG10N_HeNe_9p525,False,True,False,False
RG10N_Kr,True,True,False,False
RG10N_KrKr_10p000,False,True,False,False
RG10N_KrKr_12p000,False,True,False,False
RG10N_KrKr_15p000,False,True,False,False
RG10N_KrKr_2p200,True,True,False,False
RG10N_KrKr_2p400,False,True,False,False
RG10N_KrKr_2p600,True,True,False,False
RG10N_KrKr_2p800,False,True,False,False
RG10N_KrKr_3p000,True,True,False,False
RG10N_KrKr_3p200,False,True,False,False
RG10N_KrKr_3p300,False,True,False,False
RG10N_KrKr_3p400,False,True,False,False
RG10N_KrKr_3p500,False,True,False,False
RG10N_KrKr_3p600,True,True,False,False
RG10N_KrKr_3p700,False,True,False,False
RG10N_KrKr_3p800,False,True,False,False
RG10N_KrKr_3p900,False,True,False,False
RG10N_KrKr_4p000,True,True,False,False
RG10N_KrKr_4p100,False,True,False,False
RG10N_KrKr_4p200,False,True,False,False
RG10N_KrKr_4p300,False,True,False,False
RG10N_KrKr_4p400,False,True,False,False
RG10N_KrKr_4p500,False,True,False,False
RG10N_KrKr_4p600,False,True,False,False
RG10N_KrKr_4p700,False,True,False,False
RG10N_KrKr_4p800,False,True,False,False
RG10N_KrKr_5p000,False,True,False,False
RG10N_KrKr_5p200,False,True,False,False
RG10N_KrKr_5p400,False,True,False,False
RG10N_KrKr_5p600,False,True,False,False
RG10N_KrKr_5p900,False,True,False,False
RG10N_KrKr_6p200,False,True,False,False
RG10N_KrKr_6p500,False,True,False,False
RG10N_KrKr_7p000,False,True,False,False
RG10N_KrKr_7p500,False,True,False,False
RG10N_KrKr_8p000,False,True,False,False
RG10N_KrKr_9p000,False,True,False,False
RG10N_Ne,True,True,False,False
RG10N_NeAr_10p054,False,True,False,False
RG10N_NeAr_10p584,False,True,False,False
RG10N_NeAr_2p514,True,True,False,False
RG10N_NeAr_2p778,False,True,False,False
RG10N_NeAr_3p043,False,True,False,False
RG10N_NeAr_3p175,True,True,False,False
RG10N_NeAr_3p307,False,True,False,False
RG10N_NeAr_3p440,False,True,False,False
RG10N_NeAr_3p519,True,True,False,False
RG10N_NeAr_3p572,False,True,False,False
RG10N_NeAr_3p704,False,True,False,False
RG10N_NeAr_3p969,False,True,False,False
RG10N_NeAr_4p233,False,True,False,False
RG10N_NeAr_4p498,False,True,False,False
RG10N_NeAr_5p027,False,True,False,False
RG10N_NeAr_5p556,False,True,False,False
RG10N_NeAr_6p086,False,True,False,False
RG10N_NeAr_6p879,False,True,False,False
RG10N_NeAr_7p938,False,True,False,False
RG10N_NeAr_8p467,False,True,False,False
RG10N_NeAr_8p996,False,True,False,False
RG10N_NeAr_9p525,False,True,False,False
RG10N_NeKr_10p000,False,True,False,False
RG10N_NeKr_12p000,False,True,False,False
RG10N_NeKr_15p000,True,True,False,False
RG10N_NeKr_2p400,True,True,False,False
RG10N_NeKr_2p600,False,True,False,False
RG10N_NeKr_2p800,True,True,False,False
RG10N_NeKr_3p000,False,True,False,False
RG10N_NeKr_3p200,True,True,False,False
RG10N_NeKr_3p400,False,True,False,False
RG10N_NeKr_3p600,True,True,False,False
RG10N_NeKr_3p800,False,True,False,False
RG10N_NeKr_4p000,False,True,False,False
RG10N_NeKr_4p200,False,True,False,False
RG10N_NeKr_4p400,False,True,False,False
RG10N_NeKr_4p600,False,True,False,False
RG10N_NeKr_4p800,False,True,False,False
RG10N_NeKr_5p000,False,True,False,False
RG10N_NeKr_5p200,False,True,False,False
RG10N_NeKr_5p400,False,True,False,False
RG10N_NeKr_5p600,False,True,False,False
RG10N_NeKr_5p800,False,True,False,False
RG10N_NeKr_6p000,False,True,False,False
RG10N_NeKr_6p200,False,True,False,False
RG10N_NeKr_6p600,False,True,False,False
RG10N_NeKr_6p900,False,True,False,False
RG10N_NeKr_7p200,False,True,False,False
RG10N_NeKr_7p500,False,True,False,False
RG10N_NeKr_8p000,False,True,False,False
RG10N_NeKr_8p500,False,True,False,False
RG10N_NeKr_9p000,False,True,False,False
RG10N_NeNe_1p400,True,True,False,False
RG10N_NeNe_1p600,False,True,False,False
RG10N_NeNe_1p800,True,True,False,False
RG10N_NeNe_2p000,False,True,False,False
RG10N_NeNe_2p200,False,True,False,False
RG10N_NeNe_2p400,False,True,False,False
RG10N_NeNe_2p500,False,True,False,False
RG10N_NeNe_2p600,False,True,False,False
RG10N_NeNe_2p700,False,True,False,False
RG10N_NeNe_2p800,True,True,False,False
RG10N_NeNe_2p900,False,True,False,False
RG10N_NeNe_3p000,False,True,False,False
RG10N_NeNe_3p100,True,True,False,False
RG10N_NeNe_3p200,False,True,False,False
RG10N_NeNe_3p300,False,True,False,False
RG10N_NeNe_3p400,False,True,False,False
RG10N_NeNe_3p500,False,True,False,False
RG10N_NeNe_3p600,False,True,False,False
RG10N_NeNe_3p700,False,True,False,False
RG10N_NeNe_3p800,False,True,False,False
RG10N_NeNe_4p000,False,True,False,False
RG10N_NeNe_4p200,False,True,False,False
RG10N_NeNe_4p400,False,True,False,False
RG10N_NeNe_4p600,False,True,False,False
RG10N_NeNe_4p800,False,True,False,False
RG10N_NeNe_5p000,False,True,False,False
RG10N_NeNe_5p200,False,True,False,False
RG10N_NeNe_5p600,False,True,False,False
RG10N_NeNe_6p000,False,True,False,False
RG10N_NeNe_6p500,False,True,False,False
RG10N_NeNe_7p000,False,True,False,False
RG10N_NeNe_8p000,False,True,False,False
RG18_ar,False,True,False,False
RG18_ar2,False,True,False,False
RG18_ar3,False,True,False,False
RG18_ar4,False,True,False,False
RG18_bz,False,True,False,False
RG18_bzAr,False,True,False,False
RG18_bzNe,False,True,False,False
RG18_c2h2,False,True,False,False
RG18_c2h2Ar,False,True,False,False
RG18_c2h2Ne,False,True,False,False
RG18_c2h6,False,True,False,False
RG18_c2h6Ar,False,True,False,False
RG18_c2h6Ne,False,True,False,False
RG18_hf,False,True,False,False
RG18_hfAr,False,True,False,False
RG18_hfKr,False,True,False,False
RG18_hfNe,False,True,False,False
RG18_kr,False,True,False,False
RG18_kr2,False,True,False,False
RG18_kr3,False,True,False,False
RG18_ne,False,True,False,False
RG18_ne2,False,True,False,False
RG18_ne3,False,True,False,False
RG18_ne4,False,True,False,False
RG18_ne6,False,True,False,False
ROST61_m1,False,True,False,False
ROST61_m10,False,True,False,False
ROST61_m100,False,True,False,False
ROST61_m101,False,True,False,False
ROST61_m102,False,True,False,False
ROST61_m103,False,True,False,False
ROST61_m104,False,True,False,False
ROST61_m105,False,True,False,False
ROST61_m106,False,True,False,False
ROST61_m107,False,True,False,False
ROST61_m108,False,True,False,False
ROST61_m109,False,True,False,False
ROST61_m11,False,True,False,False
ROST61_m110,False,True,False,False
ROST61_m111,False,True,False,False
ROST61_m112,False,True,False,False
ROST61_m113,False,True,False,False
ROST61_m114,False,True,False,False
ROST61_m115,False,True,False,False
ROST61_m116,False,True,False,False
ROST61_m117,False,True,False,False
ROST61_m118,False,True,False,False
ROST61_m119,False,True,False,False
ROST61_m12,False,True,False,False
ROST61_m120,False,True,False,False
ROST61_m121,False,True,False,False
ROST61_m122,False,True,False,False
ROST61_m123,False,True,False,False
ROST61_m124,False,True,False,False
ROST61_m125,False,True,False,False
ROST61_m126,False,True,False,False
ROST61_m127,False,True,False,False
ROST61_m128,False,True,False,False
ROST61_m129,False,True,False,False
ROST61_m13,False,True,False,False
ROST61_m130,False,True,False,False
ROST61_m131,False,True,False,False
ROST61_m132,False,True,False,False
ROST61_m133,False,True,False,False
ROST61_m134,False,True,False,False
ROST61_m135,False,True,False,False
ROST61_m136,False,True,False,False
ROST61_m137,False,True,False,False
ROST61_m138,False,True,False,False
ROST61_m139,False,True,False,False
ROST61_m14,False,True,False,False
ROST61_m140,False,True,False,False
ROST61_m141,False,True,False,False
ROST61_m142,False,True,False,False
ROST61_m143,False,True,False,False
ROST61_m144,False,True,False,False
ROST61_m145,False,True,False,False
ROST61_m146,False,True,False,False
ROST61_m147,False,True,False,False
ROST61_m148,False,True,False,False
ROST61_m149,False,True,False,False
ROST61_m15,False,True,False,False
ROST61_m150,False,True,False,False
ROST61_m16,False,True,False,False
ROST61_m17,False,True,False,False
ROST61_m18,False,True,False,False
ROST61_m19,False,True,False,False
ROST61_m2,False,True,False,False
ROST61_m20,False,True,False,False
ROST61_m21,False,True,False,False
ROST61_m22,False,True,False,False
ROST61_m23,False,True,False,False
ROST61_m24,False,True,False,False
ROST61_m25,False,True,False,False
ROST61_m26,False,True,False,False
ROST61_m27,False,True,False,False
ROST61_m28,False,True,False,False
ROST61_m29,False,True,False,False
ROST61_m3,False,True,False,False
ROST61_m30,False,True,False,False
ROST61_m31,False,True,False,False
ROST61_m32,False,True,False,False
ROST61_m33,False,True,False,False
ROST61_m34,False,True,False,False
ROST61_m35,False,True,False,False
ROST61_m36,False,True,False,False
ROST61_m37,False,True,False,False
ROST61_m38,False,True,False,False
ROST61_m39,False,True,False,False
ROST61_m4,False,True,False,False
ROST61_m40,False,True,False,False
ROST61_m41,False,True,False,False
ROST61_m42,False,True,False,False
ROST61_m43,False,True,False,False
ROST61_m44,False,True,False,False
ROST61_m45,False,True,False,False
ROST61_m46,False,True,False,False
ROST61_m47,False,True,False,False
ROST61_m48,False,True,False,False
ROST61_m49,False,True,False,False
ROST61_m5,False,True,False,False
ROST61_m50,False,True,False,False
ROST61_m51,False,True,False,False
ROST61_m52,False,True,False,False
ROST61_m53,False,True,False,False
ROST61_m54,False,True,False,False
ROST61_m55,False,True,False,False
ROST61_m56,False,True,False,False
ROST61_m57,False,True,False,False
ROST61_m58,False,True,False,False
ROST61_m59,False,True,False,False
ROST61_m6,False,True,False,False
ROST61_m60,False,True,False,False
ROST61_m61,False,True,False,False
ROST61_m62,False,True,False,False
ROST61_m63,False,True,False,False
ROST61_m64,False,True,False,False
ROST61_m65,False,True,False,False
ROST61_m66,False,True,False,False
ROST61_m67,False,True,False,False
ROST61_m68,False,True,False,False
ROST61_m69,False,True,False,False
ROST61_m7,False,True,False,False
ROST61_m70,False,True,False,False
ROST61_m71,False,True,False,False
ROST61_m72,False,True,False,False
ROST61_m73,False,True,False,False
ROST61_m74,False,True,False,False
ROST61_m75,False,True,False,False
ROST61_m76,False,True,False,False
ROST61_m77,False,True,False,False
ROST61_m78,False,True,False,False
ROST61_m79,False,True,False,False
ROST61_m8,False,True,False,False
ROST61_m80,False,True,False,False
ROST61_m81,False,True,False,False
ROST61_m82,False,True,False,False
ROST61_m83,False,True,False,False
ROST61_m84,False,True,False,False
ROST61_m85,False,True,False,False
ROST61_m86,False,True,False,False
ROST61_m87,False,True,False,False
ROST61_m88,False,True,False,False
ROST61_m89,False,True,False,False
ROST61_m9,False,True,False,False
ROST61_m90,False,True,False,False
ROST61_m91,False,True,False,False
ROST61_m92,False,True,False,False
ROST61_m93,False,True,False,False
ROST61_m94,False,True,False,False
ROST61_m95,False,True,False,False
ROST61_m96,False,True,False,False
ROST61_m97,False,True,False,False
ROST61_m98,False,True,False,False
ROST61_m99,False,True,False,False
RSE43_E1,True,True,False,False
RSE43_E10,True,True,False,False
RSE43_E11,True,True,False,False
RSE43_E12,True,True,False,False
RSE43_E13,True,True,False,False
RSE43_E15,True,True,False,False
RSE43_E16,True,True,False,False
RSE43_E17,True,True,False,False
RSE43_E18,True,True,False,False
RSE43_E19,True,True,False,False
RSE43_E2,True,True,False,False
RSE43_E20,True,True,False,False
RSE43_E21,True,True,False,False
RSE43_E22,True,True,False,False
RSE43_E23,True,True,False,False
RSE43_E24,True,True,False,False
RSE43_E25,True,True,False,False
RSE43_E26,True,True,False,False
RSE43_E27,True,True,False,False
RSE43_E28,True,True,False,False
RSE43_E29,True,True,False,False
RSE43_E3,True,True,False,False
RSE43_E30,True,True,False,False
RSE43_E31,True,True,False,False
RSE43_E32,True,True,False,False
RSE43_E33,True,True,False,False
RSE43_E34,True,True,False,False
RSE43_E35,True,True,False,False
RSE43_E36,True,True,False,False
RSE43_E37,True,True,False,False
RSE43_E38,True,True,False,False
RSE43_E39,True,True,False,False
RSE43_E4,True,True,False,False
RSE43_E40,True,True,False,False
RSE43_E41,True,True,False,False
RSE43_E42,True,True,False,False
RSE43_E43,True,True,False,False
RSE43_E44,True,True,False,False
RSE43_E45,True,True,False,False
RSE43_E5,True,True,False,False
RSE43_E6,True,True,False,False
RSE43_E7,True,True,False,False
RSE43_E8,True,True,False,False
RSE43_E9,True,True,False,False
RSE43_P1,True,True,False,False
RSE43_P10,True,True,False,False
RSE43_P11,True,True,False,False
RSE43_P12,True,True,False,False
RSE43_P13,True,True,False,False
RSE43_P15,True,True,False,False
RSE43_P16,True,True,False,False
RSE43_P17,True,True,False,False
RSE43_P18,True,True,False,False
RSE43_P19,True,True,False,False
RSE43_P2,True,True,False,False
RSE43_P20,True,True,False,False
RSE43_P21,True,True,False,False
RSE43_P22,True,True,False,False
RSE43_P23,True,True,False,False
RSE43_P24,True,True,False,False
RSE43_P25,True,True,False,False
RSE43_P26,True,True,False,False
RSE43_P27,True,True,False,False
RSE43_P28,True,True,False,False
RSE43_P29,True,True,False,False
RSE43_P3,True,True,False,False
RSE43_P30,True,True,False,False
RSE43_P31,True,True,False,False
RSE43_P32,True,True,False,False
RSE43_P33,True,True,False,False
RSE43_P34,True,True,False,False
RSE43_P35,True,True,False,False
RSE43_P36,True,True,False,False
RSE43_P37,True,True,False,False
RSE43_P38,True,True,False,False
RSE43_P39,True,True,False,False
RSE43_P4,True,True,False,False
RSE43_P40,True,True,False,False
RSE43_P41,True,True,False,False
RSE43_P42,True,True,False,False
RSE43_P43,True,True,False,False
RSE43_P44,True,True,False,False
RSE43_P45,True,True,False,False
RSE43_P5,True,True,False,False
RSE43_P6,True,True,False,False
RSE43_P7,True,True,False,False
RSE43_P8,True,True,False,False
RSE43_P9,True,True,False,False
S22_01,True,True,False,False
S22_01a,True,True,False,False
S22_02,True,True,False,False
S22_02a,True,True,False,False
S22_02b,True,True,False,False
S22_03,True,True,False,False
S22_03a,True,True,False,False
S22_04,True,True,False,False
S22_04a,True,True,False,False
S22_05,True,True,False,False
S22_05a,True,True,False,False
S22_06,True,True,False,False
S22_06a,True,True,False,False
S22_06b,True,True,False,False
S22_07,True,True,False,False
S22_07a,True,True,False,False
S22_07b,True,True,False,False
S22_08,True,True,False,False
S22_08a,True,True,False,False
S22_09,True,True,False,False
S22_09a,True,True,False,False
S22_10,True,True,False,False
S22_10a,True,True,False,False
S22_10b,True,True,False,False
S22_11,True,True,False,False
S22_11a,True,True,False,False
S22_12,True,True,False,False
S22_12a,True,True,False,False
S22_13,True,True,False,False
S22_13a,True,True,False,False
S22_14,True,True,False,False
S22_14a,True,True,False,False
S22_14b,True,True,False,False
S22_15,True,True,False,False
S22_15a,True,True,False,False
S22_15b,True,True,False,False
S22_16,True,True,False,False
S22_16a,True,True,False,False
S22_16b,True,True,False,False
S22_17,True,True,False,False
S22_17a,True,True,False,False
S22_17b,True,True,False,False
S22_18,True,True,False,False
S22_18a,True,True,False,False
S22_18b,True,True,False,False
S22_19,True,True,False,False
S22_19a,True,True,False,False
S22_19b,True,True,False,False
S22_20,True,True,False,False
S22_20a,True,True,False,False
S22_20b,True,True,False,False
S22_21,True,True,False,False
S22_21a,True,True,False,False
S22_21b,True,True,False,False
S22_22,True,True,False,False
S22_22a,True,True,False,False
S22_22b,True,True,False,False
SCONF_C1,False,True,False,False
SCONF_C10,False,True,False,False
SCONF_C11,False,True,False,False
SCONF_C12,False,True,False,False
SCONF_C13,False,True,False,False
SCONF_C14,False,True,False,False
SCONF_C15,False,True,False,False
SCONF_C2,False,True,False,False
SCONF_C3,False,True,False,False
SCONF_C4,False,True,False,False
SCONF_C5,False,True,False,False
SCONF_C6,False,True,False,False
SCONF_C7,False,True,False,False
SCONF_C8,False,True,False,False
SCONF_C9,False,True,False,False
SCONF_G1,False,True,False,False
SCONF_G2,False,True,False,False
SCONF_G3,False,True,False,False
SCONF_G4,False,True,False,False
SIE4x4_h,False,True,False,False
SIE4x4_h2+_1_0,False,True,False,False
SIE4x4_h2+_1_25,False,True,False,False
SIE4x4_h2+_1_5,False,True,False,False
SIE4x4_h2+_1_75,False,True,False,False
SIE4x4_h2o,False,True,False,False
SIE4x4_h2o+,False,True,False,False
SIE4x4_h2o2+_1_0,False,True,False,False
SIE4x4_h2o2+_1_25,False,True,False,False
SIE4x4_h2o2+_1_5,False,True,False,False
SIE4x4_h2o2+_1_75,False,True,False,False
SIE4x4_he,False,True,False,False
SIE4x4_he+,False,True,False,False
SIE4x4_he2+_1_0,False,True,False,False
SIE4x4_he2+_1_25,False,True,False,False
SIE4x4_he2+_1_5,False,True,False,False
SIE4x4_he2+_1_75,False,True,False,False
SIE4x4_nh3,False,True,False,False
SIE4x4_nh3+,False,True,False,False
SIE4x4_nh32+_1_0,False,True,False,False
SIE4x4_nh32+_1_25,False,True,False,False
SIE4x4_nh32+_1_5,False,True,False,False
SIE4x4_nh32+_1_75,False,True,False,False
T144_0056,False,True,False,False
T144_00560+,False,True,False,False
T144_00560-,False,True,False,False
T144_00561+,False,True,False,False
T144_00561-,False,True,False,False
T144_00562+,False,True,False,False
T144_00562-,False,True,False,False
T144_0093,False,True,False,False
T144_00930+,False,True,False,False
T144_00930-,False,True,False,False
T144_00931+,False,True,False,False
T144_00931-,False,True,False,False
T144_00932+,False,True,False,False
T144_00932-,False,True,False,False
T144_0097,False,True,False,False
T144_00970+,False,True,False,False
T144_00970-,False,True,False,False
T144_00971+,False,True,False,False
T144_00971-,False,True,False,False
T144_00972+,False,True,False,False
T144_00972-,False,True,False,False
T144_0103,False,True,False,False
T144_01030+,False,True,False,False
T144_01030-,False,True,False,False
T144_01031+,False,True,False,False
T144_01031-,False,True,False,False
T144_01032+,False,True,False,False
T144_01032-,False,True,False,False
T144_0112,False,True,False,False
T144_01120+,False,True,False,False
T144_01120-,False,True,False,False
T144_01121+,False,True,False,False
T144_01121-,False,True,False,False
T144_01122+,False,True,False,False
T144_01122-,False,True,False,False
T144_0117,False,True,False,False
T144_01170+,False,True,False,False
T144_01170-,False,True,False,False
T144_01171+,False,True,False,False
T144_01171-,False,True,False,False
T144_01172+,False,True,False,False
T144_01172-,False,True,False,False
T144_0119,False,True,False,False
T144_01190+,False,True,False,False
T144_01190-,False,True,False,False
T144_01191+,False,True,False,False
T144_01191-,False,True,False,False
T144_01192+,False,True,False,False
T144_01192-,False,True,False,False
T144_0129,False,True,False,False
T144_01290+,False,True,False,False
T144_01290-,False,True,False,False
T144_01291+,False,True,False,False
T144_01291-,False,True,False,False
T144_01292+,False,True,False,False
T144_01292-,False,True,False,False
T144_0142,False,True,False,False
T144_01420+,False,True,False,False
T144_01420-,False,True,False,False
T144_01421+,False,True,False,False
T144_01421-,False,True,False,False
T144_01422+,False,True,False,False
T144_01422-,False,True,False,False
T144_0158,False,True,False,False
T144_01580+,False,True,False,False
T144_01580-,False,True,False,False
T144_01582+,False,True,False,False
T144_01582-,False,True,False,False
T144_0159,False,True,False,False
T144_01590+,False,True,False,False
T144_01590-,False,True,False,False
T144_01591+,False,True,False,False
T144_01591-,False,True,False,False
T144_01592+,False,True,False,False
T144_01592-,False,True,False,False
T144_0205,False,True,False,False
T144_02050+,False,True,False,False
T144_02050-,False,True,False,False
T144_02052+,False,True,False,False
T144_02052-,False,True,False,False
T144_0213,False,True,False,False
T144_02130+,False,True,False,False
T144_02130-,False,True,False,False
T144_02131+,False,True,False,False
T144_02131-,False,True,False,False
T144_02132+,False,True,False,False
T144_02132-,False,True,False,False
T144_0223,False,True,False,False
T144_02230+,False,True,False,False
T144_02230-,False,True,False,False
T144_02231+,False,True,False,False
T144_02231-,False,True,False,False
T144_02232+,False,True,False,False
T144_02232-,False,True,False,False
T144_0245,False,True,False,False
T144_02450+,False,True,False,False
T144_02450-,False,True,False,False
T144_02451+,False,True,False,False
T144_02451-,False,True,False,False
T144_02452+,False,True,False,False
T144_02452-,False,True,False,False
T144_0256,False,True,False,False
T144_02560+,False,True,False,False
T144_02560-,False,True,False,False
T144_02561+,False,True,False,False
T144_02561-,False,True,False,False
T144_02562+,False,True,False,False
T144_02562-,False,True,False,False
T144_0257,False,True,False,False
T144_02570+,False,True,False,False
T144_02570-,False,True,False,False
T144_02571+,False,True,False,False
T144_02571-,False,True,False,False
T144_02572+,False,True,False,False
T144_02572-,False,True,False,False
T144_0267,False,True,False,False
T144_02670+,False,True,False,False
T144_02670-,False,True,False,False
T144_02671+,False,True,False,False
T144_02671-,False,True,False,False
T144_02672+,False,True,False,False
T144_02672-,False,True,False,False
T144_0276,False,True,False,False
T144_02760+,False,True,False,False
T144_02760-,False,True,False,False
T144_02761+,False,True,False,False
T144_02761-,False,True,False,False
T144_02762+,False,True,False,False
T144_02762-,False,True,False,False
T144_0281,False,True,False,False
T144_02810+,False,True,False,False
T144_02810-,False,True,False,False
T144_02811+,False,True,False,False
T144_02811-,False,True,False,False
T144_02812+,False,True,False,False
T144_02812-,False,True,False,False
T144_0282,False,True,False,False
T144_02820+,False,True,False,False
T144_02820-,False,True,False,False
T144_02821+,False,True,False,False
T144_02821-,False,True,False,False
T144_02822+,False,True,False,False
T144_02822-,False,True,False,False
T144_0287,False,True,False,False
T144_02870+,False,True,False,False
T144_02870-,False,True,False,False
T144_02871+,False,True,False,False
T144_02871-,False,True,False,False
T144_02872+,False,True,False,False
T144_02872-,False,True,False,False
T144_0306,False,True,False,False
T144_03060+,False,True,False,False
T144_03060-,False,True,False,False
T144_03061+,False,True,False,False
T144_03061-,False,True,False,False
T144_03062+,False,True,False,False
T144_03062-,False,True,False,False
T144_0318,False,True,False,False
T144_03180+,False,True,False,False
T144_03180-,False,True,False,False
T144_03181+,False,True,False,False
T144_03181-,False,True,False,False
T144_03182+,False,True,False,False
T144_03182-,False,True,False,False
T144_0332,False,True,False,False
T144_03320+,False,True,False,False
T144_03320-,False,True,False,False
T144_03321+,False,True,False,False
T144_03321-,False,True,False,False
T144_03322+,False,True,False,False
T144_03322-,False,True,False,False
T144_0336,False,True,False,False
T144_03360+,False,True,False,False
T144_03360-,False,True,False,False
T144_03361+,False,True,False,False
T144_03361-,False,True,False,False
T144_03362+,False,True,False,False
T144_03362-,False,True,False,False
T144_0342,False,True,False,False
T144_03420+,False,True,False,False
T144_03420-,False,True,False,False
T144_03421+,False,True,False,False
T144_03421-,False,True,False,False
T144_03422+,False,True,False,False
T144_03422-,False,True,False,False
T144_0346,False,True,False,False
T144_03460+,False,True,False,False
T144_03460-,False,True,False,False
T144_03461+,False,True,False,False
T144_03461-,False,True,False,False
T144_03462+,False,True,False,False
T144_03462-,False,True,False,False
T144_0351,False,True,False,False
T144_03510+,False,True,False,False
T144_03510-,False,True,False,False
T144_03511+,False,True,False,False
T144_03511-,False,True,False,False
T144_03512+,False,True,False,False
T144_03512-,False,True,False,False
T144_0353,False,True,False,False
T144_03530+,False,True,False,False
T144_03530-,False,True,False,False
T144_03532+,False,True,False,False
T144_03532-,False,True,False,False
T144_0361,False,True,False,False
T144_03610+,False,True,False,False
T144_03610-,False,True,False,False
T144_03611+,False,True,False,False
T144_03611-,False,True,False,False
T144_03612+,False,True,False,False
T144_03612-,False,True,False,False
T144_0381,False,True,False,False
T144_03810+,False,True,False,False
T144_03810-,False,True,False,False
T144_03812+,False,True,False,False
T144_03812-,False,True,False,False
T144_0390,False,True,False,False
T144_03900+,False,True,False,False
T144_03900-,False,True,False,False
T144_03901+,False,True,False,False
T144_03901-,False,True,False,False
T144_03902+,False,True,False,False
T144_03902-,False,True,False,False
T144_0393,False,True,False,False
T144_03930+,False,True,False,False
T144_03930-,False,True,False,False
T144_03931+,False,True,False,False
T144_03931-,False,True,False,False
T144_03932+,False,True,False,False
T144_03932-,False,True,False,False
T144_0397,False,True,False,False
T144_03970+,False,True,False,False
T144_03970-,False,True,False,False
T144_03971+,False,True,False,False
T144_03971-,False,True,False,False
T144_03972+,False,True,False,False
T144_03972-,False,True,False,False
T144_0399,False,True,False,False
T144_03990+,False,True,False,False
T144_03990-,False,True,False,False
T144_03991+,False,True,False,False
T144_03991-,False,True,False,False
T144_03992+,False,True,False,False
T144_03992-,False,True,False,False
T144_0425,False,True,False,False
T144_04250+,False,True,False,False
T144_04250-,False,True,False,False
T144_04251+,False,True,False,False
T144_04251-,False,True,False,False
T144_04252+,False,True,False,False
T144_04252-,False,True,False,False
T144_0438,False,True,False,False
T144_04380+,False,True,False,False
T144_04380-,False,True,False,False
T144_04381+,False,True,False,False
T144_04381-,False,True,False,False
T144_04382+,False,True,False,False
T144_04382-,False,True,False,False
T144_0445,False,True,False,False
T144_04450+,False,True,False,False
T144_04450-,False,True,False,False
T144_04451+,False,True,False,False
T144_04451-,False,True,False,False
T144_04452+,False,True,False,False
T144_04452-,False,True,False,False
T144_0460,False,True,False,False
T144_04600+,False,True,False,False
T144_04600-,False,True,False,False
T144_04601+,False,True,False,False
T144_04601-,False,True,False,False
T144_04602+,False,True,False,False
T144_04602-,False,True,False,False
T144_0470,False,True,False,False
T144_04700+,False,True,False,False
T144_04700-,False,True,False,False
T144_04701+,False,True,False,False
T144_04701-,False,True,False,False
T144_04702+,False,True,False,False
T144_04702-,False,True,False,False
T144_0489,False,True,False,False
T144_04890+,False,True,False,False
T144_04890-,False,True,False,False
T144_04891+,False,True,False,False
T144_04891-,False,True,False,False
T144_04892+,False,True,False,False
T144_04892-,False,True,False,False
T144_0529,False,True,False,False
T144_05290+,False,True,False,False
T144_05290-,False,True,False,False
T144_05291+,False,True,False,False
T144_05291-,False,True,False,False
T144_05292+,False,True,False,False
T144_05292-,False,True,False,False
T144_0533,False,True,False,False
T144_05330+,False,True,False,False
T144_05330-,False,True,False,False
T144_05331+,False,True,False,False
T144_05331-,False,True,False,False
T144_05332+,False,True,False,False
T144_05332-,False,True,False,False
T144_0556,False,True,False,False
T144_05560+,False,True,False,False
T144_05560-,False,True,False,False
T144_05561+,False,True,False,False
T144_05561-,False,True,False,False
T144_05562+,False,True,False,False
T144_05562-,False,True,False,False
T144_0580,False,True,False,False
T144_05800+,False,True,False,False
T144_05800-,False,True,False,False
T144_05801+,False,True,False,False
T144_05801-,False,True,False,False
T144_05802+,False,True,False,False
T144_05802-,False,True,False,False
T144_0599,False,True,False,False
T144_05990+,False,True,False,False
T144_05990-,False,True,False,False
T144_05991+,False,True,False,False
T144_05991-,False,True,False,False
T144_05992+,False,True,False,False
T144_05992-,False,True,False,False
T144_0617,False,True,False,False
T144_06170+,False,True,False,False
T144_06170-,False,True,False,False
T144_06171+,False,True,False,False
T144_06171-,False,True,False,False
T144_06172+,False,True,False,False
T144_06172-,False,True,False,False
T144_0654,False,True,False,False
T144_06540+,False,True,False,False
T144_06540-,False,True,False,False
T144_06541+,False,True,False,False
T144_06541-,False,True,False,False
T144_06542+,False,True,False,False
T144_06542-,False,True,False,False
T144_0655,False,True,False,False
T144_06550+,False,True,False,False
T144_06550-,False,True,False,False
T144_06551+,False,True,False,False
T144_06551-,False,True,False,False
T144_06552+,False,True,False,False
T144_06552-,False,True,False,False
T144_0670,False,True,False,False
T144_06700+,False,True,False,False
T144_06700-,False,True,False,False
T144_06702+,False,True,False,False
T144_06702-,False,True,False,False
T144_0710,False,True,False,False
T144_07100+,False,True,False,False
T144_07100-,False,True,False,False
T144_07101+,False,True,False,False
T144_07101-,False,True,False,False
T144_07102+,False,True,False,False
T144_07102-,False,True,False,False
T144_0722,False,True,False,False
T144_07220+,False,True,False,False
T144_07220-,False,True,False,False
T144_07221+,False,True,False,False
T144_07221-,False,True,False,False
T144_07222+,False,True,False,False
T144_07222-,False,True,False,False
T144_0753,False,True,False,False
T144_07530+,False,True,False,False
T144_07530-,False,True,False,False
T144_07531+,False,True,False,False
T144_07531-,False,True,False,False
T144_07532+,False,True,False,False
T144_07532-,False,True,False,False
T144_0757,False,True,False,False
T144_07570+,False,True,False,False
T144_07570-,False,True,False,False
T144_07571+,False,True,False,False
T144_07571-,False,True,False,False
T144_07572+,False,True,False,False
T144_07572-,False,True,False,False
T144_0761,False,True,False,False
T144_07610+,False,True,False,False
T144_07610-,False,True,False,False
T144_07611+,False,True,False,False
T144_07611-,False,True,False,False
T144_07612+,False,True,False,False
T144_07612-,False,True,False,False
T144_0762,False,True,False,False
T144_07620+,False,True,False,False
T144_07620-,False,True,False,False
T144_07621+,False,True,False,False
T144_07621-,False,True,False,False
T144_07622+,False,True,False,False
T144_07622-,False,True,False,False
T144_0765,False,True,False,False
T144_07650+,False,True,False,False
T144_07650-,False,True,False,False
T144_07651+,False,True,False,False
T144_07651-,False,True,False,False
T144_07652+,False,True,False,False
T144_07652-,False,True,False,False
T144_0767,False,True,False,False
T144_07670+,False,True,False,False
T144_07670-,False,True,False,False
T144_07671+,False,True,False,False
T144_07671-,False,True,False,False
T144_07672+,False,True,False,False
T144_07672-,False,True,False,False
T144_0768,False,True,False,False
T144_07680+,False,True,False,False
T144_07680-,False,True,False,False
T144_07681+,False,True,False,False
T144_07681-,False,True,False,False
T144_07682+,False,True,False,False
T144_07682-,False,True,False,False
T144_0769,False,True,False,False
T144_07690+,False,True,False,False
T144_07690-,False,True,False,False
T144_07691+,False,True,False,False
T144_07691-,False,True,False,False
T144_07692+,False,True,False,False
T144_07692-,False,True,False,False
T144_0818,False,True,False,False
T144_08180+,False,True,False,False
T144_08180-,False,True,False,False
T144_08181+,False,True,False,False
T144_08181-,False,True,False,False
T144_08182+,False,True,False,False
T144_08182-,False,True,False,False
T144_0820,False,True,False,False
T144_08200+,False,True,False,False
T144_08200-,False,True,False,False
T144_08201+,False,True,False,False
T144_08201-,False,True,False,False
T144_08202+,False,True,False,False
T144_08202-,False,True,False,False
T144_0833,False,True,False,False
T144_08330+,False,True,False,False
T144_08330-,False,True,False,False
T144_08331+,False,True,False,False
T144_08331-,False,True,False,False
T144_08332+,False,True,False,False
T144_08332-,False,True,False,False
T144_0841,False,True,False,False
T144_08410+,False,True,False,False
T144_08410-,False,True,False,False
T144_08411+,False,True,False,False
T144_08411-,False,True,False,False
T144_08412+,False,True,False,False
T144_08412-,False,True,False,False
T144_0843,False,True,False,False
T144_08430+,False,True,False,False
T144_08430-,False,True,False,False
T144_08431+,False,True,False,False
T144_08431-,False,True,False,False
T144_08432+,False,True,False,False
T144_08432-,False,True,False,False
T144_0846,False,True,False,False
T144_08460+,False,True,False,False
T144_08460-,False,True,False,False
T144_08461+,False,True,False,False
T144_08461-,False,True,False,False
T144_08462+,False,True,False,False
T144_08462-,False,True,False,False
T144_0847,False,True,False,False
T144_08470+,False,True,False,False
T144_08470-,False,True,False,False
T144_08471+,False,True,False,False
T144_08471-,False,True,False,False
T144_08472+,False,True,False,False
T144_08472-,False,True,False,False
T144_0852,False,True,False,False
T144_08520+,False,True,False,False
T144_08520-,False,True,False,False
T144_08521+,False,True,False,False
T144_08521-,False,True,False,False
T144_08522+,False,True,False,False
T144_08522-,False,True,False,False
T144_0884,False,True,False,False
T144_08840+,False,True,False,False
T144_08840-,False,True,False,False
T144_08841+,False,True,False,False
T144_08841-,False,True,False,False
T144_08842+,False,True,False,False
T144_08842-,False,True,False,False
T144_0886,False,True,False,False
T144_08860+,False,True,False,False
T144_08860-,False,True,False,False
T144_08861+,False,True,False,False
T144_08861-,False,True,False,False
T144_08862+,False,True,False,False
T144_08862-,False,True,False,False
T144_0890,False,True,False,False
T144_08900+,False,True,False,False
T144_08900-,False,True,False,False
T144_08901+,False,True,False,False
T144_08901-,False,True,False,False
T144_08902+,False,True,False,False
T144_08902-,False,True,False,False
T144_0909,False,True,False,False
T144_09090+,False,True,False,False
T144_09090-,False,True,False,False
T144_09091+,False,True,False,False
T144_09091-,False,True,False,False
T144_09092+,False,True,False,False
T144_09092-,False,True,False,False
T144_0936,False,True,False,False
T144_09360+,False,True,False,False
T144_09360-,False,True,False,False
T144_09361+,False,True,False,False
T144_09361-,False,True,False,False
T144_09362+,False,True,False,False
T144_09362-,False,True,False,False
T144_0969,False,True,False,False
T144_09690+,False,True,False,False
T144_09690-,False,True,False,False
T144_09691+,False,True,False,False
T144_09691-,False,True,False,False
T144_09692+,False,True,False,False
T144_09692-,False,True,False,False
T144_0974,False,True,False,False
T144_09740+,False,True,False,False
T144_09740-,False,True,False,False
T144_09741+,False,True,False,False
T144_09741-,False,True,False,False
T144_09742+,False,True,False,False
T144_09742-,False,True,False,False
T144_0976,False,True,False,False
T144_09760+,False,True,False,False
T144_09760-,False,True,False,False
T144_09761+,False,True,False,False
T144_09761-,False,True,False,False
T144_09762+,False,True,False,False
T144_09762-,False,True,False,False
T144_0987,False,True,False,False
T144_09870+,False,True,False,False
T144_09870-,False,True,False,False
T144_09871+,False,True,False,False
T144_09871-,False,True,False,False
T144_09872+,False,True,False,False
T144_09872-,False,True,False,False
T144_0989,False,True,False,False
T144_09890+,False,True,False,False
T144_09890-,False,True,False,False
T144_09892+,False,True,False,False
T144_09892-,False,True,False,False
T144_0998,False,True,False,False
T144_09980+,False,True,False,False
T144_09980-,False,True,False,False
T144_09981+,False,True,False,False
T144_09981-,False,True,False,False
T144_09982+,False,True,False,False
T144_09982-,False,True,False,False
T144_1003,False,True,False,False
T144_10030+,False,True,False,False
T144_10030-,False,True,False,False
T144_10031+,False,True,False,False
T144_10031-,False,True,False,False
T144_10032+,False,True,False,False
T144_10032-,False,True,False,False
T144_1014,False,True,False,False
T144_10140+,False,True,False,False
T144_10140-,False,True,False,False
T144_10141+,False,True,False,False
T144_10141-,False,True,False,False
T144_10142+,False,True,False,False
T144_10142-,False,True,False,False
T144_1019,False,True,False,False
T144_10190+,False,True,False,False
T144_10190-,False,True,False,False
T144_10191+,False,True,False,False
T144_10191-,False,True,False,False
T144_10192+,False,True,False,False
T144_10192-,False,True,False,False
T144_1032,False,True,False,False
T144_10320+,False,True,False,False
T144_10320-,False,True,False,False
T144_10321+,False,True,False,False
T144_10321-,False,True,False,False
T144_10322+,False,True,False,False
T144_10322-,False,True,False,False
T144_1046,False,True,False,False
T144_10460+,False,True,False,False
T144_10460-,False,True,False,False
T144_10462+,False,True,False,False
T144_10462-,False,True,False,False
T144_1047,False,True,False,False
T144_10470+,False,True,False,False
T144_10470-,False,True,False,False
T144_10471+,False,True,False,False
T144_10471-,False,True,False,False
T144_10472+,False,True,False,False
T144_10472-,False,True,False,False
T144_1048,False,True,False,False
T144_10480+,False,True,False,False
T144_10480-,False,True,False,False
T144_10481+,False,True,False,False
T144_10481-,False,True,False,False
T144_10482+,False,True,False,False
T144_10482-,False,True,False,False
T144_1049,False,True,False,False
T144_10490+,False,True,False,False
T144_10490-,False,True,False,False
T144_10491+,False,True,False,False
T144_10491-,False,True,False,False
T144_10492+,False,True,False,False
T144_10492-,False,True,False,False
T144_1074,False,True,False,False
T144_10740+,False,True,False,False
T144_10740-,False,True,False,False
T144_10741+,False,True,False,False
T144_10741-,False,True,False,False
T144_10742+,False,True,False,False
T144_10742-,False,True,False,False
T144_1085,False,True,False,False
T144_10850+,False,True,False,False
T144_10850-,False,True,False,False
T144_10851+,False,True,False,False
T144_10851-,False,True,False,False
T144_10852+,False,True,False,False
T144_10852-,False,True,False,False
T144_1108,False,True,False,False
T144_11080+,False,True,False,False
T144_11080-,False,True,False,False
T144_11081+,False,True,False,False
T144_11081-,False,True,False,False
T144_11082+,False,True,False,False
T144_11082-,False,True,False,False
T144_1109,False,True,False,False
T144_11090+,False,True,False,False
T144_11090-,False,True,False,False
T144_11091+,False,True,False,False
T144_11091-,False,True,False,False
T144_1115,False,True,False,False
T144_11150+,False,True,False,False
T144_11150-,False,True,False,False
T144_11151+,False,True,False,False
T144_11151-,False,True,False,False
T144_11152+,False,True,False,False
T144_11152-,False,True,False,False
T144_1117,False,True,False,False
T144_11170+,False,True,False,False
T144_11170-,False,True,False,False
T144_11171+,False,True,False,False
T144_11171-,False,True,False,False
T144_11172+,False,True,False,False
T144_11172-,False,True,False,False
T144_1119,False,True,False,False
T144_11190+,False,True,False,False
T144_11190-,False,True,False,False
T144_11191+,False,True,False,False
T144_11191-,False,True,False,False
T144_11192+,False,True,False,False
T144_11192-,False,True,False,False
T144_1135,False,True,False,False
T144_11350+,False,True,False,False
T144_11350-,False,True,False,False
T144_11351+,False,True,False,False
T144_11351-,False,True,False,False
T144_11352+,False,True,False,False
T144_11352-,False,True,False,False
T144_1149,False,True,False,False
T144_11490+,False,True,False,False
T144_11490-,False,True,False,False
T144_11491+,False,True,False,False
T144_11491-,False,True,False,False
T144_11492+,False,True,False,False
T144_11492-,False,True,False,False
T144_1193,False,True,False,False
T144_11930+,False,True,False,False
T144_11930-,False,True,False,False
T144_11931+,False,True,False,False
T144_11931-,False,True,False,False
T144_11932+,False,True,False,False
T144_11932-,False,True,False,False
T144_1194,False,True,False,False
T144_11940+,False,True,False,False
T144_11940-,False,True,False,False
T144_11941+,False,True,False,False
T144_11941-,False,True,False,False
T144_11942+,False,True,False,False
T144_11942-,False,True,False,False
T144_1197,False,True,False,False
T144_11970+,False,True,False,False
T144_11970-,False,True,False,False
T144_11971+,False,True,False,False
T144_11971-,False,True,False,False
T144_11972+,False,True,False,False
T144_11972-,False,True,False,False
T144_1207,False,True,False,False
T144_12070+,False,True,False,False
T144_12070-,False,True,False,False
T144_12072+,False,True,False,False
T144_12072-,False,True,False,False
T144_1209,False,True,False,False
T144_12090+,False,True,False,False
T144_12090-,False,True,False,False
T144_12091+,False,True,False,False
T144_12091-,False,True,False,False
T144_12092+,False,True,False,False
T144_12092-,False,True,False,False
T144_1241,False,True,False,False
T144_12410+,False,True,False,False
T144_12410-,False,True,False,False
T144_12411+,False,True,False,False
T144_12411-,False,True,False,False
T144_12412+,False,True,False,False
T144_12412-,False,True,False,False
T144_1250,False,True,False,False
T144_12500+,False,True,False,False
T144_12500-,False,True,False,False
T144_12501+,False,True,False,False
T144_12501-,False,True,False,False
T144_12502+,False,True,False,False
T144_12502-,False,True,False,False
T144_1251,False,True,False,False
T144_12510+,False,True,False,False
T144_12510-,False,True,False,False
T144_12511+,False,True,False,False
T144_12511-,False,True,False,False
T144_12512+,False,True,False,False
T144_12512-,False,True,False,False
T144_1256,False,True,False,False
T144_12560+,False,True,False,False
T144_12560-,False,True,False,False
T144_12561+,False,True,False,False
T144_12561-,False,True,False,False
T144_12562+,False,True,False,False
T144_12562-,False,True,False,False
T144_1314,False,True,False,False
T144_13140+,False,True,False,False
T144_13140-,False,True,False,False
T144_13141+,False,True,False,False
T144_13141-,False,True,False,False
T144_13142+,False,True,False,False
T144_13142-,False,True,False,False
T144_1315,False,True,False,False
T144_13150+,False,True,False,False
T144_13150-,False,True,False,False
T144_13151+,False,True,False,False
T144_13151-,False,True,False,False
T144_13152+,False,True,False,False
T144_13152-,False,True,False,False
T144_1332,False,True,False,False
T144_13320+,False,True,False,False
T144_13320-,False,True,False,False
T144_13321+,False,True,False,False
T144_13321-,False,True,False,False
T144_13322+,False,True,False,False
T144_13322-,False,True,False,False
T144_1344,False,True,False,False
T144_13440+,False,True,False,False
T144_13440-,False,True,False,False
T144_13441+,False,True,False,False
T144_13441-,False,True,False,False
T144_13442+,False,True,False,False
T144_13442-,False,True,False,False
T144_1361,False,True,False,False
T144_13610+,False,True,False,False
T144_13610-,False,True,False,False
T144_13611+,False,True,False,False
T144_13611-,False,True,False,False
T144_13612+,False,True,False,False
T144_13612-,False,True,False,False
T144_1367,False,True,False,False
T144_13670+,False,True,False,False
T144_13670-,False,True,False,False
T144_13671+,False,True,False,False
T144_13671-,False,True,False,False
T144_13672+,False,True,False,False
T144_13672-,False,True,False,False
T144_1378,False,True,False,False
T144_13780+,False,True,False,False
T144_13780-,False,True,False,False
T144_13781+,False,True,False,False
T144_13781-,False,True,False,False
T144_13782+,False,True,False,False
T144_13782-,False,True,False,False
T144_1382,False,True,False,False
T144_13820+,False,True,False,False
T144_13820-,False,True,False,False
T144_13821+,False,True,False,False
T144_13821-,False,True,False,False
T144_13822+,False,True,False,False
T144_13822-,False,True,False,False
T144_1391,False,True,False,False
T144_13910+,False,True,False,False
T144_13910-,False,True,False,False
T144_13911+,False,True,False,False
T144_13911-,False,True,False,False
T144_13912+,False,True,False,False
T144_13912-,False,True,False,False
T144_1395,False,True,False,False
T144_13950+,False,True,False,False
T144_13950-,False,True,False,False
T144_13952+,False,True,False,False
T144_13952-,False,True,False,False
T144_1396,False,True,False,False
T144_13960+,False,True,False,False
T144_13960-,False,True,False,False
T144_13961+,False,True,False,False
T144_13961-,False,True,False,False
T144_13962+,False,True,False,False
T144_13962-,False,True,False,False
T144_1406,False,True,False,False
T144_14060+,False,True,False,False
T144_14060-,False,True,False,False
T144_14061+,False,True,False,False
T144_14061-,False,True,False,False
T144_14062+,False,True,False,False
T144_14062-,False,True,False,False
T144_1408,False,True,False,False
T144_14080+,False,True,False,False
T144_14080-,False,True,False,False
T144_14081+,False,True,False,False
T144_14081-,False,True,False,False
T144_14082+,False,True,False,False
T144_14082-,False,True,False,False
T144_1409,False,True,False,False
T144_14090+,False,True,False,False
T144_14090-,False,True,False,False
T144_14091+,False,True,False,False
T144_14091-,False,True,False,False
T144_14092+,False,True,False,False
T144_14092-,False,True,False,False
T144_1428,False,True,False,False
T144_14280+,False,True,False,False
T144_14280-,False,True,False,False
T144_14281+,False,True,False,False
T144_14281-,False,True,False,False
T144_14282+,False,True,False,False
T144_14282-,False,True,False,False
T144_1429,False,True,False,False
T144_14290+,False,True,False,False
T144_14290-,False,True,False,False
T144_14291+,False,True,False,False
T144_14291-,False,True,False,False
T144_14292+,False,True,False,False
T144_14292-,False,True,False,False
T144_1438,False,True,False,False
T144_14380+,False,True,False,False
T144_14380-,False,True,False,False
T144_14381+,False,True,False,False
T144_14381-,False,True,False,False
T144_14382+,False,True,False,False
T144_14382-,False,True,False,False
T144_1444,False,True,False,False
T144_14440+,False,True,False,False
T144_14440-,False,True,False,False
T144_14441+,False,True,False,False
T144_14441-,False,True,False,False
T144_14442+,False,True,False,False
T144_14442-,False,True,False,False
T144_1455,False,True,False,False
T144_14550+,False,True,False,False
T144_14550-,False,True,False,False
T144_14551+,False,True,False,False
T144_14551-,False,True,False,False
T144_14552+,False,True,False,False
T144_14552-,False,True,False,False
T144_1457,False,True,False,False
T144_14570+,False,True,False,False
T144_14570-,False,True,False,False
T144_14571+,False,True,False,False
T144_14571-,False,True,False,False
T144_14572+,False,True,False,False
T144_14572-,False,True,False,False
T144_1475,False,True,False,False
T144_14750+,False,True,False,False
T144_14750-,False,True,False,False
T144_14751+,False,True,False,False
T144_14751-,False,True,False,False
T144_14752+,False,True,False,False
T144_14752-,False,True,False,False
T144_1479,False,True,False,False
T144_14790+,False,True,False,False
T144_14790-,False,True,False,False
T144_14791+,False,True,False,False
T144_14791-,False,True,False,False
T144_14792+,False,True,False,False
T144_14792-,False,True,False,False
T144_1502,False,True,False,False
T144_15020+,False,True,False,False
T144_15020-,False,True,False,False
T144_15021+,False,True,False,False
T144_15021-,False,True,False,False
T144_15022+,False,True,False,False
T144_15022-,False,True,False,False
T144_1563,False,True,False,False
T144_15630+,False,True,False,False
T144_15630-,False,True,False,False
T144_15631+,False,True,False,False
T144_15631-,False,True,False,False
T144_15632+,False,True,False,False
T144_15632-,False,True,False,False
T144_1564,False,True,False,False
T144_15640+,False,True,False,False
T144_15640-,False,True,False,False
T144_15641+,False,True,False,False
T144_15641-,False,True,False,False
T144_15642+,False,True,False,False
T144_15642-,False,True,False,False
T144_1588,False,True,False,False
T144_15880+,False,True,False,False
T144_15880-,False,True,False,False
T144_15881+,False,True,False,False
T144_15881-,False,True,False,False
T144_15882+,False,True,False,False
T144_15882-,False,True,False,False
T144_1603,False,True,False,False
T144_16030+,False,True,False,False
T144_16030-,False,True,False,False
T144_16031+,False,True,False,False
T144_16031-,False,True,False,False
T144_16032+,False,True,False,False
T144_16032-,False,True,False,False
T144_1604,False,True,False,False
T144_16040+,False,True,False,False
T144_16040-,False,True,False,False
T144_16041+,False,True,False,False
T144_16041-,False,True,False,False
T144_16042+,False,True,False,False
T144_16042-,False,True,False,False
T144_1607,False,True,False,False
T144_16070+,False,True,False,False
T144_16070-,False,True,False,False
T144_16071+,False,True,False,False
T144_16071-,False,True,False,False
T144_16072+,False,True,False,False
T144_16072-,False,True,False,False
T144_1610,False,True,False,False
T144_16100+,False,True,False,False
T144_16100-,False,True,False,False
T144_16101+,False,True,False,False
T144_16101-,False,True,False,False
T144_16102+,False,True,False,False
T144_16102-,False,True,False,False
T144_1617,False,True,False,False
T144_16170+,False,True,False,False
T144_16170-,False,True,False,False
T144_16171+,False,True,False,False
T144_16171-,False,True,False,False
T144_16172+,False,True,False,False
T144_16172-,False,True,False,False
T144_1619,False,True,False,False
T144_16190+,False,True,False,False
T144_16190-,False,True,False,False
T144_16191+,False,True,False,False
T144_16191-,False,True,False,False
T144_16192+,False,True,False,False
T144_16192-,False,True,False,False
T144_1622,False,True,False,False
T144_16220+,False,True,False,False
T144_16220-,False,True,False,False
T144_16221+,False,True,False,False
T144_16221-,False,True,False,False
T144_16222+,False,True,False,False
T144_16222-,False,True,False,False
T144_1625,False,True,False,False
T144_16250+,False,True,False,False
T144_16250-,False,True,False,False
T144_16251+,False,True,False,False
T144_16251-,False,True,False,False
T144_16252+,False,True,False,False
T144_16252-,False,True,False,False
T144_1626,False,True,False,False
T144_16260+,False,True,False,False
T144_16260-,False,True,False,False
T144_16261+,False,True,False,False
T144_16261-,False,True,False,False
T144_16262+,False,True,False,False
T144_16262-,False,True,False,False
T144_1630,False,True,False,False
T144_16300+,False,True,False,False
T144_16300-,False,True,False,False
T144_16301+,False,True,False,False
T144_16301-,False,True,False,False
T144_16302+,False,True,False,False
T144_16302-,False,True,False,False
T144_1633,False,True,False,False
T144_16330+,False,True,False,False
T144_16330-,False,True,False,False
T144_16331+,False,True,False,False
T144_16331-,False,True,False,False
T144_1634,False,True,False,False
T144_16340+,False,True,False,False
T144_16340-,False,True,False,False
T144_16341+,False,True,False,False
T144_16341-,False,True,False,False
T144_16342+,False,True,False,False
T144_16342-,False,True,False,False
TAUT15_10a,False,True,False,False
TAUT15_10b,False,True,False,False
TAUT15_1a,False,True,False,False
TAUT15_1b,False,True,False,False
TAUT15_2a,False,True,False,False
TAUT15_2b,False,True,False,False
TAUT15_3a,False,True,False,False
TAUT15_3b,False,True,False,False
TAUT15_3c,False,True,False,False
TAUT15_3d,False,True,False,False
TAUT15_4a,False,True,False,False
TAUT15_4b,False,True,False,False
TAUT15_5a,False,True,False,False
TAUT15_5b,False,True,False,False
TAUT15_5c,False,True,False,False
TAUT15_6a,False,True,False,False
TAUT15_6b,False,True,False,False
TAUT15_6c,False,True,False,False
TAUT15_6d,False,True,False,False
TAUT15_7a,False,True,False,False
TAUT15_7b,False,True,False,False
TAUT15_8a,False,True,False,False
TAUT15_8b,False,True,False,False
TAUT15_9a,False,True,False,False
TAUT15_9b,False,True,False,False
TMB01_R1,True,True,False,False
TMB01_R2,True,True,False,False
TMB01_T1,True,True,False,False
TMB06_C1,True,True,False,False
TMB06_T1,True,True,False,False
TMB08_C1,True,True,False,False
TMB08_T1,True,True,False,False
TMB09_T1,True,True,False,False
TMB10_C1,True,True,False,False
TMB20_C1,True,True,False,False
TMB20_I1,True,True,False,False
TMB20_T1,True,True,False,False
TMB20_T2,True,True,False,False
TMB20_T3,True,True,False,False
TMB26_C1,True,True,False,False
TMB26_T1,True,True,False,False
TMB28_C1,True,True,False,False
TMB28_T1,True,True,False,False
TMB29_C2,True,True,False,False
TMB29_T1,True,True,False,False
TMB31_C1,True,True,False,False
TMB31_T1,True,True,False,False
TMD01_H,True,True,False,False
TMD02_O,True,True,False,False
TMD03_F,True,True,False,False
TMD04_S,True,True,False,False
TMD05_Cl,True,True,False,False
TMD06_Br,True,True,False,False
TMD07_Ti,True,True,False,False
TMD08_V,True,True,False,False
TMD09_Cr,True,True,False,False
TMD10_Mn,True,True,False,False
TMD11_Fe,True,True,False,False
TMD12_Co,True,True,False,False
TMD13_Cu,True,True,False,False
TMD14_Zn,True,True,False,False
TMD15_TiBr,True,True,False,False
TMD16_VO,True,True,False,False
TMD17_CrS,True,True,False,False
TMD18_MnBr,True,True,False,False
TMD19_FeCl,True,True,False,False
TMD20_FeS,True,True,False,False
TMD21_CoH,True,True,False,False
TMD22_CoF,True,True,False,False
TMD23_CuBr,True,True,False,False
TMD24_ZnS,True,True,False,False
UPU23_0a,False,True,False,False
UPU23_0b,False,True,False,False
UPU23_1a,False,True,False,False
UPU23_1b,False,True,False,False
UPU23_1c,False,True,False,False
UPU23_1e,False,True,False,False
UPU23_1f,False,True,False,False
UPU23_1g,False,True,False,False
UPU23_1m,False,True,False,False
UPU23_1p,False,True,False,False
UPU23_2a,False,True,False,False
UPU23_2h,False,True,False,False
UPU23_2p,False,True,False,False
UPU23_3a,False,True,False,False
UPU23_3b,False,True,False,False
UPU23_3d,False,True,False,False
UPU23_4b,False,True,False,False
UPU23_5z,False,True,False,False
UPU23_6p,False,True,False,False
UPU23_7a,False,True,False,False
UPU23_7p,False,True,False,False
UPU23_8d,False,True,False,False
UPU23_9a,False,True,False,False
UPU23_aa,False,True,False,False
V30_C2H2_Ar,False,True,False,False
V30_C2H2_Ar_1+,False,True,False,False
V30_C2H2_Ar_1-,False,True,False,False
V30_C2H2_Ar_2+,False,True,False,False
V30_C2H2_Ar_2-,False,True,False,False
V30_C2H2_Ar_3+,False,True,False,False
V30_C2H2_Ar_3-,False,True,False,False
V30_C2H2_Ar_4+,False,True,False,False
V30_C2H2_Ar_4-,False,True,False,False
V30_C2H2_Ar_5+,False,True,False,False
V30_C2H2_Ar_5-,False,True,False,False
V30_C2H2_Ar_6+,False,True,False,False
V30_C2H2_Ar_6-,False,True,False,False
V30_C2H2_Ar_7+,False,True,False,False
V30_C2H2_Ar_7-,False,True,False,False
V30_C2H2_Ar_8+,False,True,False,False
V30_C2H2_Ar_8-,False,True,False,False
V30_C2H2_C2H2,False,True,False,False
V30_C2H2_C2H2_1+,False,True,False,False
V30_C2H2_C2H2_1-,False,True,False,False
V30_C2H2_C2H2_10+,False,True,False,False
V30_C2H2_C2H2_10-,False,True,False,False
V30_C2H2_C2H2_11+,False,True,False,False
V30_C2H2_C2H2_11-,False,True,False,False
V30_C2H2_C2H2_12+,False,True,False,False
V30_C2H2_C2H2_12-,False,True,False,False
V30_C2H2_C2H2_13+,False,True,False,False
V30_C2H2_C2H2_13-,False,True,False,False
V30_C2H2_C2H2_14+,False,True,False,False
V30_C2H2_C2H2_14-,False,True,False,False
V30_C2H2_C2H2_15+,False,True,False,False
V30_C2H2_C2H2_15-,False,True,False,False
V30_C2H2_C2H2_16+,False,True,False,False
V30_C2H2_C2H2_16-,False,True,False,False
V30_C2H2_C2H2_17+,False,True,False,False
V30_C2H2_C2H2_17-,False,True,False,False
V30_C2H2_C2H2_2+,False,True,False,False
V30_C2H2_C2H2_2-,False,True,False,False
V30_C2H2_C2H2_3+,False,True,False,False
V30_C2H2_C2H2_3-,False,True,False,False
V30_C2H2_C2H2_4+,False,True,False,False
V30_C2H2_C2H2_4-,False,True,False,False
V30_C2H2_C2H2_5+,False,True,False,False
V30_C2H2_C2H2_5-,False,True,False,False
V30_C2H2_C2H2_6+,False,True,False,False
V30_C2H2_C2H2_6-,False,True,False,False
V30_C2H2_C2H2_7+,False,True,False,False
V30_C2H2_C2H2_7-,False,True,False,False
V30_C2H2_C2H2_8+,False,True,False,False
V30_C2H2_C2H2_8-,False,True,False,False
V30_C2H2_C2H2_9+,False,True,False,False
V30_C2H2_C2H2_9-,False,True,False,False
V30_C2H4_Ar,False,True,False,False
V30_C2H4_Ar_1+,False,True,False,False
V30_C2H4_Ar_1-,False,True,False,False
V30_C2H4_Ar_10+,False,True,False,False
V30_C2H4_Ar_10-,False,True,False,False
V30_C2H4_Ar_11+,False,True,False,False
V30_C2H4_Ar_11-,False,True,False,False
V30_C2H4_Ar_12+,False,True,False,False
V30_C2H4_Ar_12-,False,True,False,False
V30_C2H4_Ar_13+,False,True,False,False
V30_C2H4_Ar_13-,False,True,False,False
V30_C2H4_Ar_14+,False,True,False,False
V30_C2H4_Ar_14-,False,True,False,False
V30_C2H4_Ar_2+,False,True,False,False
V30_C2H4_Ar_2-,False,True,False,False
V30_C2H4_Ar_3+,False,True,False,False
V30_C2H4_Ar_3-,False,True,False,False
V30_C2H4_Ar_4+,False,True,False,False
V30_C2H4_Ar_4-,False,True,False,False
V30_C2H4_Ar_5+,False,True,False,False
V30_C2H4_Ar_5-,False,True,False,False
V30_C2H4_Ar_6+,False,True,False,False
V30_C2H4_Ar_6-,False,True,False,False
V30_C2H4_Ar_7+,False,True,False,False
V30_C2H4_Ar_7-,False,True,False,False
V30_C2H4_Ar_8+,False,True,False,False
V30_C2H4_Ar_8-,False,True,False,False
V30_C2H4_Ar_9+,False,True,False,False
V30_C2H4_Ar_9-,False,True,False,False
V30_CH3OH_H2O,False,True,False,False
V30_CH3OH_H2O_0+,False,True,False,False
V30_CH3OH_H2O_0-,False,True,False,False
V30_CH3OH_H2O_1+,False,True,False,False
V30_CH3OH_H2O_1-,False,True,False,False
V30_CH3OH_H2O_10+,False,True,False,False
V30_CH3OH_H2O_10-,False,True,False,False
V30_CH3OH_H2O_11+,False,True,False,False
V30_CH3OH_H2O_11-,False,True,False,False
V30_CH3OH_H2O_12+,False,True,False,False
V30_CH3OH_H2O_12-,False,True,False,False
V30_CH3OH_H2O_13+,False,True,False,False
V30_CH3OH_H2O_13-,False,True,False,False
V30_CH3OH_H2O_14+,False,True,False,False
V30_CH3OH_H2O_14-,False,True,False,False
V30_CH3OH_H2O_15+,False,True,False,False
V30_CH3OH_H2O_15-,False,True,False,False
V30_CH3OH_H2O_16+,False,True,False,False
V30_CH3OH_H2O_16-,False,True,False,False
V30_CH3OH_H2O_17+,False,True,False,False
V30_CH3OH_H2O_17-,False,True,False,False
V30_CH3OH_H2O_18+,False,True,False,False
V30_CH3OH_H2O_18-,False,True,False,False
V30_CH3OH_H2O_19+,False,True,False,False
V30_CH3OH_H2O_19-,False,True,False,False
V30_CH3OH_H2O_2+,False,True,False,False
V30_CH3OH_H2O_2-,False,True,False,False
V30_CH3OH_H2O_20+,False,True,False,False
V30_CH3OH_H2O_20-,False,True,False,False
V30_CH3OH_H2O_3+,False,True,False,False
V30_CH3OH_H2O_3-,False,True,False,False
V30_CH3OH_H2O_4+,False,True,False,False
V30_CH3OH_H2O_4-,False,True,False,False
V30_CH3OH_H2O_5+,False,True,False,False
V30_CH3OH_H2O_5-,False,True,False,False
V30_CH3OH_H2O_6+,False,True,False,False
V30_CH3OH_H2O_6-,False,True,False,False
V30_CH3OH_H2O_7+,False,True,False,False
V30_CH3OH_H2O_7-,False,True,False,False
V30_CH3OH_H2O_8+,False,True,False,False
V30_CH3OH_H2O_8-,False,True,False,False
V30_CH3OH_H2O_9+,False,True,False,False
V30_CH3OH_H2O_9-,False,True,False,False
V30_CH4_Ar,False,True,False,False
V30_CH4_Ar_0+,False,True,False,False
V30_CH4_Ar_0-,False,True,False,False
V30_CH4_Ar_1+,False,True,False,False
V30_CH4_Ar_1-,False,True,False,False
V30_CH4_Ar_11+,False,True,False,False
V30_CH4_Ar_11-,False,True,False,False
V30_CH4_Ar_2+,False,True,False,False
V30_CH4_Ar_2-,False,True,False,False
V30_CH4_Ar_3+,False,True,False,False
V30_CH4_Ar_3-,False,True,False,False
V30_CH4_Ar_5+,False,True,False,False
V30_CH4_Ar_5-,False,True,False,False
V30_CH4_Ar_7+,False,True,False,False
V30_CH4_Ar_7-,False,True,False,False
V30_CH4_Ar_8+,False,True,False,False
V30_CH4_Ar_8-,False,True,False,False
V30_CH4_Ar_9+,False,True,False,False
V30_CH4_Ar_9-,False,True,False,False
V30_CH4_CH4,False,True,False,False
V30_CH4_CH4_1+,False,True,False,False
V30_CH4_CH4_1-,False,True,False,False
V30_CH4_CH4_11+,False,True,False,False
V30_CH4_CH4_11-,False,True,False,False
V30_CH4_CH4_12+,False,True,False,False
V30_CH4_CH4_12-,False,True,False,False
V30_CH4_CH4_14+,False,True,False,False
V30_CH4_CH4_14-,False,True,False,False
V30_CH4_CH4_16+,False,True,False,False
V30_CH4_CH4_16-,False,True,False,False
V30_CH4_CH4_18+,False,True,False,False
V30_CH4_CH4_18-,False,True,False,False
V30_CH4_CH4_2+,False,True,False,False
V30_CH4_CH4_2-,False,True,False,False
V30_CH4_CH4_21+,False,True,False,False
V30_CH4_CH4_21-,False,True,False,False
V30_CH4_CH4_3+,False,True,False,False
V30_CH4_CH4_3-,False,True,False,False
V30_CH4_CH4_4+,False,True,False,False
V30_CH4_CH4_4-,False,True,False,False
V30_CH4_CH4_5+,False,True,False,False
V30_CH4_CH4_5-,False,True,False,False
V30_CH4_CH4_6+,False,True,False,False
V30_CH4_CH4_6-,False,True,False,False
V30_CH4_CH4_7+,False,True,False,False
V30_CH4_CH4_7-,False,True,False,False
V30_CH4_CH4_9+,False,True,False,False
V30_CH4_CH4_9-,False,True,False,False
V30_CH4_N2,False,True,False,False
V30_CH4_N2_10+,False,True,False,False
V30_CH4_N2_10-,False,True,False,False
V30_CH4_N2_11+,False,True,False,False
V30_CH4_N2_11-,False,True,False,False
V30_CH4_N2_12+,False,True,False,False
V30_CH4_N2_12-,False,True,False,False
V30_CH4_N2_13+,False,True,False,False
V30_CH4_N2_13-,False,True,False,False
V30_CH4_N2_14+,False,True,False,False
V30_CH4_N2_14-,False,True,False,False
V30_CH4_N2_2+,False,True,False,False
V30_CH4_N2_2-,False,True,False,False
V30_CH4_N2_3+,False,True,False,False
V30_CH4_N2_3-,False,True,False,False
V30_CH4_N2_4+,False,True,False,False
V30_CH4_N2_4-,False,True,False,False
V30_CH4_N2_5+,False,True,False,False
V30_CH4_N2_5-,False,True,False,False
V30_CH4_N2_6+,False,True,False,False
V30_CH4_N2_6-,False,True,False,False
V30_CH4_N2_8+,False,True,False,False
V30_CH4_N2_8-,False,True,False,False
V30_CH4_N2_9+,False,True,False,False
V30_CH4_N2_9-,False,True,False,False
V30_CO2_Ar,False,True,False,False
V30_CO2_Ar_1+,False,True,False,False
V30_CO2_Ar_1-,False,True,False,False
V30_CO2_Ar_2+,False,True,False,False
V30_CO2_Ar_2-,False,True,False,False
V30_CO2_Ar_3+,False,True,False,False
V30_CO2_Ar_3-,False,True,False,False
V30_CO2_Ar_4+,False,True,False,False
V30_CO2_Ar_4-,False,True,False,False
V30_CO2_Ar_5+,False,True,False,False
V30_CO2_Ar_5-,False,True,False,False
V30_CO2_CO2,False,True,False,False
V30_CO2_CO2_1+,False,True,False,False
V30_CO2_CO2_1-,False,True,False,False
V30_CO2_CO2_10+,False,True,False,False
V30_CO2_CO2_10-,False,True,False,False
V30_CO2_CO2_11+,False,True,False,False
V30_CO2_CO2_11-,False,True,False,False
V30_CO2_CO2_2+,False,True,False,False
V30_CO2_CO2_2-,False,True,False,False
V30_CO2_CO2_3+,False,True,False,False
V30_CO2_CO2_3-,False,True,False,False
V30_CO2_CO2_4+,False,True,False,False
V30_CO2_CO2_4-,False,True,False,False
V30_CO2_CO2_5+,False,True,False,False
V30_CO2_CO2_5-,False,True,False,False
V30_CO2_CO2_6+,False,True,False,False
V30_CO2_CO2_6-,False,True,False,False
V30_CO2_CO2_7+,False,True,False,False
V30_CO2_CO2_7-,False,True,False,False
V30_CO2_CO2_8+,False,True,False,False
V30_CO2_CO2_8-,False,True,False,False
V30_CO2_N2,False,True,False,False
V30_CO2_N2_2+,False,True,False,False
V30_CO2_N2_2-,False,True,False,False
V30_CO2_N2_3+,False,True,False,False
V30_CO2_N2_3-,False,True,False,False
V30_CO2_N2_4+,False,True,False,False
V30_CO2_N2_4-,False,True,False,False
V30_CO2_N2_5+,False,True,False,False
V30_CO2_N2_5-,False,True,False,False
V30_CO2_N2_6+,False,True,False,False
V30_CO2_N2_6-,False,True,False,False
V30_CO2_N2_7+,False,True,False,False
V30_CO2_N2_7-,False,True,False,False
V30_CO2_N2_8+,False,True,False,False
V30_CO2_N2_8-,False,True,False,False
V30_CO_Ar,False,True,False,False
V30_CO_Ar_2+,False,True,False,False
V30_CO_Ar_2-,False,True,False,False
V30_CO_CO,False,True,False,False
V30_CO_CO_3+,False,True,False,False
V30_CO_CO_3-,False,True,False,False
V30_CO_CO_4+,False,True,False,False
V30_CO_CO_4-,False,True,False,False
V30_CO_CO_5+,False,True,False,False
V30_CO_CO_5-,False,True,False,False
V30_H2O_Ar,False,True,False,False
V30_H2O_Ar_1+,False,True,False,False
V30_H2O_Ar_1-,False,True,False,False
V30_H2O_Ar_2+,False,True,False,False
V30_H2O_Ar_2-,False,True,False,False
V30_H2O_Ar_3+,False,True,False,False
V30_H2O_Ar_3-,False,True,False,False
V30_H2O_Ar_4+,False,True,False,False
V30_H2O_Ar_4-,False,True,False,False
V30_H2O_Ar_5+,False,True,False,False
V30_H2O_Ar_5-,False,True,False,False
V30_H2O_CH4,False,True,False,False
V30_H2O_CH4_1+,False,True,False,False
V30_H2O_CH4_1-,False,True,False,False
V30_H2O_CH4_10+,False,True,False,False
V30_H2O_CH4_10-,False,True,False,False
V30_H2O_CH4_11+,False,True,False,False
V30_H2O_CH4_11-,False,True,False,False
V30_H2O_CH4_12+,False,True,False,False
V30_H2O_CH4_12-,False,True,False,False
V30_H2O_CH4_13+,False,True,False,False
V30_H2O_CH4_13-,False,True,False,False
V30_H2O_CH4_14+,False,True,False,False
V30_H2O_CH4_14-,False,True,False,False
V30_H2O_CH4_15+,False,True,False,False
V30_H2O_CH4_15-,False,True,False,False
V30_H2O_CH4_16+,False,True,False,False
V30_H2O_CH4_16-,False,True,False,False
V30_H2O_CH4_17+,False,True,False,False
V30_H2O_CH4_17-,False,True,False,False
V30_H2O_CH4_2+,False,True,False,False
V30_H2O_CH4_2-,False,True,False,False
V30_H2O_CH4_3+,False,True,False,False
V30_H2O_CH4_3-,False,True,False,False
V30_H2O_CH4_5+,False,True,False,False
V30_H2O_CH4_5-,False,True,False,False
V30_H2O_CH4_6+,False,True,False,False
V30_H2O_CH4_6-,False,True,False,False
V30_H2O_CH4_7+,False,True,False,False
V30_H2O_CH4_7-,False,True,False,False
V30_H2O_CH4_8+,False,True,False,False
V30_H2O_CH4_8-,False,True,False,False
V30_H2O_CH4_9+,False,True,False,False
V30_H2O_CH4_9-,False,True,False,False
V30_H2O_CO2,False,True,False,False
V30_H2O_CO2_1+,False,True,False,False
V30_H2O_CO2_1-,False,True,False,False
V30_H2O_CO2_10+,False,True,False,False
V30_H2O_CO2_10-,False,True,False,False
V30_H2O_CO2_11+,False,True,False,False
V30_H2O_CO2_11-,False,True,False,False
V30_H2O_CO2_2+,False,True,False,False
V30_H2O_CO2_2-,False,True,False,False
V30_H2O_CO2_3+,False,True,False,False
V30_H2O_CO2_3-,False,True,False,False
V30_H2O_CO2_4+,False,True,False,False
V30_H2O_CO2_4-,False,True,False,False
V30_H2O_CO2_5+,False,True,False,False
V30_H2O_CO2_5-,False,True,False,False
V30_H2O_CO2_6+,False,True,False,False
V30_H2O_CO2_6-,False,True,False,False
V30_H2O_CO2_7+,False,True,False,False
V30_H2O_CO2_7-,False,True,False,False
V30_H2O_CO2_8+,False,True,False,False
V30_H2O_CO2_8-,False,True,False,False
V30_H2O_CO2_9+,False,True,False,False
V30_H2O_CO2_9-,False,True,False,False
V30_H2O_H2O,False,True,False,False
V30_H2O_H2O_10+,False,True,False,False
V30_H2O_H2O_10-,False,True,False,False
V30_H2O_H2O_11+,False,True,False,False
V30_H2O_H2O_11-,False,True,False,False
V30_H2O_H2O_2+,False,True,False,False
V30_H2O_H2O_2-,False,True,False,False
V30_H2O_H2O_3+,False,True,False,False
V30_H2O_H2O_3-,False,True,False,False
V30_H2O_H2O_4+,False,True,False,False
V30_H2O_H2O_4-,False,True,False,False
V30_H2O_H2O_5+,False,True,False,False
V30_H2O_H2O_5-,False,True,False,False
V30_H2O_H2O_6+,False,True,False,False
V30_H2O_H2O_6-,False,True,False,False
V30_H2O_H2O_7+,False,True,False,False
V30_H2O_H2O_7-,False,True,False,False
V30_H2O_H2O_8+,False,True,False,False
V30_H2O_H2O_8-,False,True,False,False
V30_H2O_H2O_9+,False,True,False,False
V30_H2O_H2O_9-,False,True,False,False
V30_H2O_NH3,False,True,False,False
V30_H2O_NH3_1+,False,True,False,False
V30_H2O_NH3_1-,False,True,False,False
V30_H2O_NH3_10+,False,True,False,False
V30_H2O_NH3_10-,False,True,False,False
V30_H2O_NH3_11+,False,True,False,False
V30_H2O_NH3_11-,False,True,False,False
V30_H2O_NH3_12+,False,True,False,False
V30_H2O_NH3_12-,False,True,False,False
V30_H2O_NH3_13+,False,True,False,False
V30_H2O_NH3_13-,False,True,False,False
V30_H2O_NH3_14+,False,True,False,False
V30_H2O_NH3_14-,False,True,False,False
V30_H2O_NH3_2+,False,True,False,False
V30_H2O_NH3_2-,False,True,False,False
V30_H2O_NH3_3+,False,True,False,False
V30_H2O_NH3_3-,False,True,False,False
V30_H2O_NH3_4+,False,True,False,False
V30_H2O_NH3_4-,False,True,False,False
V30_H2O_NH3_5+,False,True,False,False
V30_H2O_NH3_5-,False,True,False,False
V30_H2O_NH3_6+,False,True,False,False
V30_H2O_NH3_6-,False,True,False,False
V30_H2O_NH3_7+,False,True,False,False
V30_H2O_NH3_7-,False,True,False,False
V30_H2O_NH3_8+,False,True,False,False
V30_H2O_NH3_8-,False,True,False,False
V30_H2O_NH3_9+,False,True,False,False
V30_H2O_NH3_9-,False,True,False,False
V30_HF_Ar,False,True,False,False
V30_HF_Ar_0+,False,True,False,False
V30_HF_Ar_0-,False,True,False,False
V30_HF_Ar_1+,False,True,False,False
V30_HF_Ar_1-,False,True,False,False
V30_HF_Ar_3+,False,True,False,False
V30_HF_Ar_3-,False,True,False,False
V30_HF_C2H2,False,True,False,False
V30_HF_C2H2_0+,False,True,False,False
V30_HF_C2H2_0-,False,True,False,False
V30_HF_C2H2_1+,False,True,False,False
V30_HF_C2H2_1-,False,True,False,False
V30_HF_C2H2_10+,False,True,False,False
V30_HF_C2H2_10-,False,True,False,False
V30_HF_C2H2_11+,False,True,False,False
V30_HF_C2H2_11-,False,True,False,False
V30_HF_C2H2_2+,False,True,False,False
V30_HF_C2H2_2-,False,True,False,False
V30_HF_C2H2_3+,False,True,False,False
V30_HF_C2H2_3-,False,True,False,False
V30_HF_C2H2_4+,False,True,False,False
V30_HF_C2H2_4-,False,True,False,False
V30_HF_C2H2_5+,False,True,False,False
V30_HF_C2H2_5-,False,True,False,False
V30_HF_C2H2_6+,False,True,False,False
V30_HF_C2H2_6-,False,True,False,False
V30_HF_C2H2_7+,False,True,False,False
V30_HF_C2H2_7-,False,True,False,False
V30_HF_C2H2_8+,False,True,False,False
V30_HF_C2H2_8-,False,True,False,False
V30_HF_C2H2_9+,False,True,False,False
V30_HF_C2H2_9-,False,True,False,False
V30_HF_CH4,False,True,False,False
V30_HF_CH4_0+,False,True,False,False
V30_HF_CH4_0-,False,True,False,False
V30_HF_CH4_10+,False,True,False,False
V30_HF_CH4_10-,False,True,False,False
V30_HF_CH4_11+,False,True,False,False
V30_HF_CH4_11-,False,True,False,False
V30_HF_CH4_13+,False,True,False,False
V30_HF_CH4_13-,False,True,False,False
V30_HF_CH4_14+,False,True,False,False
V30_HF_CH4_14-,False,True,False,False
V30_HF_CH4_2+,False,True,False,False
V30_HF_CH4_2-,False,True,False,False
V30_HF_CH4_3+,False,True,False,False
V30_HF_CH4_3-,False,True,False,False
V30_HF_CH4_5+,False,True,False,False
V30_HF_CH4_5-,False,True,False,False
V30_HF_CH4_7+,False,True,False,False
V30_HF_CH4_7-,False,True,False,False
V30_HF_CH4_8+,False,True,False,False
V30_HF_CH4_8-,False,True,False,False
V30_HF_CH4_9+,False,True,False,False
V30_HF_CH4_9-,False,True,False,False
V30_HF_CO,False,True,False,False
V30_HF_CO_0+,False,True,False,False
V30_HF_CO_0-,False,True,False,False
V30_HF_CO_2+,False,True,False,False
V30_HF_CO_2-,False,True,False,False
V30_HF_CO_3+,False,True,False,False
V30_HF_CO_3-,False,True,False,False
V30_HF_CO_5+,False,True,False,False
V30_HF_CO_5-,False,True,False,False
V30_HF_CO_6+,False,True,False,False
V30_HF_CO_6-,False,True,False,False
V30_HF_H2O,False,True,False,False
V30_HF_H2O_0+,False,True,False,False
V30_HF_H2O_0-,False,True,False,False
V30_HF_H2O_1+,False,True,False,False
V30_HF_H2O_1-,False,True,False,False
V30_HF_H2O_2+,False,True,False,False
V30_HF_H2O_2-,False,True,False,False
V30_HF_H2O_3+,False,True,False,False
V30_HF_H2O_3-,False,True,False,False
V30_HF_H2O_4+,False,True,False,False
V30_HF_H2O_4-,False,True,False,False
V30_HF_H2O_5+,False,True,False,False
V30_HF_H2O_5-,False,True,False,False
V30_HF_H2O_6+,False,True,False,False
V30_HF_H2O_6-,False,True,False,False
V30_HF_H2O_7+,False,True,False,False
V30_HF_H2O_7-,False,True,False,False
V30_HF_H2O_8+,False,True,False,False
V30_HF_H2O_8-,False,True,False,False
V30_HF_HCN,False,True,False,False
V30_HF_HCN_0+,False,True,False,False
V30_HF_HCN_0-,False,True,False,False
V30_HF_HCN_2+,False,True,False,False
V30_HF_HCN_2-,False,True,False,False
V30_HF_HCN_3+,False,True,False,False
V30_HF_HCN_3-,False,True,False,False
V30_HF_HCN_5+,False,True,False,False
V30_HF_HCN_5-,False,True,False,False
V30_HF_HCN_7+,False,True,False,False
V30_HF_HCN_7-,False,True,False,False
V30_HF_HCN_8+,False,True,False,False
V30_HF_HCN_8-,False,True,False,False
V30_HF_HCN_9+,False,True,False,False
V30_HF_HCN_9-,False,True,False,False
V30_HF_HF,False,True,False,False
V30_HF_HF_0+,False,True,False,False
V30_HF_HF_0-,False,True,False,False
V30_HF_HF_1+,False,True,False,False
V30_HF_HF_1-,False,True,False,False
V30_HF_HF_2+,False,True,False,False
V30_HF_HF_2-,False,True,False,False
V30_HF_HF_3+,False,True,False,False
V30_HF_HF_3-,False,True,False,False
V30_HF_HF_4+,False,True,False,False
V30_HF_HF_4-,False,True,False,False
V30_HF_HF_5+,False,True,False,False
V30_HF_HF_5-,False,True,False,False
V30_HF_N2,False,True,False,False
V30_HF_N2_0+,False,True,False,False
V30_HF_N2_0-,False,True,False,False
V30_HF_N2_2+,False,True,False,False
V30_HF_N2_2-,False,True,False,False
V30_HF_N2_3+,False,True,False,False
V30_HF_N2_3-,False,True,False,False
V30_HF_N2_5+,False,True,False,False
V30_HF_N2_5-,False,True,False,False
V30_HF_N2_6+,False,True,False,False
V30_HF_N2_6-,False,True,False,False
V30_HF_NH3,False,True,False,False
V30_HF_NH3_0+,False,True,False,False
V30_HF_NH3_0-,False,True,False,False
V30_HF_NH3_10+,False,True,False,False
V30_HF_NH3_10-,False,True,False,False
V30_HF_NH3_2+,False,True,False,False
V30_HF_NH3_2-,False,True,False,False
V30_HF_NH3_3+,False,True,False,False
V30_HF_NH3_3-,False,True,False,False
V30_HF_NH3_5+,False,True,False,False
V30_HF_NH3_5-,False,True,False,False
V30_HF_NH3_6+,False,True,False,False
V30_HF_NH3_6-,False,True,False,False
V30_HF_NH3_7+,False,True,False,False
V30_HF_NH3_7-,False,True,False,False
V30_HF_NH3_8+,False,True,False,False
V30_HF_NH3_8-,False,True,False,False
V30_HF_NH3_9+,False,True,False,False
V30_HF_NH3_9-,False,True,False,False
V30_N2_Ar,False,True,False,False
V30_N2_Ar_2+,False,True,False,False
V30_N2_Ar_2-,False,True,False,False
V30_N2_N2,False,True,False,False
V30_N2_N2_3+,False,True,False,False
V30_N2_N2_3-,False,True,False,False
V30_N2_N2_4+,False,True,False,False
V30_N2_N2_4-,False,True,False,False
V30_N2_N2_5+,False,True,False,False
V30_N2_N2_5-,False,True,False,False
V30_NH3_Ar,False,True,False,False
V30_NH3_Ar_0+,False,True,False,False
V30_NH3_Ar_0-,False,True,False,False
V30_NH3_Ar_1+,False,True,False,False
V30_NH3_Ar_1-,False,True,False,False
V30_NH3_Ar_2+,False,True,False,False
V30_NH3_Ar_2-,False,True,False,False
V30_NH3_Ar_3+,False,True,False,False
V30_NH3_Ar_3-,False,True,False,False
V30_NH3_Ar_4+,False,True,False,False
V30_NH3_Ar_4-,False,True,False,False
V30_NH3_Ar_5+,False,True,False,False
V30_NH3_Ar_5-,False,True,False,False
V30_NH3_Ar_6+,False,True,False,False
V30_NH3_Ar_6-,False,True,False,False
V30_NH3_Ar_7+,False,True,False,False
V30_NH3_Ar_7-,False,True,False,False
V30_NH3_Ar_8+,False,True,False,False
V30_NH3_Ar_8-,False,True,False,False
V30_NH3_NH3,False,True,False,False
V30_NH3_NH3_0+,False,True,False,False
V30_NH3_NH3_0-,False,True,False,False
V30_NH3_NH3_1+,False,True,False,False
V30_NH3_NH3_1-,False,True,False,False
V30_NH3_NH3_10+,False,True,False,False
V30_NH3_NH3_10-,False,True,False,False
V30_NH3_NH3_11+,False,True,False,False
V30_NH3_NH3_11-,False,True,False,False
V30_NH3_NH3_12+,False,True,False,False
V30_NH3_NH3_12-,False,True,False,False
V30_NH3_NH3_13+,False,True,False,False
V30_NH3_NH3_13-,False,True,False,False
V30_NH3_NH3_14+,False,True,False,False
V30_NH3_NH3_14-,False,True,False,False
V30_NH3_NH3_15+,False,True,False,False
V30_NH3_NH3_15-,False,True,False,False
V30_NH3_NH3_16+,False,True,False,False
V30_NH3_NH3_16-,False,True,False,False
V30_NH3_NH3_17+,False,True,False,False
V30_NH3_NH3_17-,False,True,False,False
V30_NH3_NH3_2+,False,True,False,False
V30_NH3_NH3_2-,False,True,False,False
V30_NH3_NH3_3+,False,True,False,False
V30_NH3_NH3_3-,False,True,False,False
V30_NH3_NH3_4+,False,True,False,False
V30_NH3_NH3_4-,False,True,False,False
V30_NH3_NH3_5+,False,True,False,False
V30_NH3_NH3_5-,False,True,False,False
V30_NH3_NH3_6+,False,True,False,False
V30_NH3_NH3_6-,False,True,False,False
V30_NH3_NH3_7+,False,True,False,False
V30_NH3_NH3_7-,False,True,False,False
V30_NH3_NH3_8+,False,True,False,False
V30_NH3_NH3_8-,False,True,False,False
V30_NH3_NH3_9+,False,True,False,False
V30_NH3_NH3_9-,False,True,False,False
W4-17_acetaldehyde,True,True,False,False
W4-17_acetic,True,True,False,False
W4-17_al,True,True,False,False
W4-17_alcl,True,True,False,False
W4-17_alcl3,True,True,False,False
W4-17_alf,True,True,False,False
W4-17_alf3,True,True,False,False
W4-17_alh,True,True,False,False
W4-17_alh3,True,True,False,False
W4-17_allene,True,True,False,False
W4-17_allyl,True,True,False,False
W4-17_b,True,True,False,False
W4-17_b2,False,True,False,False
W4-17_b2h6,True,True,False,False
W4-17_benzene,True,True,False,False
W4-17_beta-lactim,True,True,False,False
W4-17_bf,True,True,False,False
W4-17_bf3,True,True,False,False
W4-17_bh,True,True,False,False
W4-17_bh3,True,True,False,False
W4-17_bhf2,True,True,False,False
W4-17_bn,False,True,False,False
W4-17_bn3pi,True,True,False,False
W4-17_borole,True,True,False,False
W4-17_c,True,True,False,False
W4-17_c-hcoh,True,True,False,False
W4-17_c-hono,True,True,False,False
W4-17_c-hooo,True,True,False,False
W4-17_c-n2h2,True,True,False,False
W4-17_c2,False,True,False,False
W4-17_c2cl2,True,True,False,False
W4-17_c2cl4,True,True,False,False
W4-17_c2cl6,True,True,False,False
W4-17_c2clh,True,True,False,False
W4-17_c2clh3,True,True,False,False
W4-17_c2clh5,True,True,False,False
W4-17_c2f4,True,True,False,False
W4-17_c2f6,True,True,False,False
W4-17_c2h2,True,True,False,False
W4-17_c2h3f,True,True,False,False
W4-17_c2h4,True,True,False,False
W4-17_c2h5f,True,True,False,False
W4-17_c2h6,True,True,False,False
W4-17_cch,True,True,False,False
W4-17_ccl2,True,True,False,False
W4-17_ccl2h2,True,True,False,False
W4-17_ccl2o,True,True,False,False
W4-17_ccl3h,True,True,False,False
W4-17_ccl4,True,True,False,False
W4-17_cclh3,True,True,False,False
W4-17_cf,True,True,False,False
W4-17_cf2,True,True,False,False
W4-17_cf2cl2,True,True,False,False
W4-17_cf4,True,True,False,False
W4-17_ch,True,True,False,False
W4-17_ch2-sing,True,True,False,False
W4-17_ch2-trip,True,True,False,False
W4-17_ch2c,True,True,False,False
W4-17_ch2ch,True,True,False,False
W4-17_ch2clf,True,True,False,False
W4-17_ch2f2,True,True,False,False
W4-17_ch2nh,True,True,False,False
W4-17_ch2nh2,True,True,False,False
W4-17_ch3,True,True,False,False
W4-17_ch3f,True,True,False,False
W4-17_ch3nh,True,True,False,False
W4-17_ch3nh2,True,True,False,False
W4-17_ch3ph2,True,True,False,False
W4-17_ch4,True,True,False,False
W4-17_chf3,True,True,False,False
W4-17_cis-c2f2cl2,True,True,False,False
W4-17_cl,True,True,False,False
W4-17_cl2,True,True,False,False
W4-17_cl2o,False,True,False,False
W4-17_clcn,True,True,False,False
W4-17_clcof,True,True,False,False
W4-17_clf,True,True,False,False
W4-17_clf3,False,True,False,False
W4-17_clf5,False,True,False,False
W4-17_clno,True,True,False,False
W4-17_clo,True,True,False,False
W4-17_clo3,False,True,False,False
W4-17_cloo,False,True,False,False
W4-17_cloocl,False,True,False,False
W4-17_cn,True,True,False,False
W4-17_co,True,True,False,False
W4-17_co2,True,True,False,False
W4-17_cs,True,True,False,False
W4-17_cs2,True,True,False,False
W4-17_cyclobutadiene,True,True,False,False
W4-17_cyclobutane,True,True,False,False
W4-17_cyclobutene,True,True,False,False
W4-17_cyclopentadiene,True,True,False,False
W4-17_cyclopropane,True,True,False,False
W4-17_cyclopropene,True,True,False,False
W4-17_cyclopropyl,True,True,False,False
W4-17_dioxetan2one,True,True,False,False
W4-17_dioxetane,True,True,False,False
W4-17_dioxirane,True,True,False,False
W4-17_dithiotane,True,True,False,False
W4-17_ethanol,True,True,False,False
W4-17_f,True,True,False,False
W4-17_f2,True,True,False,False
W4-17_f2co,True,True,False,False
W4-17_f2o,False,True,False,False
W4-17_fccf,True,True,False,False
W4-17_fno,True,True,False,False
W4-17_fo2,False,True,False,False
W4-17_foof,False,True,False,False
W4-17_formamide,True,True,False,False
W4-17_formic,True,True,False,False
W4-17_formic-anhydride,True,True,False,False
W4-17_furan,True,True,False,False
W4-17_glyoxal,True,True,False,False
W4-17_h,True,True,False,False
W4-17_h2,True,True,False,False
W4-17_h2ccn,True,True,False,False
W4-17_h2cn,True,True,False,False
W4-17_h2co,True,True,False,False
W4-17_h2no,True,True,False,False
W4-17_h2o,True,True,False,False
W4-17_h2s,True,True,False,False
W4-17_hccf,True,True,False,False
W4-17_hcl,True,True,False,False
W4-17_hclo4,True,True,False,False
W4-17_hcn,True,True,False,False
W4-17_hcnh,True,True,False,False
W4-17_hcno,True,True,False,False
W4-17_hco,True,True,False,False
W4-17_hcof,True,True,False,False
W4-17_hf,True,True,False,False
W4-17_hnc,True,True,False,False
W4-17_hnco,True,True,False,False
W4-17_hnnn,True,True,False,False
W4-17_hno,True,True,False,False
W4-17_hocl,True,True,False,False
W4-17_hoclo,True,True,False,False
W4-17_hoclo2,True,True,False,False
W4-17_hocn,True,True,False,False
W4-17_hof,True,True,False,False
W4-17_honc,True,True,False,False
W4-17_hoo,True,True,False,False
W4-17_hooh,True,True,False,False
W4-17_hs,True,True,False,False
W4-17_ketene,True,True,False,False
W4-17_methanol,True,True,False,False
W4-17_n,True,True,False,False
W4-17_n-butane,True,True,False,False
W4-17_n-pentane,True,True,False,False
W4-17_n2,True,True,False,False
W4-17_n2h,True,True,False,False
W4-17_n2h4,True,True,False,False
W4-17_n2o,True,True,False,False
W4-17_n2o4,True,True,False,False
W4-17_nccn,True,True,False,False
W4-17_nh,True,True,False,False
W4-17_nh2,True,True,False,False
W4-17_nh2cl,True,True,False,False
W4-17_nh2f,True,True,False,False
W4-17_nh2oh,True,True,False,False
W4-17_nh3,True,True,False,False
W4-17_no,True,True,False,False
W4-17_no2,True,True,False,False
W4-17_o,True,True,False,False
W4-17_o2,True,True,False,False
W4-17_o3,False,True,False,False
W4-17_oclo,False,True,False,False
W4-17_ocs,True,True,False,False
W4-17_of,False,True,False,False
W4-17_oh,True,True,False,False
W4-17_oxadiazole,True,True,False,False
W4-17_oxetane,True,True,False,False
W4-17_oxirane,True,True,False,False
W4-17_oxirene,True,True,False,False
W4-17_p,True,True,False,False
W4-17_p2,True,True,False,False
W4-17_p4,True,True,False,False
W4-17_pf3,True,True,False,False
W4-17_pf5,True,True,False,False
W4-17_ph3,True,True,False,False
W4-17_propane,True,True,False,False
W4-17_propene,True,True,False,False
W4-17_propyne,True,True,False,False
W4-17_pyrrole,True,True,False,False
W4-17_s,True,True,False,False
W4-17_s2,True,True,False,False
W4-17_s2o,True,True,False,False
W4-17_s3,False,True,False,False
W4-17_s4-c2v,False,True,False,False
W4-17_sf6,True,True,False,False
W4-17_si,True,True,False,False
W4-17_si2h6,True,True,False,False
W4-17_sif,True,True,False,False
W4-17_sif4,True,True,False,False
W4-17_sih,True,True,False,False
W4-17_sih3f,True,True,False,False
W4-17_sih4,True,True,False,False
W4-17_silole,True,True,False,False
W4-17_sio,True,True,False,False
W4-17_so,True,True,False,False
W4-17_so2,True,True,False,False
W4-17_so3,True,True,False,False
W4-17_ssh,True,True,False,False
W4-17_t-butadiene,True,True,False,False
W4-17_t-hcoh,True,True,False,False
W4-17_t-hono,True,True,False,False
W4-17_t-hooo,True,True,False,False
W4-17_t-n2h2,True,True,False,False
W4-17_tetrahedrane,True,True,False,False
W4-17_thiophene,True,True,False,False
W4-17_trans-c2f2cl2,True,True,False,False
WATER27_H2O,False,True,False,False
WATER27_H2O2,False,True,False,False
WATER27_H2O20,False,True,False,False
WATER27_H2O20es,False,True,False,False
WATER27_H2O20fc,False,True,False,False
WATER27_H2O20fs,False,True,False,False
WATER27_H2O3,False,True,False,False
WATER27_H2O4,False,True,False,False
WATER27_H2O5,False,True,False,False
WATER27_H2O6,False,True,False,False
WATER27_H2O6b,False,True,False,False
WATER27_H2O6c,False,True,False,False
WATER27_H2O6c2,False,True,False,False
WATER27_H2O8d2d,False,True,False,False
WATER27_H2O8s4,False,True,False,False
WATER27_H3Op,False,True,False,False
WATER27_H3OpH2O,False,True,False,False
WATER27_H3OpH2O2,False,True,False,False
WATER27_H3OpH2O3,False,True,False,False
WATER27_H3OpH2O62d,False,True,False,False
WATER27_H3OpH2O63d,False,True,False,False
WATER27_H3OpH2O6OHm,False,True,False,False
WATER27_OHm,False,True,False,False
WATER27_OHmH2O,False,True,False,False
WATER27_OHmH2O2,False,True,False,False
WATER27_OHmH2O3,False,True,False,False
WATER27_OHmH2O4c4,False,True,False,False
WATER27_OHmH2O4cs,False,True,False,False
WATER27_OHmH2O5,False,True,False,False
WATER27_OHmH2O6,False,True,False,False
X40x10_01_methane-F2_0.80,False,True,False,False
X40x10_01_methane-F2_0.85,False,True,False,False
X40x10_01_methane-F2_0.90,False,True,False,False
X40x10_01_methane-F2_0.95,False,True,False,False
X40x10_01_methane-F2_1.00,False,True,False,False
X40x10_01_methane-F2_1.50,False,True,False,False
X40x10_01_methane-F2_monA,False,True,False,False
X40x10_01_methane-F2_monB,False,True,False,False
X40x10_02_methane-Cl2_0.80,False,True,False,False
X40x10_02_methane-Cl2_0.85,False,True,False,False
X40x10_02_methane-Cl2_0.90,False,True,False,False
X40x10_02_methane-Cl2_0.95,False,True,False,False
X40x10_02_methane-Cl2_1.00,False,True,False,False
X40x10_02_methane-Cl2_1.50,False,True,False,False
X40x10_02_methane-Cl2_monA,False,True,False,False
X40x10_02_methane-Cl2_monB,False,True,False,False
X40x10_03_methane-Br2_0.80,False,True,False,False
X40x10_03_methane-Br2_0.85,False,True,False,False
X40x10_03_methane-Br2_0.90,False,True,False,False
X40x10_03_methane-Br2_0.95,False,True,False,False
X40x10_03_methane-Br2_1.00,False,True,False,False
X40x10_03_methane-Br2_1.50,False,True,False,False
X40x10_03_methane-Br2_monA,False,True,False,False
X40x10_03_methane-Br2_monB,False,True,False,False
X40x10_04_methane-I2_0.80,False,True,False,False
X40x10_04_methane-I2_0.85,False,True,False,False
X40x10_04_methane-I2_0.90,False,True,False,False
X40x10_04_methane-I2_0.95,False,True,False,False
X40x10_04_methane-I2_1.00,False,True,False,False
X40x10_04_methane-I2_1.50,False,True,False,False
X40x10_04_methane-I2_monA,False,True,False,False
X40x10_04_methane-I2_monB,False,True,False,False
X40x10_05_fluoromethane-methane_0.80,False,True,False,False
X40x10_05_fluoromethane-methane_0.85,False,True,False,False
X40x10_05_fluoromethane-methane_0.90,False,True,False,False
X40x10_05_fluoromethane-methane_0.95,False,True,False,False
X40x10_05_fluoromethane-methane_1.00,False,True,False,False
X40x10_05_fluoromethane-methane_1.50,False,True,False,False
X40x10_05_fluoromethane-methane_monA,False,True,False,False
X40x10_05_fluoromethane-methane_monB,False,True,False,False
X40x10_06_chloromethane-methane_0.80,False,True,False,False
X40x10_06_chloromethane-methane_0.85,False,True,False,False
X40x10_06_chloromethane-methane_0.90,False,True,False,False
X40x10_06_chloromethane-methane_0.95,False,True,False,False
X40x10_06_chloromethane-methane_1.00,False,True,False,False
X40x10_06_chloromethane-methane_1.50,False,True,False,False
X40x10_06_chloromethane-methane_monA,False,True,False,False
X40x10_06_chloromethane-methane_monB,False,True,False,False
X40x10_07_trifluoromethane-methane_0.80,False,True,False,False
X40x10_07_trifluoromethane-methane_0.85,False,True,False,False
X40x10_07_trifluoromethane-methane_0.90,False,True,False,False
X40x10_07_trifluoromethane-methane_0.95,False,True,False,False
X40x10_07_trifluoromethane-methane_1.00,False,True,False,False
X40x10_07_trifluoromethane-methane_1.50,False,True,False,False
X40x10_07_trifluoromethane-methane_monA,False,True,False,False
X40x10_07_trifluoromethane-methane_monB,False,True,False,False
X40x10_08_trichloromethane-methane_0.80,False,True,False,False
X40x10_08_trichloromethane-methane_0.85,False,True,False,False
X40x10_08_trichloromethane-methane_0.90,False,True,False,False
X40x10_08_trichloromethane-methane_0.95,False,True,False,False
X40x10_08_trichloromethane-methane_1.00,False,True,False,False
X40x10_08_trichloromethane-methane_1.50,False,True,False,False
X40x10_08_trichloromethane-methane_monA,False,True,False,False
X40x10_08_trichloromethane-methane_monB,False,True,False,False
X40x10_09_fluoromethane-fluoromethane_0.80,False,True,False,False
X40x10_09_fluoromethane-fluoromethane_0.85,False,True,False,False
X40x10_09_fluoromethane-fluoromethane_0.90,False,True,False,False
X40x10_09_fluoromethane-fluoromethane_0.95,False,True,False,False
X40x10_09_fluoromethane-fluoromethane_1.00,False,True,False,False
X40x10_09_fluoromethane-fluoromethane_1.50,False,True,False,False
X40x10_09_fluoromethane-fluoromethane_monA,False,True,False,False
X40x10_09_fluoromethane-fluoromethane_monB,False,True,False,False
X40x10_10_chloromethane-chloromethane_0.80,False,True,False,False
X40x10_10_chloromethane-chloromethane_0.85,False,True,False,False
X40x10_10_chloromethane-chloromethane_0.90,False,True,False,False
X40x10_10_chloromethane-chloromethane_0.95,False,True,False,False
X40x10_10_chloromethane-chloromethane_1.00,False,True,False,False
X40x10_10_chloromethane-chloromethane_1.50,False,True,False,False
X40x10_10_chloromethane-chloromethane_monA,False,True,False,False
X40x10_10_chloromethane-chloromethane_monB,False,True,False,False
X40x10_11_benF3-ben_0.80,False,True,False,False
X40x10_11_benF3-ben_0.85,False,True,False,False
X40x10_11_benF3-ben_0.90,False,True,False,False
X40x10_11_benF3-ben_0.95,False,True,False,False
X40x10_11_benF3-ben_1.00,False,True,False,False
X40x10_11_benF3-ben_1.50,False,True,False,False
X40x10_11_benF3-ben_monA,False,True,False,False
X40x10_11_benF3-ben_monB,False,True,False,False
X40x10_12_benF6-ben_0.80,False,True,False,False
X40x10_12_benF6-ben_0.85,False,True,False,False
X40x10_12_benF6-ben_0.90,False,True,False,False
X40x10_12_benF6-ben_0.95,False,True,False,False
X40x10_12_benF6-ben_1.00,False,True,False,False
X40x10_12_benF6-ben_1.50,False,True,False,False
X40x10_12_benF6-ben_monA,False,True,False,False
X40x10_12_benF6-ben_monB,False,True,False,False
X40x10_13_chloromethane-formaldehyde_0.80,False,True,False,False
X40x10_13_chloromethane-formaldehyde_0.85,False,True,False,False
X40x10_13_chloromethane-formaldehyde_0.90,False,True,False,False
X40x10_13_chloromethane-formaldehyde_0.95,False,True,False,False
X40x10_13_chloromethane-formaldehyde_1.00,False,True,False,False
X40x10_13_chloromethane-formaldehyde_1.50,False,True,False,False
X40x10_13_chloromethane-formaldehyde_monA,False,True,False,False
X40x10_13_chloromethane-formaldehyde_monB,False,True,False,False
X40x10_14_bromomethane-formaldehyde_0.80,False,True,False,False
X40x10_14_bromomethane-formaldehyde_0.85,False,True,False,False
X40x10_14_bromomethane-formaldehyde_0.90,False,True,False,False
X40x10_14_bromomethane-formaldehyde_0.95,False,True,False,False
X40x10_14_bromomethane-formaldehyde_1.00,False,True,False,False
X40x10_14_bromomethane-formaldehyde_1.50,False,True,False,False
X40x10_14_bromomethane-formaldehyde_monA,False,True,False,False
X40x10_14_bromomethane-formaldehyde_monB,False,True,False,False
X40x10_15_iodomethane-formaldehyde_0.80,False,True,False,False
X40x10_15_iodomethane-formaldehyde_0.85,False,True,False,False
X40x10_15_iodomethane-formaldehyde_0.90,False,True,False,False
X40x10_15_iodomethane-formaldehyde_0.95,False,True,False,False
X40x10_15_iodomethane-formaldehyde_1.00,False,True,False,False
X40x10_15_iodomethane-formaldehyde_1.50,False,True,False,False
X40x10_15_iodomethane-formaldehyde_monA,False,True,False,False
X40x10_15_iodomethane-formaldehyde_monB,False,True,False,False
X40x10_16_F3chloromethane-formaldehyde_0.80,False,True,False,False
X40x10_16_F3chloromethane-formaldehyde_0.85,False,True,False,False
X40x10_16_F3chloromethane-formaldehyde_0.90,False,True,False,False
X40x10_16_F3chloromethane-formaldehyde_0.95,False,True,False,False
X40x10_16_F3chloromethane-formaldehyde_1.00,False,True,False,False
X40x10_16_F3chloromethane-formaldehyde_1.50,False,True,False,False
X40x10_16_F3chloromethane-formaldehyde_monA,False,True,False,False
X40x10_16_F3chloromethane-formaldehyde_monB,False,True,False,False
X40x10_17_F3bromomethane-formaldehyde_0.80,False,True,False,False
X40x10_17_F3bromomethane-formaldehyde_0.85,False,True,False,False
X40x10_17_F3bromomethane-formaldehyde_0.90,False,True,False,False
X40x10_17_F3bromomethane-formaldehyde_0.95,False,True,False,False
X40x10_17_F3bromomethane-formaldehyde_1.00,False,True,False,False
X40x10_17_F3bromomethane-formaldehyde_1.50,False,True,False,False
X40x10_17_F3bromomethane-formaldehyde_monA,False,True,False,False
X40x10_17_F3bromomethane-formaldehyde_monB,False,True,False,False
X40x10_18_F3iodomethane-formaldehyde_0.80,False,True,False,False
X40x10_18_F3iodomethane-formaldehyde_0.85,False,True,False,False
X40x10_18_F3iodomethane-formaldehyde_0.90,False,True,False,False
X40x10_18_F3iodomethane-formaldehyde_0.95,False,True,False,False
X40x10_18_F3iodomethane-formaldehyde_1.00,False,True,False,False
X40x10_18_F3iodomethane-formaldehyde_1.50,False,True,False,False
X40x10_18_F3iodomethane-formaldehyde_monA,False,True,False,False
X40x10_18_F3iodomethane-formaldehyde_monB,False,True,False,False
X40x10_19_benCl-acetone_0.80,False,True,False,False
X40x10_19_benCl-acetone_0.85,False,True,False,False
X40x10_19_benCl-acetone_0.90,False,True,False,False
X40x10_19_benCl-acetone_0.95,False,True,False,False
X40x10_19_benCl-acetone_1.00,False,True,False,False
X40x10_19_benCl-acetone_1.50,False,True,False,False
X40x10_19_benCl-acetone_monA,False,True,False,False
X40x10_19_benCl-acetone_monB,False,True,False,False
X40x10_20_benBr-acetone_0.80,False,True,False,False
X40x10_20_benBr-acetone_0.85,False,True,False,False
X40x10_20_benBr-acetone_0.90,False,True,False,False
X40x10_20_benBr-acetone_0.95,False,True,False,False
X40x10_20_benBr-acetone_1.00,False,True,False,False
X40x10_20_benBr-acetone_1.50,False,True,False,False
X40x10_20_benBr-acetone_monA,False,True,False,False
X40x10_20_benBr-acetone_monB,False,True,False,False
X40x10_21_benI-acetone_0.80,False,True,False,False
X40x10_21_benI-acetone_0.85,False,True,False,False
X40x10_21_benI-acetone_0.90,False,True,False,False
X40x10_21_benI-acetone_0.95,False,True,False,False
X40x10_21_benI-acetone_1.00,False,True,False,False
X40x10_21_benI-acetone_1.50,False,True,False,False
X40x10_21_benI-acetone_monA,False,True,False,False
X40x10_21_benI-acetone_monB,False,True,False,False
X40x10_22_benCl-Nm3_0.80,False,True,False,False
X40x10_22_benCl-Nm3_0.85,False,True,False,False
X40x10_22_benCl-Nm3_0.90,False,True,False,False
X40x10_22_benCl-Nm3_0.95,False,True,False,False
X40x10_22_benCl-Nm3_1.00,False,True,False,False
X40x10_22_benCl-Nm3_1.50,False,True,False,False
X40x10_22_benCl-Nm3_monA,False,True,False,False
X40x10_22_benCl-Nm3_monB,False,True,False,False
X40x10_23_benBr-Nm3_0.80,False,True,False,False
X40x10_23_benBr-Nm3_0.85,False,True,False,False
X40x10_23_benBr-Nm3_0.90,False,True,False,False
X40x10_23_benBr-Nm3_0.95,False,True,False,False
X40x10_23_benBr-Nm3_1.00,False,True,False,False
X40x10_23_benBr-Nm3_1.50,False,True,False,False
X40x10_23_benBr-Nm3_monA,False,True,False,False
X40x10_23_benBr-Nm3_monB,False,True,False,False
X40x10_24_benI-Nm3_0.80,False,True,False,False
X40x10_24_benI-Nm3_0.85,False,True,False,False
X40x10_24_benI-Nm3_0.90,False,True,False,False
X40x10_24_benI-Nm3_0.95,False,True,False,False
X40x10_24_benI-Nm3_1.00,False,True,False,False
X40x10_24_benI-Nm3_1.50,False,True,False,False
X40x10_24_benI-Nm3_monA,False,True,False,False
X40x10_24_benI-Nm3_monB,False,True,False,False
X40x10_25_benBr-mSH_0.80,False,True,False,False
X40x10_25_benBr-mSH_0.85,False,True,False,False
X40x10_25_benBr-mSH_0.90,False,True,False,False
X40x10_25_benBr-mSH_0.95,False,True,False,False
X40x10_25_benBr-mSH_1.00,False,True,False,False
X40x10_25_benBr-mSH_1.50,False,True,False,False
X40x10_25_benBr-mSH_monA,False,True,False,False
X40x10_25_benBr-mSH_monB,False,True,False,False
X40x10_26_benI-mSH_0.80,False,True,False,False
X40x10_26_benI-mSH_0.85,False,True,False,False
X40x10_26_benI-mSH_0.90,False,True,False,False
X40x10_26_benI-mSH_0.95,False,True,False,False
X40x10_26_benI-mSH_1.00,False,True,False,False
X40x10_26_benI-mSH_1.50,False,True,False,False
X40x10_26_benI-mSH_monA,False,True,False,False
X40x10_26_benI-mSH_monB,False,True,False,False
X40x10_27_CH3Br-ben_0.80,False,True,False,False
X40x10_27_CH3Br-ben_0.85,False,True,False,False
X40x10_27_CH3Br-ben_0.90,False,True,False,False
X40x10_27_CH3Br-ben_0.95,False,True,False,False
X40x10_27_CH3Br-ben_1.00,False,True,False,False
X40x10_27_CH3Br-ben_1.50,False,True,False,False
X40x10_27_CH3Br-ben_monA,False,True,False,False
X40x10_27_CH3Br-ben_monB,False,True,False,False
X40x10_28_CH3I-ben_0.80,False,True,False,False
X40x10_28_CH3I-ben_0.85,False,True,False,False
X40x10_28_CH3I-ben_0.90,False,True,False,False
X40x10_28_CH3I-ben_0.95,False,True,False,False
X40x10_28_CH3I-ben_1.00,False,True,False,False
X40x10_28_CH3I-ben_1.50,False,True,False,False
X40x10_28_CH3I-ben_monA,False,True,False,False
X40x10_28_CH3I-ben_monB,False,True,False,False
X40x10_29_CF3Br-ben_0.80,False,True,False,False
X40x10_29_CF3Br-ben_0.85,False,True,False,False
X40x10_29_CF3Br-ben_0.90,False,True,False,False
X40x10_29_CF3Br-ben_0.95,False,True,False,False
X40x10_29_CF3Br-ben_1.00,False,True,False,False
X40x10_29_CF3Br-ben_1.50,False,True,False,False
X40x10_29_CF3Br-ben_monA,False,True,False,False
X40x10_29_CF3Br-ben_monB,False,True,False,False
X40x10_30_CF3I-ben_0.80,False,True,False,False
X40x10_30_CF3I-ben_0.85,False,True,False,False
X40x10_30_CF3I-ben_0.90,False,True,False,False
X40x10_30_CF3I-ben_0.95,False,True,False,False
X40x10_30_CF3I-ben_1.00,False,True,False,False
X40x10_30_CF3I-ben_1.50,False,True,False,False
X40x10_30_CF3I-ben_monA,False,True,False,False
X40x10_30_CF3I-ben_monB,False,True,False,False
X40x10_31_trifluorometOH-wat_0.80,False,True,False,False
X40x10_31_trifluorometOH-wat_0.85,False,True,False,False
X40x10_31_trifluorometOH-wat_0.90,False,True,False,False
X40x10_31_trifluorometOH-wat_0.95,False,True,False,False
X40x10_31_trifluorometOH-wat_1.00,False,True,False,False
X40x10_31_trifluorometOH-wat_1.50,False,True,False,False
X40x10_31_trifluorometOH-wat_monA,False,True,False,False
X40x10_31_trifluorometOH-wat_monB,False,True,False,False
X40x10_32_trichlorometOH-wat_0.80,False,True,False,False
X40x10_32_trichlorometOH-wat_0.85,False,True,False,False
X40x10_32_trichlorometOH-wat_0.90,False,True,False,False
X40x10_32_trichlorometOH-wat_0.95,False,True,False,False
X40x10_32_trichlorometOH-wat_1.00,False,True,False,False
X40x10_32_trichlorometOH-wat_1.50,False,True,False,False
X40x10_32_trichlorometOH-wat_monA,False,True,False,False
X40x10_32_trichlorometOH-wat_monB,False,True,False,False
X40x10_33_HF-mOH_0.80,False,True,False,False
X40x10_33_HF-mOH_0.85,False,True,False,False
X40x10_33_HF-mOH_0.90,False,True,False,False
X40x10_33_HF-mOH_0.95,False,True,False,False
X40x10_33_HF-mOH_1.00,False,True,False,False
X40x10_33_HF-mOH_1.50,False,True,False,False
X40x10_33_HF-mOH_monA,False,True,False,False
X40x10_33_HF-mOH_monB,False,True,False,False
X40x10_34_HCl-mOH_0.80,False,True,False,False
X40x10_34_HCl-mOH_0.85,False,True,False,False
X40x10_34_HCl-mOH_0.90,False,True,False,False
X40x10_34_HCl-mOH_0.95,False,True,False,False
X40x10_34_HCl-mOH_1.00,False,True,False,False
X40x10_34_HCl-mOH_1.50,False,True,False,False
X40x10_34_HCl-mOH_monA,False,True,False,False
X40x10_34_HCl-mOH_monB,False,True,False,False
X40x10_35_HBr-mOH_0.80,False,True,False,False
X40x10_35_HBr-mOH_0.85,False,True,False,False
X40x10_35_HBr-mOH_0.90,False,True,False,False
X40x10_35_HBr-mOH_0.95,False,True,False,False
X40x10_35_HBr-mOH_1.00,False,True,False,False
X40x10_35_HBr-mOH_1.50,False,True,False,False
X40x10_35_HBr-mOH_monA,False,True,False,False
X40x10_35_HBr-mOH_monB,False,True,False,False
X40x10_36_HI-mOH_0.80,False,True,False,False
X40x10_36_HI-mOH_0.85,False,True,False,False
X40x10_36_HI-mOH_0.90,False,True,False,False
X40x10_36_HI-mOH_0.95,False,True,False,False
X40x10_36_HI-mOH_1.00,False,True,False,False
X40x10_36_HI-mOH_1.50,False,True,False,False
X40x10_36_HI-mOH_monA,False,True,False,False
X40x10_36_HI-mOH_monB,False,True,False,False
X40x10_37_HF-mNH2_0.80,False,True,False,False
X40x10_37_HF-mNH2_0.85,False,True,False,False
X40x10_37_HF-mNH2_0.90,False,True,False,False
X40x10_37_HF-mNH2_0.95,False,True,False,False
X40x10_37_HF-mNH2_1.00,False,True,False,False
X40x10_37_HF-mNH2_1.50,False,True,False,False
X40x10_37_HF-mNH2_monA,False,True,False,False
X40x10_37_HF-mNH2_monB,False,True,False,False
X40x10_38_HCl-mNH2_0.80,False,True,False,False
X40x10_38_HCl-mNH2_0.85,False,True,False,False
X40x10_38_HCl-mNH2_0.90,False,True,False,False
X40x10_38_HCl-mNH2_0.95,False,True,False,False
X40x10_38_HCl-mNH2_1.00,False,True,False,False
X40x10_38_HCl-mNH2_1.50,False,True,False,False
X40x10_38_HCl-mNH2_monA,False,True,False,False
X40x10_38_HCl-mNH2_monB,False,True,False,False
X40x10_39_methanol-fluoromethane_0.80,False,True,False,False
X40x10_39_methanol-fluoromethane_0.85,False,True,False,False
X40x10_39_methanol-fluoromethane_0.90,False,True,False,False
X40x10_39_methanol-fluoromethane_0.95,False,True,False,False
X40x10_39_methanol-fluoromethane_1.00,False,True,False,False
X40x10_39_methanol-fluoromethane_1.50,False,True,False,False
X40x10_39_methanol-fluoromethane_monA,False,True,False,False
X40x10_39_methanol-fluoromethane_monB,False,True,False,False
X40x10_40_methanol-chloromethane_0.80,False,True,False,False
X40x10_40_methanol-chloromethane_0.85,False,True,False,False
X40x10_40_methanol-chloromethane_0.90,False,True,False,False
X40x10_40_methanol-chloromethane_0.95,False,True,False,False
X40x10_40_methanol-chloromethane_1.00,False,True,False,False
X40x10_40_methanol-chloromethane_1.50,False,True,False,False
X40x10_40_methanol-chloromethane_monA,False,True,False,False
X40x10_40_methanol-chloromethane_monB,False,True,False,False
YBDE18_cbh22,False,True,False,False
YBDE18_ch2,False,True,False,False
YBDE18_f2s,False,True,False,False
YBDE18_f2s-cbh22,False,True,False,False
YBDE18_f2s-ch2,False,True,False,False
YBDE18_h2s,False,True,False,False
YBDE18_h2s-cbh22,False,True,False,False
YBDE18_h2s-ch2,False,True,False,False
YBDE18_me2s,False,True,False,False
YBDE18_me2s-cbh22,False,True,False,False
YBDE18_me2s-ch2,False,True,False,False
YBDE18_nf3,False,True,False,False
YBDE18_nf3-cbh22,False,True,False,False
YBDE18_nf3-ch2,False,True,False,False
YBDE18_nh3,False,True,False,False
YBDE18_nh3-cbh22,False,True,False,False
YBDE18_nh3-ch2,False,True,False,False
YBDE18_nme3,False,True,False,False
YBDE18_nme3-cbh22,False,True,False,False
YBDE18_nme3-ch2,False,True,False,False
YBDE18_pf3,False,True,False,False
YBDE18_pf3-cbh22,False,True,False,False
YBDE18_pf3-ch2,False,True,False,False
YBDE18_ph3,False,True,False,False
YBDE18_ph3-cbh22,False,True,False,False
YBDE18_ph3-ch2,False,True,False,False
YBDE18_pme3,False,True,False,False
YBDE18_pme3-cbh22,False,True,False,False
YBDE18_pme3-ch2,False,True,False,False
h2o_SW49,False,True,False,False
L14_2a,False,False,False,True
L14_2a_monA,False,False,False,True
L14_2a_monB,False,False,False,True
L14_2b,False,False,False,True
L14_2b_monA,False,False,False,True
L14_2b_monB,False,False,False,True
L14_3b,False,False,False,True
L14_3b_monA,False,False,False,True
L14_3b_monB,False,False,False,True
L14_C2C2PD,False,False,False,True
L14_C2C2PD_monA,False,False,False,True
L14_C2C2PD_monB,False,False,False,True
L14_C3A,False,False,False,True
L14_C3A_monA,False,False,False,True
L14_C3A_monB,False,False,False,True
L14_C3GC,False,False,False,True
L14_C3GC_monA,False,False,False,True
L14_C3GC_monB,False,False,False,True
L14_CBH,False,False,False,True
L14_CBH_monA,False,False,False,True
L14_CBH_monB,False,False,False,True
L14_Da1,False,False,False,True
L14_Da1_monA,False,False,False,True
L14_Da1_monB,False,False,False,True
L14_Da2,False,False,False,True
L14_Da2_monA,False,False,False,True
L14_Da2_monB,False,False,False,True
L14_GCGC,False,False,False,True
L14_GCGC_monA,False,False,False,True
L14_GCGC_monB,False,False,False,True
L14_GGG,False,False,False,True
L14_GGG_monA,False,False,False,True
L14_GGG_monB,False,False,False,True
L14_PHE,False,False,False,True
L14_PHE_monA,False,False,False,True
L14_PHE_monB,False,False,False,True
L14_S8-1,False,False,False,True
L14_S8-1_monA,False,False,False,True
L14_S8-1_monB,False,False,False,True
L14_S8-2,False,False,False,True
L14_S8-2_monA,False,False,False,True
L14_S8-2_monB,False,False,False,True
vL11_3a,False,False,False,True
vL11_3a_monA,False,False,False,True
vL11_3a_monB,False,False,False,True
vL11_4a,False,False,False,True
vL11_4a_monA,False,False,False,True
vL11_4a_monB,False,False,False,True
vL11_5a,False,False,False,True
vL11_5a_monA,False,False,False,True
vL11_5a_monB,False,False,False,True
vL11_5b,False,False,False,True
vL11_5b_monA,False,False,False,True
vL11_5b_monB,False,False,False,True
vL11_C60-C60,False,False,False,True
vL11_C60-C60_monA,False,False,False,True
vL11_C60-C60_monB,False,False,False,True
vL11_C60-CPPA,False,False,False,True
vL11_C60-CPPA_monA,False,False,False,True
vL11_C60-CPPA_monB,False,False,False,True
vL11_CiM-a,False,False,False,True
vL11_CiM-a_monA,False,False,False,True
vL11_CiM-a_monB,False,False,False,True
vL11_CiM-c,False,False,False,True
vL11_CiM-c_monA,False,False,False,True
vL11_CiM-c_monB,False,False,False,True
vL11_CiM-d,False,False,False,True
vL11_CiM-d_monA,False,False,False,True
vL11_CiM-d_monB,False,False,False,True
vL11_CiM-e,False,False,False,True
vL11_CiM-e_monA,False,False,False,True
vL11_CiM-e_monB,False,False,False,True
vL11_DNA-ellipticine,False,False,False,True
vL11_DNA-ellipticine_monA,False,False,False,True
vL11_DNA-ellipticine_monB,False,False,False,True
dsgdb9nsd_000018,False,False,False,True
dsgdb9nsd_000019,False,False,False,True
dsgdb9nsd_000020,False,False,False,True
dsgdb9nsd_000021,False,False,False,True
dsgdb9nsd_000022,False,False,False,True
dsgdb9nsd_000023,False,False,False,True
dsgdb9nsd_000024,False,False,False,True
dsgdb9nsd_000025,False,False,False,True
dsgdb9nsd_000026,False,False,False,True
dsgdb9nsd_000027,False,False,False,True
dsgdb9nsd_000029,False,False,False,True
dsgdb9nsd_000030,False,False,False,True
dsgdb9nsd_000031,False,False,False,True
dsgdb9nsd_000032,False,False,False,True
dsgdb9nsd_000033,False,False,False,True
dsgdb9nsd_000034,False,False,False,True
dsgdb9nsd_000035,False,False,False,True
dsgdb9nsd_000036,False,False,False,True
dsgdb9nsd_000037,False,False,False,True
dsgdb9nsd_000038,False,False,False,True
dsgdb9nsd_000039,False,False,False,True
dsgdb9nsd_000040,False,False,False,True
dsgdb9nsd_000041,False,False,False,True
dsgdb9nsd_000042,False,False,False,True
dsgdb9nsd_000043,False,False,False,True
dsgdb9nsd_000044,False,False,False,True
dsgdb9nsd_000045,False,False,False,True
dsgdb9nsd_000046,False,False,False,True
dsgdb9nsd_000047,False,False,False,True
dsgdb9nsd_000048,False,False,False,True
dsgdb9nsd_000049,False,False,False,True
dsgdb9nsd_000050,False,False,False,True
dsgdb9nsd_000051,False,False,False,True
dsgdb9nsd_000053,False,False,False,True
dsgdb9nsd_000054,False,False,False,True
dsgdb9nsd_000055,False,False,False,True
dsgdb9nsd_000056,False,False,False,True
dsgdb9nsd_000057,False,False,False,True
dsgdb9nsd_000058,False,False,False,True
dsgdb9nsd_000060,False,False,False,True
dsgdb9nsd_000061,False,False,False,True
dsgdb9nsd_000062,False,False,False,True
dsgdb9nsd_000063,False,False,False,True
dsgdb9nsd_000064,False,False,False,True
dsgdb9nsd_000065,False,False,False,True
dsgdb9nsd_000066,False,False,False,True
dsgdb9nsd_000067,False,False,False,True
dsgdb9nsd_000068,False,False,False,True
dsgdb9nsd_000069,False,False,False,True
dsgdb9nsd_000070,False,False,False,True
dsgdb9nsd_000071,False,False,False,True
dsgdb9nsd_000072,False,False,False,True
dsgdb9nsd_000073,False,False,False,True
dsgdb9nsd_000075,False,False,False,True
dsgdb9nsd_000076,False,False,False,True
dsgdb9nsd_000077,False,False,False,True
dsgdb9nsd_000078,False,False,False,True
dsgdb9nsd_000079,False,False,False,True
dsgdb9nsd_000080,False,False,False,True
dsgdb9nsd_000081,False,False,False,True
dsgdb9nsd_000082,False,False,False,True
dsgdb9nsd_000083,False,False,False,True
dsgdb9nsd_000084,False,False,False,True
dsgdb9nsd_000085,False,False,False,True
dsgdb9nsd_000086,False,False,False,True
dsgdb9nsd_000087,False,False,False,True
dsgdb9nsd_000088,False,False,False,True
dsgdb9nsd_000089,False,False,False,True
dsgdb9nsd_000090,False,False,False,True
dsgdb9nsd_000091,False,False,False,True
dsgdb9nsd_000092,False,False,False,True
dsgdb9nsd_000093,False,False,False,True
dsgdb9nsd_000094,False,False,False,True
dsgdb9nsd_000095,False,False,False,True
dsgdb9nsd_000096,False,False,False,True
dsgdb9nsd_000097,False,False,False,True
dsgdb9nsd_000098,False,False,False,True
dsgdb9nsd_000100,False,False,False,True
dsgdb9nsd_000101,False,False,False,True
dsgdb9nsd_000102,False,False,False,True
dsgdb9nsd_000103,False,False,False,True
dsgdb9nsd_000104,False,False,False,True
dsgdb9nsd_000106,False,False,False,True
dsgdb9nsd_000107,False,False,False,True
dsgdb9nsd_000108,False,False,False,True
dsgdb9nsd_000109,False,False,False,True
dsgdb9nsd_000110,False,False,False,True
dsgdb9nsd_000111,False,False,False,True
dsgdb9nsd_000112,False,False,False,True
dsgdb9nsd_000113,False,False,False,True
dsgdb9nsd_000114,False,False,False,True
dsgdb9nsd_000115,False,False,False,True
dsgdb9nsd_000116,False,False,False,True
dsgdb9nsd_000117,False,False,False,True
dsgdb9nsd_000118,False,False,False,True
dsgdb9nsd_000119,False,False,False,True
dsgdb9nsd_000120,False,False,False,True
dsgdb9nsd_000121,False,False,False,True
dsgdb9nsd_000122,False,False,False,True
dsgdb9nsd_000123,False,False,False,True
dsgdb9nsd_000124,False,False,False,True
dsgdb9nsd_000125,False,False,False,True
dsgdb9nsd_000126,False,False,False,True
dsgdb9nsd_000127,False,False,False,True
dsgdb9nsd_000128,False,False,False,True
dsgdb9nsd_000129,False,False,False,True
dsgdb9nsd_000130,False,False,False,True
dsgdb9nsd_000131,False,False,False,True
dsgdb9nsd_000132,False,False,False,True
dsgdb9nsd_000133,False,False,False,True
dsgdb9nsd_000134,False,False,False,True
dsgdb9nsd_000135,False,False,False,True
dsgdb9nsd_000136,False,False,False,True
dsgdb9nsd_000137,False,False,False,True
dsgdb9nsd_000138,False,False,False,True
dsgdb9nsd_000139,False,False,False,True
dsgdb9nsd_000140,False,False,False,True
dsgdb9nsd_000141,False,False,False,True
dsgdb9nsd_000142,False,False,False,True
dsgdb9nsd_000143,False,False,False,True
dsgdb9nsd_000144,False,False,False,True
dsgdb9nsd_000146,False,False,False,True
dsgdb9nsd_000147,False,False,False,True
dsgdb9nsd_000148,False,False,False,True
dsgdb9nsd_000149,False,False,False,True
dsgdb9nsd_000151,False,False,False,True
dsgdb9nsd_000152,False,False,False,True
dsgdb9nsd_000153,False,False,False,True
dsgdb9nsd_000154,False,False,False,True
dsgdb9nsd_000155,False,False,False,True
dsgdb9nsd_000156,False,False,False,True
dsgdb9nsd_000157,False,False,False,True
dsgdb9nsd_000158,False,False,False,True
dsgdb9nsd_000160,False,False,False,True
dsgdb9nsd_000161,False,False,False,True
dsgdb9nsd_000162,False,False,False,True
dsgdb9nsd_000163,False,False,False,True
dsgdb9nsd_000164,False,False,False,True
dsgdb9nsd_000165,False,False,False,True
dsgdb9nsd_000166,False,False,False,True
dsgdb9nsd_000167,False,False,False,True
dsgdb9nsd_000168,False,False,False,True
dsgdb9nsd_000169,False,False,False,True
dsgdb9nsd_000170,False,False,False,True
dsgdb9nsd_000171,False,False,False,True
dsgdb9nsd_000172,False,False,False,True
dsgdb9nsd_000173,False,False,False,True
dsgdb9nsd_000174,False,False,False,True
dsgdb9nsd_000175,False,False,False,True
dsgdb9nsd_000178,False,False,False,True
dsgdb9nsd_000179,False,False,False,True
dsgdb9nsd_000180,False,False,False,True
dsgdb9nsd_000182,False,False,False,True
dsgdb9nsd_000183,False,False,False,True
dsgdb9nsd_000184,False,False,False,True
dsgdb9nsd_000185,False,False,False,True
dsgdb9nsd_000186,False,False,False,True
dsgdb9nsd_000187,False,False,False,True
dsgdb9nsd_000188,False,False,False,True
dsgdb9nsd_000189,False,False,False,True
dsgdb9nsd_000190,False,False,False,True
dsgdb9nsd_000191,False,False,False,True
dsgdb9nsd_000192,False,False,False,True
dsgdb9nsd_000193,False,False,False,True
dsgdb9nsd_000194,False,False,False,True
dsgdb9nsd_000195,False,False,False,True
dsgdb9nsd_000196,False,False,False,True
dsgdb9nsd_000197,False,False,False,True
dsgdb9nsd_000198,False,False,False,True
dsgdb9nsd_000199,False,False,False,True
dsgdb9nsd_000200,False,False,False,True
dsgdb9nsd_000201,False,False,False,True
dsgdb9nsd_000202,False,False,False,True
dsgdb9nsd_000203,False,False,False,True
dsgdb9nsd_000204,False,False,False,True
dsgdb9nsd_000205,False,False,False,True
dsgdb9nsd_000206,False,False,False,True
dsgdb9nsd_000207,False,False,False,True
dsgdb9nsd_000208,False,False,False,True
dsgdb9nsd_000209,False,False,False,True
dsgdb9nsd_000210,False,False,False,True
dsgdb9nsd_000211,False,False,False,True
dsgdb9nsd_000213,False,False,False,True
dsgdb9nsd_000214,False,False,False,True
dsgdb9nsd_000215,False,False,False,True
dsgdb9nsd_000216,False,False,False,True
dsgdb9nsd_000217,False,False,False,True
dsgdb9nsd_000218,False,False,False,True
dsgdb9nsd_000219,False,False,False,True
dsgdb9nsd_000220,False,False,False,True
dsgdb9nsd_000221,False,False,False,True
dsgdb9nsd_000222,False,False,False,True
dsgdb9nsd_000223,False,False,False,True
dsgdb9nsd_000224,False,False,False,True
dsgdb9nsd_000225,False,False,False,True
dsgdb9nsd_000226,False,False,False,True
dsgdb9nsd_000227,False,False,False,True
dsgdb9nsd_000228,False,False,False,True
dsgdb9nsd_000229,False,False,False,True
dsgdb9nsd_000230,False,False,False,True
dsgdb9nsd_000231,False,False,False,True
dsgdb9nsd_000232,False,False,False,True
dsgdb9nsd_000233,False,False,False,True
dsgdb9nsd_000234,False,False,False,True
dsgdb9nsd_000235,False,False,False,True
dsgdb9nsd_000236,False,False,False,True
dsgdb9nsd_000237,False,False,False,True
dsgdb9nsd_000238,False,False,False,True
dsgdb9nsd_000239,False,False,False,True
dsgdb9nsd_000240,False,False,False,True
dsgdb9nsd_000241,False,False,False,True
dsgdb9nsd_000242,False,False,False,True
dsgdb9nsd_000243,False,False,False,True
dsgdb9nsd_000244,False,False,False,True
dsgdb9nsd_000245,False,False,False,True
dsgdb9nsd_000246,False,False,False,True
dsgdb9nsd_000247,False,False,False,True
dsgdb9nsd_000248,False,False,False,True
dsgdb9nsd_000249,False,False,False,True
dsgdb9nsd_000250,False,False,False,True
dsgdb9nsd_000251,False,False,False,True
dsgdb9nsd_000252,False,False,False,True
dsgdb9nsd_000253,False,False,False,True
dsgdb9nsd_000254,False,False,False,True
dsgdb9nsd_000255,False,False,False,True
dsgdb9nsd_000256,False,False,False,True
dsgdb9nsd_000257,False,False,False,True
dsgdb9nsd_000258,False,False,False,True
dsgdb9nsd_000259,False,False,False,True
dsgdb9nsd_000260,False,False,False,True
dsgdb9nsd_000261,False,False,False,True
dsgdb9nsd_000262,False,False,False,True
dsgdb9nsd_000263,False,False,False,True
dsgdb9nsd_000264,False,False,False,True
dsgdb9nsd_000265,False,False,False,True
dsgdb9nsd_000266,False,False,False,True
dsgdb9nsd_000267,False,False,False,True
dsgdb9nsd_000268,False,False,False,True
dsgdb9nsd_000269,False,False,False,True
dsgdb9nsd_000270,False,False,False,True
dsgdb9nsd_000271,False,False,False,True
dsgdb9nsd_000272,False,False,False,True
dsgdb9nsd_000273,False,False,False,True
dsgdb9nsd_000274,False,False,False,True
dsgdb9nsd_000275,False,False,False,True
dsgdb9nsd_000276,False,False,False,True
dsgdb9nsd_000277,False,False,False,True
dsgdb9nsd_000278,False,False,False,True
dsgdb9nsd_000279,False,False,False,True
dsgdb9nsd_000280,False,False,False,True
dsgdb9nsd_000281,False,False,False,True
dsgdb9nsd_000282,False,False,False,True
dsgdb9nsd_000283,False,False,False,True
dsgdb9nsd_000284,False,False,False,True
dsgdb9nsd_000285,False,False,False,True
dsgdb9nsd_000286,False,False,False,True
dsgdb9nsd_000287,False,False,False,True
dsgdb9nsd_000288,False,False,False,True
dsgdb9nsd_000289,False,False,False,True
dsgdb9nsd_000290,False,False,False,True
dsgdb9nsd_000291,False,False,False,True
dsgdb9nsd_000292,False,False,False,True
dsgdb9nsd_000293,False,False,False,True
dsgdb9nsd_000294,False,False,False,True
dsgdb9nsd_000295,False,False,False,True
dsgdb9nsd_000296,False,False,False,True
dsgdb9nsd_000297,False,False,False,True
dsgdb9nsd_000298,False,False,False,True
dsgdb9nsd_000299,False,False,False,True
dsgdb9nsd_000300,False,False,False,True
dsgdb9nsd_000301,False,False,False,True
dsgdb9nsd_000302,False,False,False,True
dsgdb9nsd_000303,False,False,False,True
dsgdb9nsd_000304,False,False,False,True
dsgdb9nsd_000306,False,False,False,True
dsgdb9nsd_000307,False,False,False,True
dsgdb9nsd_000308,False,False,False,True
dsgdb9nsd_000309,False,False,False,True
dsgdb9nsd_000310,False,False,False,True
dsgdb9nsd_000311,False,False,False,True
dsgdb9nsd_000312,False,False,False,True
dsgdb9nsd_000313,False,False,False,True
dsgdb9nsd_000314,False,False,False,True
dsgdb9nsd_000315,False,False,False,True
dsgdb9nsd_000316,False,False,False,True
dsgdb9nsd_000317,False,False,False,True
dsgdb9nsd_000318,False,False,False,True
dsgdb9nsd_000319,False,False,False,True
dsgdb9nsd_000320,False,False,False,True
dsgdb9nsd_000321,False,False,False,True
dsgdb9nsd_000322,False,False,False,True
dsgdb9nsd_000323,False,False,False,True
dsgdb9nsd_000324,False,False,False,True
dsgdb9nsd_000325,False,False,False,True
dsgdb9nsd_000326,False,False,False,True
dsgdb9nsd_000327,False,False,False,True
dsgdb9nsd_000328,False,False,False,True
dsgdb9nsd_000329,False,False,False,True
dsgdb9nsd_000330,False,False,False,True
dsgdb9nsd_000331,False,False,False,True
dsgdb9nsd_000332,False,False,False,True
dsgdb9nsd_000333,False,False,False,True
dsgdb9nsd_000334,False,False,False,True
dsgdb9nsd_000335,False,False,False,True
dsgdb9nsd_000336,False,False,False,True
dsgdb9nsd_000337,False,False,False,True
dsgdb9nsd_000338,False,False,False,True
dsgdb9nsd_000339,False,False,False,True
dsgdb9nsd_000340,False,False,False,True
dsgdb9nsd_000341,False,False,False,True
dsgdb9nsd_000342,False,False,False,True
dsgdb9nsd_000343,False,False,False,True
dsgdb9nsd_000344,False,False,False,True
dsgdb9nsd_000345,False,False,False,True
dsgdb9nsd_000346,False,False,False,True
dsgdb9nsd_000347,False,False,False,True
dsgdb9nsd_000348,False,False,False,True
dsgdb9nsd_000349,False,False,False,True
dsgdb9nsd_000350,False,False,False,True
dsgdb9nsd_000351,False,False,False,True
dsgdb9nsd_000352,False,False,False,True
dsgdb9nsd_000354,False,False,False,True
dsgdb9nsd_000355,False,False,False,True
dsgdb9nsd_000356,False,False,False,True
dsgdb9nsd_000357,False,False,False,True
dsgdb9nsd_000358,False,False,False,True
dsgdb9nsd_000359,False,False,False,True
dsgdb9nsd_000360,False,False,False,True
dsgdb9nsd_000361,False,False,False,True
dsgdb9nsd_000362,False,False,False,True
dsgdb9nsd_000363,False,False,False,True
dsgdb9nsd_000364,False,False,False,True
dsgdb9nsd_000365,False,False,False,True
dsgdb9nsd_000366,False,False,False,True
dsgdb9nsd_000367,False,False,False,True
dsgdb9nsd_000369,False,False,False,True
dsgdb9nsd_000370,False,False,False,True
dsgdb9nsd_000371,False,False,False,True
dsgdb9nsd_000372,False,False,False,True
dsgdb9nsd_000373,False,False,False,True
dsgdb9nsd_000374,False,False,False,True
dsgdb9nsd_000376,False,False,False,True
dsgdb9nsd_000377,False,False,False,True
dsgdb9nsd_000378,False,False,False,True
dsgdb9nsd_000379,False,False,False,True
dsgdb9nsd_000380,False,False,False,True
dsgdb9nsd_000381,False,False,False,True
dsgdb9nsd_000382,False,False,False,True
dsgdb9nsd_000383,False,False,False,True
dsgdb9nsd_000384,False,False,False,True
dsgdb9nsd_000385,False,False,False,True
dsgdb9nsd_000386,False,False,False,True
dsgdb9nsd_000387,False,False,False,True
dsgdb9nsd_000388,False,False,False,True
dsgdb9nsd_000389,False,False,False,True
dsgdb9nsd_000390,False,False,False,True
dsgdb9nsd_000391,False,False,False,True
dsgdb9nsd_000392,False,False,False,True
dsgdb9nsd_000393,False,False,False,True
dsgdb9nsd_000394,False,False,False,True
dsgdb9nsd_000395,False,False,False,True
dsgdb9nsd_000397,False,False,False,True
dsgdb9nsd_000398,False,False,False,True
dsgdb9nsd_000399,False,False,False,True
dsgdb9nsd_000400,False,False,False,True
dsgdb9nsd_000401,False,False,False,True
dsgdb9nsd_000402,False,False,False,True
dsgdb9nsd_000403,False,False,False,True
dsgdb9nsd_000404,False,False,False,True
dsgdb9nsd_000405,False,False,False,True
dsgdb9nsd_000406,False,False,False,True
dsgdb9nsd_000407,False,False,False,True
dsgdb9nsd_000408,False,False,False,True
dsgdb9nsd_000409,False,False,False,True
dsgdb9nsd_000410,False,False,False,True
dsgdb9nsd_000411,False,False,False,True
dsgdb9nsd_000412,False,False,False,True
dsgdb9nsd_000413,False,False,False,True
dsgdb9nsd_000414,False,False,False,True
dsgdb9nsd_000415,False,False,False,True
dsgdb9nsd_000416,False,False,False,True
dsgdb9nsd_000417,False,False,False,True
dsgdb9nsd_000418,False,False,False,True
dsgdb9nsd_000419,False,False,False,True
dsgdb9nsd_000420,False,False,False,True
dsgdb9nsd_000421,False,False,False,True
dsgdb9nsd_000422,False,False,False,True
dsgdb9nsd_000423,False,False,False,True
dsgdb9nsd_000424,False,False,False,True
dsgdb9nsd_000425,False,False,False,True
dsgdb9nsd_000426,False,False,False,True
dsgdb9nsd_000427,False,False,False,True
dsgdb9nsd_000428,False,False,False,True
dsgdb9nsd_000429,False,False,False,True
dsgdb9nsd_000430,False,False,False,True
dsgdb9nsd_000431,False,False,False,True
dsgdb9nsd_000432,False,False,False,True
dsgdb9nsd_000433,False,False,False,True
dsgdb9nsd_000434,False,False,False,True
dsgdb9nsd_000435,False,False,False,True
dsgdb9nsd_000436,False,False,False,True
dsgdb9nsd_000437,False,False,False,True
dsgdb9nsd_000438,False,False,False,True
dsgdb9nsd_000439,False,False,False,True
dsgdb9nsd_000440,False,False,False,True
dsgdb9nsd_000441,False,False,False,True
dsgdb9nsd_000442,False,False,False,True
dsgdb9nsd_000443,False,False,False,True
dsgdb9nsd_000444,False,False,False,True
dsgdb9nsd_000445,False,False,False,True
dsgdb9nsd_000446,False,False,False,True
dsgdb9nsd_000447,False,False,False,True
dsgdb9nsd_000448,False,False,False,True
dsgdb9nsd_000449,False,False,False,True
dsgdb9nsd_000450,False,False,False,True
dsgdb9nsd_000451,False,False,False,True
dsgdb9nsd_000452,False,False,False,True
dsgdb9nsd_000453,False,False,False,True
dsgdb9nsd_000454,False,False,False,True
dsgdb9nsd_000455,False,False,False,True
dsgdb9nsd_000456,False,False,False,True
dsgdb9nsd_000457,False,False,False,True
dsgdb9nsd_000458,False,False,False,True
dsgdb9nsd_000459,False,False,False,True
dsgdb9nsd_000460,False,False,False,True
dsgdb9nsd_000461,False,False,False,True
dsgdb9nsd_000462,False,False,False,True
dsgdb9nsd_000463,False,False,False,True
dsgdb9nsd_000464,False,False,False,True
dsgdb9nsd_000465,False,False,False,True
dsgdb9nsd_000466,False,False,False,True
dsgdb9nsd_000467,False,False,False,True
dsgdb9nsd_000468,False,False,False,True
dsgdb9nsd_000469,False,False,False,True
dsgdb9nsd_000470,False,False,False,True
dsgdb9nsd_000471,False,False,False,True
dsgdb9nsd_000472,False,False,False,True
dsgdb9nsd_000473,False,False,False,True
dsgdb9nsd_000474,False,False,False,True
dsgdb9nsd_000475,False,False,False,True
dsgdb9nsd_000476,False,False,False,True
dsgdb9nsd_000477,False,False,False,True
dsgdb9nsd_000478,False,False,False,True
dsgdb9nsd_000479,False,False,False,True
dsgdb9nsd_000480,False,False,False,True
dsgdb9nsd_000481,False,False,False,True
dsgdb9nsd_000482,False,False,False,True
dsgdb9nsd_000483,False,False,False,True
dsgdb9nsd_000485,False,False,False,True
dsgdb9nsd_000486,False,False,False,True
dsgdb9nsd_000487,False,False,False,True
dsgdb9nsd_000488,False,False,False,True
dsgdb9nsd_000489,False,False,False,True
dsgdb9nsd_000490,False,False,False,True
dsgdb9nsd_000491,False,False,False,True
dsgdb9nsd_000492,False,False,False,True
dsgdb9nsd_000493,False,False,False,True
dsgdb9nsd_000494,False,False,False,True
dsgdb9nsd_000495,False,False,False,True
dsgdb9nsd_000496,False,False,False,True
dsgdb9nsd_000497,False,False,False,True
dsgdb9nsd_000498,False,False,False,True
dsgdb9nsd_000499,False,False,False,True
dsgdb9nsd_000500,False,False,False,True
dsgdb9nsd_000501,False,False,False,True
dsgdb9nsd_000502,False,False,False,True
dsgdb9nsd_000503,False,False,False,True
dsgdb9nsd_000504,False,False,False,True
dsgdb9nsd_000505,False,False,False,True
dsgdb9nsd_000507,False,False,False,True
dsgdb9nsd_000508,False,False,False,True
dsgdb9nsd_000509,False,False,False,True
dsgdb9nsd_000510,False,False,False,True
dsgdb9nsd_000511,False,False,False,True
dsgdb9nsd_000512,False,False,False,True
dsgdb9nsd_000513,False,False,False,True
dsgdb9nsd_000514,False,False,False,True
dsgdb9nsd_000515,False,False,False,True
dsgdb9nsd_000516,False,False,False,True
dsgdb9nsd_000517,False,False,False,True
dsgdb9nsd_000518,False,False,False,True
dsgdb9nsd_000519,False,False,False,True
dsgdb9nsd_000520,False,False,False,True
dsgdb9nsd_000521,False,False,False,True
dsgdb9nsd_000522,False,False,False,True
dsgdb9nsd_000523,False,False,False,True
dsgdb9nsd_000524,False,False,False,True
dsgdb9nsd_000525,False,False,False,True
dsgdb9nsd_000526,False,False,False,True
dsgdb9nsd_000527,False,False,False,True
dsgdb9nsd_000528,False,False,False,True
dsgdb9nsd_000529,False,False,False,True
dsgdb9nsd_000530,False,False,False,True
dsgdb9nsd_000531,False,False,False,True
dsgdb9nsd_000532,False,False,False,True
dsgdb9nsd_000533,False,False,False,True
dsgdb9nsd_000534,False,False,False,True
dsgdb9nsd_000535,False,False,False,True
dsgdb9nsd_000536,False,False,False,True
dsgdb9nsd_000537,False,False,False,True
dsgdb9nsd_000538,False,False,False,True
dsgdb9nsd_000539,False,False,False,True
dsgdb9nsd_000540,False,False,False,True
dsgdb9nsd_000541,False,False,False,True
dsgdb9nsd_000542,False,False,False,True
dsgdb9nsd_000543,False,False,False,True
dsgdb9nsd_000544,False,False,False,True
dsgdb9nsd_000545,False,False,False,True
dsgdb9nsd_000546,False,False,False,True
dsgdb9nsd_000547,False,False,False,True
dsgdb9nsd_000548,False,False,False,True
dsgdb9nsd_000549,False,False,False,True
dsgdb9nsd_000550,False,False,False,True
dsgdb9nsd_000551,False,False,False,True
dsgdb9nsd_000552,False,False,False,True
dsgdb9nsd_000553,False,False,False,True
dsgdb9nsd_000554,False,False,False,True
dsgdb9nsd_000555,False,False,False,True
dsgdb9nsd_000556,False,False,False,True
dsgdb9nsd_000557,False,False,False,True
dsgdb9nsd_000558,False,False,False,True
dsgdb9nsd_000559,False,False,False,True
dsgdb9nsd_000560,False,False,False,True
dsgdb9nsd_000561,False,False,False,True
dsgdb9nsd_000562,False,False,False,True
dsgdb9nsd_000563,False,False,False,True
dsgdb9nsd_000564,False,False,False,True
dsgdb9nsd_000565,False,False,False,True
dsgdb9nsd_000566,False,False,False,True
dsgdb9nsd_000567,False,False,False,True
dsgdb9nsd_000568,False,False,False,True
dsgdb9nsd_000569,False,False,False,True
dsgdb9nsd_000570,False,False,False,True
dsgdb9nsd_000571,False,False,False,True
dsgdb9nsd_000572,False,False,False,True
dsgdb9nsd_000573,False,False,False,True
dsgdb9nsd_000574,False,False,False,True
dsgdb9nsd_000575,False,False,False,True
dsgdb9nsd_000576,False,False,False,True
dsgdb9nsd_000577,False,False,False,True
dsgdb9nsd_000578,False,False,False,True
dsgdb9nsd_000579,False,False,False,True
dsgdb9nsd_000580,False,False,False,True
dsgdb9nsd_000581,False,False,False,True
dsgdb9nsd_000582,False,False,False,True
dsgdb9nsd_000583,False,False,False,True
dsgdb9nsd_000584,False,False,False,True
dsgdb9nsd_000585,False,False,False,True
dsgdb9nsd_000586,False,False,False,True
dsgdb9nsd_000587,False,False,False,True
dsgdb9nsd_000588,False,False,False,True
dsgdb9nsd_000589,False,False,False,True
dsgdb9nsd_000590,False,False,False,True
dsgdb9nsd_000591,False,False,False,True
dsgdb9nsd_000592,False,False,False,True
dsgdb9nsd_000593,False,False,False,True
dsgdb9nsd_000594,False,False,False,True
dsgdb9nsd_000595,False,False,False,True
dsgdb9nsd_000596,False,False,False,True
dsgdb9nsd_000598,False,False,False,True
dsgdb9nsd_000599,False,False,False,True
dsgdb9nsd_000600,False,False,False,True
dsgdb9nsd_000601,False,False,False,True
dsgdb9nsd_000602,False,False,False,True
dsgdb9nsd_000603,False,False,False,True
dsgdb9nsd_000604,False,False,False,True
dsgdb9nsd_000605,False,False,False,True
dsgdb9nsd_000606,False,False,False,True
dsgdb9nsd_000607,False,False,False,True
dsgdb9nsd_000608,False,False,False,True
dsgdb9nsd_000609,False,False,False,True
dsgdb9nsd_000610,False,False,False,True
dsgdb9nsd_000611,False,False,False,True
dsgdb9nsd_000612,False,False,False,True
dsgdb9nsd_000613,False,False,False,True
dsgdb9nsd_000614,False,False,False,True
dsgdb9nsd_000615,False,False,False,True
dsgdb9nsd_000616,False,False,False,True
dsgdb9nsd_000617,False,False,False,True
dsgdb9nsd_000618,False,False,False,True
dsgdb9nsd_000619,False,False,False,True
dsgdb9nsd_000620,False,False,False,True
dsgdb9nsd_000621,False,False,False,True
dsgdb9nsd_000622,False,False,False,True
dsgdb9nsd_000623,False,False,False,True
dsgdb9nsd_000624,False,False,False,True
dsgdb9nsd_000625,False,False,False,True
dsgdb9nsd_000626,False,False,False,True
dsgdb9nsd_000627,False,False,False,True
dsgdb9nsd_000628,False,False,False,True
dsgdb9nsd_000629,False,False,False,True
dsgdb9nsd_000630,False,False,False,True
dsgdb9nsd_000631,False,False,False,True
dsgdb9nsd_000632,False,False,False,True
dsgdb9nsd_000633,False,False,False,True
dsgdb9nsd_000634,False,False,False,True
dsgdb9nsd_000635,False,False,False,True
dsgdb9nsd_000636,False,False,False,True
dsgdb9nsd_000637,False,False,False,True
dsgdb9nsd_000638,False,False,False,True
dsgdb9nsd_000639,False,False,False,True
dsgdb9nsd_000640,False,False,False,True
dsgdb9nsd_000641,False,False,False,True
dsgdb9nsd_000642,False,False,False,True
dsgdb9nsd_000643,False,False,False,True
dsgdb9nsd_000644,False,False,False,True
dsgdb9nsd_000645,False,False,False,True
dsgdb9nsd_000646,False,False,False,True
dsgdb9nsd_000647,False,False,False,True
dsgdb9nsd_000648,False,False,False,True
dsgdb9nsd_000649,False,False,False,True
dsgdb9nsd_000650,False,False,False,True
dsgdb9nsd_000651,False,False,False,True
dsgdb9nsd_000652,False,False,False,True
dsgdb9nsd_000653,False,False,False,True
dsgdb9nsd_000655,False,False,False,True
dsgdb9nsd_000656,False,False,False,True
dsgdb9nsd_000657,False,False,False,True
dsgdb9nsd_000658,False,False,False,True
dsgdb9nsd_000659,False,False,False,True
dsgdb9nsd_000660,False,False,False,True
dsgdb9nsd_000661,False,False,False,True
dsgdb9nsd_000662,False,False,False,True
dsgdb9nsd_000663,False,False,False,True
dsgdb9nsd_000664,False,False,False,True
dsgdb9nsd_000665,False,False,False,True
dsgdb9nsd_000666,False,False,False,True
dsgdb9nsd_000667,False,False,False,True
dsgdb9nsd_000668,False,False,False,True
dsgdb9nsd_000669,False,False,False,True
dsgdb9nsd_000670,False,False,False,True
dsgdb9nsd_000671,False,False,False,True
dsgdb9nsd_000672,False,False,False,True
dsgdb9nsd_000673,False,False,False,True
dsgdb9nsd_000674,False,False,False,True
dsgdb9nsd_000675,False,False,False,True
dsgdb9nsd_000676,False,False,False,True
dsgdb9nsd_000677,False,False,False,True
dsgdb9nsd_000678,False,False,False,True
dsgdb9nsd_000679,False,False,False,True
dsgdb9nsd_000680,False,False,False,True
dsgdb9nsd_000681,False,False,False,True
dsgdb9nsd_000682,False,False,False,True
dsgdb9nsd_000683,False,False,False,True
dsgdb9nsd_000684,False,False,False,True
dsgdb9nsd_000685,False,False,False,True
dsgdb9nsd_000686,False,False,False,True
dsgdb9nsd_000687,False,False,False,True
dsgdb9nsd_000688,False,False,False,True
dsgdb9nsd_000689,False,False,False,True
dsgdb9nsd_000690,False,False,False,True
dsgdb9nsd_000691,False,False,False,True
dsgdb9nsd_000692,False,False,False,True
dsgdb9nsd_000693,False,False,False,True
dsgdb9nsd_000695,False,False,False,True
dsgdb9nsd_000696,False,False,False,True
dsgdb9nsd_000697,False,False,False,True
dsgdb9nsd_000698,False,False,False,True
dsgdb9nsd_000699,False,False,False,True
dsgdb9nsd_000700,False,False,False,True
dsgdb9nsd_000701,False,False,False,True
dsgdb9nsd_000702,False,False,False,True
dsgdb9nsd_000703,False,False,False,True
dsgdb9nsd_000704,False,False,False,True
dsgdb9nsd_000705,False,False,False,True
dsgdb9nsd_000706,False,False,False,True
dsgdb9nsd_000707,False,False,False,True
dsgdb9nsd_000708,False,False,False,True
dsgdb9nsd_000709,False,False,False,True
dsgdb9nsd_000710,False,False,False,True
dsgdb9nsd_000711,False,False,False,True
dsgdb9nsd_000713,False,False,False,True
dsgdb9nsd_000714,False,False,False,True
dsgdb9nsd_000715,False,False,False,True
dsgdb9nsd_000716,False,False,False,True
dsgdb9nsd_000717,False,False,False,True
dsgdb9nsd_000718,False,False,False,True
dsgdb9nsd_000719,False,False,False,True
dsgdb9nsd_000720,False,False,False,True
dsgdb9nsd_000721,False,False,False,True
dsgdb9nsd_000722,False,False,False,True
dsgdb9nsd_000723,False,False,False,True
dsgdb9nsd_000724,False,False,False,True
dsgdb9nsd_000725,False,False,False,True
dsgdb9nsd_000726,False,False,False,True
dsgdb9nsd_000727,False,False,False,True
dsgdb9nsd_000728,False,False,False,True
dsgdb9nsd_000729,False,False,False,True
dsgdb9nsd_000730,False,False,False,True
dsgdb9nsd_000731,False,False,False,True
dsgdb9nsd_000732,False,False,False,True
dsgdb9nsd_000733,False,False,False,True
dsgdb9nsd_000734,False,False,False,True
dsgdb9nsd_000735,False,False,False,True
dsgdb9nsd_000736,False,False,False,True
dsgdb9nsd_000737,False,False,False,True
dsgdb9nsd_000738,False,False,False,True
dsgdb9nsd_000739,False,False,False,True
dsgdb9nsd_000740,False,False,False,True
dsgdb9nsd_000741,False,False,False,True
dsgdb9nsd_000742,False,False,False,True
dsgdb9nsd_000743,False,False,False,True
dsgdb9nsd_000744,False,False,False,True
dsgdb9nsd_000745,False,False,False,True
dsgdb9nsd_000746,False,False,False,True
dsgdb9nsd_000747,False,False,False,True
dsgdb9nsd_000748,False,False,False,True
dsgdb9nsd_000749,False,False,False,True
dsgdb9nsd_000750,False,False,False,True
dsgdb9nsd_000751,False,False,False,True
dsgdb9nsd_000752,False,False,False,True
dsgdb9nsd_000753,False,False,False,True
dsgdb9nsd_000754,False,False,False,True
dsgdb9nsd_000755,False,False,False,True
dsgdb9nsd_000756,False,False,False,True
dsgdb9nsd_000757,False,False,False,True
dsgdb9nsd_000758,False,False,False,True
dsgdb9nsd_000760,False,False,False,True
dsgdb9nsd_000761,False,False,False,True
dsgdb9nsd_000762,False,False,False,True
dsgdb9nsd_000763,False,False,False,True
dsgdb9nsd_000764,False,False,False,True
dsgdb9nsd_000765,False,False,False,True
dsgdb9nsd_000767,False,False,False,True
dsgdb9nsd_000768,False,False,False,True
dsgdb9nsd_000769,False,False,False,True
dsgdb9nsd_000770,False,False,False,True
dsgdb9nsd_000771,False,False,False,True
dsgdb9nsd_000772,False,False,False,True
dsgdb9nsd_000773,False,False,False,True
dsgdb9nsd_000774,False,False,False,True
dsgdb9nsd_000775,False,False,False,True
dsgdb9nsd_000776,False,False,False,True
dsgdb9nsd_000777,False,False,False,True
dsgdb9nsd_000778,False,False,False,True
dsgdb9nsd_000780,False,False,False,True
dsgdb9nsd_000781,False,False,False,True
dsgdb9nsd_000782,False,False,False,True
dsgdb9nsd_000783,False,False,False,True
dsgdb9nsd_000784,False,False,False,True
dsgdb9nsd_000785,False,False,False,True
dsgdb9nsd_000786,False,False,False,True
dsgdb9nsd_000788,False,False,False,True
dsgdb9nsd_000789,False,False,False,True
dsgdb9nsd_000791,False,False,False,True
dsgdb9nsd_000792,False,False,False,True
dsgdb9nsd_000793,False,False,False,True
dsgdb9nsd_000794,False,False,False,True
dsgdb9nsd_000799,False,False,False,True
dsgdb9nsd_000802,False,False,False,True
dsgdb9nsd_000803,False,False,False,True
dsgdb9nsd_000804,False,False,False,True
dsgdb9nsd_000805,False,False,False,True
dsgdb9nsd_000806,False,False,False,True
dsgdb9nsd_000807,False,False,False,True
dsgdb9nsd_000810,False,False,False,True
dsgdb9nsd_000811,False,False,False,True
dsgdb9nsd_000812,False,False,False,True
dsgdb9nsd_000813,False,False,False,True
dsgdb9nsd_000814,False,False,False,True
dsgdb9nsd_000815,False,False,False,True
dsgdb9nsd_000816,False,False,False,True
dsgdb9nsd_000817,False,False,False,True
dsgdb9nsd_000818,False,False,False,True
dsgdb9nsd_000819,False,False,False,True
dsgdb9nsd_000820,False,False,False,True
dsgdb9nsd_000821,False,False,False,True
dsgdb9nsd_000822,False,False,False,True
dsgdb9nsd_000823,False,False,False,True
dsgdb9nsd_000824,False,False,False,True
dsgdb9nsd_000826,False,False,False,True
dsgdb9nsd_000827,False,False,False,True
dsgdb9nsd_000828,False,False,False,True
dsgdb9nsd_000829,False,False,False,True
dsgdb9nsd_000830,False,False,False,True
dsgdb9nsd_000831,False,False,False,True
dsgdb9nsd_000832,False,False,False,True
dsgdb9nsd_000833,False,False,False,True
dsgdb9nsd_000834,False,False,False,True
dsgdb9nsd_000835,False,False,False,True
dsgdb9nsd_000836,False,False,False,True
dsgdb9nsd_000837,False,False,False,True
dsgdb9nsd_000838,False,False,False,True
dsgdb9nsd_000839,False,False,False,True
dsgdb9nsd_000840,False,False,False,True
dsgdb9nsd_000841,False,False,False,True
dsgdb9nsd_000842,False,False,False,True
dsgdb9nsd_000843,False,False,False,True
dsgdb9nsd_000844,False,False,False,True
dsgdb9nsd_000845,False,False,False,True
dsgdb9nsd_000846,False,False,False,True
dsgdb9nsd_000847,False,False,False,True
dsgdb9nsd_000848,False,False,False,True
dsgdb9nsd_000849,False,False,False,True
dsgdb9nsd_000850,False,False,False,True
dsgdb9nsd_000851,False,False,False,True
dsgdb9nsd_000852,False,False,False,True
dsgdb9nsd_000853,False,False,False,True
dsgdb9nsd_000854,False,False,False,True
dsgdb9nsd_000856,False,False,False,True
dsgdb9nsd_000857,False,False,False,True
dsgdb9nsd_000858,False,False,False,True
dsgdb9nsd_000859,False,False,False,True
dsgdb9nsd_000860,False,False,False,True
dsgdb9nsd_000861,False,False,False,True
dsgdb9nsd_000862,False,False,False,True
dsgdb9nsd_000863,False,False,False,True
dsgdb9nsd_000864,False,False,False,True
dsgdb9nsd_000865,False,False,False,True
dsgdb9nsd_000866,False,False,False,True
dsgdb9nsd_000867,False,False,False,True
dsgdb9nsd_000868,False,False,False,True
dsgdb9nsd_000869,False,False,False,True
dsgdb9nsd_000870,False,False,False,True
dsgdb9nsd_000871,False,False,False,True
dsgdb9nsd_000872,False,False,False,True
dsgdb9nsd_000873,False,False,False,True
dsgdb9nsd_000875,False,False,False,True
dsgdb9nsd_000876,False,False,False,True
dsgdb9nsd_000877,False,False,False,True
dsgdb9nsd_000878,False,False,False,True
dsgdb9nsd_000879,False,False,False,True
dsgdb9nsd_000880,False,False,False,True
dsgdb9nsd_000881,False,False,False,True
dsgdb9nsd_000882,False,False,False,True
dsgdb9nsd_000883,False,False,False,True
dsgdb9nsd_000884,False,False,False,True
dsgdb9nsd_000885,False,False,False,True
dsgdb9nsd_000886,False,False,False,True
dsgdb9nsd_000887,False,False,False,True
dsgdb9nsd_000888,False,False,False,True
dsgdb9nsd_000889,False,False,False,True
dsgdb9nsd_000890,False,False,False,True
dsgdb9nsd_000891,False,False,False,True
dsgdb9nsd_000892,False,False,False,True
dsgdb9nsd_000893,False,False,False,True
dsgdb9nsd_000894,False,False,False,True
dsgdb9nsd_000895,False,False,False,True
dsgdb9nsd_000896,False,False,False,True
dsgdb9nsd_000897,False,False,False,True
dsgdb9nsd_000898,False,False,False,True
dsgdb9nsd_000899,False,False,False,True
dsgdb9nsd_000900,False,False,False,True
dsgdb9nsd_000901,False,False,False,True
dsgdb9nsd_000902,False,False,False,True
dsgdb9nsd_000903,False,False,False,True
dsgdb9nsd_000904,False,False,False,True
dsgdb9nsd_000905,False,False,False,True
dsgdb9nsd_000906,False,False,False,True
dsgdb9nsd_000908,False,False,False,True
dsgdb9nsd_000909,False,False,False,True
dsgdb9nsd_000910,False,False,False,True
dsgdb9nsd_000911,False,False,False,True
dsgdb9nsd_000912,False,False,False,True
dsgdb9nsd_000913,False,False,False,True
dsgdb9nsd_000914,False,False,False,True
dsgdb9nsd_000915,False,False,False,True
dsgdb9nsd_000916,False,False,False,True
dsgdb9nsd_000917,False,False,False,True
dsgdb9nsd_000918,False,False,False,True
dsgdb9nsd_000919,False,False,False,True
dsgdb9nsd_000920,False,False,False,True
dsgdb9nsd_000921,False,False,False,True
dsgdb9nsd_000922,False,False,False,True
dsgdb9nsd_000923,False,False,False,True
dsgdb9nsd_000924,False,False,False,True
dsgdb9nsd_000925,False,False,False,True
dsgdb9nsd_000926,False,False,False,True
dsgdb9nsd_000927,False,False,False,True
dsgdb9nsd_000928,False,False,False,True
dsgdb9nsd_000929,False,False,False,True
dsgdb9nsd_000930,False,False,False,True
dsgdb9nsd_000931,False,False,False,True
dsgdb9nsd_000932,False,False,False,True
dsgdb9nsd_000933,False,False,False,True
dsgdb9nsd_000934,False,False,False,True
dsgdb9nsd_000935,False,False,False,True
dsgdb9nsd_000936,False,False,False,True
dsgdb9nsd_000938,False,False,False,True
dsgdb9nsd_000940,False,False,False,True
dsgdb9nsd_000941,False,False,False,True
dsgdb9nsd_000942,False,False,False,True
dsgdb9nsd_000943,False,False,False,True
dsgdb9nsd_000944,False,False,False,True
dsgdb9nsd_000946,False,False,False,True
dsgdb9nsd_000947,False,False,False,True
dsgdb9nsd_000948,False,False,False,True
dsgdb9nsd_000949,False,False,False,True
dsgdb9nsd_000950,False,False,False,True
dsgdb9nsd_000951,False,False,False,True
dsgdb9nsd_000952,False,False,False,True
dsgdb9nsd_000953,False,False,False,True
dsgdb9nsd_000954,False,False,False,True
dsgdb9nsd_000955,False,False,False,True
dsgdb9nsd_000956,False,False,False,True
dsgdb9nsd_000957,False,False,False,True
dsgdb9nsd_000958,False,False,False,True
dsgdb9nsd_000959,False,False,False,True
dsgdb9nsd_000960,False,False,False,True
dsgdb9nsd_000961,False,False,False,True
dsgdb9nsd_000962,False,False,False,True
dsgdb9nsd_000963,False,False,False,True
dsgdb9nsd_000964,False,False,False,True
dsgdb9nsd_000965,False,False,False,True
dsgdb9nsd_000966,False,False,False,True
dsgdb9nsd_000967,False,False,False,True
dsgdb9nsd_000968,False,False,False,True
dsgdb9nsd_000969,False,False,False,True
dsgdb9nsd_000970,False,False,False,True
dsgdb9nsd_000971,False,False,False,True
dsgdb9nsd_000972,False,False,False,True
dsgdb9nsd_000973,False,False,False,True
dsgdb9nsd_000974,False,False,False,True
dsgdb9nsd_000975,False,False,False,True
dsgdb9nsd_000976,False,False,False,True
dsgdb9nsd_000977,False,False,False,True
dsgdb9nsd_000978,False,False,False,True
dsgdb9nsd_000979,False,False,False,True
dsgdb9nsd_000980,False,False,False,True
dsgdb9nsd_000981,False,False,False,True
dsgdb9nsd_000982,False,False,False,True
dsgdb9nsd_000983,False,False,False,True
dsgdb9nsd_000984,False,False,False,True
dsgdb9nsd_000985,False,False,False,True
dsgdb9nsd_000986,False,False,False,True
dsgdb9nsd_000987,False,False,False,True
dsgdb9nsd_000988,False,False,False,True
dsgdb9nsd_000989,False,False,False,True
dsgdb9nsd_000990,False,False,False,True
dsgdb9nsd_000991,False,False,False,True
dsgdb9nsd_000992,False,False,False,True
dsgdb9nsd_000993,False,False,False,True
dsgdb9nsd_000994,False,False,False,True
dsgdb9nsd_000995,False,False,False,True
dsgdb9nsd_000996,False,False,False,True
dsgdb9nsd_000997,False,False,False,True
dsgdb9nsd_000998,False,False,False,True
dsgdb9nsd_000999,False,False,False,True
dsgdb9nsd_001000,False,False,False,True
dsgdb9nsd_001001,False,False,False,True
dsgdb9nsd_001002,False,False,False,True
dsgdb9nsd_001003,False,False,False,True
dsgdb9nsd_001004,False,False,False,True
dsgdb9nsd_001005,False,False,False,True
dsgdb9nsd_001006,False,False,False,True
dsgdb9nsd_001007,False,False,False,True
dsgdb9nsd_001008,False,False,False,True
dsgdb9nsd_001009,False,False,False,True
dsgdb9nsd_001010,False,False,False,True
dsgdb9nsd_001011,False,False,False,True
dsgdb9nsd_001012,False,False,False,True
dsgdb9nsd_001013,False,False,False,True
dsgdb9nsd_001014,False,False,False,True
dsgdb9nsd_001015,False,False,False,True
dsgdb9nsd_001016,False,False,False,True
dsgdb9nsd_001017,False,False,False,True
dsgdb9nsd_001019,False,False,False,True
dsgdb9nsd_001020,False,False,False,True
dsgdb9nsd_001021,False,False,False,True
dsgdb9nsd_001022,False,False,False,True
dsgdb9nsd_001023,False,False,False,True
dsgdb9nsd_001024,False,False,False,True
dsgdb9nsd_001025,False,False,False,True
dsgdb9nsd_001026,False,False,False,True
dsgdb9nsd_001027,False,False,False,True
dsgdb9nsd_001028,False,False,False,True
dsgdb9nsd_001029,False,False,False,True
dsgdb9nsd_001030,False,False,False,True
dsgdb9nsd_001031,False,False,False,True
dsgdb9nsd_001032,False,False,False,True
dsgdb9nsd_001033,False,False,False,True
dsgdb9nsd_001034,False,False,False,True
dsgdb9nsd_001035,False,False,False,True
dsgdb9nsd_001036,False,False,False,True
dsgdb9nsd_001037,False,False,False,True
dsgdb9nsd_001038,False,False,False,True
dsgdb9nsd_001039,False,False,False,True
dsgdb9nsd_001040,False,False,False,True
dsgdb9nsd_001041,False,False,False,True
dsgdb9nsd_001042,False,False,False,True
dsgdb9nsd_001043,False,False,False,True
dsgdb9nsd_001044,False,False,False,True
dsgdb9nsd_001045,False,False,False,True
dsgdb9nsd_001046,False,False,False,True
dsgdb9nsd_001047,False,False,False,True
dsgdb9nsd_001048,False,False,False,True
dsgdb9nsd_001049,False,False,False,True
dsgdb9nsd_001050,False,False,False,True
dsgdb9nsd_001051,False,False,False,True
dsgdb9nsd_001052,False,False,False,True
dsgdb9nsd_001053,False,False,False,True
dsgdb9nsd_001054,False,False,False,True
dsgdb9nsd_001055,False,False,False,True
dsgdb9nsd_001056,False,False,False,True
dsgdb9nsd_001057,False,False,False,True
dsgdb9nsd_001058,False,False,False,True
dsgdb9nsd_001059,False,False,False,True
dsgdb9nsd_001060,False,False,False,True
dsgdb9nsd_001061,False,False,False,True
dsgdb9nsd_001062,False,False,False,True
dsgdb9nsd_001063,False,False,False,True
dsgdb9nsd_001064,False,False,False,True
dsgdb9nsd_001065,False,False,False,True
dsgdb9nsd_001066,False,False,False,True
dsgdb9nsd_001067,False,False,False,True
dsgdb9nsd_001068,False,False,False,True
dsgdb9nsd_001069,False,False,False,True
dsgdb9nsd_001070,False,False,False,True
dsgdb9nsd_001071,False,False,False,True
dsgdb9nsd_001072,False,False,False,True
dsgdb9nsd_001073,False,False,False,True
dsgdb9nsd_001074,False,False,False,True
dsgdb9nsd_001075,False,False,False,True
dsgdb9nsd_001076,False,False,False,True
dsgdb9nsd_001077,False,False,False,True
dsgdb9nsd_001078,False,False,False,True
dsgdb9nsd_001079,False,False,False,True
dsgdb9nsd_001080,False,False,False,True
dsgdb9nsd_001081,False,False,False,True
dsgdb9nsd_001082,False,False,False,True
dsgdb9nsd_001084,False,False,False,True
dsgdb9nsd_001085,False,False,False,True
dsgdb9nsd_001086,False,False,False,True
dsgdb9nsd_001087,False,False,False,True
dsgdb9nsd_001108,False,False,False,True
dsgdb9nsd_001109,False,False,False,True
dsgdb9nsd_001110,False,False,False,True
dsgdb9nsd_001111,False,False,False,True
dsgdb9nsd_001112,False,False,False,True
dsgdb9nsd_001113,False,False,False,True
dsgdb9nsd_001114,False,False,False,True
dsgdb9nsd_001115,False,False,False,True
dsgdb9nsd_001116,False,False,False,True
dsgdb9nsd_001117,False,False,False,True
dsgdb9nsd_001118,False,False,False,True
dsgdb9nsd_001119,False,False,False,True
dsgdb9nsd_001134,False,False,False,True
dsgdb9nsd_001135,False,False,False,True
dsgdb9nsd_001136,False,False,False,True
dsgdb9nsd_001137,False,False,False,True
dsgdb9nsd_001138,False,False,False,True
dsgdb9nsd_001149,False,False,False,True
dsgdb9nsd_001150,False,False,False,True
dsgdb9nsd_001151,False,False,False,True
dsgdb9nsd_001152,False,False,False,True
dsgdb9nsd_001153,False,False,False,True
dsgdb9nsd_001154,False,False,False,True
dsgdb9nsd_001155,False,False,False,True
dsgdb9nsd_001156,False,False,False,True
dsgdb9nsd_001157,False,False,False,True
dsgdb9nsd_001158,False,False,False,True
dsgdb9nsd_001159,False,False,False,True
dsgdb9nsd_001160,False,False,False,True
dsgdb9nsd_001161,False,False,False,True
dsgdb9nsd_001162,False,False,False,True
dsgdb9nsd_001163,False,False,False,True
dsgdb9nsd_001164,False,False,False,True
dsgdb9nsd_001165,False,False,False,True
dsgdb9nsd_001166,False,False,False,True
dsgdb9nsd_001167,False,False,False,True
dsgdb9nsd_001168,False,False,False,True
dsgdb9nsd_001169,False,False,False,True
dsgdb9nsd_001170,False,False,False,True
dsgdb9nsd_001171,False,False,False,True
dsgdb9nsd_001172,False,False,False,True
dsgdb9nsd_001173,False,False,False,True
dsgdb9nsd_001174,False,False,False,True
dsgdb9nsd_001175,False,False,False,True
dsgdb9nsd_001176,False,False,False,True
dsgdb9nsd_001177,False,False,False,True
dsgdb9nsd_001178,False,False,False,True
dsgdb9nsd_001179,False,False,False,True
dsgdb9nsd_001180,False,False,False,True
dsgdb9nsd_001181,False,False,False,True
dsgdb9nsd_001196,False,False,False,True
dsgdb9nsd_001197,False,False,False,True
dsgdb9nsd_001198,False,False,False,True
dsgdb9nsd_001199,False,False,False,True
dsgdb9nsd_001200,False,False,False,True
dsgdb9nsd_001201,False,False,False,True
dsgdb9nsd_001202,False,False,False,True
dsgdb9nsd_001203,False,False,False,True
dsgdb9nsd_001204,False,False,False,True
dsgdb9nsd_001205,False,False,False,True
dsgdb9nsd_001206,False,False,False,True
dsgdb9nsd_001207,False,False,False,True
dsgdb9nsd_001208,False,False,False,True
dsgdb9nsd_001209,False,False,False,True
dsgdb9nsd_001210,False,False,False,True
dsgdb9nsd_001211,False,False,False,True
dsgdb9nsd_001213,False,False,False,True
dsgdb9nsd_001215,False,False,False,True
dsgdb9nsd_001217,False,False,False,True
dsgdb9nsd_001218,False,False,False,True
dsgdb9nsd_001219,False,False,False,True
dsgdb9nsd_001220,False,False,False,True
dsgdb9nsd_001221,False,False,False,True
dsgdb9nsd_001222,False,False,False,True
dsgdb9nsd_001223,False,False,False,True
dsgdb9nsd_001224,False,False,False,True
dsgdb9nsd_001225,False,False,False,True
dsgdb9nsd_001226,False,False,False,True
dsgdb9nsd_001227,False,False,False,True
dsgdb9nsd_001228,False,False,False,True
dsgdb9nsd_001229,False,False,False,True
dsgdb9nsd_001230,False,False,False,True
dsgdb9nsd_001231,False,False,False,True
dsgdb9nsd_001232,False,False,False,True
dsgdb9nsd_001233,False,False,False,True
dsgdb9nsd_001234,False,False,False,True
dsgdb9nsd_001235,False,False,False,True
dsgdb9nsd_001236,False,False,False,True
dsgdb9nsd_001237,False,False,False,True
dsgdb9nsd_001238,False,False,False,True
dsgdb9nsd_001239,False,False,False,True
dsgdb9nsd_001240,False,False,False,True
dsgdb9nsd_001241,False,False,False,True
dsgdb9nsd_001242,False,False,False,True
dsgdb9nsd_001243,False,False,False,True
dsgdb9nsd_001244,False,False,False,True
dsgdb9nsd_001245,False,False,False,True
dsgdb9nsd_001246,False,False,False,True
dsgdb9nsd_001255,False,False,False,True
dsgdb9nsd_001256,False,False,False,True
dsgdb9nsd_001257,False,False,False,True
dsgdb9nsd_001258,False,False,False,True
dsgdb9nsd_001259,False,False,False,True
dsgdb9nsd_001261,False,False,False,True
dsgdb9nsd_001262,False,False,False,True
dsgdb9nsd_001263,False,False,False,True
dsgdb9nsd_001265,False,False,False,True
dsgdb9nsd_001266,False,False,False,True
dsgdb9nsd_001267,False,False,False,True
dsgdb9nsd_001268,False,False,False,True
dsgdb9nsd_001269,False,False,False,True
dsgdb9nsd_001301,False,False,False,True
dsgdb9nsd_001302,False,False,False,True
dsgdb9nsd_001303,False,False,False,True
dsgdb9nsd_001304,False,False,False,True
dsgdb9nsd_001305,False,False,False,True
dsgdb9nsd_001306,False,False,False,True
dsgdb9nsd_001307,False,False,False,True
dsgdb9nsd_001308,False,False,False,True
dsgdb9nsd_001309,False,False,False,True
dsgdb9nsd_001310,False,False,False,True
dsgdb9nsd_001311,False,False,False,True
dsgdb9nsd_001320,False,False,False,True
dsgdb9nsd_001321,False,False,False,True
dsgdb9nsd_001322,False,False,False,True
dsgdb9nsd_001323,False,False,False,True
dsgdb9nsd_001324,False,False,False,True
dsgdb9nsd_001325,False,False,False,True
dsgdb9nsd_001326,False,False,False,True
dsgdb9nsd_001327,False,False,False,True
dsgdb9nsd_001328,False,False,False,True
dsgdb9nsd_001329,False,False,False,True
dsgdb9nsd_001330,False,False,False,True
dsgdb9nsd_001331,False,False,False,True
dsgdb9nsd_001332,False,False,False,True
dsgdb9nsd_001343,False,False,False,True
dsgdb9nsd_001344,False,False,False,True
dsgdb9nsd_001345,False,False,False,True
dsgdb9nsd_001346,False,False,False,True
dsgdb9nsd_001347,False,False,False,True
dsgdb9nsd_001348,False,False,False,True
dsgdb9nsd_001349,False,False,False,True
dsgdb9nsd_001364,False,False,False,True
dsgdb9nsd_001365,False,False,False,True
dsgdb9nsd_001366,False,False,False,True
dsgdb9nsd_001367,False,False,False,True
dsgdb9nsd_001368,False,False,False,True
dsgdb9nsd_001369,False,False,False,True
dsgdb9nsd_001370,False,False,False,True
dsgdb9nsd_001371,False,False,False,True
dsgdb9nsd_001372,False,False,False,True
dsgdb9nsd_001373,False,False,False,True
dsgdb9nsd_001374,False,False,False,True
dsgdb9nsd_001375,False,False,False,True
dsgdb9nsd_001376,False,False,False,True
dsgdb9nsd_001377,False,False,False,True
dsgdb9nsd_001378,False,False,False,True
dsgdb9nsd_001379,False,False,False,True
dsgdb9nsd_001380,False,False,False,True
dsgdb9nsd_001381,False,False,False,True
dsgdb9nsd_001382,False,False,False,True
dsgdb9nsd_001383,False,False,False,True
dsgdb9nsd_001385,False,False,False,True
dsgdb9nsd_001386,False,False,False,True
dsgdb9nsd_001387,False,False,False,True
dsgdb9nsd_001388,False,False,False,True
dsgdb9nsd_001389,False,False,False,True
dsgdb9nsd_001390,False,False,False,True
dsgdb9nsd_001391,False,False,False,True
dsgdb9nsd_001392,False,False,False,True
dsgdb9nsd_001393,False,False,False,True
dsgdb9nsd_001394,False,False,False,True
dsgdb9nsd_001395,False,False,False,True
dsgdb9nsd_001396,False,False,False,True
dsgdb9nsd_001397,False,False,False,True
dsgdb9nsd_001398,False,False,False,True
dsgdb9nsd_001399,False,False,False,True
dsgdb9nsd_001400,False,False,False,True
dsgdb9nsd_001401,False,False,False,True
dsgdb9nsd_001402,False,False,False,True
dsgdb9nsd_001403,False,False,False,True
dsgdb9nsd_001404,False,False,False,True
dsgdb9nsd_001405,False,False,False,True
dsgdb9nsd_001406,False,False,False,True
dsgdb9nsd_001407,False,False,False,True
dsgdb9nsd_001408,False,False,False,True
dsgdb9nsd_001409,False,False,False,True
dsgdb9nsd_001410,False,False,False,True
dsgdb9nsd_001411,False,False,False,True
dsgdb9nsd_001412,False,False,False,True
dsgdb9nsd_001413,False,False,False,True
dsgdb9nsd_001414,False,False,False,True
dsgdb9nsd_001415,False,False,False,True
dsgdb9nsd_001416,False,False,False,True
dsgdb9nsd_001417,False,False,False,True
dsgdb9nsd_001418,False,False,False,True
dsgdb9nsd_001419,False,False,False,True
dsgdb9nsd_001420,False,False,False,True
dsgdb9nsd_001421,False,False,False,True
dsgdb9nsd_001422,False,False,False,True
dsgdb9nsd_001423,False,False,False,True
dsgdb9nsd_001424,False,False,False,True
dsgdb9nsd_001425,False,False,False,True
dsgdb9nsd_001426,False,False,False,True
dsgdb9nsd_001427,False,False,False,True
dsgdb9nsd_001428,False,False,False,True
dsgdb9nsd_001429,False,False,False,True
dsgdb9nsd_001430,False,False,False,True
dsgdb9nsd_001434,False,False,False,True
dsgdb9nsd_001435,False,False,False,True
dsgdb9nsd_001436,False,False,False,True
dsgdb9nsd_001437,False,False,False,True
dsgdb9nsd_001438,False,False,False,True
dsgdb9nsd_001439,False,False,False,True
dsgdb9nsd_001440,False,False,False,True
dsgdb9nsd_001441,False,False,False,True
dsgdb9nsd_001442,False,False,False,True
dsgdb9nsd_001443,False,False,False,True
dsgdb9nsd_001444,False,False,False,True
dsgdb9nsd_001445,False,False,False,True
dsgdb9nsd_001446,False,False,False,True
dsgdb9nsd_001448,False,False,False,True
dsgdb9nsd_001449,False,False,False,True
dsgdb9nsd_001450,False,False,False,True
dsgdb9nsd_001451,False,False,False,True
dsgdb9nsd_001452,False,False,False,True
dsgdb9nsd_001453,False,False,False,True
dsgdb9nsd_001454,False,False,False,True
dsgdb9nsd_001455,False,False,False,True
dsgdb9nsd_001456,False,False,False,True
dsgdb9nsd_001457,False,False,False,True
dsgdb9nsd_001458,False,False,False,True
dsgdb9nsd_001459,False,False,False,True
dsgdb9nsd_001461,False,False,False,True
dsgdb9nsd_001462,False,False,False,True
dsgdb9nsd_001463,False,False,False,True
dsgdb9nsd_001464,False,False,False,True
dsgdb9nsd_001465,False,False,False,True
dsgdb9nsd_001467,False,False,False,True
dsgdb9nsd_001468,False,False,False,True
dsgdb9nsd_001469,False,False,False,True
dsgdb9nsd_001470,False,False,False,True
dsgdb9nsd_001471,False,False,False,True
dsgdb9nsd_001472,False,False,False,True
dsgdb9nsd_001473,False,False,False,True
dsgdb9nsd_001474,False,False,False,True
dsgdb9nsd_001475,False,False,False,True
dsgdb9nsd_001476,False,False,False,True
dsgdb9nsd_001477,False,False,False,True
dsgdb9nsd_001478,False,False,False,True
dsgdb9nsd_001489,False,False,False,True
dsgdb9nsd_001490,False,False,False,True
dsgdb9nsd_001491,False,False,False,True
dsgdb9nsd_001492,False,False,False,True
dsgdb9nsd_001493,False,False,False,True
dsgdb9nsd_001494,False,False,False,True
dsgdb9nsd_001495,False,False,False,True
dsgdb9nsd_001496,False,False,False,True
dsgdb9nsd_001497,False,False,False,True
dsgdb9nsd_001498,False,False,False,True
dsgdb9nsd_001499,False,False,False,True
dsgdb9nsd_001500,False,False,False,True
dsgdb9nsd_001501,False,False,False,True
dsgdb9nsd_001502,False,False,False,True
dsgdb9nsd_001504,False,False,False,True
dsgdb9nsd_001505,False,False,False,True
dsgdb9nsd_001506,False,False,False,True
dsgdb9nsd_001507,False,False,False,True
dsgdb9nsd_001508,False,False,False,True
dsgdb9nsd_001509,False,False,False,True
dsgdb9nsd_001510,False,False,False,True
dsgdb9nsd_001537,False,False,False,True
dsgdb9nsd_001538,False,False,False,True
dsgdb9nsd_001539,False,False,False,True
dsgdb9nsd_001540,False,False,False,True
dsgdb9nsd_001541,False,False,False,True
dsgdb9nsd_001542,False,False,False,True
dsgdb9nsd_001543,False,False,False,True
dsgdb9nsd_001544,False,False,False,True
dsgdb9nsd_001545,False,False,False,True
dsgdb9nsd_001546,False,False,False,True
dsgdb9nsd_001547,False,False,False,True
dsgdb9nsd_001548,False,False,False,True
dsgdb9nsd_001549,False,False,False,True
dsgdb9nsd_001550,False,False,False,True
dsgdb9nsd_001551,False,False,False,True
dsgdb9nsd_001552,False,False,False,True
dsgdb9nsd_001553,False,False,False,True
dsgdb9nsd_001554,False,False,False,True
dsgdb9nsd_001555,False,False,False,True
dsgdb9nsd_001582,False,False,False,True
dsgdb9nsd_001583,False,False,False,True
dsgdb9nsd_001584,False,False,False,True
dsgdb9nsd_001585,False,False,False,True
dsgdb9nsd_001586,False,False,False,True
dsgdb9nsd_001587,False,False,False,True
dsgdb9nsd_001588,False,False,False,True
dsgdb9nsd_001589,False,False,False,True
dsgdb9nsd_001590,False,False,False,True
dsgdb9nsd_001591,False,False,False,True
dsgdb9nsd_001592,False,False,False,True
dsgdb9nsd_001593,False,False,False,True
dsgdb9nsd_001594,False,False,False,True
dsgdb9nsd_001595,False,False,False,True
dsgdb9nsd_001596,False,False,False,True
dsgdb9nsd_001597,False,False,False,True
dsgdb9nsd_001598,False,False,False,True
dsgdb9nsd_001599,False,False,False,True
dsgdb9nsd_001600,False,False,False,True
dsgdb9nsd_001602,False,False,False,True
dsgdb9nsd_001603,False,False,False,True
dsgdb9nsd_001604,False,False,False,True
dsgdb9nsd_001605,False,False,False,True
dsgdb9nsd_001606,False,False,False,True
dsgdb9nsd_001607,False,False,False,True
dsgdb9nsd_001608,False,False,False,True
dsgdb9nsd_001609,False,False,False,True
dsgdb9nsd_001610,False,False,False,True
dsgdb9nsd_001611,False,False,False,True
dsgdb9nsd_001612,False,False,False,True
dsgdb9nsd_001613,False,False,False,True
dsgdb9nsd_001614,False,False,False,True
dsgdb9nsd_001615,False,False,False,True
dsgdb9nsd_001617,False,False,False,True
dsgdb9nsd_001618,False,False,False,True
dsgdb9nsd_001619,False,False,False,True
dsgdb9nsd_001620,False,False,False,True
dsgdb9nsd_001621,False,False,False,True
dsgdb9nsd_001622,False,False,False,True
dsgdb9nsd_001623,False,False,False,True
dsgdb9nsd_001624,False,False,False,True
dsgdb9nsd_001630,False,False,False,True
dsgdb9nsd_001631,False,False,False,True
dsgdb9nsd_001632,False,False,False,True
dsgdb9nsd_001634,False,False,False,True
dsgdb9nsd_001635,False,False,False,True
dsgdb9nsd_001636,False,False,False,True
dsgdb9nsd_001637,False,False,False,True
dsgdb9nsd_001638,False,False,False,True
dsgdb9nsd_001639,False,False,False,True
dsgdb9nsd_001640,False,False,False,True
dsgdb9nsd_001641,False,False,False,True
dsgdb9nsd_001642,False,False,False,True
dsgdb9nsd_001644,False,False,False,True
dsgdb9nsd_001645,False,False,False,True
dsgdb9nsd_001646,False,False,False,True
dsgdb9nsd_001647,False,False,False,True
dsgdb9nsd_001648,False,False,False,True
dsgdb9nsd_001649,False,False,False,True
dsgdb9nsd_001650,False,False,False,True
dsgdb9nsd_001651,False,False,False,True
dsgdb9nsd_001652,False,False,False,True
dsgdb9nsd_001653,False,False,False,True
dsgdb9nsd_001654,False,False,False,True
dsgdb9nsd_001655,False,False,False,True
dsgdb9nsd_001697,False,False,False,True
dsgdb9nsd_001698,False,False,False,True
dsgdb9nsd_001699,False,False,False,True
dsgdb9nsd_001700,False,False,False,True
dsgdb9nsd_001701,False,False,False,True
dsgdb9nsd_001702,False,False,False,True
dsgdb9nsd_001703,False,False,False,True
dsgdb9nsd_001704,False,False,False,True
dsgdb9nsd_001705,False,False,False,True
dsgdb9nsd_001706,False,False,False,True
dsgdb9nsd_001707,False,False,False,True
dsgdb9nsd_001708,False,False,False,True
dsgdb9nsd_001709,False,False,False,True
dsgdb9nsd_001710,False,False,False,True
dsgdb9nsd_001711,False,False,False,True
dsgdb9nsd_001712,False,False,False,True
dsgdb9nsd_001713,False,False,False,True
dsgdb9nsd_001714,False,False,False,True
dsgdb9nsd_001715,False,False,False,True
dsgdb9nsd_001716,False,False,False,True
dsgdb9nsd_001730,False,False,False,True
dsgdb9nsd_001731,False,False,False,True
dsgdb9nsd_001732,False,False,False,True
dsgdb9nsd_001733,False,False,False,True
dsgdb9nsd_001734,False,False,False,True
dsgdb9nsd_001735,False,False,False,True
dsgdb9nsd_001736,False,False,False,True
dsgdb9nsd_001737,False,False,False,True
dsgdb9nsd_001738,False,False,False,True
dsgdb9nsd_001739,False,False,False,True
dsgdb9nsd_001740,False,False,False,True
dsgdb9nsd_001741,False,False,False,True
dsgdb9nsd_001742,False,False,False,True
dsgdb9nsd_001743,False,False,False,True
dsgdb9nsd_001744,False,False,False,True
dsgdb9nsd_001745,False,False,False,True
dsgdb9nsd_001746,False,False,False,True
dsgdb9nsd_001758,False,False,False,True
dsgdb9nsd_001759,False,False,False,True
dsgdb9nsd_001760,False,False,False,True
dsgdb9nsd_001761,False,False,False,True
dsgdb9nsd_001762,False,False,False,True
dsgdb9nsd_001763,False,False,False,True
dsgdb9nsd_001764,False,False,False,True
dsgdb9nsd_001765,False,False,False,True
dsgdb9nsd_001766,False,False,False,True
dsgdb9nsd_001767,False,False,False,True
dsgdb9nsd_001769,False,False,False,True
dsgdb9nsd_001770,False,False,False,True
dsgdb9nsd_001771,False,False,False,True
dsgdb9nsd_001772,False,False,False,True
dsgdb9nsd_001773,False,False,False,True
dsgdb9nsd_001774,False,False,False,True
dsgdb9nsd_001775,False,False,False,True
dsgdb9nsd_001776,False,False,False,True
dsgdb9nsd_001777,False,False,False,True
dsgdb9nsd_001778,False,False,False,True
dsgdb9nsd_001779,False,False,False,True
dsgdb9nsd_001780,False,False,False,True
dsgdb9nsd_001781,False,False,False,True
dsgdb9nsd_001782,False,False,False,True
dsgdb9nsd_001798,False,False,False,True
dsgdb9nsd_001799,False,False,False,True
dsgdb9nsd_001800,False,False,False,True
dsgdb9nsd_001801,False,False,False,True
dsgdb9nsd_001802,False,False,False,True
dsgdb9nsd_001803,False,False,False,True
dsgdb9nsd_001804,False,False,False,True
dsgdb9nsd_001805,False,False,False,True
dsgdb9nsd_001806,False,False,False,True
dsgdb9nsd_001819,False,False,False,True
dsgdb9nsd_001821,False,False,False,True
dsgdb9nsd_001822,False,False,False,True
dsgdb9nsd_001824,False,False,False,True
dsgdb9nsd_001825,False,False,False,True
dsgdb9nsd_001826,False,False,False,True
dsgdb9nsd_001827,False,False,False,True
dsgdb9nsd_001829,False,False,False,True
dsgdb9nsd_001830,False,False,False,True
dsgdb9nsd_001832,False,False,False,True
dsgdb9nsd_001833,False,False,False,True
dsgdb9nsd_001834,False,False,False,True
dsgdb9nsd_001836,False,False,False,True
dsgdb9nsd_001837,False,False,False,True
dsgdb9nsd_001838,False,False,False,True
dsgdb9nsd_001839,False,False,False,True
dsgdb9nsd_001840,False,False,False,True
dsgdb9nsd_001841,False,False,False,True
dsgdb9nsd_001842,False,False,False,True
dsgdb9nsd_001843,False,False,False,True
dsgdb9nsd_001844,False,False,False,True
dsgdb9nsd_001845,False,False,False,True
dsgdb9nsd_001846,False,False,False,True
dsgdb9nsd_001847,False,False,False,True
dsgdb9nsd_001848,False,False,False,True
dsgdb9nsd_001849,False,False,False,True
dsgdb9nsd_001850,False,False,False,True
dsgdb9nsd_001851,False,False,False,True
dsgdb9nsd_001852,False,False,False,True
dsgdb9nsd_001853,False,False,False,True
dsgdb9nsd_001854,False,False,False,True
dsgdb9nsd_001855,False,False,False,True
dsgdb9nsd_001856,False,False,False,True
dsgdb9nsd_001857,False,False,False,True
dsgdb9nsd_001858,False,False,False,True
dsgdb9nsd_001859,False,False,False,True
dsgdb9nsd_001860,False,False,False,True
dsgdb9nsd_001861,False,False,False,True
dsgdb9nsd_001862,False,False,False,True
dsgdb9nsd_001863,False,False,False,True
dsgdb9nsd_001864,False,False,False,True
dsgdb9nsd_001865,False,False,False,True
dsgdb9nsd_001866,False,False,False,True
dsgdb9nsd_001867,False,False,False,True
dsgdb9nsd_001868,False,False,False,True
dsgdb9nsd_001869,False,False,False,True
dsgdb9nsd_001870,False,False,False,True
dsgdb9nsd_001871,False,False,False,True
dsgdb9nsd_001872,False,False,False,True
dsgdb9nsd_001873,False,False,False,True
dsgdb9nsd_001874,False,False,False,True
dsgdb9nsd_001876,False,False,False,True
dsgdb9nsd_001877,False,False,False,True
dsgdb9nsd_001878,False,False,False,True
dsgdb9nsd_001879,False,False,False,True
dsgdb9nsd_001880,False,False,False,True
dsgdb9nsd_001882,False,False,False,True
dsgdb9nsd_001883,False,False,False,True
dsgdb9nsd_001884,False,False,False,True
dsgdb9nsd_001885,False,False,False,True
dsgdb9nsd_001886,False,False,False,True
dsgdb9nsd_001887,False,False,False,True
dsgdb9nsd_001895,False,False,False,True
dsgdb9nsd_001896,False,False,False,True
dsgdb9nsd_001897,False,False,False,True
dsgdb9nsd_001898,False,False,False,True
dsgdb9nsd_001899,False,False,False,True
dsgdb9nsd_001900,False,False,False,True
dsgdb9nsd_001901,False,False,False,True
dsgdb9nsd_001902,False,False,False,True
dsgdb9nsd_001903,False,False,False,True
dsgdb9nsd_001904,False,False,False,True
dsgdb9nsd_001905,False,False,False,True
dsgdb9nsd_001906,False,False,False,True
dsgdb9nsd_001907,False,False,False,True
dsgdb9nsd_001908,False,False,False,True
dsgdb9nsd_001909,False,False,False,True
dsgdb9nsd_001910,False,False,False,True
dsgdb9nsd_001911,False,False,False,True
dsgdb9nsd_001912,False,False,False,True
dsgdb9nsd_001913,False,False,False,True
dsgdb9nsd_001914,False,False,False,True
dsgdb9nsd_001915,False,False,False,True
dsgdb9nsd_001916,False,False,False,True
dsgdb9nsd_001917,False,False,False,True
dsgdb9nsd_001918,False,False,False,True
dsgdb9nsd_001919,False,False,False,True
dsgdb9nsd_001920,False,False,False,True
dsgdb9nsd_001921,False,False,False,True
dsgdb9nsd_001922,False,False,False,True
dsgdb9nsd_001923,False,False,False,True
dsgdb9nsd_001924,False,False,False,True
dsgdb9nsd_001925,False,False,False,True
dsgdb9nsd_001926,False,False,False,True
dsgdb9nsd_001927,False,False,False,True
dsgdb9nsd_001928,False,False,False,True
dsgdb9nsd_001931,False,False,False,True
dsgdb9nsd_001932,False,False,False,True
dsgdb9nsd_001933,False,False,False,True
dsgdb9nsd_001934,False,False,False,True
dsgdb9nsd_001935,False,False,False,True
dsgdb9nsd_001936,False,False,False,True
dsgdb9nsd_001937,False,False,False,True
dsgdb9nsd_001938,False,False,False,True
dsgdb9nsd_001939,False,False,False,True
dsgdb9nsd_001940,False,False,False,True
dsgdb9nsd_001941,False,False,False,True
dsgdb9nsd_001942,False,False,False,True
dsgdb9nsd_001943,False,False,False,True
dsgdb9nsd_001944,False,False,False,True
dsgdb9nsd_001945,False,False,False,True
dsgdb9nsd_001947,False,False,False,True
dsgdb9nsd_001948,False,False,False,True
dsgdb9nsd_001949,False,False,False,True
dsgdb9nsd_001950,False,False,False,True
dsgdb9nsd_001951,False,False,False,True
dsgdb9nsd_001952,False,False,False,True
dsgdb9nsd_001953,False,False,False,True
dsgdb9nsd_001954,False,False,False,True
dsgdb9nsd_001955,False,False,False,True
dsgdb9nsd_001956,False,False,False,True
dsgdb9nsd_001957,False,False,False,True
dsgdb9nsd_001958,False,False,False,True
dsgdb9nsd_001959,False,False,False,True
dsgdb9nsd_001960,False,False,False,True
dsgdb9nsd_001961,False,False,False,True
dsgdb9nsd_001962,False,False,False,True
dsgdb9nsd_001963,False,False,False,True
dsgdb9nsd_001964,False,False,False,True
dsgdb9nsd_001965,False,False,False,True
dsgdb9nsd_001966,False,False,False,True
dsgdb9nsd_001967,False,False,False,True
dsgdb9nsd_001968,False,False,False,True
dsgdb9nsd_001969,False,False,False,True
dsgdb9nsd_001970,False,False,False,True
dsgdb9nsd_001971,False,False,False,True
dsgdb9nsd_001981,False,False,False,True
dsgdb9nsd_001982,False,False,False,True
dsgdb9nsd_001983,False,False,False,True
dsgdb9nsd_001984,False,False,False,True
dsgdb9nsd_001985,False,False,False,True
dsgdb9nsd_001986,False,False,False,True
dsgdb9nsd_001987,False,False,False,True
dsgdb9nsd_001988,False,False,False,True
dsgdb9nsd_001989,False,False,False,True
dsgdb9nsd_001990,False,False,False,True
dsgdb9nsd_001991,False,False,False,True
dsgdb9nsd_001992,False,False,False,True
dsgdb9nsd_001993,False,False,False,True
dsgdb9nsd_002002,False,False,False,True
dsgdb9nsd_002003,False,False,False,True
dsgdb9nsd_002004,False,False,False,True
dsgdb9nsd_002005,False,False,False,True
dsgdb9nsd_002006,False,False,False,True
dsgdb9nsd_002007,False,False,False,True
dsgdb9nsd_002008,False,False,False,True
dsgdb9nsd_002009,False,False,False,True
dsgdb9nsd_002010,False,False,False,True
dsgdb9nsd_002011,False,False,False,True
dsgdb9nsd_002012,False,False,False,True
dsgdb9nsd_002013,False,False,False,True
dsgdb9nsd_002014,False,False,False,True
dsgdb9nsd_002015,False,False,False,True
dsgdb9nsd_002016,False,False,False,True
dsgdb9nsd_002017,False,False,False,True
dsgdb9nsd_002018,False,False,False,True
dsgdb9nsd_002019,False,False,False,True
dsgdb9nsd_002020,False,False,False,True
dsgdb9nsd_002021,False,False,False,True
dsgdb9nsd_002022,False,False,False,True
dsgdb9nsd_002023,False,False,False,True
dsgdb9nsd_002024,False,False,False,True
dsgdb9nsd_002025,False,False,False,True
dsgdb9nsd_002026,False,False,False,True
dsgdb9nsd_002027,False,False,False,True
dsgdb9nsd_002028,False,False,False,True
dsgdb9nsd_002029,False,False,False,True
dsgdb9nsd_002031,False,False,False,True
dsgdb9nsd_002032,False,False,False,True
dsgdb9nsd_002033,False,False,False,True
dsgdb9nsd_002034,False,False,False,True
dsgdb9nsd_002035,False,False,False,True
dsgdb9nsd_002036,False,False,False,True
dsgdb9nsd_002037,False,False,False,True
dsgdb9nsd_002038,False,False,False,True
dsgdb9nsd_002039,False,False,False,True
dsgdb9nsd_002040,False,False,False,True
dsgdb9nsd_002041,False,False,False,True
dsgdb9nsd_002042,False,False,False,True
dsgdb9nsd_002043,False,False,False,True
dsgdb9nsd_002044,False,False,False,True
dsgdb9nsd_002045,False,False,False,True
dsgdb9nsd_002046,False,False,False,True
dsgdb9nsd_002047,False,False,False,True
dsgdb9nsd_002048,False,False,False,True
dsgdb9nsd_002050,False,False,False,True
dsgdb9nsd_002051,False,False,False,True
dsgdb9nsd_002052,False,False,False,True
dsgdb9nsd_002053,False,False,False,True
dsgdb9nsd_002054,False,False,False,True
dsgdb9nsd_002055,False,False,False,True
dsgdb9nsd_002056,False,False,False,True
dsgdb9nsd_002057,False,False,False,True
dsgdb9nsd_002058,False,False,False,True
dsgdb9nsd_002059,False,False,False,True
dsgdb9nsd_002060,False,False,False,True
dsgdb9nsd_002061,False,False,False,True
dsgdb9nsd_002062,False,False,False,True
dsgdb9nsd_002063,False,False,False,True
dsgdb9nsd_002064,False,False,False,True
dsgdb9nsd_002065,False,False,False,True
dsgdb9nsd_002066,False,False,False,True
dsgdb9nsd_002067,False,False,False,True
dsgdb9nsd_002068,False,False,False,True
dsgdb9nsd_002069,False,False,False,True
dsgdb9nsd_002070,False,False,False,True
dsgdb9nsd_002071,False,False,False,True
dsgdb9nsd_002072,False,False,False,True
dsgdb9nsd_002073,False,False,False,True
dsgdb9nsd_002074,False,False,False,True
dsgdb9nsd_002075,False,False,False,True
dsgdb9nsd_002076,False,False,False,True
dsgdb9nsd_002077,False,False,False,True
dsgdb9nsd_002078,False,False,False,True
dsgdb9nsd_002079,False,False,False,True
dsgdb9nsd_002080,False,False,False,True
dsgdb9nsd_002081,False,False,False,True
dsgdb9nsd_002082,False,False,False,True
dsgdb9nsd_002083,False,False,False,True
dsgdb9nsd_002084,False,False,False,True
dsgdb9nsd_002086,False,False,False,True
dsgdb9nsd_002087,False,False,False,True
dsgdb9nsd_002088,False,False,False,True
dsgdb9nsd_002089,False,False,False,True
dsgdb9nsd_002090,False,False,False,True
dsgdb9nsd_002092,False,False,False,True
dsgdb9nsd_002093,False,False,False,True
dsgdb9nsd_002094,False,False,False,True
dsgdb9nsd_002095,False,False,False,True
dsgdb9nsd_002096,False,False,False,True
dsgdb9nsd_002097,False,False,False,True
dsgdb9nsd_002098,False,False,False,True
dsgdb9nsd_002099,False,False,False,True
dsgdb9nsd_002100,False,False,False,True
dsgdb9nsd_002101,False,False,False,True
dsgdb9nsd_002114,False,False,False,True
dsgdb9nsd_002115,False,False,False,True
dsgdb9nsd_002116,False,False,False,True
dsgdb9nsd_002117,False,False,False,True
dsgdb9nsd_002118,False,False,False,True
dsgdb9nsd_002119,False,False,False,True
dsgdb9nsd_002120,False,False,False,True
dsgdb9nsd_002121,False,False,False,True
dsgdb9nsd_002122,False,False,False,True
dsgdb9nsd_002123,False,False,False,True
dsgdb9nsd_002124,False,False,False,True
dsgdb9nsd_002125,False,False,False,True
dsgdb9nsd_002126,False,False,False,True
dsgdb9nsd_002127,False,False,False,True
dsgdb9nsd_002128,False,False,False,True
dsgdb9nsd_002129,False,False,False,True
dsgdb9nsd_002130,False,False,False,True
dsgdb9nsd_002131,False,False,False,True
dsgdb9nsd_002132,False,False,False,True
dsgdb9nsd_002133,False,False,False,True
dsgdb9nsd_002134,False,False,False,True
dsgdb9nsd_002135,False,False,False,True
dsgdb9nsd_002136,False,False,False,True
dsgdb9nsd_002137,False,False,False,True
dsgdb9nsd_002138,False,False,False,True
dsgdb9nsd_002139,False,False,False,True
dsgdb9nsd_002140,False,False,False,True
dsgdb9nsd_002141,False,False,False,True
dsgdb9nsd_002142,False,False,False,True
dsgdb9nsd_002143,False,False,False,True
dsgdb9nsd_002144,False,False,False,True
dsgdb9nsd_002145,False,False,False,True
dsgdb9nsd_002147,False,False,False,True
dsgdb9nsd_002148,False,False,False,True
dsgdb9nsd_002149,False,False,False,True
dsgdb9nsd_002150,False,False,False,True
dsgdb9nsd_002151,False,False,False,True
dsgdb9nsd_002152,False,False,False,True
dsgdb9nsd_002153,False,False,False,True
dsgdb9nsd_002154,False,False,False,True
dsgdb9nsd_002155,False,False,False,True
dsgdb9nsd_002156,False,False,False,True
dsgdb9nsd_002157,False,False,False,True
dsgdb9nsd_002158,False,False,False,True
dsgdb9nsd_002159,False,False,False,True
dsgdb9nsd_002160,False,False,False,True
dsgdb9nsd_002161,False,False,False,True
dsgdb9nsd_002162,False,False,False,True
dsgdb9nsd_002163,False,False,False,True
dsgdb9nsd_002164,False,False,False,True
dsgdb9nsd_002165,False,False,False,True
dsgdb9nsd_002166,False,False,False,True
dsgdb9nsd_002167,False,False,False,True
dsgdb9nsd_002168,False,False,False,True
dsgdb9nsd_002169,False,False,False,True
dsgdb9nsd_002171,False,False,False,True
dsgdb9nsd_002172,False,False,False,True
dsgdb9nsd_002182,False,False,False,True
dsgdb9nsd_002183,False,False,False,True
dsgdb9nsd_002184,False,False,False,True
dsgdb9nsd_002185,False,False,False,True
dsgdb9nsd_002186,False,False,False,True
dsgdb9nsd_002188,False,False,False,True
dsgdb9nsd_002189,False,False,False,True
dsgdb9nsd_002190,False,False,False,True
dsgdb9nsd_002191,False,False,False,True
dsgdb9nsd_002192,False,False,False,True
dsgdb9nsd_002193,False,False,False,True
dsgdb9nsd_002194,False,False,False,True
dsgdb9nsd_002195,False,False,False,True
dsgdb9nsd_002196,False,False,False,True
dsgdb9nsd_002197,False,False,False,True
dsgdb9nsd_002198,False,False,False,True
dsgdb9nsd_002199,False,False,False,True
dsgdb9nsd_002200,False,False,False,True
dsgdb9nsd_002201,False,False,False,True
dsgdb9nsd_002202,False,False,False,True
dsgdb9nsd_002211,False,False,False,True
dsgdb9nsd_002212,False,False,False,True
dsgdb9nsd_002213,False,False,False,True
dsgdb9nsd_002214,False,False,False,True
dsgdb9nsd_002215,False,False,False,True
dsgdb9nsd_002216,False,False,False,True
dsgdb9nsd_002217,False,False,False,True
dsgdb9nsd_002218,False,False,False,True
dsgdb9nsd_002219,False,False,False,True
dsgdb9nsd_002220,False,False,False,True
dsgdb9nsd_002221,False,False,False,True
dsgdb9nsd_002222,False,False,False,True
dsgdb9nsd_002223,False,False,False,True
dsgdb9nsd_002224,False,False,False,True
dsgdb9nsd_002225,False,False,False,True
dsgdb9nsd_002226,False,False,False,True
dsgdb9nsd_002227,False,False,False,True
dsgdb9nsd_002228,False,False,False,True
dsgdb9nsd_002229,False,False,False,True
dsgdb9nsd_002230,False,False,False,True
dsgdb9nsd_002231,False,False,False,True
dsgdb9nsd_002232,False,False,False,True
dsgdb9nsd_002233,False,False,False,True
dsgdb9nsd_002234,False,False,False,True
dsgdb9nsd_002235,False,False,False,True
dsgdb9nsd_002236,False,False,False,True
dsgdb9nsd_002237,False,False,False,True
dsgdb9nsd_002238,False,False,False,True
dsgdb9nsd_002239,False,False,False,True
dsgdb9nsd_002240,False,False,False,True
dsgdb9nsd_002241,False,False,False,True
dsgdb9nsd_002242,False,False,False,True
dsgdb9nsd_002243,False,False,False,True
dsgdb9nsd_002244,False,False,False,True
dsgdb9nsd_002245,False,False,False,True
dsgdb9nsd_002246,False,False,False,True
dsgdb9nsd_002247,False,False,False,True
dsgdb9nsd_002248,False,False,False,True
dsgdb9nsd_002249,False,False,False,True
dsgdb9nsd_002250,False,False,False,True
dsgdb9nsd_002251,False,False,False,True
dsgdb9nsd_002252,False,False,False,True
dsgdb9nsd_002253,False,False,False,True
dsgdb9nsd_002254,False,False,False,True
dsgdb9nsd_002255,False,False,False,True
dsgdb9nsd_002257,False,False,False,True
dsgdb9nsd_002258,False,False,False,True
dsgdb9nsd_002260,False,False,False,True
dsgdb9nsd_002262,False,False,False,True
dsgdb9nsd_002263,False,False,False,True
dsgdb9nsd_002264,False,False,False,True
dsgdb9nsd_002265,False,False,False,True
dsgdb9nsd_002266,False,False,False,True
dsgdb9nsd_002267,False,False,False,True
dsgdb9nsd_002268,False,False,False,True
dsgdb9nsd_002269,False,False,False,True
dsgdb9nsd_002270,False,False,False,True
dsgdb9nsd_002271,False,False,False,True
dsgdb9nsd_002272,False,False,False,True
dsgdb9nsd_002273,False,False,False,True
dsgdb9nsd_002274,False,False,False,True
dsgdb9nsd_002275,False,False,False,True
dsgdb9nsd_002276,False,False,False,True
dsgdb9nsd_002277,False,False,False,True
dsgdb9nsd_002278,False,False,False,True
dsgdb9nsd_002279,False,False,False,True
dsgdb9nsd_002280,False,False,False,True
dsgdb9nsd_002281,False,False,False,True
dsgdb9nsd_002282,False,False,False,True
dsgdb9nsd_002283,False,False,False,True
dsgdb9nsd_002284,False,False,False,True
dsgdb9nsd_002285,False,False,False,True
dsgdb9nsd_002286,False,False,False,True
dsgdb9nsd_002287,False,False,False,True
dsgdb9nsd_002289,False,False,False,True
dsgdb9nsd_002290,False,False,False,True
dsgdb9nsd_002302,False,False,False,True
dsgdb9nsd_002303,False,False,False,True
dsgdb9nsd_002304,False,False,False,True
dsgdb9nsd_002305,False,False,False,True
dsgdb9nsd_002306,False,False,False,True
dsgdb9nsd_002307,False,False,False,True
dsgdb9nsd_002309,False,False,False,True
dsgdb9nsd_002310,False,False,False,True
dsgdb9nsd_002311,False,False,False,True
dsgdb9nsd_002312,False,False,False,True
dsgdb9nsd_002313,False,False,False,True
dsgdb9nsd_002315,False,False,False,True
dsgdb9nsd_002316,False,False,False,True
dsgdb9nsd_002317,False,False,False,True
dsgdb9nsd_002318,False,False,False,True
dsgdb9nsd_002319,False,False,False,True
dsgdb9nsd_002320,False,False,False,True
dsgdb9nsd_002321,False,False,False,True
dsgdb9nsd_002322,False,False,False,True
dsgdb9nsd_002323,False,False,False,True
dsgdb9nsd_002324,False,False,False,True
dsgdb9nsd_002325,False,False,False,True
dsgdb9nsd_002326,False,False,False,True
dsgdb9nsd_002327,False,False,False,True
dsgdb9nsd_002328,False,False,False,True
dsgdb9nsd_002329,False,False,False,True
dsgdb9nsd_002348,False,False,False,True
dsgdb9nsd_002349,False,False,False,True
dsgdb9nsd_002350,False,False,False,True
dsgdb9nsd_002351,False,False,False,True
dsgdb9nsd_002352,False,False,False,True
dsgdb9nsd_002353,False,False,False,True
dsgdb9nsd_002354,False,False,False,True
dsgdb9nsd_002355,False,False,False,True
dsgdb9nsd_002356,False,False,False,True
dsgdb9nsd_002357,False,False,False,True
dsgdb9nsd_002374,False,False,False,True
dsgdb9nsd_002375,False,False,False,True
dsgdb9nsd_002376,False,False,False,True
dsgdb9nsd_002377,False,False,False,True
dsgdb9nsd_002378,False,False,False,True
dsgdb9nsd_002379,False,False,False,True
dsgdb9nsd_002380,False,False,False,True
dsgdb9nsd_002381,False,False,False,True
dsgdb9nsd_002382,False,False,False,True
dsgdb9nsd_002383,False,False,False,True
dsgdb9nsd_002384,False,False,False,True
dsgdb9nsd_002385,False,False,False,True
dsgdb9nsd_002386,False,False,False,True
dsgdb9nsd_002387,False,False,False,True
dsgdb9nsd_002388,False,False,False,True
dsgdb9nsd_002389,False,False,False,True
dsgdb9nsd_002390,False,False,False,True
dsgdb9nsd_002391,False,False,False,True
dsgdb9nsd_002392,False,False,False,True
dsgdb9nsd_002393,False,False,False,True
dsgdb9nsd_002394,False,False,False,True
dsgdb9nsd_002395,False,False,False,True
dsgdb9nsd_002396,False,False,False,True
dsgdb9nsd_002397,False,False,False,True
dsgdb9nsd_002398,False,False,False,True
dsgdb9nsd_002399,False,False,False,True
dsgdb9nsd_002400,False,False,False,True
dsgdb9nsd_002401,False,False,False,True
dsgdb9nsd_002402,False,False,False,True
dsgdb9nsd_002403,False,False,False,True
dsgdb9nsd_002404,False,False,False,True
dsgdb9nsd_002405,False,False,False,True
dsgdb9nsd_002406,False,False,False,True
dsgdb9nsd_002407,False,False,False,True
dsgdb9nsd_002408,False,False,False,True
dsgdb9nsd_002409,False,False,False,True
dsgdb9nsd_002410,False,False,False,True
dsgdb9nsd_002411,False,False,False,True
dsgdb9nsd_002412,False,False,False,True
dsgdb9nsd_002413,False,False,False,True
dsgdb9nsd_002414,False,False,False,True
dsgdb9nsd_002415,False,False,False,True
dsgdb9nsd_002416,False,False,False,True
dsgdb9nsd_002417,False,False,False,True
dsgdb9nsd_002419,False,False,False,True
dsgdb9nsd_002420,False,False,False,True
dsgdb9nsd_002421,False,False,False,True
dsgdb9nsd_002422,False,False,False,True
dsgdb9nsd_002423,False,False,False,True
dsgdb9nsd_002424,False,False,False,True
dsgdb9nsd_002425,False,False,False,True
dsgdb9nsd_002426,False,False,False,True
dsgdb9nsd_002427,False,False,False,True
dsgdb9nsd_002428,False,False,False,True
dsgdb9nsd_002429,False,False,False,True
dsgdb9nsd_002430,False,False,False,True
dsgdb9nsd_002431,False,False,False,True
dsgdb9nsd_002432,False,False,False,True
dsgdb9nsd_002433,False,False,False,True
dsgdb9nsd_002434,False,False,False,True
dsgdb9nsd_002435,False,False,False,True
dsgdb9nsd_002436,False,False,False,True
dsgdb9nsd_002437,False,False,False,True
dsgdb9nsd_002438,False,False,False,True
dsgdb9nsd_002439,False,False,False,True
dsgdb9nsd_002440,False,False,False,True
dsgdb9nsd_002441,False,False,False,True
dsgdb9nsd_002442,False,False,False,True
dsgdb9nsd_002443,False,False,False,True
dsgdb9nsd_002444,False,False,False,True
dsgdb9nsd_002445,False,False,False,True
dsgdb9nsd_002446,False,False,False,True
dsgdb9nsd_002447,False,False,False,True
dsgdb9nsd_002449,False,False,False,True
dsgdb9nsd_002450,False,False,False,True
dsgdb9nsd_002451,False,False,False,True
dsgdb9nsd_002452,False,False,False,True
dsgdb9nsd_002453,False,False,False,True
dsgdb9nsd_002454,False,False,False,True
dsgdb9nsd_002455,False,False,False,True
dsgdb9nsd_002456,False,False,False,True
dsgdb9nsd_002457,False,False,False,True
dsgdb9nsd_002458,False,False,False,True
dsgdb9nsd_002459,False,False,False,True
dsgdb9nsd_002460,False,False,False,True
dsgdb9nsd_002461,False,False,False,True
dsgdb9nsd_002462,False,False,False,True
dsgdb9nsd_002463,False,False,False,True
dsgdb9nsd_002464,False,False,False,True
dsgdb9nsd_002465,False,False,False,True
dsgdb9nsd_002466,False,False,False,True
dsgdb9nsd_002467,False,False,False,True
dsgdb9nsd_002468,False,False,False,True
dsgdb9nsd_002469,False,False,False,True
dsgdb9nsd_002470,False,False,False,True
dsgdb9nsd_002471,False,False,False,True
dsgdb9nsd_002472,False,False,False,True
dsgdb9nsd_002473,False,False,False,True
dsgdb9nsd_002474,False,False,False,True
dsgdb9nsd_002475,False,False,False,True
dsgdb9nsd_002476,False,False,False,True
dsgdb9nsd_002477,False,False,False,True
dsgdb9nsd_002478,False,False,False,True
dsgdb9nsd_002479,False,False,False,True
dsgdb9nsd_002480,False,False,False,True
dsgdb9nsd_002481,False,False,False,True
dsgdb9nsd_002482,False,False,False,True
dsgdb9nsd_002484,False,False,False,True
dsgdb9nsd_002485,False,False,False,True
dsgdb9nsd_002486,False,False,False,True
dsgdb9nsd_002487,False,False,False,True
dsgdb9nsd_002488,False,False,False,True
dsgdb9nsd_002489,False,False,False,True
dsgdb9nsd_002490,False,False,False,True
dsgdb9nsd_002491,False,False,False,True
dsgdb9nsd_002492,False,False,False,True
dsgdb9nsd_002493,False,False,False,True
dsgdb9nsd_002495,False,False,False,True
dsgdb9nsd_002496,False,False,False,True
dsgdb9nsd_002497,False,False,False,True
dsgdb9nsd_002498,False,False,False,True
dsgdb9nsd_002499,False,False,False,True
dsgdb9nsd_002500,False,False,False,True
dsgdb9nsd_002501,False,False,False,True
dsgdb9nsd_002502,False,False,False,True
dsgdb9nsd_002503,False,False,False,True
dsgdb9nsd_002504,False,False,False,True
dsgdb9nsd_002505,False,False,False,True
dsgdb9nsd_002507,False,False,False,True
dsgdb9nsd_002508,False,False,False,True
dsgdb9nsd_002509,False,False,False,True
dsgdb9nsd_002510,False,False,False,True
dsgdb9nsd_002511,False,False,False,True
dsgdb9nsd_002512,False,False,False,True
dsgdb9nsd_002513,False,False,False,True
dsgdb9nsd_002515,False,False,False,True
dsgdb9nsd_002516,False,False,False,True
dsgdb9nsd_002517,False,False,False,True
dsgdb9nsd_002518,False,False,False,True
dsgdb9nsd_002520,False,False,False,True
dsgdb9nsd_002521,False,False,False,True
dsgdb9nsd_002522,False,False,False,True
dsgdb9nsd_002523,False,False,False,True
dsgdb9nsd_002524,False,False,False,True
dsgdb9nsd_002525,False,False,False,True
dsgdb9nsd_002526,False,False,False,True
dsgdb9nsd_002527,False,False,False,True
dsgdb9nsd_002528,False,False,False,True
dsgdb9nsd_002529,False,False,False,True
dsgdb9nsd_002530,False,False,False,True
dsgdb9nsd_002532,False,False,False,True
dsgdb9nsd_002533,False,False,False,True
dsgdb9nsd_002534,False,False,False,True
dsgdb9nsd_002535,False,False,False,True
dsgdb9nsd_002536,False,False,False,True
dsgdb9nsd_002537,False,False,False,True
dsgdb9nsd_002538,False,False,False,True
dsgdb9nsd_002539,False,False,False,True
dsgdb9nsd_002540,False,False,False,True
dsgdb9nsd_002541,False,False,False,True
dsgdb9nsd_002555,False,False,False,True
dsgdb9nsd_002556,False,False,False,True
dsgdb9nsd_002557,False,False,False,True
dsgdb9nsd_002558,False,False,False,True
dsgdb9nsd_002559,False,False,False,True
dsgdb9nsd_002560,False,False,False,True
dsgdb9nsd_002561,False,False,False,True
dsgdb9nsd_002562,False,False,False,True
dsgdb9nsd_002563,False,False,False,True
dsgdb9nsd_002564,False,False,False,True
dsgdb9nsd_002565,False,False,False,True
dsgdb9nsd_002566,False,False,False,True
dsgdb9nsd_002568,False,False,False,True
dsgdb9nsd_002569,False,False,False,True
dsgdb9nsd_002570,False,False,False,True
dsgdb9nsd_002571,False,False,False,True
dsgdb9nsd_002572,False,False,False,True
dsgdb9nsd_002583,False,False,False,True
dsgdb9nsd_002584,False,False,False,True
dsgdb9nsd_002585,False,False,False,True
dsgdb9nsd_002586,False,False,False,True
dsgdb9nsd_002587,False,False,False,True
dsgdb9nsd_002589,False,False,False,True
dsgdb9nsd_002590,False,False,False,True
dsgdb9nsd_002591,False,False,False,True
dsgdb9nsd_002592,False,False,False,True
dsgdb9nsd_002593,False,False,False,True
dsgdb9nsd_002594,False,False,False,True
dsgdb9nsd_002595,False,False,False,True
dsgdb9nsd_002596,False,False,False,True
dsgdb9nsd_002597,False,False,False,True
dsgdb9nsd_002598,False,False,False,True
dsgdb9nsd_002599,False,False,False,True
dsgdb9nsd_002600,False,False,False,True
dsgdb9nsd_002601,False,False,False,True
dsgdb9nsd_002602,False,False,False,True
dsgdb9nsd_002603,False,False,False,True
dsgdb9nsd_002604,False,False,False,True
dsgdb9nsd_002605,False,False,False,True
dsgdb9nsd_002606,False,False,False,True
dsgdb9nsd_002607,False,False,False,True
dsgdb9nsd_002608,False,False,False,True
dsgdb9nsd_002609,False,False,False,True
dsgdb9nsd_002610,False,False,False,True
dsgdb9nsd_002611,False,False,False,True
dsgdb9nsd_002612,False,False,False,True
dsgdb9nsd_002613,False,False,False,True
dsgdb9nsd_002614,False,False,False,True
dsgdb9nsd_002615,False,False,False,True
dsgdb9nsd_002616,False,False,False,True
dsgdb9nsd_002617,False,False,False,True
dsgdb9nsd_002618,False,False,False,True
dsgdb9nsd_002619,False,False,False,True
dsgdb9nsd_002620,False,False,False,True
dsgdb9nsd_002622,False,False,False,True
dsgdb9nsd_002623,False,False,False,True
dsgdb9nsd_002626,False,False,False,True
dsgdb9nsd_002627,False,False,False,True
dsgdb9nsd_002628,False,False,False,True
dsgdb9nsd_002629,False,False,False,True
dsgdb9nsd_002630,False,False,False,True
dsgdb9nsd_002631,False,False,False,True
dsgdb9nsd_002632,False,False,False,True
dsgdb9nsd_002633,False,False,False,True
dsgdb9nsd_002634,False,False,False,True
dsgdb9nsd_002635,False,False,False,True
dsgdb9nsd_002636,False,False,False,True
dsgdb9nsd_002637,False,False,False,True
dsgdb9nsd_002638,False,False,False,True
dsgdb9nsd_002639,False,False,False,True
dsgdb9nsd_002640,False,False,False,True
dsgdb9nsd_002641,False,False,False,True
dsgdb9nsd_002642,False,False,False,True
dsgdb9nsd_002643,False,False,False,True
dsgdb9nsd_002645,False,False,False,True
dsgdb9nsd_002648,False,False,False,True
dsgdb9nsd_002649,False,False,False,True
dsgdb9nsd_002650,False,False,False,True
dsgdb9nsd_002651,False,False,False,True
dsgdb9nsd_002652,False,False,False,True
dsgdb9nsd_002653,False,False,False,True
dsgdb9nsd_002654,False,False,False,True
dsgdb9nsd_002655,False,False,False,True
dsgdb9nsd_002657,False,False,False,True
dsgdb9nsd_002658,False,False,False,True
dsgdb9nsd_002659,False,False,False,True
dsgdb9nsd_002660,False,False,False,True
dsgdb9nsd_002661,False,False,False,True
dsgdb9nsd_002662,False,False,False,True
dsgdb9nsd_002663,False,False,False,True
dsgdb9nsd_002664,False,False,False,True
dsgdb9nsd_002665,False,False,False,True
dsgdb9nsd_002666,False,False,False,True
dsgdb9nsd_002667,False,False,False,True
dsgdb9nsd_002668,False,False,False,True
dsgdb9nsd_002669,False,False,False,True
dsgdb9nsd_002670,False,False,False,True
dsgdb9nsd_002671,False,False,False,True
dsgdb9nsd_002672,False,False,False,True
dsgdb9nsd_002673,False,False,False,True
dsgdb9nsd_002675,False,False,False,True
dsgdb9nsd_002676,False,False,False,True
dsgdb9nsd_002678,False,False,False,True
dsgdb9nsd_002680,False,False,False,True
dsgdb9nsd_002681,False,False,False,True
dsgdb9nsd_002682,False,False,False,True
dsgdb9nsd_002686,False,False,False,True
dsgdb9nsd_002687,False,False,False,True
dsgdb9nsd_002689,False,False,False,True
dsgdb9nsd_002692,False,False,False,True
dsgdb9nsd_002694,False,False,False,True
dsgdb9nsd_002695,False,False,False,True
dsgdb9nsd_002696,False,False,False,True
dsgdb9nsd_002697,False,False,False,True
dsgdb9nsd_002698,False,False,False,True
dsgdb9nsd_002699,False,False,False,True
dsgdb9nsd_002700,False,False,False,True
dsgdb9nsd_002701,False,False,False,True
dsgdb9nsd_002702,False,False,False,True
dsgdb9nsd_002703,False,False,False,True
dsgdb9nsd_002704,False,False,False,True
dsgdb9nsd_002705,False,False,False,True
dsgdb9nsd_002732,False,False,False,True
dsgdb9nsd_002733,False,False,False,True
dsgdb9nsd_002734,False,False,False,True
dsgdb9nsd_002735,False,False,False,True
dsgdb9nsd_002736,False,False,False,True
dsgdb9nsd_002737,False,False,False,True
dsgdb9nsd_002738,False,False,False,True
dsgdb9nsd_002739,False,False,False,True
dsgdb9nsd_002740,False,False,False,True
dsgdb9nsd_002741,False,False,False,True
dsgdb9nsd_002742,False,False,False,True
dsgdb9nsd_002743,False,False,False,True
dsgdb9nsd_002744,False,False,False,True
dsgdb9nsd_002745,False,False,False,True
dsgdb9nsd_002746,False,False,False,True
dsgdb9nsd_002747,False,False,False,True
dsgdb9nsd_002748,False,False,False,True
dsgdb9nsd_002749,False,False,False,True
dsgdb9nsd_002750,False,False,False,True
dsgdb9nsd_002751,False,False,False,True
dsgdb9nsd_002752,False,False,False,True
dsgdb9nsd_002753,False,False,False,True
dsgdb9nsd_002754,False,False,False,True
dsgdb9nsd_002755,False,False,False,True
dsgdb9nsd_002756,False,False,False,True
dsgdb9nsd_002757,False,False,False,True
dsgdb9nsd_002758,False,False,False,True
dsgdb9nsd_002759,False,False,False,True
dsgdb9nsd_002760,False,False,False,True
dsgdb9nsd_002761,False,False,False,True
dsgdb9nsd_002762,False,False,False,True
dsgdb9nsd_002763,False,False,False,True
dsgdb9nsd_002764,False,False,False,True
dsgdb9nsd_002765,False,False,False,True
dsgdb9nsd_002766,False,False,False,True
dsgdb9nsd_002767,False,False,False,True
dsgdb9nsd_002768,False,False,False,True
dsgdb9nsd_002769,False,False,False,True
dsgdb9nsd_002770,False,False,False,True
dsgdb9nsd_002771,False,False,False,True
dsgdb9nsd_002772,False,False,False,True
dsgdb9nsd_002773,False,False,False,True
dsgdb9nsd_002774,False,False,False,True
dsgdb9nsd_002775,False,False,False,True
dsgdb9nsd_002776,False,False,False,True
dsgdb9nsd_002777,False,False,False,True
dsgdb9nsd_002778,False,False,False,True
dsgdb9nsd_002779,False,False,False,True
dsgdb9nsd_002780,False,False,False,True
dsgdb9nsd_002781,False,False,False,True
dsgdb9nsd_002782,False,False,False,True
dsgdb9nsd_002783,False,False,False,True
dsgdb9nsd_002784,False,False,False,True
dsgdb9nsd_002785,False,False,False,True
dsgdb9nsd_002786,False,False,False,True
dsgdb9nsd_002787,False,False,False,True
dsgdb9nsd_002788,False,False,False,True
dsgdb9nsd_002789,False,False,False,True
dsgdb9nsd_002790,False,False,False,True
dsgdb9nsd_002791,False,False,False,True
dsgdb9nsd_002793,False,False,False,True
dsgdb9nsd_002794,False,False,False,True
dsgdb9nsd_002808,False,False,False,True
dsgdb9nsd_002809,False,False,False,True
dsgdb9nsd_002810,False,False,False,True
dsgdb9nsd_002811,False,False,False,True
dsgdb9nsd_002812,False,False,False,True
dsgdb9nsd_002813,False,False,False,True
dsgdb9nsd_002814,False,False,False,True
dsgdb9nsd_002815,False,False,False,True
dsgdb9nsd_002816,False,False,False,True
dsgdb9nsd_002817,False,False,False,True
dsgdb9nsd_002818,False,False,False,True
dsgdb9nsd_002819,False,False,False,True
dsgdb9nsd_002820,False,False,False,True
dsgdb9nsd_002821,False,False,False,True
dsgdb9nsd_002822,False,False,False,True
dsgdb9nsd_002823,False,False,False,True
dsgdb9nsd_002824,False,False,False,True
dsgdb9nsd_002825,False,False,False,True
dsgdb9nsd_002826,False,False,False,True
dsgdb9nsd_002827,False,False,False,True
dsgdb9nsd_002828,False,False,False,True
dsgdb9nsd_002829,False,False,False,True
dsgdb9nsd_002830,False,False,False,True
dsgdb9nsd_002831,False,False,False,True
dsgdb9nsd_002832,False,False,False,True
dsgdb9nsd_002833,False,False,False,True
dsgdb9nsd_002834,False,False,False,True
dsgdb9nsd_002835,False,False,False,True
dsgdb9nsd_002836,False,False,False,True
dsgdb9nsd_002837,False,False,False,True
dsgdb9nsd_002838,False,False,False,True
dsgdb9nsd_002841,False,False,False,True
dsgdb9nsd_002842,False,False,False,True
dsgdb9nsd_002843,False,False,False,True
dsgdb9nsd_002844,False,False,False,True
dsgdb9nsd_002845,False,False,False,True
dsgdb9nsd_002846,False,False,False,True
dsgdb9nsd_002847,False,False,False,True
dsgdb9nsd_002848,False,False,False,True
dsgdb9nsd_002849,False,False,False,True
dsgdb9nsd_002850,False,False,False,True
dsgdb9nsd_002851,False,False,False,True
dsgdb9nsd_002852,False,False,False,True
dsgdb9nsd_002853,False,False,False,True
dsgdb9nsd_002854,False,False,False,True
dsgdb9nsd_002868,False,False,False,True
dsgdb9nsd_002869,False,False,False,True
dsgdb9nsd_002870,False,False,False,True
dsgdb9nsd_002871,False,False,False,True
dsgdb9nsd_002872,False,False,False,True
dsgdb9nsd_002873,False,False,False,True
dsgdb9nsd_002874,False,False,False,True
dsgdb9nsd_002875,False,False,False,True
dsgdb9nsd_002876,False,False,False,True
dsgdb9nsd_002877,False,False,False,True
dsgdb9nsd_002878,False,False,False,True
dsgdb9nsd_002879,False,False,False,True
dsgdb9nsd_002880,False,False,False,True
dsgdb9nsd_002881,False,False,False,True
dsgdb9nsd_002882,False,False,False,True
dsgdb9nsd_002883,False,False,False,True
dsgdb9nsd_002884,False,False,False,True
dsgdb9nsd_002885,False,False,False,True
dsgdb9nsd_002886,False,False,False,True
dsgdb9nsd_002887,False,False,False,True
dsgdb9nsd_002889,False,False,False,True
dsgdb9nsd_002890,False,False,False,True
dsgdb9nsd_002891,False,False,False,True
dsgdb9nsd_002892,False,False,False,True
dsgdb9nsd_002893,False,False,False,True
dsgdb9nsd_002894,False,False,False,True
dsgdb9nsd_002895,False,False,False,True
dsgdb9nsd_002896,False,False,False,True
dsgdb9nsd_002897,False,False,False,True
dsgdb9nsd_002898,False,False,False,True
dsgdb9nsd_002899,False,False,False,True
dsgdb9nsd_002900,False,False,False,True
dsgdb9nsd_002901,False,False,False,True
dsgdb9nsd_002902,False,False,False,True
dsgdb9nsd_002903,False,False,False,True
dsgdb9nsd_002904,False,False,False,True
dsgdb9nsd_002905,False,False,False,True
dsgdb9nsd_002906,False,False,False,True
dsgdb9nsd_002907,False,False,False,True
dsgdb9nsd_002908,False,False,False,True
dsgdb9nsd_002909,False,False,False,True
dsgdb9nsd_002910,False,False,False,True
dsgdb9nsd_002911,False,False,False,True
dsgdb9nsd_002912,False,False,False,True
dsgdb9nsd_002913,False,False,False,True
dsgdb9nsd_002914,False,False,False,True
dsgdb9nsd_002915,False,False,False,True
dsgdb9nsd_002916,False,False,False,True
dsgdb9nsd_002917,False,False,False,True
dsgdb9nsd_002919,False,False,False,True
dsgdb9nsd_002920,False,False,False,True
dsgdb9nsd_002921,False,False,False,True
dsgdb9nsd_002922,False,False,False,True
dsgdb9nsd_002923,False,False,False,True
dsgdb9nsd_002924,False,False,False,True
dsgdb9nsd_002925,False,False,False,True
dsgdb9nsd_002926,False,False,False,True
dsgdb9nsd_002927,False,False,False,True
dsgdb9nsd_002928,False,False,False,True
dsgdb9nsd_002929,False,False,False,True
dsgdb9nsd_002930,False,False,False,True
dsgdb9nsd_002931,False,False,False,True
dsgdb9nsd_002932,False,False,False,True
dsgdb9nsd_002933,False,False,False,True
dsgdb9nsd_002934,False,False,False,True
dsgdb9nsd_002935,False,False,False,True
dsgdb9nsd_002936,False,False,False,True
dsgdb9nsd_002937,False,False,False,True
dsgdb9nsd_002938,False,False,False,True
dsgdb9nsd_002939,False,False,False,True
dsgdb9nsd_002940,False,False,False,True
dsgdb9nsd_002941,False,False,False,True
dsgdb9nsd_002955,False,False,False,True
dsgdb9nsd_002956,False,False,False,True
dsgdb9nsd_002957,False,False,False,True
dsgdb9nsd_002958,False,False,False,True
dsgdb9nsd_002959,False,False,False,True
dsgdb9nsd_002960,False,False,False,True
dsgdb9nsd_002961,False,False,False,True
dsgdb9nsd_002962,False,False,False,True
dsgdb9nsd_002963,False,False,False,True
dsgdb9nsd_002964,False,False,False,True
dsgdb9nsd_002965,False,False,False,True
dsgdb9nsd_002966,False,False,False,True
dsgdb9nsd_002967,False,False,False,True
dsgdb9nsd_002968,False,False,False,True
dsgdb9nsd_002969,False,False,False,True
dsgdb9nsd_002970,False,False,False,True
dsgdb9nsd_002971,False,False,False,True
dsgdb9nsd_002972,False,False,False,True
dsgdb9nsd_002973,False,False,False,True
dsgdb9nsd_002974,False,False,False,True
dsgdb9nsd_002975,False,False,False,True
dsgdb9nsd_002976,False,False,False,True
dsgdb9nsd_002977,False,False,False,True
dsgdb9nsd_002978,False,False,False,True
dsgdb9nsd_002979,False,False,False,True
dsgdb9nsd_002980,False,False,False,True
dsgdb9nsd_002981,False,False,False,True
dsgdb9nsd_002982,False,False,False,True
dsgdb9nsd_002983,False,False,False,True
dsgdb9nsd_002984,False,False,False,True
dsgdb9nsd_002986,False,False,False,True
dsgdb9nsd_002987,False,False,False,True
dsgdb9nsd_002988,False,False,False,True
dsgdb9nsd_002989,False,False,False,True
dsgdb9nsd_002990,False,False,False,True
dsgdb9nsd_002991,False,False,False,True
dsgdb9nsd_002992,False,False,False,True
dsgdb9nsd_002994,False,False,False,True
dsgdb9nsd_002995,False,False,False,True
dsgdb9nsd_002996,False,False,False,True
dsgdb9nsd_002997,False,False,False,True
dsgdb9nsd_002998,False,False,False,True
dsgdb9nsd_002999,False,False,False,True
dsgdb9nsd_003000,False,False,False,True
dsgdb9nsd_003001,False,False,False,True
dsgdb9nsd_003003,False,False,False,True
dsgdb9nsd_003004,False,False,False,True
dsgdb9nsd_003005,False,False,False,True
dsgdb9nsd_003006,False,False,False,True
dsgdb9nsd_003007,False,False,False,True
dsgdb9nsd_003008,False,False,False,True
dsgdb9nsd_003024,False,False,False,True
dsgdb9nsd_003025,False,False,False,True
dsgdb9nsd_003026,False,False,False,True
dsgdb9nsd_003027,False,False,False,True
dsgdb9nsd_003028,False,False,False,True
dsgdb9nsd_003029,False,False,False,True
dsgdb9nsd_003030,False,False,False,True
dsgdb9nsd_003031,False,False,False,True
dsgdb9nsd_003032,False,False,False,True
dsgdb9nsd_003033,False,False,False,True
dsgdb9nsd_003034,False,False,False,True
dsgdb9nsd_003035,False,False,False,True
dsgdb9nsd_003036,False,False,False,True
dsgdb9nsd_003037,False,False,False,True
dsgdb9nsd_003038,False,False,False,True
dsgdb9nsd_003039,False,False,False,True
dsgdb9nsd_003040,False,False,False,True
dsgdb9nsd_003041,False,False,False,True
dsgdb9nsd_003042,False,False,False,True
dsgdb9nsd_003043,False,False,False,True
dsgdb9nsd_003044,False,False,False,True
dsgdb9nsd_003045,False,False,False,True
dsgdb9nsd_003046,False,False,False,True
dsgdb9nsd_003047,False,False,False,True
dsgdb9nsd_003048,False,False,False,True
dsgdb9nsd_003049,False,False,False,True
dsgdb9nsd_003050,False,False,False,True
dsgdb9nsd_003051,False,False,False,True
dsgdb9nsd_003052,False,False,False,True
dsgdb9nsd_003053,False,False,False,True
dsgdb9nsd_003054,False,False,False,True
dsgdb9nsd_003055,False,False,False,True
dsgdb9nsd_003056,False,False,False,True
dsgdb9nsd_003057,False,False,False,True
dsgdb9nsd_003058,False,False,False,True
dsgdb9nsd_003059,False,False,False,True
dsgdb9nsd_003060,False,False,False,True
dsgdb9nsd_003061,False,False,False,True
dsgdb9nsd_003062,False,False,False,True
dsgdb9nsd_003063,False,False,False,True
dsgdb9nsd_003064,False,False,False,True
dsgdb9nsd_003065,False,False,False,True
dsgdb9nsd_003066,False,False,False,True
dsgdb9nsd_003081,False,False,False,True
dsgdb9nsd_003082,False,False,False,True
dsgdb9nsd_003083,False,False,False,True
dsgdb9nsd_003084,False,False,False,True
dsgdb9nsd_003085,False,False,False,True
dsgdb9nsd_003086,False,False,False,True
dsgdb9nsd_003087,False,False,False,True
dsgdb9nsd_003088,False,False,False,True
dsgdb9nsd_003089,False,False,False,True
dsgdb9nsd_003091,False,False,False,True
dsgdb9nsd_003092,False,False,False,True
dsgdb9nsd_003093,False,False,False,True
dsgdb9nsd_003094,False,False,False,True
dsgdb9nsd_003095,False,False,False,True
dsgdb9nsd_003108,False,False,False,True
dsgdb9nsd_003109,False,False,False,True
dsgdb9nsd_003110,False,False,False,True
dsgdb9nsd_003111,False,False,False,True
dsgdb9nsd_003112,False,False,False,True
dsgdb9nsd_003113,False,False,False,True
dsgdb9nsd_003114,False,False,False,True
dsgdb9nsd_003115,False,False,False,True
dsgdb9nsd_003116,False,False,False,True
dsgdb9nsd_003117,False,False,False,True
dsgdb9nsd_003118,False,False,False,True
dsgdb9nsd_003119,False,False,False,True
dsgdb9nsd_003120,False,False,False,True
dsgdb9nsd_003121,False,False,False,True
dsgdb9nsd_003122,False,False,False,True
dsgdb9nsd_003123,False,False,False,True
dsgdb9nsd_003124,False,False,False,True
dsgdb9nsd_003125,False,False,False,True
dsgdb9nsd_003126,False,False,False,True
dsgdb9nsd_003127,False,False,False,True
dsgdb9nsd_003128,False,False,False,True
dsgdb9nsd_003129,False,False,False,True
dsgdb9nsd_003130,False,False,False,True
dsgdb9nsd_003131,False,False,False,True
dsgdb9nsd_003132,False,False,False,True
dsgdb9nsd_003134,False,False,False,True
dsgdb9nsd_003135,False,False,False,True
dsgdb9nsd_003136,False,False,False,True
dsgdb9nsd_003137,False,False,False,True
dsgdb9nsd_003138,False,False,False,True
dsgdb9nsd_003139,False,False,False,True
dsgdb9nsd_003140,False,False,False,True
dsgdb9nsd_003141,False,False,False,True
dsgdb9nsd_003142,False,False,False,True
dsgdb9nsd_003143,False,False,False,True
dsgdb9nsd_003144,False,False,False,True
dsgdb9nsd_003145,False,False,False,True
dsgdb9nsd_003146,False,False,False,True
dsgdb9nsd_003147,False,False,False,True
dsgdb9nsd_003148,False,False,False,True
dsgdb9nsd_003149,False,False,False,True
dsgdb9nsd_003150,False,False,False,True
dsgdb9nsd_003151,False,False,False,True
dsgdb9nsd_003152,False,False,False,True
dsgdb9nsd_003153,False,False,False,True
dsgdb9nsd_003154,False,False,False,True
dsgdb9nsd_003155,False,False,False,True
dsgdb9nsd_003156,False,False,False,True
dsgdb9nsd_003157,False,False,False,True
dsgdb9nsd_003158,False,False,False,True
dsgdb9nsd_003159,False,False,False,True
dsgdb9nsd_003160,False,False,False,True
dsgdb9nsd_003161,False,False,False,True
dsgdb9nsd_003162,False,False,False,True
dsgdb9nsd_003163,False,False,False,True
dsgdb9nsd_003164,False,False,False,True
dsgdb9nsd_003165,False,False,False,True
dsgdb9nsd_003166,False,False,False,True
dsgdb9nsd_003167,False,False,False,True
dsgdb9nsd_003168,False,False,False,True
dsgdb9nsd_003169,False,False,False,True
dsgdb9nsd_003170,False,False,False,True
dsgdb9nsd_003171,False,False,False,True
dsgdb9nsd_003172,False,False,False,True
dsgdb9nsd_003173,False,False,False,True
dsgdb9nsd_003174,False,False,False,True
dsgdb9nsd_003175,False,False,False,True
dsgdb9nsd_003176,False,False,False,True
dsgdb9nsd_003177,False,False,False,True
dsgdb9nsd_003179,False,False,False,True
dsgdb9nsd_003180,False,False,False,True
dsgdb9nsd_003181,False,False,False,True
dsgdb9nsd_003182,False,False,False,True
dsgdb9nsd_003183,False,False,False,True
dsgdb9nsd_003184,False,False,False,True
dsgdb9nsd_003185,False,False,False,True
dsgdb9nsd_003186,False,False,False,True
dsgdb9nsd_003187,False,False,False,True
dsgdb9nsd_003188,False,False,False,True
dsgdb9nsd_003189,False,False,False,True
dsgdb9nsd_003190,False,False,False,True
dsgdb9nsd_003191,False,False,False,True
dsgdb9nsd_003192,False,False,False,True
dsgdb9nsd_003193,False,False,False,True
dsgdb9nsd_003194,False,False,False,True
dsgdb9nsd_003195,False,False,False,True
dsgdb9nsd_003196,False,False,False,True
dsgdb9nsd_003197,False,False,False,True
dsgdb9nsd_003198,False,False,False,True
dsgdb9nsd_003199,False,False,False,True
dsgdb9nsd_003200,False,False,False,True
dsgdb9nsd_003201,False,False,False,True
dsgdb9nsd_003202,False,False,False,True
dsgdb9nsd_003203,False,False,False,True
dsgdb9nsd_003204,False,False,False,True
dsgdb9nsd_003205,False,False,False,True
dsgdb9nsd_003206,False,False,False,True
dsgdb9nsd_003207,False,False,False,True
dsgdb9nsd_003208,False,False,False,True
dsgdb9nsd_003209,False,False,False,True
dsgdb9nsd_003210,False,False,False,True
dsgdb9nsd_003211,False,False,False,True
dsgdb9nsd_003212,False,False,False,True
dsgdb9nsd_003213,False,False,False,True
dsgdb9nsd_003214,False,False,False,True
dsgdb9nsd_003215,False,False,False,True
dsgdb9nsd_003217,False,False,False,True
dsgdb9nsd_003218,False,False,False,True
dsgdb9nsd_003219,False,False,False,True
dsgdb9nsd_003220,False,False,False,True
dsgdb9nsd_003221,False,False,False,True
dsgdb9nsd_003222,False,False,False,True
dsgdb9nsd_003223,False,False,False,True
dsgdb9nsd_003225,False,False,False,True
dsgdb9nsd_003226,False,False,False,True
dsgdb9nsd_003227,False,False,False,True
dsgdb9nsd_003228,False,False,False,True
dsgdb9nsd_003229,False,False,False,True
dsgdb9nsd_003230,False,False,False,True
dsgdb9nsd_003231,False,False,False,True
dsgdb9nsd_003232,False,False,False,True
dsgdb9nsd_003233,False,False,False,True
dsgdb9nsd_003234,False,False,False,True
dsgdb9nsd_003235,False,False,False,True
dsgdb9nsd_003236,False,False,False,True
dsgdb9nsd_003237,False,False,False,True
dsgdb9nsd_003238,False,False,False,True
dsgdb9nsd_003239,False,False,False,True
dsgdb9nsd_003240,False,False,False,True
dsgdb9nsd_003241,False,False,False,True
dsgdb9nsd_003242,False,False,False,True
dsgdb9nsd_003243,False,False,False,True
dsgdb9nsd_003244,False,False,False,True
dsgdb9nsd_003245,False,False,False,True
dsgdb9nsd_003246,False,False,False,True
dsgdb9nsd_003247,False,False,False,True
dsgdb9nsd_003248,False,False,False,True
dsgdb9nsd_003250,False,False,False,True
dsgdb9nsd_003251,False,False,False,True
dsgdb9nsd_003252,False,False,False,True
dsgdb9nsd_003253,False,False,False,True
dsgdb9nsd_003254,False,False,False,True
dsgdb9nsd_003255,False,False,False,True
dsgdb9nsd_003256,False,False,False,True
dsgdb9nsd_003257,False,False,False,True
dsgdb9nsd_003258,False,False,False,True
dsgdb9nsd_003259,False,False,False,True
dsgdb9nsd_003260,False,False,False,True
dsgdb9nsd_003261,False,False,False,True
dsgdb9nsd_003262,False,False,False,True
dsgdb9nsd_003263,False,False,False,True
dsgdb9nsd_003264,False,False,False,True
dsgdb9nsd_003265,False,False,False,True
dsgdb9nsd_003266,False,False,False,True
dsgdb9nsd_003267,False,False,False,True
dsgdb9nsd_003268,False,False,False,True
dsgdb9nsd_003273,False,False,False,True
dsgdb9nsd_003274,False,False,False,True
dsgdb9nsd_003275,False,False,False,True
dsgdb9nsd_003276,False,False,False,True
dsgdb9nsd_003277,False,False,False,True
dsgdb9nsd_003278,False,False,False,True
dsgdb9nsd_003280,False,False,False,True
dsgdb9nsd_003281,False,False,False,True
dsgdb9nsd_003282,False,False,False,True
dsgdb9nsd_003283,False,False,False,True
dsgdb9nsd_003284,False,False,False,True
dsgdb9nsd_003285,False,False,False,True
dsgdb9nsd_003286,False,False,False,True
dsgdb9nsd_003288,False,False,False,True
dsgdb9nsd_003289,False,False,False,True
dsgdb9nsd_003290,False,False,False,True
dsgdb9nsd_003291,False,False,False,True
dsgdb9nsd_003292,False,False,False,True
dsgdb9nsd_003293,False,False,False,True
dsgdb9nsd_003294,False,False,False,True
dsgdb9nsd_003295,False,False,False,True
dsgdb9nsd_003296,False,False,False,True
dsgdb9nsd_003297,False,False,False,True
dsgdb9nsd_003298,False,False,False,True
dsgdb9nsd_003300,False,False,False,True
dsgdb9nsd_003301,False,False,False,True
dsgdb9nsd_003302,False,False,False,True
dsgdb9nsd_003303,False,False,False,True
dsgdb9nsd_003304,False,False,False,True
dsgdb9nsd_003305,False,False,False,True
dsgdb9nsd_003306,False,False,False,True
dsgdb9nsd_003307,False,False,False,True
dsgdb9nsd_003308,False,False,False,True
dsgdb9nsd_003309,False,False,False,True
dsgdb9nsd_003310,False,False,False,True
dsgdb9nsd_003311,False,False,False,True
dsgdb9nsd_003312,False,False,False,True
dsgdb9nsd_003313,False,False,False,True
dsgdb9nsd_003314,False,False,False,True
dsgdb9nsd_003315,False,False,False,True
dsgdb9nsd_003316,False,False,False,True
dsgdb9nsd_003317,False,False,False,True
dsgdb9nsd_003318,False,False,False,True
dsgdb9nsd_003319,False,False,False,True
dsgdb9nsd_003320,False,False,False,True
dsgdb9nsd_003321,False,False,False,True
dsgdb9nsd_003322,False,False,False,True
dsgdb9nsd_003323,False,False,False,True
dsgdb9nsd_003324,False,False,False,True
dsgdb9nsd_003325,False,False,False,True
dsgdb9nsd_003326,False,False,False,True
dsgdb9nsd_003327,False,False,False,True
dsgdb9nsd_003328,False,False,False,True
dsgdb9nsd_003329,False,False,False,True
dsgdb9nsd_003330,False,False,False,True
dsgdb9nsd_003331,False,False,False,True
dsgdb9nsd_003332,False,False,False,True
dsgdb9nsd_003334,False,False,False,True
dsgdb9nsd_003335,False,False,False,True
dsgdb9nsd_003336,False,False,False,True
dsgdb9nsd_003337,False,False,False,True
dsgdb9nsd_003338,False,False,False,True
dsgdb9nsd_003339,False,False,False,True
dsgdb9nsd_003340,False,False,False,True
dsgdb9nsd_003341,False,False,False,True
dsgdb9nsd_003342,False,False,False,True
dsgdb9nsd_003343,False,False,False,True
dsgdb9nsd_003344,False,False,False,True
dsgdb9nsd_003345,False,False,False,True
dsgdb9nsd_003346,False,False,False,True
dsgdb9nsd_003347,False,False,False,True
dsgdb9nsd_003348,False,False,False,True
dsgdb9nsd_003349,False,False,False,True
dsgdb9nsd_003350,False,False,False,True
dsgdb9nsd_003351,False,False,False,True
dsgdb9nsd_003352,False,False,False,True
dsgdb9nsd_003353,False,False,False,True
dsgdb9nsd_003354,False,False,False,True
dsgdb9nsd_003355,False,False,False,True
dsgdb9nsd_003356,False,False,False,True
dsgdb9nsd_003357,False,False,False,True
dsgdb9nsd_003358,False,False,False,True
dsgdb9nsd_003359,False,False,False,True
dsgdb9nsd_003360,False,False,False,True
dsgdb9nsd_003361,False,False,False,True
dsgdb9nsd_003362,False,False,False,True
dsgdb9nsd_003363,False,False,False,True
dsgdb9nsd_003364,False,False,False,True
dsgdb9nsd_003365,False,False,False,True
dsgdb9nsd_003366,False,False,False,True
dsgdb9nsd_003367,False,False,False,True
dsgdb9nsd_003368,False,False,False,True
dsgdb9nsd_003369,False,False,False,True
dsgdb9nsd_003370,False,False,False,True
dsgdb9nsd_003371,False,False,False,True
dsgdb9nsd_003372,False,False,False,True
dsgdb9nsd_003373,False,False,False,True
dsgdb9nsd_003374,False,False,False,True
dsgdb9nsd_003375,False,False,False,True
dsgdb9nsd_003376,False,False,False,True
dsgdb9nsd_003377,False,False,False,True
dsgdb9nsd_003378,False,False,False,True
dsgdb9nsd_003379,False,False,False,True
dsgdb9nsd_003380,False,False,False,True
dsgdb9nsd_003381,False,False,False,True
dsgdb9nsd_003382,False,False,False,True
dsgdb9nsd_003383,False,False,False,True
dsgdb9nsd_003384,False,False,False,True
dsgdb9nsd_003385,False,False,False,True
dsgdb9nsd_003386,False,False,False,True
dsgdb9nsd_003387,False,False,False,True
dsgdb9nsd_003388,False,False,False,True
dsgdb9nsd_003389,False,False,False,True
dsgdb9nsd_003390,False,False,False,True
dsgdb9nsd_003391,False,False,False,True
dsgdb9nsd_003392,False,False,False,True
dsgdb9nsd_003393,False,False,False,True
dsgdb9nsd_003394,False,False,False,True
dsgdb9nsd_003395,False,False,False,True
dsgdb9nsd_003396,False,False,False,True
dsgdb9nsd_003397,False,False,False,True
dsgdb9nsd_003398,False,False,False,True
dsgdb9nsd_003399,False,False,False,True
dsgdb9nsd_003400,False,False,False,True
dsgdb9nsd_003401,False,False,False,True
dsgdb9nsd_003402,False,False,False,True
dsgdb9nsd_003403,False,False,False,True
dsgdb9nsd_003404,False,False,False,True
dsgdb9nsd_003405,False,False,False,True
dsgdb9nsd_003406,False,False,False,True
dsgdb9nsd_003407,False,False,False,True
dsgdb9nsd_003408,False,False,False,True
dsgdb9nsd_003409,False,False,False,True
dsgdb9nsd_003410,False,False,False,True
dsgdb9nsd_003411,False,False,False,True
dsgdb9nsd_003412,False,False,False,True
dsgdb9nsd_003413,False,False,False,True
dsgdb9nsd_003414,False,False,False,True
dsgdb9nsd_003415,False,False,False,True
dsgdb9nsd_003416,False,False,False,True
dsgdb9nsd_003417,False,False,False,True
dsgdb9nsd_003418,False,False,False,True
dsgdb9nsd_003419,False,False,False,True
dsgdb9nsd_003420,False,False,False,True
dsgdb9nsd_003421,False,False,False,True
dsgdb9nsd_003422,False,False,False,True
dsgdb9nsd_003423,False,False,False,True
dsgdb9nsd_003424,False,False,False,True
dsgdb9nsd_003425,False,False,False,True
dsgdb9nsd_003426,False,False,False,True
dsgdb9nsd_003427,False,False,False,True
dsgdb9nsd_003428,False,False,False,True
dsgdb9nsd_003429,False,False,False,True
dsgdb9nsd_003430,False,False,False,True
dsgdb9nsd_003431,False,False,False,True
dsgdb9nsd_003432,False,False,False,True
dsgdb9nsd_003433,False,False,False,True
dsgdb9nsd_003434,False,False,False,True
dsgdb9nsd_003435,False,False,False,True
dsgdb9nsd_003436,False,False,False,True
dsgdb9nsd_003437,False,False,False,True
dsgdb9nsd_003438,False,False,False,True
dsgdb9nsd_003439,False,False,False,True
dsgdb9nsd_003440,False,False,False,True
dsgdb9nsd_003441,False,False,False,True
dsgdb9nsd_003442,False,False,False,True
dsgdb9nsd_003443,False,False,False,True
dsgdb9nsd_003444,False,False,False,True
dsgdb9nsd_003447,False,False,False,True
dsgdb9nsd_003448,False,False,False,True
dsgdb9nsd_003449,False,False,False,True
dsgdb9nsd_003451,False,False,False,True
dsgdb9nsd_003452,False,False,False,True
dsgdb9nsd_003453,False,False,False,True
dsgdb9nsd_003455,False,False,False,True
dsgdb9nsd_003456,False,False,False,True
dsgdb9nsd_003457,False,False,False,True
dsgdb9nsd_003458,False,False,False,True
dsgdb9nsd_003459,False,False,False,True
dsgdb9nsd_003460,False,False,False,True
dsgdb9nsd_003461,False,False,False,True
dsgdb9nsd_003463,False,False,False,True
dsgdb9nsd_003464,False,False,False,True
dsgdb9nsd_003465,False,False,False,True
dsgdb9nsd_003466,False,False,False,True
dsgdb9nsd_003467,False,False,False,True
dsgdb9nsd_003468,False,False,False,True
dsgdb9nsd_003469,False,False,False,True
dsgdb9nsd_003470,False,False,False,True
dsgdb9nsd_003471,False,False,False,True
dsgdb9nsd_003472,False,False,False,True
dsgdb9nsd_003473,False,False,False,True
dsgdb9nsd_003474,False,False,False,True
dsgdb9nsd_003475,False,False,False,True
dsgdb9nsd_003476,False,False,False,True
dsgdb9nsd_003477,False,False,False,True
dsgdb9nsd_003478,False,False,False,True
dsgdb9nsd_003479,False,False,False,True
dsgdb9nsd_003480,False,False,False,True
dsgdb9nsd_003481,False,False,False,True
dsgdb9nsd_003482,False,False,False,True
dsgdb9nsd_003483,False,False,False,True
dsgdb9nsd_003484,False,False,False,True
dsgdb9nsd_003485,False,False,False,True
dsgdb9nsd_003486,False,False,False,True
dsgdb9nsd_003487,False,False,False,True
dsgdb9nsd_003488,False,False,False,True
dsgdb9nsd_003489,False,False,False,True
dsgdb9nsd_003490,False,False,False,True
dsgdb9nsd_003491,False,False,False,True
dsgdb9nsd_003492,False,False,False,True
dsgdb9nsd_003493,False,False,False,True
dsgdb9nsd_003494,False,False,False,True
dsgdb9nsd_003495,False,False,False,True
dsgdb9nsd_003496,False,False,False,True
dsgdb9nsd_003497,False,False,False,True
dsgdb9nsd_003498,False,False,False,True
dsgdb9nsd_003499,False,False,False,True
dsgdb9nsd_003500,False,False,False,True
dsgdb9nsd_003501,False,False,False,True
dsgdb9nsd_003502,False,False,False,True
dsgdb9nsd_003503,False,False,False,True
dsgdb9nsd_003504,False,False,False,True
dsgdb9nsd_003505,False,False,False,True
dsgdb9nsd_003506,False,False,False,True
dsgdb9nsd_003507,False,False,False,True
dsgdb9nsd_003508,False,False,False,True
dsgdb9nsd_003509,False,False,False,True
dsgdb9nsd_003510,False,False,False,True
dsgdb9nsd_003511,False,False,False,True
dsgdb9nsd_003512,False,False,False,True
dsgdb9nsd_003513,False,False,False,True
dsgdb9nsd_003514,False,False,False,True
dsgdb9nsd_003515,False,False,False,True
dsgdb9nsd_003516,False,False,False,True
dsgdb9nsd_003517,False,False,False,True
dsgdb9nsd_003518,False,False,False,True
dsgdb9nsd_003519,False,False,False,True
dsgdb9nsd_003520,False,False,False,True
dsgdb9nsd_003521,False,False,False,True
dsgdb9nsd_003522,False,False,False,True
dsgdb9nsd_003523,False,False,False,True
dsgdb9nsd_003524,False,False,False,True
dsgdb9nsd_003525,False,False,False,True
dsgdb9nsd_003526,False,False,False,True
dsgdb9nsd_003527,False,False,False,True
dsgdb9nsd_003528,False,False,False,True
dsgdb9nsd_003529,False,False,False,True
dsgdb9nsd_003530,False,False,False,True
dsgdb9nsd_003531,False,False,False,True
dsgdb9nsd_003532,False,False,False,True
dsgdb9nsd_003533,False,False,False,True
dsgdb9nsd_003534,False,False,False,True
dsgdb9nsd_003536,False,False,False,True
dsgdb9nsd_003537,False,False,False,True
dsgdb9nsd_003538,False,False,False,True
dsgdb9nsd_003539,False,False,False,True
dsgdb9nsd_003540,False,False,False,True
dsgdb9nsd_003541,False,False,False,True
dsgdb9nsd_003542,False,False,False,True
dsgdb9nsd_003543,False,False,False,True
dsgdb9nsd_003545,False,False,False,True
dsgdb9nsd_003546,False,False,False,True
dsgdb9nsd_003547,False,False,False,True
dsgdb9nsd_003548,False,False,False,True
dsgdb9nsd_003549,False,False,False,True
dsgdb9nsd_003550,False,False,False,True
dsgdb9nsd_003551,False,False,False,True
dsgdb9nsd_003552,False,False,False,True
dsgdb9nsd_003553,False,False,False,True
dsgdb9nsd_003554,False,False,False,True
dsgdb9nsd_003555,False,False,False,True
dsgdb9nsd_003556,False,False,False,True
dsgdb9nsd_003557,False,False,False,True
dsgdb9nsd_003558,False,False,False,True
dsgdb9nsd_003559,False,False,False,True
dsgdb9nsd_003560,False,False,False,True
dsgdb9nsd_003561,False,False,False,True
dsgdb9nsd_003562,False,False,False,True
dsgdb9nsd_003563,False,False,False,True
dsgdb9nsd_003564,False,False,False,True
dsgdb9nsd_003565,False,False,False,True
dsgdb9nsd_003566,False,False,False,True
dsgdb9nsd_003567,False,False,False,True
dsgdb9nsd_003568,False,False,False,True
dsgdb9nsd_003569,False,False,False,True
dsgdb9nsd_003570,False,False,False,True
dsgdb9nsd_003571,False,False,False,True
dsgdb9nsd_003573,False,False,False,True
dsgdb9nsd_003574,False,False,False,True
dsgdb9nsd_003575,False,False,False,True
dsgdb9nsd_003576,False,False,False,True
dsgdb9nsd_003577,False,False,False,True
dsgdb9nsd_003578,False,False,False,True
dsgdb9nsd_003579,False,False,False,True
dsgdb9nsd_003580,False,False,False,True
dsgdb9nsd_003582,False,False,False,True
dsgdb9nsd_003583,False,False,False,True
dsgdb9nsd_003584,False,False,False,True
dsgdb9nsd_003585,False,False,False,True
dsgdb9nsd_003586,False,False,False,True
dsgdb9nsd_003587,False,False,False,True
dsgdb9nsd_003588,False,False,False,True
dsgdb9nsd_003589,False,False,False,True
dsgdb9nsd_003590,False,False,False,True
dsgdb9nsd_003591,False,False,False,True
dsgdb9nsd_003592,False,False,False,True
dsgdb9nsd_003593,False,False,False,True
dsgdb9nsd_003594,False,False,False,True
dsgdb9nsd_003595,False,False,False,True
dsgdb9nsd_003596,False,False,False,True
dsgdb9nsd_003597,False,False,False,True
dsgdb9nsd_003598,False,False,False,True
dsgdb9nsd_003599,False,False,False,True
dsgdb9nsd_003600,False,False,False,True
dsgdb9nsd_003601,False,False,False,True
dsgdb9nsd_003602,False,False,False,True
dsgdb9nsd_003603,False,False,False,True
dsgdb9nsd_003604,False,False,False,True
dsgdb9nsd_003605,False,False,False,True
dsgdb9nsd_003606,False,False,False,True
dsgdb9nsd_003607,False,False,False,True
dsgdb9nsd_003608,False,False,False,True
dsgdb9nsd_003609,False,False,False,True
dsgdb9nsd_003610,False,False,False,True
dsgdb9nsd_003611,False,False,False,True
dsgdb9nsd_003612,False,False,False,True
dsgdb9nsd_003613,False,False,False,True
dsgdb9nsd_003614,False,False,False,True
dsgdb9nsd_003615,False,False,False,True
dsgdb9nsd_003616,False,False,False,True
dsgdb9nsd_003617,False,False,False,True
dsgdb9nsd_003618,False,False,False,True
dsgdb9nsd_003619,False,False,False,True
dsgdb9nsd_003620,False,False,False,True
dsgdb9nsd_003621,False,False,False,True
dsgdb9nsd_003622,False,False,False,True
dsgdb9nsd_003623,False,False,False,True
dsgdb9nsd_003624,False,False,False,True
dsgdb9nsd_003625,False,False,False,True
dsgdb9nsd_003626,False,False,False,True
dsgdb9nsd_003627,False,False,False,True
dsgdb9nsd_003628,False,False,False,True
dsgdb9nsd_003629,False,False,False,True
dsgdb9nsd_003630,False,False,False,True
dsgdb9nsd_003631,False,False,False,True
dsgdb9nsd_003632,False,False,False,True
dsgdb9nsd_003633,False,False,False,True
dsgdb9nsd_003634,False,False,False,True
dsgdb9nsd_003635,False,False,False,True
dsgdb9nsd_003636,False,False,False,True
dsgdb9nsd_003637,False,False,False,True
dsgdb9nsd_003638,False,False,False,True
dsgdb9nsd_003639,False,False,False,True
dsgdb9nsd_003640,False,False,False,True
dsgdb9nsd_003641,False,False,False,True
dsgdb9nsd_003642,False,False,False,True
dsgdb9nsd_003643,False,False,False,True
dsgdb9nsd_003644,False,False,False,True
dsgdb9nsd_003646,False,False,False,True
dsgdb9nsd_003647,False,False,False,True
dsgdb9nsd_003648,False,False,False,True
dsgdb9nsd_003650,False,False,False,True
dsgdb9nsd_003651,False,False,False,True
dsgdb9nsd_003652,False,False,False,True
dsgdb9nsd_003653,False,False,False,True
dsgdb9nsd_003654,False,False,False,True
dsgdb9nsd_003655,False,False,False,True
dsgdb9nsd_003656,False,False,False,True
dsgdb9nsd_003657,False,False,False,True
dsgdb9nsd_003658,False,False,False,True
dsgdb9nsd_003659,False,False,False,True
dsgdb9nsd_003660,False,False,False,True
dsgdb9nsd_003661,False,False,False,True
dsgdb9nsd_003662,False,False,False,True
dsgdb9nsd_003663,False,False,False,True
dsgdb9nsd_003664,False,False,False,True
dsgdb9nsd_003665,False,False,False,True
dsgdb9nsd_003666,False,False,False,True
dsgdb9nsd_003667,False,False,False,True
dsgdb9nsd_003668,False,False,False,True
dsgdb9nsd_003669,False,False,False,True
dsgdb9nsd_003670,False,False,False,True
dsgdb9nsd_003671,False,False,False,True
dsgdb9nsd_003672,False,False,False,True
dsgdb9nsd_003673,False,False,False,True
dsgdb9nsd_003674,False,False,False,True
dsgdb9nsd_003675,False,False,False,True
dsgdb9nsd_003676,False,False,False,True
dsgdb9nsd_003677,False,False,False,True
dsgdb9nsd_003678,False,False,False,True
dsgdb9nsd_003679,False,False,False,True
dsgdb9nsd_003680,False,False,False,True
dsgdb9nsd_003681,False,False,False,True
dsgdb9nsd_003682,False,False,False,True
dsgdb9nsd_003683,False,False,False,True
dsgdb9nsd_003684,False,False,False,True
dsgdb9nsd_003685,False,False,False,True
dsgdb9nsd_003686,False,False,False,True
dsgdb9nsd_003687,False,False,False,True
dsgdb9nsd_003688,False,False,False,True
dsgdb9nsd_003689,False,False,False,True
dsgdb9nsd_003690,False,False,False,True
dsgdb9nsd_003691,False,False,False,True
dsgdb9nsd_003692,False,False,False,True
dsgdb9nsd_003693,False,False,False,True
dsgdb9nsd_003694,False,False,False,True
dsgdb9nsd_003695,False,False,False,True
dsgdb9nsd_003696,False,False,False,True
dsgdb9nsd_003697,False,False,False,True
dsgdb9nsd_003698,False,False,False,True
dsgdb9nsd_003699,False,False,False,True
dsgdb9nsd_003700,False,False,False,True
dsgdb9nsd_003702,False,False,False,True
dsgdb9nsd_003703,False,False,False,True
dsgdb9nsd_003704,False,False,False,True
dsgdb9nsd_003705,False,False,False,True
dsgdb9nsd_003706,False,False,False,True
dsgdb9nsd_003707,False,False,False,True
dsgdb9nsd_003708,False,False,False,True
dsgdb9nsd_003709,False,False,False,True
dsgdb9nsd_003710,False,False,False,True
dsgdb9nsd_003711,False,False,False,True
dsgdb9nsd_003712,False,False,False,True
dsgdb9nsd_003713,False,False,False,True
dsgdb9nsd_003714,False,False,False,True
dsgdb9nsd_003715,False,False,False,True
dsgdb9nsd_003716,False,False,False,True
dsgdb9nsd_003717,False,False,False,True
dsgdb9nsd_003718,False,False,False,True
dsgdb9nsd_003719,False,False,False,True
dsgdb9nsd_003720,False,False,False,True
dsgdb9nsd_003721,False,False,False,True
dsgdb9nsd_003722,False,False,False,True
dsgdb9nsd_003723,False,False,False,True
dsgdb9nsd_003725,False,False,False,True
dsgdb9nsd_003726,False,False,False,True
dsgdb9nsd_003727,False,False,False,True
dsgdb9nsd_003728,False,False,False,True
dsgdb9nsd_003729,False,False,False,True
dsgdb9nsd_003730,False,False,False,True
dsgdb9nsd_003731,False,False,False,True
dsgdb9nsd_003732,False,False,False,True
dsgdb9nsd_003733,False,False,False,True
dsgdb9nsd_003735,False,False,False,True
dsgdb9nsd_003736,False,False,False,True
dsgdb9nsd_003737,False,False,False,True
dsgdb9nsd_003738,False,False,False,True
dsgdb9nsd_003739,False,False,False,True
dsgdb9nsd_003740,False,False,False,True
dsgdb9nsd_003741,False,False,False,True
dsgdb9nsd_003742,False,False,False,True
dsgdb9nsd_003743,False,False,False,True
dsgdb9nsd_003744,False,False,False,True
dsgdb9nsd_003745,False,False,False,True
dsgdb9nsd_003746,False,False,False,True
dsgdb9nsd_003747,False,False,False,True
dsgdb9nsd_003748,False,False,False,True
dsgdb9nsd_003749,False,False,False,True
dsgdb9nsd_003750,False,False,False,True
dsgdb9nsd_003751,False,False,False,True
dsgdb9nsd_003752,False,False,False,True
dsgdb9nsd_003753,False,False,False,True
dsgdb9nsd_003754,False,False,False,True
dsgdb9nsd_003755,False,False,False,True
dsgdb9nsd_003756,False,False,False,True
dsgdb9nsd_003757,False,False,False,True
dsgdb9nsd_003758,False,False,False,True
dsgdb9nsd_003760,False,False,False,True
dsgdb9nsd_003761,False,False,False,True
dsgdb9nsd_003762,False,False,False,True
dsgdb9nsd_003763,False,False,False,True
dsgdb9nsd_003764,False,False,False,True
dsgdb9nsd_003765,False,False,False,True
dsgdb9nsd_003766,False,False,False,True
dsgdb9nsd_003767,False,False,False,True
dsgdb9nsd_003768,False,False,False,True
dsgdb9nsd_003769,False,False,False,True
dsgdb9nsd_003770,False,False,False,True
dsgdb9nsd_003771,False,False,False,True
dsgdb9nsd_003772,False,False,False,True
dsgdb9nsd_003773,False,False,False,True
dsgdb9nsd_003774,False,False,False,True
dsgdb9nsd_003776,False,False,False,True
dsgdb9nsd_003778,False,False,False,True
dsgdb9nsd_003779,False,False,False,True
dsgdb9nsd_003780,False,False,False,True
dsgdb9nsd_003781,False,False,False,True
dsgdb9nsd_003783,False,False,False,True
dsgdb9nsd_003784,False,False,False,True
dsgdb9nsd_003785,False,False,False,True
dsgdb9nsd_003786,False,False,False,True
dsgdb9nsd_003787,False,False,False,True
dsgdb9nsd_003788,False,False,False,True
dsgdb9nsd_003789,False,False,False,True
dsgdb9nsd_003790,False,False,False,True
dsgdb9nsd_003791,False,False,False,True
dsgdb9nsd_003792,False,False,False,True
dsgdb9nsd_003793,False,False,False,True
dsgdb9nsd_003794,False,False,False,True
dsgdb9nsd_003795,False,False,False,True
dsgdb9nsd_003796,False,False,False,True
dsgdb9nsd_003797,False,False,False,True
dsgdb9nsd_003798,False,False,False,True
dsgdb9nsd_003800,False,False,False,True
dsgdb9nsd_003801,False,False,False,True
dsgdb9nsd_003802,False,False,False,True
dsgdb9nsd_003803,False,False,False,True
dsgdb9nsd_003804,False,False,False,True
dsgdb9nsd_003805,False,False,False,True
dsgdb9nsd_003806,False,False,False,True
dsgdb9nsd_003807,False,False,False,True
dsgdb9nsd_003808,False,False,False,True
dsgdb9nsd_003809,False,False,False,True
dsgdb9nsd_003810,False,False,False,True
dsgdb9nsd_003811,False,False,False,True
dsgdb9nsd_003812,False,False,False,True
dsgdb9nsd_003813,False,False,False,True
dsgdb9nsd_003814,False,False,False,True
dsgdb9nsd_003815,False,False,False,True
dsgdb9nsd_003816,False,False,False,True
dsgdb9nsd_003817,False,False,False,True
dsgdb9nsd_003818,False,False,False,True
dsgdb9nsd_003819,False,False,False,True
dsgdb9nsd_003820,False,False,False,True
dsgdb9nsd_003821,False,False,False,True
dsgdb9nsd_003822,False,False,False,True
dsgdb9nsd_003823,False,False,False,True
dsgdb9nsd_003824,False,False,False,True
dsgdb9nsd_003826,False,False,False,True
dsgdb9nsd_003828,False,False,False,True
dsgdb9nsd_003829,False,False,False,True
dsgdb9nsd_003831,False,False,False,True
dsgdb9nsd_003832,False,False,False,True
dsgdb9nsd_003833,False,False,False,True
dsgdb9nsd_003834,False,False,False,True
dsgdb9nsd_003835,False,False,False,True
dsgdb9nsd_003837,False,False,False,True
dsgdb9nsd_003838,False,False,False,True
dsgdb9nsd_003839,False,False,False,True
dsgdb9nsd_003841,False,False,False,True
dsgdb9nsd_003842,False,False,False,True
dsgdb9nsd_003843,False,False,False,True
dsgdb9nsd_003844,False,False,False,True
dsgdb9nsd_003845,False,False,False,True
dsgdb9nsd_003846,False,False,False,True
dsgdb9nsd_003847,False,False,False,True
dsgdb9nsd_003848,False,False,False,True
dsgdb9nsd_003849,False,False,False,True
dsgdb9nsd_003850,False,False,False,True
dsgdb9nsd_003851,False,False,False,True
dsgdb9nsd_003852,False,False,False,True
dsgdb9nsd_003853,False,False,False,True
dsgdb9nsd_003855,False,False,False,True
dsgdb9nsd_003856,False,False,False,True
dsgdb9nsd_003857,False,False,False,True
dsgdb9nsd_003858,False,False,False,True
dsgdb9nsd_003859,False,False,False,True
dsgdb9nsd_003860,False,False,False,True
dsgdb9nsd_003861,False,False,False,True
dsgdb9nsd_003862,False,False,False,True
dsgdb9nsd_003863,False,False,False,True
dsgdb9nsd_003864,False,False,False,True
dsgdb9nsd_003865,False,False,False,True
dsgdb9nsd_003866,False,False,False,True
dsgdb9nsd_003867,False,False,False,True
dsgdb9nsd_003868,False,False,False,True
dsgdb9nsd_003869,False,False,False,True
dsgdb9nsd_003870,False,False,False,True
dsgdb9nsd_003871,False,False,False,True
dsgdb9nsd_003872,False,False,False,True
dsgdb9nsd_003873,False,False,False,True
dsgdb9nsd_003874,False,False,False,True
dsgdb9nsd_003875,False,False,False,True
dsgdb9nsd_003876,False,False,False,True
dsgdb9nsd_003877,False,False,False,True
dsgdb9nsd_003878,False,False,False,True
dsgdb9nsd_003879,False,False,False,True
dsgdb9nsd_003880,False,False,False,True
dsgdb9nsd_003881,False,False,False,True
dsgdb9nsd_003882,False,False,False,True
dsgdb9nsd_003883,False,False,False,True
dsgdb9nsd_003884,False,False,False,True
dsgdb9nsd_003885,False,False,False,True
dsgdb9nsd_003886,False,False,False,True
dsgdb9nsd_003887,False,False,False,True
dsgdb9nsd_003888,False,False,False,True
dsgdb9nsd_003890,False,False,False,True
dsgdb9nsd_003891,False,False,False,True
dsgdb9nsd_003892,False,False,False,True
dsgdb9nsd_003893,False,False,False,True
dsgdb9nsd_003894,False,False,False,True
dsgdb9nsd_003896,False,False,False,True
dsgdb9nsd_003897,False,False,False,True
dsgdb9nsd_003899,False,False,False,True
dsgdb9nsd_003901,False,False,False,True
dsgdb9nsd_003902,False,False,False,True
dsgdb9nsd_003903,False,False,False,True
dsgdb9nsd_003904,False,False,False,True
dsgdb9nsd_003905,False,False,False,True
dsgdb9nsd_003906,False,False,False,True
dsgdb9nsd_003907,False,False,False,True
dsgdb9nsd_003908,False,False,False,True
dsgdb9nsd_003909,False,False,False,True
dsgdb9nsd_003911,False,False,False,True
dsgdb9nsd_003912,False,False,False,True
dsgdb9nsd_003913,False,False,False,True
dsgdb9nsd_003914,False,False,False,True
dsgdb9nsd_003915,False,False,False,True
dsgdb9nsd_003916,False,False,False,True
dsgdb9nsd_003918,False,False,False,True
dsgdb9nsd_003919,False,False,False,True
dsgdb9nsd_003920,False,False,False,True
dsgdb9nsd_003921,False,False,False,True
dsgdb9nsd_003922,False,False,False,True
dsgdb9nsd_003923,False,False,False,True
dsgdb9nsd_003924,False,False,False,True
dsgdb9nsd_003925,False,False,False,True
dsgdb9nsd_003926,False,False,False,True
dsgdb9nsd_003927,False,False,False,True
dsgdb9nsd_003928,False,False,False,True
dsgdb9nsd_003929,False,False,False,True
dsgdb9nsd_003930,False,False,False,True
dsgdb9nsd_003931,False,False,False,True
dsgdb9nsd_003933,False,False,False,True
dsgdb9nsd_003934,False,False,False,True
dsgdb9nsd_003935,False,False,False,True
dsgdb9nsd_003937,False,False,False,True
dsgdb9nsd_003939,False,False,False,True
dsgdb9nsd_003940,False,False,False,True
dsgdb9nsd_003941,False,False,False,True
dsgdb9nsd_003942,False,False,False,True
dsgdb9nsd_003943,False,False,False,True
dsgdb9nsd_003944,False,False,False,True
dsgdb9nsd_003945,False,False,False,True
dsgdb9nsd_003946,False,False,False,True
dsgdb9nsd_003947,False,False,False,True
dsgdb9nsd_003948,False,False,False,True
dsgdb9nsd_003949,False,False,False,True
dsgdb9nsd_003950,False,False,False,True
dsgdb9nsd_003951,False,False,False,True
dsgdb9nsd_003952,False,False,False,True
dsgdb9nsd_003953,False,False,False,True
dsgdb9nsd_003954,False,False,False,True
dsgdb9nsd_003956,False,False,False,True
dsgdb9nsd_003957,False,False,False,True
dsgdb9nsd_003958,False,False,False,True
dsgdb9nsd_003959,False,False,False,True
dsgdb9nsd_003960,False,False,False,True
dsgdb9nsd_003961,False,False,False,True
dsgdb9nsd_003962,False,False,False,True
dsgdb9nsd_003963,False,False,False,True
dsgdb9nsd_004208,False,False,False,True
dsgdb9nsd_004209,False,False,False,True
dsgdb9nsd_004210,False,False,False,True
dsgdb9nsd_004211,False,False,False,True
dsgdb9nsd_004212,False,False,False,True
dsgdb9nsd_004213,False,False,False,True
dsgdb9nsd_004214,False,False,False,True
dsgdb9nsd_004215,False,False,False,True
dsgdb9nsd_004216,False,False,False,True
dsgdb9nsd_004217,False,False,False,True
dsgdb9nsd_004218,False,False,False,True
dsgdb9nsd_004219,False,False,False,True
dsgdb9nsd_004220,False,False,False,True
dsgdb9nsd_004221,False,False,False,True
dsgdb9nsd_004222,False,False,False,True
dsgdb9nsd_004223,False,False,False,True
dsgdb9nsd_004224,False,False,False,True
dsgdb9nsd_004225,False,False,False,True
dsgdb9nsd_005337,False,False,False,True
dsgdb9nsd_005338,False,False,False,True
dsgdb9nsd_005339,False,False,False,True
dsgdb9nsd_005340,False,False,False,True
dsgdb9nsd_005341,False,False,False,True
dsgdb9nsd_005342,False,False,False,True
dsgdb9nsd_005343,False,False,False,True
dsgdb9nsd_005344,False,False,False,True
dsgdb9nsd_005346,False,False,False,True
dsgdb9nsd_005348,False,False,False,True
dsgdb9nsd_005349,False,False,False,True
dsgdb9nsd_005350,False,False,False,True
dsgdb9nsd_005351,False,False,False,True
dsgdb9nsd_005352,False,False,False,True
dsgdb9nsd_005353,False,False,False,True
dsgdb9nsd_005355,False,False,False,True
dsgdb9nsd_005356,False,False,False,True
dsgdb9nsd_008605,False,False,False,True
dsgdb9nsd_008606,False,False,False,True
dsgdb9nsd_008607,False,False,False,True
dsgdb9nsd_008608,False,False,False,True
dsgdb9nsd_008609,False,False,False,True
dsgdb9nsd_008610,False,False,False,True
dsgdb9nsd_008611,False,False,False,True
dsgdb9nsd_008612,False,False,False,True
dsgdb9nsd_008613,False,False,False,True
dsgdb9nsd_008614,False,False,False,True
dsgdb9nsd_008718,False,False,False,True
dsgdb9nsd_008719,False,False,False,True
dsgdb9nsd_008720,False,False,False,True
dsgdb9nsd_008959,False,False,False,True
dsgdb9nsd_008961,False,False,False,True
dsgdb9nsd_008962,False,False,False,True
dsgdb9nsd_008974,False,False,False,True
dsgdb9nsd_008975,False,False,False,True
dsgdb9nsd_008977,False,False,False,True
dsgdb9nsd_008978,False,False,False,True
dsgdb9nsd_009020,False,False,False,True
dsgdb9nsd_009021,False,False,False,True
dsgdb9nsd_009022,False,False,False,True
dsgdb9nsd_009023,False,False,False,True
dsgdb9nsd_009024,False,False,False,True
dsgdb9nsd_009025,False,False,False,True
dsgdb9nsd_009026,False,False,False,True
dsgdb9nsd_009027,False,False,False,True
dsgdb9nsd_009028,False,False,False,True
dsgdb9nsd_009029,False,False,False,True
dsgdb9nsd_009030,False,False,False,True
dsgdb9nsd_009970,False,False,False,True
dsgdb9nsd_009971,False,False,False,True
dsgdb9nsd_009973,False,False,False,True
dsgdb9nsd_009974,False,False,False,True
dsgdb9nsd_010004,False,False,False,True
dsgdb9nsd_010005,False,False,False,True
dsgdb9nsd_014563,False,False,False,True
dsgdb9nsd_014565,False,False,False,True
dsgdb9nsd_014566,False,False,False,True
dsgdb9nsd_014567,False,False,False,True
dsgdb9nsd_014569,False,False,False,True
dsgdb9nsd_014570,False,False,False,True
dsgdb9nsd_014571,False,False,False,True
dsgdb9nsd_014582,False,False,False,True
dsgdb9nsd_014584,False,False,False,True
dsgdb9nsd_014634,False,False,False,True
dsgdb9nsd_014635,False,False,False,True
dsgdb9nsd_014638,False,False,False,True
dsgdb9nsd_014656,False,False,False,True
dsgdb9nsd_014657,False,False,False,True
dsgdb9nsd_014658,False,False,False,True
dsgdb9nsd_014659,False,False,False,True
dsgdb9nsd_019631,False,False,False,True
dsgdb9nsd_019632,False,False,False,True
dsgdb9nsd_019633,False,False,False,True
dsgdb9nsd_019634,False,False,False,True
dsgdb9nsd_019635,False,False,False,True
dsgdb9nsd_019636,False,False,False,True
dsgdb9nsd_019637,False,False,False,True
dsgdb9nsd_019638,False,False,False,True
dsgdb9nsd_020306,False,False,False,True
dsgdb9nsd_020307,False,False,False,True
dsgdb9nsd_020308,False,False,False,True
dsgdb9nsd_020309,False,False,False,True
dsgdb9nsd_020310,False,False,False,True
dsgdb9nsd_021322,False,False,False,True
dsgdb9nsd_021323,False,False,False,True
dsgdb9nsd_021324,False,False,False,True
dsgdb9nsd_021325,False,False,False,True
dsgdb9nsd_021326,False,False,False,True
dsgdb9nsd_c,False,False,False,True
dsgdb9nsd_f,False,False,False,True
dsgdb9nsd_h,False,False,False,True
dsgdb9nsd_n,False,False,False,True
dsgdb9nsd_o,False,False,False,True
