reaction,dataset,scope,coefficient_fitting,model_selection,overfitting_diagnostic,final_assessment,objective_weight,stoichiometric_species_count
3B-69_1,3B-69,gscdb137,false,true,false,false,,7
3B-69_2,3B-69,gscdb137,false,true,false,false,,7
3B-69_3,3B-69,gscdb137,false,true,false,false,,7
3B-69_4,3B-69,gscdb137,false,true,false,false,,7
3B-69_5,3B-69,gscdb137,false,true,false,false,,7
3B-69_6,3B-69,gscdb137,false,true,false,false,,7
3B-69_7,3B-69,gscdb137,false,true,false,false,,7
3B-69_8,3B-69,gscdb137,false,true,false,false,,7
3B-69_9,3B-69,gscdb137,false,true,false,false,,7
3B-69_10,3B-69,gscdb137,false,true,false,false,,7
3B-69_11,3B-69,gscdb137,false,true,false,false,,7
3B-69_12,3B-69,gscdb137,false,true,false,false,,7
3B-69_13,3B-69,gscdb137,false,true,false,false,,7
3B-69_14,3B-69,gscdb137,false,true,false,false,,7
3B-69_15,3B-69,gscdb137,false,true,false,false,,7
3B-69_16,3B-69,gscdb137,false,true,false,false,,7
3B-69_17,3B-69,gscdb137,false,true,false,false,,7
3B-69_18,3B-69,gscdb137,false,true,false,false,,7
3B-69_19,3B-69,gscdb137,false,true,false,false,,7
3B-69_20,3B-69,gscdb137,false,true,false,false,,7
3B-69_21,3B-69,gscdb137,false,true,false,false,,7
3B-69_22,3B-69,gscdb137,false,true,false,false,,7
3B-69_23,3B-69,gscdb137,false,true,false,false,,7
3B-69_24,3B-69,gscdb137,false,true,false,false,,7
3B-69_25,3B-69,gscdb137,false,true,false,false,,7
3B-69_26,3B-69,gscdb137,false,true,false,false,,7
3B-69_27,3B-69,gscdb137,false,true,false,false,,7
3B-69_28,3B-69,gscdb137,false,true,false,false,,7
3B-69_29,3B-69,gscdb137,false,true,false,false,,7
3B-69_30,3B-69,gscdb137,false,true,false,false,,7
3B-69_31,3B-69,gscdb137,false,true,false,false,,7
3B-69_32,3B-69,gscdb137,false,true,false,false,,7
3B-69_33,3B-69,gscdb137,false,true,false,false,,7
3B-69_34,3B-69,gscdb137,false,true,false,false,,7
3B-69_35,3B-69,gscdb137,false,true,false,false,,7
3B-69_36,3B-69,gscdb137,false,true,false,false,,7
3B-69_37,3B-69,gscdb137,false,true,false,false,,7
3B-69_38,3B-69,gscdb137,false,true,false,false,,7
3B-69_39,3B-69,gscdb137,false,true,false,false,,7
3B-69_40,3B-69,gscdb137,false,true,false,false,,7
3B-69_41,3B-69,gscdb137,false,true,false,false,,7
3B-69_42,3B-69,gscdb137,false,true,false,false,,7
3B-69_43,3B-69,gscdb137,false,true,false,false,,7
3B-69_44,3B-69,gscdb137,false,true,false,false,,7
3B-69_45,3B-69,gscdb137,false,true,false,false,,7
3B-69_46,3B-69,gscdb137,false,true,false,false,,7
3B-69_47,3B-69,gscdb137,false,true,false,false,,7
3B-69_48,3B-69,gscdb137,false,true,false,false,,7
3B-69_49,3B-69,gscdb137,false,true,false,false,,7
3B-69_50,3B-69,gscdb137,false,true,false,false,,7
3B-69_51,3B-69,gscdb137,false,true,false,false,,7
3B-69_52,3B-69,gscdb137,false,true,false,false,,7
3B-69_53,3B-69,gscdb137,false,true,false,false,,7
3B-69_54,3B-69,gscdb137,false,true,false,false,,7
3B-69_55,3B-69,gscdb137,false,true,false,false,,7
3B-69_56,3B-69,gscdb137,false,true,false,false,,7
3B-69_57,3B-69,gscdb137,false,true,false,false,,7
3B-69_58,3B-69,gscdb137,false,true,false,false,,7
3B-69_59,3B-69,gscdb137,false,true,false,false,,7
3B-69_60,3B-69,gscdb137,false,true,false,false,,7
3B-69_61,3B-69,gscdb137,false,true,false,false,,7
3B-69_62,3B-69,gscdb137,false,true,false,false,,7
3B-69_63,3B-69,gscdb137,false,true,false,false,,7
3B-69_64,3B-69,gscdb137,false,true,false,false,,7
3B-69_65,3B-69,gscdb137,false,true,false,false,,7
3B-69_66,3B-69,gscdb137,false,true,false,false,,7
3B-69_67,3B-69,gscdb137,false,true,false,false,,7
3B-69_68,3B-69,gscdb137,false,true,false,false,,7
3B-69_69,3B-69,gscdb137,false,true,false,false,,7
3BHET_1,3BHET,gscdb137,false,true,false,false,,7
3BHET_2,3BHET,gscdb137,false,true,false,false,,7
3BHET_3,3BHET,gscdb137,false,true,false,false,,7
3BHET_4,3BHET,gscdb137,false,true,false,false,,7
3BHET_5,3BHET,gscdb137,false,true,false,false,,7
3BHET_6,3BHET,gscdb137,false,true,false,false,,7
3BHET_7,3BHET,gscdb137,false,true,false,false,,7
3BHET_8,3BHET,gscdb137,false,true,false,false,,7
3BHET_9,3BHET,gscdb137,false,true,false,false,,7
3BHET_10,3BHET,gscdb137,false,true,false,false,,7
3BHET_11,3BHET,gscdb137,false,true,false,false,,7
3BHET_12,3BHET,gscdb137,false,true,false,false,,7
3BHET_13,3BHET,gscdb137,false,true,false,false,,7
3BHET_14,3BHET,gscdb137,false,true,false,false,,7
3BHET_15,3BHET,gscdb137,false,true,false,false,,7
3BHET_16,3BHET,gscdb137,false,true,false,false,,7
3BHET_17,3BHET,gscdb137,false,true,false,false,,7
3BHET_18,3BHET,gscdb137,false,true,false,false,,7
3BHET_19,3BHET,gscdb137,false,true,false,false,,7
3BHET_20,3BHET,gscdb137,false,true,false,false,,7
3d4dIPSS_1,3d4dIPSS,gscdb137,true,true,false,false,1.5,2
3d4dIPSS_2,3d4dIPSS,gscdb137,true,true,false,false,1.5,2
3d4dIPSS_3,3d4dIPSS,gscdb137,true,true,false,false,1.5,2
3d4dIPSS_4,3d4dIPSS,gscdb137,true,true,false,false,1.5,2
3d4dIPSS_5,3d4dIPSS,gscdb137,true,true,false,false,1.5,2
3d4dIPSS_6,3d4dIPSS,gscdb137,true,true,false,false,1.5,2
3d4dIPSS_7,3d4dIPSS,gscdb137,true,true,false,false,1.5,2
3d4dIPSS_8,3d4dIPSS,gscdb137,true,true,false,false,1.5,2
3d4dIPSS_9,3d4dIPSS,gscdb137,true,true,false,false,1.5,2
3d4dIPSS_10,3d4dIPSS,gscdb137,true,true,false,false,1.5,2
3d4dIPSS_11,3d4dIPSS,gscdb137,true,true,false,false,1.5,2
3d4dIPSS_12,3d4dIPSS,gscdb137,true,true,false,false,1.5,2
3d4dIPSS_13,3d4dIPSS,gscdb137,true,true,false,false,1.5,2
3d4dIPSS_14,3d4dIPSS,gscdb137,true,true,false,false,1.5,2
3d4dIPSS_15,3d4dIPSS,gscdb137,true,true,false,false,1.5,2
3d4dIPSS_16,3d4dIPSS,gscdb137,true,true,false,false,1.5,2
3d4dIPSS_17,3d4dIPSS,gscdb137,true,true,false,false,1.5,2
3d4dIPSS_18,3d4dIPSS,gscdb137,true,true,false,false,1.5,2
3d4dIPSS_19,3d4dIPSS,gscdb137,true,true,false,false,1.5,2
3d4dIPSS_20,3d4dIPSS,gscdb137,true,true,false,false,1.5,2
3d4dIPSS_21,3d4dIPSS,gscdb137,true,true,false,false,1.5,2
3d4dIPSS_22,3d4dIPSS,gscdb137,true,true,false,false,1.5,2
3d4dIPSS_23,3d4dIPSS,gscdb137,true,true,false,false,1.5,2
3d4dIPSS_24,3d4dIPSS,gscdb137,true,true,false,false,1.5,2
3d4dIPSS_26,3d4dIPSS,gscdb137,true,true,false,false,1.5,2
3d4dIPSS_27,3d4dIPSS,gscdb137,true,true,false,false,1.5,2
3d4dIPSS_28,3d4dIPSS,gscdb137,true,true,false,false,1.5,2
3d4dIPSS_29,3d4dIPSS,gscdb137,true,true,false,false,1.5,2
3d4dIPSS_30,3d4dIPSS,gscdb137,true,true,false,false,1.5,2
3d4dIPSS_31,3d4dIPSS,gscdb137,true,true,false,false,1.5,2
3d4dIPSS_32,3d4dIPSS,gscdb137,true,true,false,false,1.5,2
3d4dIPSS_35,3d4dIPSS,gscdb137,true,true,false,false,1.5,2
A19Rel6_1,A19Rel6,gscdb137,false,true,false,false,,2
A19Rel6_2,A19Rel6,gscdb137,false,true,false,false,,2
A19Rel6_3,A19Rel6,gscdb137,false,true,false,false,,2
A19Rel6_4,A19Rel6,gscdb137,false,true,false,false,,2
A19Rel6_5,A19Rel6,gscdb137,false,true,false,false,,2
A19Rel6_6,A19Rel6,gscdb137,false,true,false,false,,2
A19Rel6_7,A19Rel6,gscdb137,false,true,false,false,,2
A19Rel6_8,A19Rel6,gscdb137,false,true,false,false,,2
A19Rel6_9,A19Rel6,gscdb137,false,true,false,false,,2
A19Rel6_10,A19Rel6,gscdb137,false,true,false,false,,2
A19Rel6_11,A19Rel6,gscdb137,false,true,false,false,,2
A19Rel6_12,A19Rel6,gscdb137,false,true,false,false,,2
A19Rel6_13,A19Rel6,gscdb137,false,true,false,false,,2
A19Rel6_14,A19Rel6,gscdb137,false,true,false,false,,2
A19Rel6_15,A19Rel6,gscdb137,false,true,false,false,,2
A19Rel6_16,A19Rel6,gscdb137,false,true,false,false,,2
A19Rel6_17,A19Rel6,gscdb137,false,true,false,false,,2
A19Rel6_18,A19Rel6,gscdb137,false,true,false,false,,2
A19Rel6_19,A19Rel6,gscdb137,false,true,false,false,,2
A19Rel6_20,A19Rel6,gscdb137,false,true,false,false,,2
A19Rel6_21,A19Rel6,gscdb137,false,true,false,false,,2
A19Rel6_22,A19Rel6,gscdb137,false,true,false,false,,2
A19Rel6_23,A19Rel6,gscdb137,false,true,false,false,,2
A19Rel6_24,A19Rel6,gscdb137,false,true,false,false,,2
A19Rel6_25,A19Rel6,gscdb137,false,true,false,false,,2
A19Rel6_26,A19Rel6,gscdb137,false,true,false,false,,2
A19Rel6_27,A19Rel6,gscdb137,false,true,false,false,,2
A19Rel6_28,A19Rel6,gscdb137,false,true,false,false,,2
A19Rel6_29,A19Rel6,gscdb137,false,true,false,false,,2
A19Rel6_30,A19Rel6,gscdb137,false,true,false,false,,2
A19Rel6_31,A19Rel6,gscdb137,false,true,false,false,,2
A19Rel6_32,A19Rel6,gscdb137,false,true,false,false,,2
A19Rel6_33,A19Rel6,gscdb137,false,true,false,false,,2
A19Rel6_34,A19Rel6,gscdb137,false,true,false,false,,2
A19Rel6_35,A19Rel6,gscdb137,false,true,false,false,,2
A19Rel6_36,A19Rel6,gscdb137,false,true,false,false,,2
A19Rel6_37,A19Rel6,gscdb137,false,true,false,false,,2
A19Rel6_38,A19Rel6,gscdb137,false,true,false,false,,2
A19Rel6_39,A19Rel6,gscdb137,false,true,false,false,,2
A19Rel6_40,A19Rel6,gscdb137,false,true,false,false,,2
A19Rel6_41,A19Rel6,gscdb137,false,true,false,false,,2
A19Rel6_42,A19Rel6,gscdb137,false,true,false,false,,2
A19Rel6_43,A19Rel6,gscdb137,false,true,false,false,,2
A19Rel6_44,A19Rel6,gscdb137,false,true,false,false,,2
A19Rel6_45,A19Rel6,gscdb137,false,true,false,false,,2
A19Rel6_46,A19Rel6,gscdb137,false,true,false,false,,2
A19Rel6_47,A19Rel6,gscdb137,false,true,false,false,,2
A19Rel6_48,A19Rel6,gscdb137,false,true,false,false,,2
A19Rel6_49,A19Rel6,gscdb137,false,true,false,false,,2
A19Rel6_50,A19Rel6,gscdb137,false,true,false,false,,2
A19Rel6_51,A19Rel6,gscdb137,false,true,false,false,,2
A19Rel6_52,A19Rel6,gscdb137,false,true,false,false,,2
A19Rel6_53,A19Rel6,gscdb137,false,true,false,false,,2
A19Rel6_54,A19Rel6,gscdb137,false,true,false,false,,2
A19Rel6_55,A19Rel6,gscdb137,false,true,false,false,,2
A19Rel6_56,A19Rel6,gscdb137,false,true,false,false,,2
A19Rel6_57,A19Rel6,gscdb137,false,true,false,false,,2
A19Rel6_58,A19Rel6,gscdb137,false,true,false,false,,2
A19Rel6_59,A19Rel6,gscdb137,false,true,false,false,,2
A19Rel6_60,A19Rel6,gscdb137,false,true,false,false,,2
A19Rel6_61,A19Rel6,gscdb137,false,true,false,false,,2
A19Rel6_62,A19Rel6,gscdb137,false,true,false,false,,2
A19Rel6_63,A19Rel6,gscdb137,false,true,false,false,,2
A19Rel6_64,A19Rel6,gscdb137,false,true,false,false,,2
A19Rel6_65,A19Rel6,gscdb137,false,true,false,false,,2
A19Rel6_66,A19Rel6,gscdb137,false,true,false,false,,2
A19Rel6_67,A19Rel6,gscdb137,false,true,false,false,,2
A19Rel6_68,A19Rel6,gscdb137,false,true,false,false,,2
A19Rel6_69,A19Rel6,gscdb137,false,true,false,false,,2
A19Rel6_70,A19Rel6,gscdb137,false,true,false,false,,2
A19Rel6_71,A19Rel6,gscdb137,false,true,false,false,,2
A19Rel6_72,A19Rel6,gscdb137,false,true,false,false,,2
A19Rel6_73,A19Rel6,gscdb137,false,true,false,false,,2
A19Rel6_74,A19Rel6,gscdb137,false,true,false,false,,2
A19Rel6_75,A19Rel6,gscdb137,false,true,false,false,,2
A19Rel6_76,A19Rel6,gscdb137,false,true,false,false,,2
A19Rel6_77,A19Rel6,gscdb137,false,true,false,false,,2
A19Rel6_78,A19Rel6,gscdb137,false,true,false,false,,2
A19Rel6_79,A19Rel6,gscdb137,false,true,false,false,,2
A19Rel6_80,A19Rel6,gscdb137,false,true,false,false,,2
A19Rel6_81,A19Rel6,gscdb137,false,true,false,false,,2
A19Rel6_82,A19Rel6,gscdb137,false,true,false,false,,2
A19Rel6_83,A19Rel6,gscdb137,false,true,false,false,,2
A19Rel6_84,A19Rel6,gscdb137,false,true,false,false,,2
A19Rel6_85,A19Rel6,gscdb137,false,true,false,false,,2
A19Rel6_86,A19Rel6,gscdb137,false,true,false,false,,2
A19Rel6_87,A19Rel6,gscdb137,false,true,false,false,,2
A19Rel6_88,A19Rel6,gscdb137,false,true,false,false,,2
A19Rel6_89,A19Rel6,gscdb137,false,true,false,false,,2
A19Rel6_90,A19Rel6,gscdb137,false,true,false,false,,2
A19Rel6_91,A19Rel6,gscdb137,false,true,false,false,,2
A19Rel6_92,A19Rel6,gscdb137,false,true,false,false,,2
A19Rel6_93,A19Rel6,gscdb137,false,true,false,false,,2
A19Rel6_94,A19Rel6,gscdb137,false,true,false,false,,2
A19Rel6_95,A19Rel6,gscdb137,false,true,false,false,,2
A19Rel6_96,A19Rel6,gscdb137,false,true,false,false,,2
A19Rel6_97,A19Rel6,gscdb137,false,true,false,false,,2
A19Rel6_98,A19Rel6,gscdb137,false,true,false,false,,2
A19Rel6_99,A19Rel6,gscdb137,false,true,false,false,,2
A19Rel6_100,A19Rel6,gscdb137,false,true,false,false,,2
A19Rel6_101,A19Rel6,gscdb137,false,true,false,false,,2
A19Rel6_102,A19Rel6,gscdb137,false,true,false,false,,2
A19Rel6_103,A19Rel6,gscdb137,false,true,false,false,,2
A19Rel6_104,A19Rel6,gscdb137,false,true,false,false,,2
A19Rel6_105,A19Rel6,gscdb137,false,true,false,false,,2
A19Rel6_106,A19Rel6,gscdb137,false,true,false,false,,2
A19Rel6_107,A19Rel6,gscdb137,false,true,false,false,,2
A19Rel6_108,A19Rel6,gscdb137,false,true,false,false,,2
A19Rel6_109,A19Rel6,gscdb137,false,true,false,false,,2
A19Rel6_110,A19Rel6,gscdb137,false,true,false,false,,2
A19Rel6_111,A19Rel6,gscdb137,false,true,false,false,,2
A19Rel6_112,A19Rel6,gscdb137,false,true,false,false,,2
A19Rel6_113,A19Rel6,gscdb137,false,true,false,false,,2
A19Rel6_114,A19Rel6,gscdb137,false,true,false,false,,2
A24_1,A24,gscdb137,true,true,false,false,400,3
A24_2,A24,gscdb137,true,true,false,false,400,3
A24_3,A24,gscdb137,true,true,false,false,400,3
A24_4,A24,gscdb137,true,true,false,false,400,3
A24_5,A24,gscdb137,true,true,false,false,400,3
A24_6,A24,gscdb137,true,true,false,false,400,3
A24_7,A24,gscdb137,true,true,false,false,400,3
A24_8,A24,gscdb137,true,true,false,false,400,3
A24_9,A24,gscdb137,true,true,false,false,400,3
A24_10,A24,gscdb137,true,true,false,false,400,3
A24_11,A24,gscdb137,true,true,false,false,400,3
A24_12,A24,gscdb137,true,true,false,false,400,3
A24_13,A24,gscdb137,true,true,false,false,400,3
A24_14,A24,gscdb137,true,true,false,false,400,3
A24_15,A24,gscdb137,true,true,false,false,400,3
A24_16,A24,gscdb137,true,true,false,false,400,3
A24_17,A24,gscdb137,true,true,false,false,400,3
A24_18,A24,gscdb137,true,true,false,false,400,3
A24_19,A24,gscdb137,true,true,false,false,400,3
A24_20,A24,gscdb137,true,true,false,false,400,3
A24_21,A24,gscdb137,true,true,false,false,400,3
A24_22,A24,gscdb137,true,true,false,false,400,3
A24_23,A24,gscdb137,true,true,false,false,400,3
A24_24,A24,gscdb137,true,true,false,false,400,3
ACONF_1,ACONF,gscdb137,false,true,false,false,,2
ACONF_2,ACONF,gscdb137,false,true,false,false,,2
ACONF_3,ACONF,gscdb137,false,true,false,false,,2
ACONF_4,ACONF,gscdb137,false,true,false,false,,2
ACONF_5,ACONF,gscdb137,false,true,false,false,,2
ACONF_6,ACONF,gscdb137,false,true,false,false,,2
ACONF_7,ACONF,gscdb137,false,true,false,false,,2
ACONF_8,ACONF,gscdb137,false,true,false,false,,2
ACONF_9,ACONF,gscdb137,false,true,false,false,,2
ACONF_10,ACONF,gscdb137,false,true,false,false,,2
ACONF_11,ACONF,gscdb137,false,true,false,false,,2
ACONF_12,ACONF,gscdb137,false,true,false,false,,2
ACONF_13,ACONF,gscdb137,false,true,false,false,,2
ACONF_14,ACONF,gscdb137,false,true,false,false,,2
ACONF_15,ACONF,gscdb137,false,true,false,false,,2
ADIM6_1,ADIM6,gscdb137,false,true,false,false,,2
ADIM6_2,ADIM6,gscdb137,false,true,false,false,,2
ADIM6_3,ADIM6,gscdb137,false,true,false,false,,2
ADIM6_4,ADIM6,gscdb137,false,true,false,false,,2
ADIM6_5,ADIM6,gscdb137,false,true,false,false,,2
ADIM6_6,ADIM6,gscdb137,false,true,false,false,,2
AE11_1,AE11,gscdb137,false,true,true,false,,1
AE11_2,AE11,gscdb137,false,true,true,false,,1
AE11_3,AE11,gscdb137,false,true,true,false,,1
AE11_4,AE11,gscdb137,false,true,true,false,,1
AE11_5,AE11,gscdb137,false,true,true,false,,1
AE11_6,AE11,gscdb137,false,true,true,false,,1
AE11_7,AE11,gscdb137,false,true,true,false,,1
AE11_8,AE11,gscdb137,false,true,true,false,,1
AE11_9,AE11,gscdb137,false,true,true,false,,1
AE11_10,AE11,gscdb137,false,true,true,false,,1
AE11_11,AE11,gscdb137,false,true,true,false,,1
AE18_1,AE18,gscdb137,true,true,false,false,1,1
AE18_2,AE18,gscdb137,true,true,false,false,0.70710678118654746,1
AE18_3,AE18,gscdb137,true,true,false,false,0.57735026918962584,1
AE18_4,AE18,gscdb137,true,true,false,false,0.5,1
AE18_5,AE18,gscdb137,true,true,false,false,0.44721359549995793,1
AE18_6,AE18,gscdb137,true,true,false,false,0.40824829046386307,1
AE18_7,AE18,gscdb137,true,true,false,false,0.3779644730092272,1
AE18_8,AE18,gscdb137,true,true,false,false,0.35355339059327373,1
AE18_9,AE18,gscdb137,true,true,false,false,0.33333333333333331,1
AE18_10,AE18,gscdb137,true,true,false,false,0.31622776601683794,1
AE18_11,AE18,gscdb137,true,true,false,false,0.30151134457776363,1
AE18_12,AE18,gscdb137,true,true,false,false,0.28867513459481292,1
AE18_13,AE18,gscdb137,true,true,false,false,0.27735009811261457,1
AE18_14,AE18,gscdb137,true,true,false,false,0.2672612419124244,1
AE18_15,AE18,gscdb137,true,true,false,false,0.2581988897471611,1
AE18_16,AE18,gscdb137,true,true,false,false,0.25,1
AE18_17,AE18,gscdb137,true,true,false,false,0.24253562503633297,1
AE18_18,AE18,gscdb137,true,true,false,false,0.23570226039551587,1
AHB21_1,AHB21,gscdb137,false,true,false,false,,3
AHB21_2,AHB21,gscdb137,false,true,false,false,,3
AHB21_3,AHB21,gscdb137,false,true,false,false,,3
AHB21_4,AHB21,gscdb137,false,true,false,false,,3
AHB21_5,AHB21,gscdb137,false,true,false,false,,3
AHB21_6,AHB21,gscdb137,false,true,false,false,,3
AHB21_7,AHB21,gscdb137,false,true,false,false,,3
AHB21_8,AHB21,gscdb137,false,true,false,false,,3
AHB21_9,AHB21,gscdb137,false,true,false,false,,3
AHB21_10,AHB21,gscdb137,false,true,false,false,,3
AHB21_11,AHB21,gscdb137,false,true,false,false,,3
AHB21_12,AHB21,gscdb137,false,true,false,false,,3
AHB21_13,AHB21,gscdb137,false,true,false,false,,3
AHB21_14,AHB21,gscdb137,false,true,false,false,,3
AHB21_15,AHB21,gscdb137,false,true,false,false,,3
AHB21_16,AHB21,gscdb137,false,true,false,false,,3
AHB21_17,AHB21,gscdb137,false,true,false,false,,3
AHB21_18,AHB21,gscdb137,false,true,false,false,,3
AHB21_19,AHB21,gscdb137,false,true,false,false,,3
AHB21_20,AHB21,gscdb137,false,true,false,false,,3
AHB21_21,AHB21,gscdb137,false,true,false,false,,3
AL2X6_1,AL2X6,gscdb137,false,true,false,false,,2
AL2X6_2,AL2X6,gscdb137,false,true,false,false,,2
AL2X6_3,AL2X6,gscdb137,false,true,false,false,,2
AL2X6_4,AL2X6,gscdb137,false,true,false,false,,2
AL2X6_5,AL2X6,gscdb137,false,true,false,false,,3
AL2X6_6,AL2X6,gscdb137,false,true,false,false,,2
ALK8_1,ALK8,gscdb137,true,true,false,false,2,2
ALK8_2,ALK8,gscdb137,true,true,false,false,2,2
ALK8_3,ALK8,gscdb137,true,true,false,false,2,2
ALK8_4,ALK8,gscdb137,true,true,false,false,2,3
ALK8_5,ALK8,gscdb137,true,true,false,false,2,3
ALK8_6,ALK8,gscdb137,true,true,false,false,2,3
ALK8_7,ALK8,gscdb137,true,true,false,false,2,2
ALK8_8,ALK8,gscdb137,true,true,false,false,2,4
ALKBDE10_1,ALKBDE10,gscdb137,false,true,false,false,,3
ALKBDE10_2,ALKBDE10,gscdb137,false,true,false,false,,3
ALKBDE10_3,ALKBDE10,gscdb137,false,true,false,false,,3
ALKBDE10_4,ALKBDE10,gscdb137,false,true,false,false,,3
ALKBDE10_5,ALKBDE10,gscdb137,false,true,false,false,,3
ALKBDE10_6,ALKBDE10,gscdb137,false,true,false,false,,3
ALKBDE10_7,ALKBDE10,gscdb137,false,true,false,false,,3
ALKBDE10_8,ALKBDE10,gscdb137,false,true,false,false,,3
ALKBDE10_9,ALKBDE10,gscdb137,false,true,false,false,,3
ALKBDE10_10,ALKBDE10,gscdb137,false,true,false,false,,3
AlkAtom19_1,AlkAtom19,gscdb137,true,true,false,false,1,3
AlkAtom19_2,AlkAtom19,gscdb137,true,true,false,false,1,3
AlkAtom19_3,AlkAtom19,gscdb137,true,true,false,false,1,3
AlkAtom19_4,AlkAtom19,gscdb137,true,true,false,false,1,3
AlkAtom19_5,AlkAtom19,gscdb137,true,true,false,false,1,3
AlkAtom19_6,AlkAtom19,gscdb137,true,true,false,false,1,3
AlkAtom19_7,AlkAtom19,gscdb137,true,true,false,false,1,3
AlkAtom19_8,AlkAtom19,gscdb137,true,true,false,false,1,3
AlkAtom19_9,AlkAtom19,gscdb137,true,true,false,false,1,3
AlkAtom19_10,AlkAtom19,gscdb137,true,true,false,false,1,3
AlkAtom19_11,AlkAtom19,gscdb137,true,true,false,false,1,3
AlkAtom19_12,AlkAtom19,gscdb137,true,true,false,false,1,3
AlkAtom19_13,AlkAtom19,gscdb137,true,true,false,false,1,3
AlkAtom19_14,AlkAtom19,gscdb137,true,true,false,false,1,3
AlkAtom19_15,AlkAtom19,gscdb137,true,true,false,false,1,3
AlkAtom19_16,AlkAtom19,gscdb137,true,true,false,false,1,3
AlkAtom19_17,AlkAtom19,gscdb137,true,true,false,false,1,3
AlkAtom19_18,AlkAtom19,gscdb137,true,true,false,false,1,3
AlkAtom19_19,AlkAtom19,gscdb137,true,true,false,false,1,3
AlkIsod14_1,AlkIsod14,gscdb137,false,true,false,false,,3
AlkIsod14_2,AlkIsod14,gscdb137,false,true,false,false,,3
AlkIsod14_3,AlkIsod14,gscdb137,false,true,false,false,,3
AlkIsod14_4,AlkIsod14,gscdb137,false,true,false,false,,3
AlkIsod14_5,AlkIsod14,gscdb137,false,true,false,false,,3
AlkIsod14_6,AlkIsod14,gscdb137,false,true,false,false,,3
AlkIsod14_7,AlkIsod14,gscdb137,false,true,false,false,,3
AlkIsod14_8,AlkIsod14,gscdb137,false,true,false,false,,3
AlkIsod14_9,AlkIsod14,gscdb137,false,true,false,false,,3
AlkIsod14_10,AlkIsod14,gscdb137,false,true,false,false,,3
AlkIsod14_11,AlkIsod14,gscdb137,false,true,false,false,,3
AlkIsod14_12,AlkIsod14,gscdb137,false,true,false,false,,3
AlkIsod14_13,AlkIsod14,gscdb137,false,true,false,false,,3
AlkIsod14_14,AlkIsod14,gscdb137,false,true,false,false,,3
AlkIsomer11_1,AlkIsomer11,gscdb137,true,true,false,false,50,2
AlkIsomer11_2,AlkIsomer11,gscdb137,true,true,false,false,50,2
AlkIsomer11_3,AlkIsomer11,gscdb137,true,true,false,false,50,2
AlkIsomer11_4,AlkIsomer11,gscdb137,true,true,false,false,50,2
AlkIsomer11_5,AlkIsomer11,gscdb137,true,true,false,false,50,2
AlkIsomer11_6,AlkIsomer11,gscdb137,true,true,false,false,50,2
AlkIsomer11_7,AlkIsomer11,gscdb137,true,true,false,false,50,2
AlkIsomer11_8,AlkIsomer11,gscdb137,true,true,false,false,50,2
AlkIsomer11_9,AlkIsomer11,gscdb137,true,true,false,false,50,2
AlkIsomer11_10,AlkIsomer11,gscdb137,true,true,false,false,50,2
AlkIsomer11_11,AlkIsomer11,gscdb137,true,true,false,false,50,2
Amino20x4_1,Amino20x4,gscdb137,false,true,false,false,,2
Amino20x4_2,Amino20x4,gscdb137,false,true,false,false,,2
Amino20x4_3,Amino20x4,gscdb137,false,true,false,false,,2
Amino20x4_4,Amino20x4,gscdb137,false,true,false,false,,2
Amino20x4_5,Amino20x4,gscdb137,false,true,false,false,,2
Amino20x4_6,Amino20x4,gscdb137,false,true,false,false,,2
Amino20x4_7,Amino20x4,gscdb137,false,true,false,false,,2
Amino20x4_8,Amino20x4,gscdb137,false,true,false,false,,2
Amino20x4_9,Amino20x4,gscdb137,false,true,false,false,,2
Amino20x4_10,Amino20x4,gscdb137,false,true,false,false,,2
Amino20x4_11,Amino20x4,gscdb137,false,true,false,false,,2
Amino20x4_12,Amino20x4,gscdb137,false,true,false,false,,2
Amino20x4_13,Amino20x4,gscdb137,false,true,false,false,,2
Amino20x4_14,Amino20x4,gscdb137,false,true,false,false,,2
Amino20x4_15,Amino20x4,gscdb137,false,true,false,false,,2
Amino20x4_16,Amino20x4,gscdb137,false,true,false,false,,2
Amino20x4_17,Amino20x4,gscdb137,false,true,false,false,,2
Amino20x4_18,Amino20x4,gscdb137,false,true,false,false,,2
Amino20x4_19,Amino20x4,gscdb137,false,true,false,false,,2
Amino20x4_20,Amino20x4,gscdb137,false,true,false,false,,2
Amino20x4_21,Amino20x4,gscdb137,false,true,false,false,,2
Amino20x4_22,Amino20x4,gscdb137,false,true,false,false,,2
Amino20x4_23,Amino20x4,gscdb137,false,true,false,false,,2
Amino20x4_24,Amino20x4,gscdb137,false,true,false,false,,2
Amino20x4_25,Amino20x4,gscdb137,false,true,false,false,,2
Amino20x4_26,Amino20x4,gscdb137,false,true,false,false,,2
Amino20x4_27,Amino20x4,gscdb137,false,true,false,false,,2
Amino20x4_28,Amino20x4,gscdb137,false,true,false,false,,2
Amino20x4_29,Amino20x4,gscdb137,false,true,false,false,,2
Amino20x4_30,Amino20x4,gscdb137,false,true,false,false,,2
Amino20x4_31,Amino20x4,gscdb137,false,true,false,false,,2
Amino20x4_32,Amino20x4,gscdb137,false,true,false,false,,2
Amino20x4_33,Amino20x4,gscdb137,false,true,false,false,,2
Amino20x4_34,Amino20x4,gscdb137,false,true,false,false,,2
Amino20x4_35,Amino20x4,gscdb137,false,true,false,false,,2
Amino20x4_36,Amino20x4,gscdb137,false,true,false,false,,2
Amino20x4_37,Amino20x4,gscdb137,false,true,false,false,,2
Amino20x4_38,Amino20x4,gscdb137,false,true,false,false,,2
Amino20x4_39,Amino20x4,gscdb137,false,true,false,false,,2
Amino20x4_40,Amino20x4,gscdb137,false,true,false,false,,2
Amino20x4_41,Amino20x4,gscdb137,false,true,false,false,,2
Amino20x4_42,Amino20x4,gscdb137,false,true,false,false,,2
Amino20x4_43,Amino20x4,gscdb137,false,true,false,false,,2
Amino20x4_44,Amino20x4,gscdb137,false,true,false,false,,2
Amino20x4_45,Amino20x4,gscdb137,false,true,false,false,,2
Amino20x4_46,Amino20x4,gscdb137,false,true,false,false,,2
Amino20x4_47,Amino20x4,gscdb137,false,true,false,false,,2
Amino20x4_48,Amino20x4,gscdb137,false,true,false,false,,2
Amino20x4_49,Amino20x4,gscdb137,false,true,false,false,,2
Amino20x4_50,Amino20x4,gscdb137,false,true,false,false,,2
Amino20x4_51,Amino20x4,gscdb137,false,true,false,false,,2
Amino20x4_52,Amino20x4,gscdb137,false,true,false,false,,2
Amino20x4_53,Amino20x4,gscdb137,false,true,false,false,,2
Amino20x4_54,Amino20x4,gscdb137,false,true,false,false,,2
Amino20x4_55,Amino20x4,gscdb137,false,true,false,false,,2
Amino20x4_56,Amino20x4,gscdb137,false,true,false,false,,2
Amino20x4_57,Amino20x4,gscdb137,false,true,false,false,,2
Amino20x4_58,Amino20x4,gscdb137,false,true,false,false,,2
Amino20x4_59,Amino20x4,gscdb137,false,true,false,false,,2
Amino20x4_60,Amino20x4,gscdb137,false,true,false,false,,2
Amino20x4_61,Amino20x4,gscdb137,false,true,false,false,,2
Amino20x4_62,Amino20x4,gscdb137,false,true,false,false,,2
Amino20x4_63,Amino20x4,gscdb137,false,true,false,false,,2
Amino20x4_64,Amino20x4,gscdb137,false,true,false,false,,2
Amino20x4_65,Amino20x4,gscdb137,false,true,false,false,,2
Amino20x4_66,Amino20x4,gscdb137,false,true,false,false,,2
Amino20x4_67,Amino20x4,gscdb137,false,true,false,false,,2
Amino20x4_68,Amino20x4,gscdb137,false,true,false,false,,2
Amino20x4_69,Amino20x4,gscdb137,false,true,false,false,,2
Amino20x4_70,Amino20x4,gscdb137,false,true,false,false,,2
Amino20x4_71,Amino20x4,gscdb137,false,true,false,false,,2
Amino20x4_72,Amino20x4,gscdb137,false,true,false,false,,2
Amino20x4_73,Amino20x4,gscdb137,false,true,false,false,,2
Amino20x4_74,Amino20x4,gscdb137,false,true,false,false,,2
Amino20x4_75,Amino20x4,gscdb137,false,true,false,false,,2
Amino20x4_76,Amino20x4,gscdb137,false,true,false,false,,2
Amino20x4_77,Amino20x4,gscdb137,false,true,false,false,,2
Amino20x4_78,Amino20x4,gscdb137,false,true,false,false,,2
Amino20x4_79,Amino20x4,gscdb137,false,true,false,false,,2
Amino20x4_80,Amino20x4,gscdb137,false,true,false,false,,2
BDE99_1,BDE99MR,gscdb137,false,true,false,false,,3
BDE99_2,BDE99MR,gscdb137,false,true,false,false,,2
BDE99_3,BDE99MR,gscdb137,false,true,false,false,,3
BDE99_4,BDE99MR,gscdb137,false,true,false,false,,3
BDE99_5,BDE99MR,gscdb137,false,true,false,false,,3
BDE99_6,BDE99MR,gscdb137,false,true,false,false,,3
BDE99_7,BDE99MR,gscdb137,false,true,false,false,,3
BDE99_8,BDE99MR,gscdb137,false,true,false,false,,3
BDE99_9,BDE99MR,gscdb137,false,true,false,false,,3
BDE99_12,BDE99MR,gscdb137,false,true,false,false,,3
BDE99_55,BDE99MR,gscdb137,false,true,false,false,,3
BDE99_56,BDE99MR,gscdb137,false,true,false,false,,3
BDE99_57,BDE99MR,gscdb137,false,true,false,false,,3
BDE99_58,BDE99MR,gscdb137,false,true,false,false,,3
BDE99_97,BDE99MR,gscdb137,false,true,false,false,,3
BDE99_98,BDE99MR,gscdb137,false,true,false,false,,2
BDE99_10,BDE99nonMR,gscdb137,true,true,false,false,1.2,3
BDE99_11,BDE99nonMR,gscdb137,true,true,false,false,1.2,3
BDE99_13,BDE99nonMR,gscdb137,true,true,false,false,1.2,3
BDE99_14,BDE99nonMR,gscdb137,true,true,false,false,1.2,3
BDE99_15,BDE99nonMR,gscdb137,true,true,false,false,1.2,3
BDE99_16,BDE99nonMR,gscdb137,true,true,false,false,1.2,3
BDE99_17,BDE99nonMR,gscdb137,true,true,false,false,1.2,3
BDE99_18,BDE99nonMR,gscdb137,true,true,false,false,1.2,3
BDE99_19,BDE99nonMR,gscdb137,true,true,false,false,1.2,3
BDE99_20,BDE99nonMR,gscdb137,true,true,false,false,1.2,3
BDE99_21,BDE99nonMR,gscdb137,true,true,false,false,1.2,3
BDE99_22,BDE99nonMR,gscdb137,true,true,false,false,1.2,3
BDE99_23,BDE99nonMR,gscdb137,true,true,false,false,1.2,3
BDE99_24,BDE99nonMR,gscdb137,true,true,false,false,1.2,3
BDE99_25,BDE99nonMR,gscdb137,true,true,false,false,1.2,3
BDE99_26,BDE99nonMR,gscdb137,true,true,false,false,1.2,3
BDE99_27,BDE99nonMR,gscdb137,true,true,false,false,1.2,3
BDE99_28,BDE99nonMR,gscdb137,true,true,false,false,1.2,3
BDE99_29,BDE99nonMR,gscdb137,true,true,false,false,1.2,3
BDE99_30,BDE99nonMR,gscdb137,true,true,false,false,1.2,3
BDE99_31,BDE99nonMR,gscdb137,true,true,false,false,1.2,3
BDE99_32,BDE99nonMR,gscdb137,true,true,false,false,1.2,2
BDE99_33,BDE99nonMR,gscdb137,true,true,false,false,1.2,3
BDE99_34,BDE99nonMR,gscdb137,true,true,false,false,1.2,3
BDE99_35,BDE99nonMR,gscdb137,true,true,false,false,1.2,3
BDE99_36,BDE99nonMR,gscdb137,true,true,false,false,1.2,3
BDE99_37,BDE99nonMR,gscdb137,true,true,false,false,1.2,3
BDE99_38,BDE99nonMR,gscdb137,true,true,false,false,1.2,3
BDE99_39,BDE99nonMR,gscdb137,true,true,false,false,1.2,3
BDE99_40,BDE99nonMR,gscdb137,true,true,false,false,1.2,3
BDE99_41,BDE99nonMR,gscdb137,true,true,false,false,1.2,3
BDE99_42,BDE99nonMR,gscdb137,true,true,false,false,1.2,3
BDE99_43,BDE99nonMR,gscdb137,true,true,false,false,1.2,3
BDE99_44,BDE99nonMR,gscdb137,true,true,false,false,1.2,3
BDE99_45,BDE99nonMR,gscdb137,true,true,false,false,1.2,3
BDE99_46,BDE99nonMR,gscdb137,true,true,false,false,1.2,3
BDE99_47,BDE99nonMR,gscdb137,true,true,false,false,1.2,3
BDE99_48,BDE99nonMR,gscdb137,true,true,false,false,1.2,3
BDE99_49,BDE99nonMR,gscdb137,true,true,false,false,1.2,3
BDE99_50,BDE99nonMR,gscdb137,true,true,false,false,1.2,3
BDE99_51,BDE99nonMR,gscdb137,true,true,false,false,1.2,3
BDE99_52,BDE99nonMR,gscdb137,true,true,false,false,1.2,3
BDE99_53,BDE99nonMR,gscdb137,true,true,false,false,1.2,2
BDE99_54,BDE99nonMR,gscdb137,true,true,false,false,1.2,3
BDE99_59,BDE99nonMR,gscdb137,true,true,false,false,1.2,3
BDE99_60,BDE99nonMR,gscdb137,true,true,false,false,1.2,2
BDE99_61,BDE99nonMR,gscdb137,true,true,false,false,1.2,3
BDE99_62,BDE99nonMR,gscdb137,true,true,false,false,1.2,3
BDE99_63,BDE99nonMR,gscdb137,true,true,false,false,1.2,3
BDE99_64,BDE99nonMR,gscdb137,true,true,false,false,1.2,3
BDE99_65,BDE99nonMR,gscdb137,true,true,false,false,1.2,3
BDE99_66,BDE99nonMR,gscdb137,true,true,false,false,1.2,3
BDE99_67,BDE99nonMR,gscdb137,true,true,false,false,1.2,2
BDE99_68,BDE99nonMR,gscdb137,true,true,false,false,1.2,2
BDE99_69,BDE99nonMR,gscdb137,true,true,false,false,1.2,3
BDE99_70,BDE99nonMR,gscdb137,true,true,false,false,1.2,3
BDE99_71,BDE99nonMR,gscdb137,true,true,false,false,1.2,3
BDE99_72,BDE99nonMR,gscdb137,true,true,false,false,1.2,3
BDE99_73,BDE99nonMR,gscdb137,true,true,false,false,1.2,3
BDE99_74,BDE99nonMR,gscdb137,true,true,false,false,1.2,3
BDE99_75,BDE99nonMR,gscdb137,true,true,false,false,1.2,3
BDE99_76,BDE99nonMR,gscdb137,true,true,false,false,1.2,3
BDE99_77,BDE99nonMR,gscdb137,true,true,false,false,1.2,2
BDE99_78,BDE99nonMR,gscdb137,true,true,false,false,1.2,2
BDE99_79,BDE99nonMR,gscdb137,true,true,false,false,1.2,3
BDE99_80,BDE99nonMR,gscdb137,true,true,false,false,1.2,3
BDE99_81,BDE99nonMR,gscdb137,true,true,false,false,1.2,3
BDE99_82,BDE99nonMR,gscdb137,true,true,false,false,1.2,3
BDE99_83,BDE99nonMR,gscdb137,true,true,false,false,1.2,3
BDE99_84,BDE99nonMR,gscdb137,true,true,false,false,1.2,3
BDE99_85,BDE99nonMR,gscdb137,true,true,false,false,1.2,2
BDE99_86,BDE99nonMR,gscdb137,true,true,false,false,1.2,3
BDE99_87,BDE99nonMR,gscdb137,true,true,false,false,1.2,3
BDE99_88,BDE99nonMR,gscdb137,true,true,false,false,1.2,3
BDE99_89,BDE99nonMR,gscdb137,true,true,false,false,1.2,3
BDE99_90,BDE99nonMR,gscdb137,true,true,false,false,1.2,3
BDE99_91,BDE99nonMR,gscdb137,true,true,false,false,1.2,3
BDE99_92,BDE99nonMR,gscdb137,true,true,false,false,1.2,2
BDE99_93,BDE99nonMR,gscdb137,true,true,false,false,1.2,3
BDE99_94,BDE99nonMR,gscdb137,true,true,false,false,1.2,3
BDE99_95,BDE99nonMR,gscdb137,true,true,false,false,1.2,3
BDE99_96,BDE99nonMR,gscdb137,true,true,false,false,1.2,3
BDE99_99,BDE99nonMR,gscdb137,true,true,false,false,1.2,2
BH28_BHDIV_1,BH28,gscdb137,true,true,false,false,10,2
BH28_BHDIV_2,BH28,gscdb137,true,true,false,false,10,2
BH28_BHDIV_3,BH28,gscdb137,true,true,false,false,10,2
BH28_BHPERI_4,BH28,gscdb137,true,true,false,false,10,2
BH28_BHPERI_5,BH28,gscdb137,true,true,false,false,10,2
BH28_BHPERI_6,BH28,gscdb137,true,true,false,false,10,2
BH28_BHPERI_7,BH28,gscdb137,true,true,false,false,10,2
BH28_BHPERI_8,BH28,gscdb137,true,true,false,false,10,2
BH28_BHPERI_9,BH28,gscdb137,true,true,false,false,10,3
BH28_CADBH_10,BH28,gscdb137,true,true,false,false,10,3
BH28_CADBH_11,BH28,gscdb137,true,true,false,false,10,3
BH28_CADBH_12,BH28,gscdb137,true,true,false,false,10,3
BH28_CADBH_13,BH28,gscdb137,true,true,false,false,10,3
BH28_CADBH_14,BH28,gscdb137,true,true,false,false,10,3
BH28_CADBH_15,BH28,gscdb137,true,true,false,false,10,3
BH28_CADBH_16,BH28,gscdb137,true,true,false,false,10,3
BH28_CADBH_17,BH28,gscdb137,true,true,false,false,10,3
BH28_CADBH_18,BH28,gscdb137,true,true,false,false,10,3
BH28_CRBH_19,BH28,gscdb137,true,true,false,false,10,2
BH28_CRBH_20,BH28,gscdb137,true,true,false,false,10,2
BH28_CRBH_21,BH28,gscdb137,true,true,false,false,10,2
BH28_CRBH_22,BH28,gscdb137,true,true,false,false,10,2
BH28_CRBH_23,BH28,gscdb137,true,true,false,false,10,2
BH28_CRBH_24,BH28,gscdb137,true,true,false,false,10,2
BH28_PXBH_25,BH28,gscdb137,true,true,false,false,10,2
BH28_PXBH_26,BH28,gscdb137,true,true,false,false,10,2
BH28_PXBH_27,BH28,gscdb137,true,true,false,false,10,2
BH28_PXBH_28,BH28,gscdb137,true,true,false,false,10,2
BH76_3,BH46,gscdb137,false,true,false,false,,3
BH76_7,BH46,gscdb137,false,true,false,false,,3
BH76_8,BH46,gscdb137,false,true,false,false,,3
BH76_9,BH46,gscdb137,false,true,false,false,,3
BH76_10,BH46,gscdb137,false,true,false,false,,3
BH76_13,BH46,gscdb137,false,true,false,false,,3
BH76_15,BH46,gscdb137,false,true,false,false,,2
BH76_17,BH46,gscdb137,false,true,false,false,,3
BH76_21,BH46,gscdb137,false,true,false,false,,3
BH76_22,BH46,gscdb137,false,true,false,false,,3
BH76_27,BH46,gscdb137,false,true,false,false,,2
BH76_28,BH46,gscdb137,false,true,false,false,,2
BH76_31,BH46,gscdb137,false,true,false,false,,3
BH76_32,BH46,gscdb137,false,true,false,false,,2
BH76_35,BH46,gscdb137,false,true,false,false,,3
BH76_36,BH46,gscdb137,false,true,false,false,,2
BH76_39,BH46,gscdb137,false,true,false,false,,3
BH76_40,BH46,gscdb137,false,true,false,false,,3
BH76_41,BH46,gscdb137,false,true,false,false,,3
BH76_42,BH46,gscdb137,false,true,false,false,,3
BH76_43,BH46,gscdb137,false,true,false,false,,3
BH76_44,BH46,gscdb137,false,true,false,false,,3
BH76_47,BH46,gscdb137,false,true,false,false,,3
BH76_49,BH46,gscdb137,false,true,false,false,,3
BH76_50,BH46,gscdb137,false,true,false,false,,3
BH76_51,BH46,gscdb137,false,true,false,false,,3
BH76_52,BH46,gscdb137,false,true,false,false,,3
BH76_53,BH46,gscdb137,false,true,false,false,,3
BH76_54,BH46,gscdb137,false,true,false,false,,3
BH76_55,BH46,gscdb137,false,true,false,false,,3
BH76_56,BH46,gscdb137,false,true,false,false,,3
BH76_57,BH46,gscdb137,false,true,false,false,,3
BH76_58,BH46,gscdb137,false,true,false,false,,3
BH76_59,BH46,gscdb137,false,true,false,false,,3
BH76_60,BH46,gscdb137,false,true,false,false,,3
BH76_65,BH46,gscdb137,false,true,false,false,,3
BH76_66,BH46,gscdb137,false,true,false,false,,3
BH76_67,BH46,gscdb137,false,true,false,false,,3
BH76_68,BH46,gscdb137,false,true,false,false,,3
BH76_69,BH46,gscdb137,false,true,false,false,,3
BH76_70,BH46,gscdb137,false,true,false,false,,3
BH76_71,BH46,gscdb137,false,true,false,false,,3
BH76_72,BH46,gscdb137,false,true,false,false,,3
BH76_73,BH46,gscdb137,false,true,false,false,,3
BH76_74,BH46,gscdb137,false,true,false,false,,3
BH76_75,BH46,gscdb137,false,true,false,false,,2
BH76RC_1,BH76RC,gscdb137,false,true,false,false,,4
BH76RC_2,BH76RC,gscdb137,false,true,false,false,,4
BH76RC_3,BH76RC,gscdb137,false,true,false,false,,4
BH76RC_4,BH76RC,gscdb137,false,true,false,false,,4
BH76RC_5,BH76RC,gscdb137,false,true,false,false,,4
BH76RC_6,BH76RC,gscdb137,false,true,false,false,,2
BH76RC_7,BH76RC,gscdb137,false,true,false,false,,4
BH76RC_8,BH76RC,gscdb137,false,true,false,false,,2
BH76RC_9,BH76RC,gscdb137,false,true,false,false,,3
BH76RC_10,BH76RC,gscdb137,false,true,false,false,,3
BH76RC_11,BH76RC,gscdb137,false,true,false,false,,3
BH76RC_12,BH76RC,gscdb137,false,true,false,false,,3
BH76RC_13,BH76RC,gscdb137,false,true,false,false,,2
BH76RC_14,BH76RC,gscdb137,false,true,false,false,,4
BH76RC_15,BH76RC,gscdb137,false,true,false,false,,4
BH76RC_16,BH76RC,gscdb137,false,true,false,false,,4
BH76RC_17,BH76RC,gscdb137,false,true,false,false,,4
BH76RC_18,BH76RC,gscdb137,false,true,false,false,,4
BH76RC_19,BH76RC,gscdb137,false,true,false,false,,4
BH76RC_20,BH76RC,gscdb137,false,true,false,false,,4
BH76RC_21,BH76RC,gscdb137,false,true,false,false,,4
BH76RC_22,BH76RC,gscdb137,false,true,false,false,,4
BH76RC_23,BH76RC,gscdb137,false,true,false,false,,4
BH76RC_24,BH76RC,gscdb137,false,true,false,false,,4
BH76RC_25,BH76RC,gscdb137,false,true,false,false,,4
BH76RC_26,BH76RC,gscdb137,false,true,false,false,,4
BH76RC_27,BH76RC,gscdb137,false,true,false,false,,4
BH76RC_28,BH76RC,gscdb137,false,true,false,false,,4
BH76RC_29,BH76RC,gscdb137,false,true,false,false,,4
BH76RC_30,BH76RC,gscdb137,false,true,false,false,,4
BH9_1,BH876,gscdb137,false,true,false,false,,2
BH9_2,BH876,gscdb137,false,true,false,false,,2
BH9_3,BH876,gscdb137,false,true,false,false,,2
BH9_4,BH876,gscdb137,false,true,false,false,,2
BH9_5,BH876,gscdb137,false,true,false,false,,2
BH9_6,BH876,gscdb137,false,true,false,false,,2
BH9_7,BH876,gscdb137,false,true,false,false,,2
BH9_8,BH876,gscdb137,false,true,false,false,,2
BH9_9,BH876,gscdb137,false,true,false,false,,2
BH9_10,BH876,gscdb137,false,true,false,false,,2
BH9_11,BH876,gscdb137,false,true,false,false,,2
BH9_12,BH876,gscdb137,false,true,false,false,,2
BH9_13,BH876,gscdb137,false,true,false,false,,2
BH9_14,BH876,gscdb137,false,true,false,false,,2
BH9_15,BH876,gscdb137,false,true,false,false,,2
BH9_16,BH876,gscdb137,false,true,false,false,,2
BH9_17,BH876,gscdb137,false,true,false,false,,3
BH9_18,BH876,gscdb137,false,true,false,false,,2
BH9_19,BH876,gscdb137,false,true,false,false,,2
BH9_20,BH876,gscdb137,false,true,false,false,,2
BH9_21,BH876,gscdb137,false,true,false,false,,2
BH9_22,BH876,gscdb137,false,true,false,false,,2
BH9_23,BH876,gscdb137,false,true,false,false,,2
BH9_24,BH876,gscdb137,false,true,false,false,,2
BH9_25,BH876,gscdb137,false,true,false,false,,2
BH9_26,BH876,gscdb137,false,true,false,false,,2
BH9_27,BH876,gscdb137,false,true,false,false,,2
BH9_28,BH876,gscdb137,false,true,false,false,,2
BH9_29,BH876,gscdb137,false,true,false,false,,2
BH9_30,BH876,gscdb137,false,true,false,false,,2
BH9_31,BH876,gscdb137,false,true,false,false,,2
BH9_32,BH876,gscdb137,false,true,false,false,,2
BH9_33,BH876,gscdb137,false,true,false,false,,2
BH9_34,BH876,gscdb137,false,true,false,false,,2
BH9_35,BH876,gscdb137,false,true,false,false,,2
BH9_36,BH876,gscdb137,false,true,false,false,,2
BH9_37,BH876,gscdb137,false,true,false,false,,2
BH9_38,BH876,gscdb137,false,true,false,false,,2
BH9_39,BH876,gscdb137,false,true,false,false,,2
BH9_40,BH876,gscdb137,false,true,false,false,,2
BH9_41,BH876,gscdb137,false,true,false,false,,2
BH9_42,BH876,gscdb137,false,true,false,false,,2
BH9_43,BH876,gscdb137,false,true,false,false,,2
BH9_44,BH876,gscdb137,false,true,false,false,,2
BH9_45,BH876,gscdb137,false,true,false,false,,2
BH9_46,BH876,gscdb137,false,true,false,false,,2
BH9_47,BH876,gscdb137,false,true,false,false,,2
BH9_48,BH876,gscdb137,false,true,false,false,,2
BH9_49,BH876,gscdb137,false,true,false,false,,2
BH9_50,BH876,gscdb137,false,true,false,false,,2
BH9_51,BH876,gscdb137,false,true,false,false,,2
BH9_52,BH876,gscdb137,false,true,false,false,,2
BH9_53,BH876,gscdb137,false,true,false,false,,2
BH9_54,BH876,gscdb137,false,true,false,false,,2
BH9_55,BH876,gscdb137,false,true,false,false,,2
BH9_56,BH876,gscdb137,false,true,false,false,,2
BH9_57,BH876,gscdb137,false,true,false,false,,2
BH9_58,BH876,gscdb137,false,true,false,false,,2
BH9_59,BH876,gscdb137,false,true,false,false,,2
BH9_60,BH876,gscdb137,false,true,false,false,,2
BH9_61,BH876,gscdb137,false,true,false,false,,2
BH9_62,BH876,gscdb137,false,true,false,false,,2
BH9_63,BH876,gscdb137,false,true,false,false,,2
BH9_64,BH876,gscdb137,false,true,false,false,,2
BH9_65,BH876,gscdb137,false,true,false,false,,2
BH9_66,BH876,gscdb137,false,true,false,false,,2
BH9_67,BH876,gscdb137,false,true,false,false,,2
BH9_68,BH876,gscdb137,false,true,false,false,,2
BH9_69,BH876,gscdb137,false,true,false,false,,2
BH9_70,BH876,gscdb137,false,true,false,false,,2
BH9_71,BH876,gscdb137,false,true,false,false,,2
BH9_72,BH876,gscdb137,false,true,false,false,,2
BH9_73,BH876,gscdb137,false,true,false,false,,2
BH9_74,BH876,gscdb137,false,true,false,false,,2
BH9_75,BH876,gscdb137,false,true,false,false,,2
BH9_76,BH876,gscdb137,false,true,false,false,,2
BH9_77,BH876,gscdb137,false,true,false,false,,2
BH9_78,BH876,gscdb137,false,true,false,false,,2
BH9_79,BH876,gscdb137,false,true,false,false,,2
BH9_80,BH876,gscdb137,false,true,false,false,,2
BH9_81,BH876,gscdb137,false,true,false,false,,2
BH9_82,BH876,gscdb137,false,true,false,false,,2
BH9_83,BH876,gscdb137,false,true,false,false,,2
BH9_84,BH876,gscdb137,false,true,false,false,,2
BH9_85,BH876,gscdb137,false,true,false,false,,2
BH9_86,BH876,gscdb137,false,true,false,false,,2
BH9_87,BH876,gscdb137,false,true,false,false,,2
BH9_88,BH876,gscdb137,false,true,false,false,,2
BH9_89,BH876,gscdb137,false,true,false,false,,2
BH9_90,BH876,gscdb137,false,true,false,false,,2
BH9_91,BH876,gscdb137,false,true,false,false,,3
BH9_92,BH876,gscdb137,false,true,false,false,,2
BH9_93,BH876,gscdb137,false,true,false,false,,2
BH9_94,BH876,gscdb137,false,true,false,false,,2
BH9_95,BH876,gscdb137,false,true,false,false,,3
BH9_96,BH876,gscdb137,false,true,false,false,,2
BH9_97,BH876,gscdb137,false,true,false,false,,3
BH9_98,BH876,gscdb137,false,true,false,false,,2
BH9_99,BH876,gscdb137,false,true,false,false,,3
BH9_100,BH876,gscdb137,false,true,false,false,,2
BH9_101,BH876,gscdb137,false,true,false,false,,3
BH9_102,BH876,gscdb137,false,true,false,false,,2
BH9_103,BH876,gscdb137,false,true,false,false,,3
BH9_104,BH876,gscdb137,false,true,false,false,,2
BH9_105,BH876,gscdb137,false,true,false,false,,2
BH9_106,BH876,gscdb137,false,true,false,false,,2
BH9_107,BH876,gscdb137,false,true,false,false,,2
BH9_108,BH876,gscdb137,false,true,false,false,,2
BH9_109,BH876,gscdb137,false,true,false,false,,2
BH9_110,BH876,gscdb137,false,true,false,false,,2
BH9_111,BH876,gscdb137,false,true,false,false,,2
BH9_112,BH876,gscdb137,false,true,false,false,,2
BH9_113,BH876,gscdb137,false,true,false,false,,2
BH9_114,BH876,gscdb137,false,true,false,false,,2
BH9_115,BH876,gscdb137,false,true,false,false,,2
BH9_116,BH876,gscdb137,false,true,false,false,,2
BH9_117,BH876,gscdb137,false,true,false,false,,2
BH9_118,BH876,gscdb137,false,true,false,false,,2
BH9_119,BH876,gscdb137,false,true,false,false,,2
BH9_120,BH876,gscdb137,false,true,false,false,,2
BH9_121,BH876,gscdb137,false,true,false,false,,2
BH9_122,BH876,gscdb137,false,true,false,false,,2
BH9_123,BH876,gscdb137,false,true,false,false,,2
BH9_124,BH876,gscdb137,false,true,false,false,,2
BH9_125,BH876,gscdb137,false,true,false,false,,2
BH9_126,BH876,gscdb137,false,true,false,false,,2
BH9_127,BH876,gscdb137,false,true,false,false,,2
BH9_128,BH876,gscdb137,false,true,false,false,,2
BH9_129,BH876,gscdb137,false,true,false,false,,2
BH9_130,BH876,gscdb137,false,true,false,false,,2
BH9_131,BH876,gscdb137,false,true,false,false,,2
BH9_132,BH876,gscdb137,false,true,false,false,,2
BH9_133,BH876,gscdb137,false,true,false,false,,2
BH9_134,BH876,gscdb137,false,true,false,false,,2
BH9_135,BH876,gscdb137,false,true,false,false,,2
BH9_136,BH876,gscdb137,false,true,false,false,,2
BH9_137,BH876,gscdb137,false,true,false,false,,2
BH9_138,BH876,gscdb137,false,true,false,false,,2
BH9_139,BH876,gscdb137,false,true,false,false,,2
BH9_140,BH876,gscdb137,false,true,false,false,,2
BH9_141,BH876,gscdb137,false,true,false,false,,2
BH9_142,BH876,gscdb137,false,true,false,false,,2
BH9_143,BH876,gscdb137,false,true,false,false,,2
BH9_144,BH876,gscdb137,false,true,false,false,,2
BH9_145,BH876,gscdb137,false,true,false,false,,2
BH9_146,BH876,gscdb137,false,true,false,false,,2
BH9_147,BH876,gscdb137,false,true,false,false,,2
BH9_148,BH876,gscdb137,false,true,false,false,,2
BH9_149,BH876,gscdb137,false,true,false,false,,2
BH9_150,BH876,gscdb137,false,true,false,false,,2
BH9_151,BH876,gscdb137,false,true,false,false,,2
BH9_152,BH876,gscdb137,false,true,false,false,,2
BH9_153,BH876,gscdb137,false,true,false,false,,3
BH9_154,BH876,gscdb137,false,true,false,false,,2
BH9_155,BH876,gscdb137,false,true,false,false,,3
BH9_156,BH876,gscdb137,false,true,false,false,,2
BH9_157,BH876,gscdb137,false,true,false,false,,3
BH9_158,BH876,gscdb137,false,true,false,false,,2
BH9_159,BH876,gscdb137,false,true,false,false,,3
BH9_160,BH876,gscdb137,false,true,false,false,,2
BH9_161,BH876,gscdb137,false,true,false,false,,2
BH9_162,BH876,gscdb137,false,true,false,false,,2
BH9_163,BH876,gscdb137,false,true,false,false,,2
BH9_164,BH876,gscdb137,false,true,false,false,,2
BH9_165,BH876,gscdb137,false,true,false,false,,2
BH9_166,BH876,gscdb137,false,true,false,false,,2
BH9_167,BH876,gscdb137,false,true,false,false,,2
BH9_168,BH876,gscdb137,false,true,false,false,,2
BH9_169,BH876,gscdb137,false,true,false,false,,2
BH9_170,BH876,gscdb137,false,true,false,false,,2
BH9_171,BH876,gscdb137,false,true,false,false,,2
BH9_172,BH876,gscdb137,false,true,false,false,,2
BH9_173,BH876,gscdb137,false,true,false,false,,2
BH9_174,BH876,gscdb137,false,true,false,false,,2
BH9_175,BH876,gscdb137,false,true,false,false,,3
BH9_176,BH876,gscdb137,false,true,false,false,,2
BH9_177,BH876,gscdb137,false,true,false,false,,3
BH9_178,BH876,gscdb137,false,true,false,false,,2
BH9_179,BH876,gscdb137,false,true,false,false,,3
BH9_180,BH876,gscdb137,false,true,false,false,,2
BH9_181,BH876,gscdb137,false,true,false,false,,3
BH9_182,BH876,gscdb137,false,true,false,false,,2
BH9_183,BH876,gscdb137,false,true,false,false,,3
BH9_184,BH876,gscdb137,false,true,false,false,,2
BH9_185,BH876,gscdb137,false,true,false,false,,3
BH9_186,BH876,gscdb137,false,true,false,false,,2
BH9_187,BH876,gscdb137,false,true,false,false,,2
BH9_188,BH876,gscdb137,false,true,false,false,,2
BH9_189,BH876,gscdb137,false,true,false,false,,3
BH9_190,BH876,gscdb137,false,true,false,false,,2
BH9_191,BH876,gscdb137,false,true,false,false,,3
BH9_192,BH876,gscdb137,false,true,false,false,,2
BH9_193,BH876,gscdb137,false,true,false,false,,3
BH9_194,BH876,gscdb137,false,true,false,false,,2
BH9_195,BH876,gscdb137,false,true,false,false,,2
BH9_196,BH876,gscdb137,false,true,false,false,,2
BH9_197,BH876,gscdb137,false,true,false,false,,4
BH9_198,BH876,gscdb137,false,true,false,false,,4
BH9_199,BH876,gscdb137,false,true,false,false,,3
BH9_200,BH876,gscdb137,false,true,false,false,,2
BH9_201,BH876,gscdb137,false,true,false,false,,3
BH9_202,BH876,gscdb137,false,true,false,false,,2
BH9_203,BH876,gscdb137,false,true,false,false,,3
BH9_204,BH876,gscdb137,false,true,false,false,,2
BH9_205,BH876,gscdb137,false,true,false,false,,3
BH9_206,BH876,gscdb137,false,true,false,false,,2
BH9_207,BH876,gscdb137,false,true,false,false,,3
BH9_208,BH876,gscdb137,false,true,false,false,,2
BH9_209,BH876,gscdb137,false,true,false,false,,3
BH9_210,BH876,gscdb137,false,true,false,false,,2
BH9_211,BH876,gscdb137,false,true,false,false,,3
BH9_212,BH876,gscdb137,false,true,false,false,,2
BH9_213,BH876,gscdb137,false,true,false,false,,3
BH9_214,BH876,gscdb137,false,true,false,false,,2
BH9_215,BH876,gscdb137,false,true,false,false,,3
BH9_216,BH876,gscdb137,false,true,false,false,,2
BH9_217,BH876,gscdb137,false,true,false,false,,3
BH9_218,BH876,gscdb137,false,true,false,false,,2
BH9_219,BH876,gscdb137,false,true,false,false,,3
BH9_220,BH876,gscdb137,false,true,false,false,,2
BH9_221,BH876,gscdb137,false,true,false,false,,2
BH9_222,BH876,gscdb137,false,true,false,false,,2
BH9_223,BH876,gscdb137,false,true,false,false,,2
BH9_224,BH876,gscdb137,false,true,false,false,,2
BH9_225,BH876,gscdb137,false,true,false,false,,2
BH9_226,BH876,gscdb137,false,true,false,false,,2
BH9_227,BH876,gscdb137,false,true,false,false,,2
BH9_228,BH876,gscdb137,false,true,false,false,,2
BH9_229,BH876,gscdb137,false,true,false,false,,3
BH9_230,BH876,gscdb137,false,true,false,false,,2
BH9_231,BH876,gscdb137,false,true,false,false,,3
BH9_232,BH876,gscdb137,false,true,false,false,,2
BH9_233,BH876,gscdb137,false,true,false,false,,3
BH9_234,BH876,gscdb137,false,true,false,false,,2
BH9_235,BH876,gscdb137,false,true,false,false,,2
BH9_236,BH876,gscdb137,false,true,false,false,,2
BH9_237,BH876,gscdb137,false,true,false,false,,2
BH9_238,BH876,gscdb137,false,true,false,false,,2
BH9_239,BH876,gscdb137,false,true,false,false,,2
BH9_240,BH876,gscdb137,false,true,false,false,,2
BH9_241,BH876,gscdb137,false,true,false,false,,3
BH9_242,BH876,gscdb137,false,true,false,false,,2
BH9_243,BH876,gscdb137,false,true,false,false,,2
BH9_244,BH876,gscdb137,false,true,false,false,,2
BH9_245,BH876,gscdb137,false,true,false,false,,3
BH9_246,BH876,gscdb137,false,true,false,false,,2
BH9_247,BH876,gscdb137,false,true,false,false,,2
BH9_248,BH876,gscdb137,false,true,false,false,,2
BH9_249,BH876,gscdb137,false,true,false,false,,3
BH9_250,BH876,gscdb137,false,true,false,false,,2
BH9_251,BH876,gscdb137,false,true,false,false,,2
BH9_252,BH876,gscdb137,false,true,false,false,,2
BH9_253,BH876,gscdb137,false,true,false,false,,3
BH9_254,BH876,gscdb137,false,true,false,false,,2
BH9_255,BH876,gscdb137,false,true,false,false,,2
BH9_256,BH876,gscdb137,false,true,false,false,,2
BH9_257,BH876,gscdb137,false,true,false,false,,3
BH9_258,BH876,gscdb137,false,true,false,false,,2
BH9_259,BH876,gscdb137,false,true,false,false,,3
BH9_260,BH876,gscdb137,false,true,false,false,,2
BH9_261,BH876,gscdb137,false,true,false,false,,2
BH9_262,BH876,gscdb137,false,true,false,false,,2
BH9_263,BH876,gscdb137,false,true,false,false,,2
BH9_264,BH876,gscdb137,false,true,false,false,,2
BH9_265,BH876,gscdb137,false,true,false,false,,2
BH9_266,BH876,gscdb137,false,true,false,false,,2
BH9_267,BH876,gscdb137,false,true,false,false,,2
BH9_268,BH876,gscdb137,false,true,false,false,,2
BH9_269,BH876,gscdb137,false,true,false,false,,2
BH9_270,BH876,gscdb137,false,true,false,false,,2
BH9_271,BH876,gscdb137,false,true,false,false,,2
BH9_272,BH876,gscdb137,false,true,false,false,,2
BH9_273,BH876,gscdb137,false,true,false,false,,2
BH9_274,BH876,gscdb137,false,true,false,false,,2
BH9_275,BH876,gscdb137,false,true,false,false,,2
BH9_276,BH876,gscdb137,false,true,false,false,,2
BH9_277,BH876,gscdb137,false,true,false,false,,2
BH9_278,BH876,gscdb137,false,true,false,false,,2
BH9_279,BH876,gscdb137,false,true,false,false,,2
BH9_280,BH876,gscdb137,false,true,false,false,,2
BH9_281,BH876,gscdb137,false,true,false,false,,2
BH9_282,BH876,gscdb137,false,true,false,false,,2
BH9_283,BH876,gscdb137,false,true,false,false,,2
BH9_284,BH876,gscdb137,false,true,false,false,,2
BH9_285,BH876,gscdb137,false,true,false,false,,2
BH9_286,BH876,gscdb137,false,true,false,false,,2
BH9_287,BH876,gscdb137,false,true,false,false,,2
BH9_288,BH876,gscdb137,false,true,false,false,,2
BH9_289,BH876,gscdb137,false,true,false,false,,2
BH9_290,BH876,gscdb137,false,true,false,false,,2
BH9_291,BH876,gscdb137,false,true,false,false,,2
BH9_292,BH876,gscdb137,false,true,false,false,,2
BH9_293,BH876,gscdb137,false,true,false,false,,2
BH9_294,BH876,gscdb137,false,true,false,false,,2
BH9_295,BH876,gscdb137,false,true,false,false,,2
BH9_296,BH876,gscdb137,false,true,false,false,,2
BH9_297,BH876,gscdb137,false,true,false,false,,2
BH9_298,BH876,gscdb137,false,true,false,false,,2
BH9_299,BH876,gscdb137,false,true,false,false,,2
BH9_300,BH876,gscdb137,false,true,false,false,,2
BH9_301,BH876,gscdb137,false,true,false,false,,2
BH9_302,BH876,gscdb137,false,true,false,false,,2
BH9_303,BH876,gscdb137,false,true,false,false,,2
BH9_304,BH876,gscdb137,false,true,false,false,,2
BH9_305,BH876,gscdb137,false,true,false,false,,2
BH9_306,BH876,gscdb137,false,true,false,false,,2
BH9_307,BH876,gscdb137,false,true,false,false,,3
BH9_308,BH876,gscdb137,false,true,false,false,,2
BH9_310,BH876,gscdb137,false,true,false,false,,2
BH9_312,BH876,gscdb137,false,true,false,false,,2
BH9_313,BH876,gscdb137,false,true,false,false,,2
BH9_314,BH876,gscdb137,false,true,false,false,,2
BH9_316,BH876,gscdb137,false,true,false,false,,2
BH9_317,BH876,gscdb137,false,true,false,false,,2
BH9_318,BH876,gscdb137,false,true,false,false,,2
BH9_319,BH876,gscdb137,false,true,false,false,,3
BH9_320,BH876,gscdb137,false,true,false,false,,2
BH9_322,BH876,gscdb137,false,true,false,false,,2
BH9_324,BH876,gscdb137,false,true,false,false,,2
BH9_325,BH876,gscdb137,false,true,false,false,,3
BH9_326,BH876,gscdb137,false,true,false,false,,2
BH9_328,BH876,gscdb137,false,true,false,false,,2
BH9_330,BH876,gscdb137,false,true,false,false,,2
BH9_331,BH876,gscdb137,false,true,false,false,,2
BH9_332,BH876,gscdb137,false,true,false,false,,2
BH9_333,BH876,gscdb137,false,true,false,false,,2
BH9_334,BH876,gscdb137,false,true,false,false,,2
BH9_335,BH876,gscdb137,false,true,false,false,,2
BH9_336,BH876,gscdb137,false,true,false,false,,2
BH9_338,BH876,gscdb137,false,true,false,false,,2
BH9_339,BH876,gscdb137,false,true,false,false,,2
BH9_340,BH876,gscdb137,false,true,false,false,,2
BH9_342,BH876,gscdb137,false,true,false,false,,2
BH9_343,BH876,gscdb137,false,true,false,false,,2
BH9_344,BH876,gscdb137,false,true,false,false,,2
BH9_346,BH876,gscdb137,false,true,false,false,,2
BH9_347,BH876,gscdb137,false,true,false,false,,2
BH9_348,BH876,gscdb137,false,true,false,false,,2
BH9_349,BH876,gscdb137,false,true,false,false,,2
BH9_350,BH876,gscdb137,false,true,false,false,,2
BH9_351,BH876,gscdb137,false,true,false,false,,2
BH9_352,BH876,gscdb137,false,true,false,false,,2
BH9_353,BH876,gscdb137,false,true,false,false,,2
BH9_354,BH876,gscdb137,false,true,false,false,,2
BH9_355,BH876,gscdb137,false,true,false,false,,2
BH9_356,BH876,gscdb137,false,true,false,false,,2
BH9_357,BH876,gscdb137,false,true,false,false,,2
BH9_358,BH876,gscdb137,false,true,false,false,,2
BH9_359,BH876,gscdb137,false,true,false,false,,2
BH9_360,BH876,gscdb137,false,true,false,false,,2
BH9_361,BH876,gscdb137,false,true,false,false,,2
BH9_362,BH876,gscdb137,false,true,false,false,,2
BH9_363,BH876,gscdb137,false,true,false,false,,2
BH9_364,BH876,gscdb137,false,true,false,false,,2
BH9_365,BH876,gscdb137,false,true,false,false,,2
BH9_366,BH876,gscdb137,false,true,false,false,,2
BH9_367,BH876,gscdb137,false,true,false,false,,2
BH9_368,BH876,gscdb137,false,true,false,false,,2
BH9_369,BH876,gscdb137,false,true,false,false,,2
BH9_370,BH876,gscdb137,false,true,false,false,,2
BH9_371,BH876,gscdb137,false,true,false,false,,2
BH9_372,BH876,gscdb137,false,true,false,false,,2
BH9_373,BH876,gscdb137,false,true,false,false,,2
BH9_374,BH876,gscdb137,false,true,false,false,,2
BH9_375,BH876,gscdb137,false,true,false,false,,2
BH9_376,BH876,gscdb137,false,true,false,false,,2
BH9_377,BH876,gscdb137,false,true,false,false,,3
BH9_378,BH876,gscdb137,false,true,false,false,,3
BH9_379,BH876,gscdb137,false,true,false,false,,3
BH9_380,BH876,gscdb137,false,true,false,false,,3
BH9_381,BH876,gscdb137,false,true,false,false,,3
BH9_382,BH876,gscdb137,false,true,false,false,,3
BH9_383,BH876,gscdb137,false,true,false,false,,3
BH9_384,BH876,gscdb137,false,true,false,false,,3
BH9_385,BH876,gscdb137,false,true,false,false,,3
BH9_386,BH876,gscdb137,false,true,false,false,,3
BH9_387,BH876,gscdb137,false,true,false,false,,3
BH9_388,BH876,gscdb137,false,true,false,false,,3
BH9_389,BH876,gscdb137,false,true,false,false,,3
BH9_390,BH876,gscdb137,false,true,false,false,,3
BH9_391,BH876,gscdb137,false,true,false,false,,3
BH9_392,BH876,gscdb137,false,true,false,false,,3
BH9_393,BH876,gscdb137,false,true,false,false,,3
BH9_394,BH876,gscdb137,false,true,false,false,,3
BH9_395,BH876,gscdb137,false,true,false,false,,3
BH9_396,BH876,gscdb137,false,true,false,false,,3
BH9_397,BH876,gscdb137,false,true,false,false,,3
BH9_398,BH876,gscdb137,false,true,false,false,,3
BH9_399,BH876,gscdb137,false,true,false,false,,3
BH9_400,BH876,gscdb137,false,true,false,false,,3
BH9_401,BH876,gscdb137,false,true,false,false,,3
BH9_402,BH876,gscdb137,false,true,false,false,,3
BH9_403,BH876,gscdb137,false,true,false,false,,3
BH9_404,BH876,gscdb137,false,true,false,false,,3
BH9_405,BH876,gscdb137,false,true,false,false,,3
BH9_406,BH876,gscdb137,false,true,false,false,,3
BH9_407,BH876,gscdb137,false,true,false,false,,3
BH9_408,BH876,gscdb137,false,true,false,false,,3
BH9_409,BH876,gscdb137,false,true,false,false,,3
BH9_410,BH876,gscdb137,false,true,false,false,,3
BH9_411,BH876,gscdb137,false,true,false,false,,3
BH9_412,BH876,gscdb137,false,true,false,false,,3
BH9_413,BH876,gscdb137,false,true,false,false,,3
BH9_414,BH876,gscdb137,false,true,false,false,,3
BH9_415,BH876,gscdb137,false,true,false,false,,3
BH9_416,BH876,gscdb137,false,true,false,false,,3
BH9_417,BH876,gscdb137,false,true,false,false,,3
BH9_418,BH876,gscdb137,false,true,false,false,,3
BH9_419,BH876,gscdb137,false,true,false,false,,3
BH9_420,BH876,gscdb137,false,true,false,false,,3
BH9_421,BH876,gscdb137,false,true,false,false,,3
BH9_422,BH876,gscdb137,false,true,false,false,,3
BH9_423,BH876,gscdb137,false,true,false,false,,3
BH9_424,BH876,gscdb137,false,true,false,false,,3
BH9_425,BH876,gscdb137,false,true,false,false,,2
BH9_426,BH876,gscdb137,false,true,false,false,,2
BH9_427,BH876,gscdb137,false,true,false,false,,3
BH9_428,BH876,gscdb137,false,true,false,false,,3
BH9_429,BH876,gscdb137,false,true,false,false,,3
BH9_430,BH876,gscdb137,false,true,false,false,,3
BH9_431,BH876,gscdb137,false,true,false,false,,3
BH9_432,BH876,gscdb137,false,true,false,false,,3
BH9_433,BH876,gscdb137,false,true,false,false,,3
BH9_434,BH876,gscdb137,false,true,false,false,,3
BH9_435,BH876,gscdb137,false,true,false,false,,3
BH9_436,BH876,gscdb137,false,true,false,false,,3
BH9_437,BH876,gscdb137,false,true,false,false,,3
BH9_438,BH876,gscdb137,false,true,false,false,,3
BH9_439,BH876,gscdb137,false,true,false,false,,3
BH9_440,BH876,gscdb137,false,true,false,false,,3
BH9_441,BH876,gscdb137,false,true,false,false,,3
BH9_442,BH876,gscdb137,false,true,false,false,,3
BH9_443,BH876,gscdb137,false,true,false,false,,3
BH9_444,BH876,gscdb137,false,true,false,false,,3
BH9_445,BH876,gscdb137,false,true,false,false,,3
BH9_446,BH876,gscdb137,false,true,false,false,,3
BH9_447,BH876,gscdb137,false,true,false,false,,3
BH9_448,BH876,gscdb137,false,true,false,false,,3
BH9_449,BH876,gscdb137,false,true,false,false,,3
BH9_450,BH876,gscdb137,false,true,false,false,,3
BH9_451,BH876,gscdb137,false,true,false,false,,3
BH9_452,BH876,gscdb137,false,true,false,false,,3
BH9_453,BH876,gscdb137,false,true,false,false,,3
BH9_454,BH876,gscdb137,false,true,false,false,,3
BH9_455,BH876,gscdb137,false,true,false,false,,3
BH9_456,BH876,gscdb137,false,true,false,false,,3
BH9_457,BH876,gscdb137,false,true,false,false,,3
BH9_458,BH876,gscdb137,false,true,false,false,,3
BH9_459,BH876,gscdb137,false,true,false,false,,3
BH9_460,BH876,gscdb137,false,true,false,false,,3
BH9_461,BH876,gscdb137,false,true,false,false,,3
BH9_462,BH876,gscdb137,false,true,false,false,,3
BH9_463,BH876,gscdb137,false,true,false,false,,2
BH9_464,BH876,gscdb137,false,true,false,false,,2
BH9_465,BH876,gscdb137,false,true,false,false,,3
BH9_466,BH876,gscdb137,false,true,false,false,,3
BH9_467,BH876,gscdb137,false,true,false,false,,3
BH9_468,BH876,gscdb137,false,true,false,false,,3
BH9_469,BH876,gscdb137,false,true,false,false,,2
BH9_470,BH876,gscdb137,false,true,false,false,,2
BH9_471,BH876,gscdb137,false,true,false,false,,3
BH9_472,BH876,gscdb137,false,true,false,false,,3
BH9_473,BH876,gscdb137,false,true,false,false,,3
BH9_474,BH876,gscdb137,false,true,false,false,,3
BH9_475,BH876,gscdb137,false,true,false,false,,3
BH9_476,BH876,gscdb137,false,true,false,false,,3
BH9_477,BH876,gscdb137,false,true,false,false,,2
BH9_478,BH876,gscdb137,false,true,false,false,,2
BH9_479,BH876,gscdb137,false,true,false,false,,3
BH9_480,BH876,gscdb137,false,true,false,false,,3
BH9_481,BH876,gscdb137,false,true,false,false,,3
BH9_482,BH876,gscdb137,false,true,false,false,,3
BH9_483,BH876,gscdb137,false,true,false,false,,3
BH9_484,BH876,gscdb137,false,true,false,false,,3
BH9_485,BH876,gscdb137,false,true,false,false,,3
BH9_486,BH876,gscdb137,false,true,false,false,,3
BH9_487,BH876,gscdb137,false,true,false,false,,3
BH9_488,BH876,gscdb137,false,true,false,false,,3
BH9_489,BH876,gscdb137,false,true,false,false,,3
BH9_490,BH876,gscdb137,false,true,false,false,,3
BH9_491,BH876,gscdb137,false,true,false,false,,3
BH9_492,BH876,gscdb137,false,true,false,false,,3
BH9_493,BH876,gscdb137,false,true,false,false,,3
BH9_494,BH876,gscdb137,false,true,false,false,,3
BH9_495,BH876,gscdb137,false,true,false,false,,3
BH9_496,BH876,gscdb137,false,true,false,false,,3
BH9_497,BH876,gscdb137,false,true,false,false,,2
BH9_498,BH876,gscdb137,false,true,false,false,,2
BH9_499,BH876,gscdb137,false,true,false,false,,2
BH9_500,BH876,gscdb137,false,true,false,false,,2
BH9_501,BH876,gscdb137,false,true,false,false,,2
BH9_502,BH876,gscdb137,false,true,false,false,,2
BH9_503,BH876,gscdb137,false,true,false,false,,2
BH9_504,BH876,gscdb137,false,true,false,false,,2
BH9_505,BH876,gscdb137,false,true,false,false,,3
BH9_506,BH876,gscdb137,false,true,false,false,,3
BH9_507,BH876,gscdb137,false,true,false,false,,3
BH9_508,BH876,gscdb137,false,true,false,false,,3
BH9_509,BH876,gscdb137,false,true,false,false,,3
BH9_510,BH876,gscdb137,false,true,false,false,,3
BH9_511,BH876,gscdb137,false,true,false,false,,3
BH9_512,BH876,gscdb137,false,true,false,false,,3
BH9_513,BH876,gscdb137,false,true,false,false,,3
BH9_514,BH876,gscdb137,false,true,false,false,,3
BH9_515,BH876,gscdb137,false,true,false,false,,3
BH9_516,BH876,gscdb137,false,true,false,false,,3
BH9_517,BH876,gscdb137,false,true,false,false,,2
BH9_518,BH876,gscdb137,false,true,false,false,,2
BH9_519,BH876,gscdb137,false,true,false,false,,3
BH9_520,BH876,gscdb137,false,true,false,false,,3
BH9_521,BH876,gscdb137,false,true,false,false,,3
BH9_522,BH876,gscdb137,false,true,false,false,,3
BH9_523,BH876,gscdb137,false,true,false,false,,2
BH9_524,BH876,gscdb137,false,true,false,false,,2
BH9_525,BH876,gscdb137,false,true,false,false,,3
BH9_526,BH876,gscdb137,false,true,false,false,,3
BH9_527,BH876,gscdb137,false,true,false,false,,3
BH9_528,BH876,gscdb137,false,true,false,false,,3
BH9_529,BH876,gscdb137,false,true,false,false,,3
BH9_530,BH876,gscdb137,false,true,false,false,,3
BH9_531,BH876,gscdb137,false,true,false,false,,3
BH9_532,BH876,gscdb137,false,true,false,false,,3
BH9_533,BH876,gscdb137,false,true,false,false,,2
BH9_534,BH876,gscdb137,false,true,false,false,,2
BH9_535,BH876,gscdb137,false,true,false,false,,2
BH9_536,BH876,gscdb137,false,true,false,false,,2
BH9_537,BH876,gscdb137,false,true,false,false,,3
BH9_538,BH876,gscdb137,false,true,false,false,,3
BH9_539,BH876,gscdb137,false,true,false,false,,3
BH9_540,BH876,gscdb137,false,true,false,false,,3
BH9_541,BH876,gscdb137,false,true,false,false,,3
BH9_542,BH876,gscdb137,false,true,false,false,,3
BH9_543,BH876,gscdb137,false,true,false,false,,2
BH9_544,BH876,gscdb137,false,true,false,false,,2
BH9_545,BH876,gscdb137,false,true,false,false,,2
BH9_546,BH876,gscdb137,false,true,false,false,,2
BH9_547,BH876,gscdb137,false,true,false,false,,2
BH9_548,BH876,gscdb137,false,true,false,false,,2
BH9_549,BH876,gscdb137,false,true,false,false,,3
BH9_550,BH876,gscdb137,false,true,false,false,,3
BH9_551,BH876,gscdb137,false,true,false,false,,3
BH9_552,BH876,gscdb137,false,true,false,false,,3
BH9_553,BH876,gscdb137,false,true,false,false,,3
BH9_554,BH876,gscdb137,false,true,false,false,,3
BH9_555,BH876,gscdb137,false,true,false,false,,3
BH9_556,BH876,gscdb137,false,true,false,false,,3
BH9_557,BH876,gscdb137,false,true,false,false,,3
BH9_558,BH876,gscdb137,false,true,false,false,,3
BH9_559,BH876,gscdb137,false,true,false,false,,3
BH9_560,BH876,gscdb137,false,true,false,false,,3
BH9_561,BH876,gscdb137,false,true,false,false,,3
BH9_562,BH876,gscdb137,false,true,false,false,,3
BH9_563,BH876,gscdb137,false,true,false,false,,3
BH9_564,BH876,gscdb137,false,true,false,false,,3
BH9_565,BH876,gscdb137,false,true,false,false,,3
BH9_566,BH876,gscdb137,false,true,false,false,,3
BH9_567,BH876,gscdb137,false,true,false,false,,3
BH9_568,BH876,gscdb137,false,true,false,false,,3
BH9_569,BH876,gscdb137,false,true,false,false,,3
BH9_570,BH876,gscdb137,false,true,false,false,,3
BH9_571,BH876,gscdb137,false,true,false,false,,3
BH9_572,BH876,gscdb137,false,true,false,false,,3
BH9_573,BH876,gscdb137,false,true,false,false,,2
BH9_574,BH876,gscdb137,false,true,false,false,,2
BH9_575,BH876,gscdb137,false,true,false,false,,3
BH9_576,BH876,gscdb137,false,true,false,false,,3
BH9_577,BH876,gscdb137,false,true,false,false,,3
BH9_578,BH876,gscdb137,false,true,false,false,,3
BH9_579,BH876,gscdb137,false,true,false,false,,3
BH9_580,BH876,gscdb137,false,true,false,false,,3
BH9_581,BH876,gscdb137,false,true,false,false,,3
BH9_582,BH876,gscdb137,false,true,false,false,,3
BH9_583,BH876,gscdb137,false,true,false,false,,2
BH9_584,BH876,gscdb137,false,true,false,false,,2
BH9_585,BH876,gscdb137,false,true,false,false,,3
BH9_586,BH876,gscdb137,false,true,false,false,,3
BH9_587,BH876,gscdb137,false,true,false,false,,3
BH9_588,BH876,gscdb137,false,true,false,false,,3
BH9_589,BH876,gscdb137,false,true,false,false,,2
BH9_590,BH876,gscdb137,false,true,false,false,,2
BH9_591,BH876,gscdb137,false,true,false,false,,3
BH9_592,BH876,gscdb137,false,true,false,false,,3
BH9_593,BH876,gscdb137,false,true,false,false,,3
BH9_594,BH876,gscdb137,false,true,false,false,,3
BH9_595,BH876,gscdb137,false,true,false,false,,3
BH9_596,BH876,gscdb137,false,true,false,false,,3
BH9_597,BH876,gscdb137,false,true,false,false,,3
BH9_598,BH876,gscdb137,false,true,false,false,,3
BH9_599,BH876,gscdb137,false,true,false,false,,2
BH9_600,BH876,gscdb137,false,true,false,false,,2
BH9_601,BH876,gscdb137,false,true,false,false,,3
BH9_602,BH876,gscdb137,false,true,false,false,,3
BH9_603,BH876,gscdb137,false,true,false,false,,3
BH9_604,BH876,gscdb137,false,true,false,false,,3
BH9_605,BH876,gscdb137,false,true,false,false,,2
BH9_606,BH876,gscdb137,false,true,false,false,,2
BH9_607,BH876,gscdb137,false,true,false,false,,3
BH9_608,BH876,gscdb137,false,true,false,false,,3
BH9_609,BH876,gscdb137,false,true,false,false,,3
BH9_610,BH876,gscdb137,false,true,false,false,,3
BH9_611,BH876,gscdb137,false,true,false,false,,3
BH9_612,BH876,gscdb137,false,true,false,false,,3
BH9_613,BH876,gscdb137,false,true,false,false,,2
BH9_614,BH876,gscdb137,false,true,false,false,,2
BH9_615,BH876,gscdb137,false,true,false,false,,3
BH9_616,BH876,gscdb137,false,true,false,false,,3
BH9_617,BH876,gscdb137,false,true,false,false,,2
BH9_618,BH876,gscdb137,false,true,false,false,,2
BH9_619,BH876,gscdb137,false,true,false,false,,3
BH9_620,BH876,gscdb137,false,true,false,false,,3
BH9_621,BH876,gscdb137,false,true,false,false,,3
BH9_622,BH876,gscdb137,false,true,false,false,,3
BH9_623,BH876,gscdb137,false,true,false,false,,3
BH9_624,BH876,gscdb137,false,true,false,false,,3
BH9_625,BH876,gscdb137,false,true,false,false,,3
BH9_626,BH876,gscdb137,false,true,false,false,,3
BH9_627,BH876,gscdb137,false,true,false,false,,3
BH9_628,BH876,gscdb137,false,true,false,false,,3
BH9_629,BH876,gscdb137,false,true,false,false,,2
BH9_630,BH876,gscdb137,false,true,false,false,,2
BH9_631,BH876,gscdb137,false,true,false,false,,3
BH9_632,BH876,gscdb137,false,true,false,false,,3
BH9_633,BH876,gscdb137,false,true,false,false,,3
BH9_634,BH876,gscdb137,false,true,false,false,,3
BH9_635,BH876,gscdb137,false,true,false,false,,3
BH9_636,BH876,gscdb137,false,true,false,false,,3
BH9_637,BH876,gscdb137,false,true,false,false,,2
BH9_638,BH876,gscdb137,false,true,false,false,,2
BH9_639,BH876,gscdb137,false,true,false,false,,3
BH9_640,BH876,gscdb137,false,true,false,false,,3
BH9_641,BH876,gscdb137,false,true,false,false,,3
BH9_642,BH876,gscdb137,false,true,false,false,,3
BH9_643,BH876,gscdb137,false,true,false,false,,2
BH9_644,BH876,gscdb137,false,true,false,false,,2
BH9_645,BH876,gscdb137,false,true,false,false,,2
BH9_646,BH876,gscdb137,false,true,false,false,,2
BH9_647,BH876,gscdb137,false,true,false,false,,2
BH9_648,BH876,gscdb137,false,true,false,false,,2
BH9_649,BH876,gscdb137,false,true,false,false,,2
BH9_650,BH876,gscdb137,false,true,false,false,,2
BH9_651,BH876,gscdb137,false,true,false,false,,3
BH9_652,BH876,gscdb137,false,true,false,false,,3
BH9_653,BH876,gscdb137,false,true,false,false,,2
BH9_654,BH876,gscdb137,false,true,false,false,,2
BH9_655,BH876,gscdb137,false,true,false,false,,3
BH9_656,BH876,gscdb137,false,true,false,false,,3
BH9_657,BH876,gscdb137,false,true,false,false,,2
BH9_658,BH876,gscdb137,false,true,false,false,,2
BH9_659,BH876,gscdb137,false,true,false,false,,2
BH9_660,BH876,gscdb137,false,true,false,false,,2
BH9_663,BH876,gscdb137,false,true,false,false,,3
BH9_664,BH876,gscdb137,false,true,false,false,,3
BH9_667,BH876,gscdb137,false,true,false,false,,3
BH9_668,BH876,gscdb137,false,true,false,false,,3
BH9_669,BH876,gscdb137,false,true,false,false,,3
BH9_670,BH876,gscdb137,false,true,false,false,,3
BH9_673,BH876,gscdb137,false,true,false,false,,3
BH9_674,BH876,gscdb137,false,true,false,false,,3
BH9_675,BH876,gscdb137,false,true,false,false,,3
BH9_676,BH876,gscdb137,false,true,false,false,,3
BH9_677,BH876,gscdb137,false,true,false,false,,3
BH9_678,BH876,gscdb137,false,true,false,false,,3
BH9_679,BH876,gscdb137,false,true,false,false,,3
BH9_680,BH876,gscdb137,false,true,false,false,,3
BH9_681,BH876,gscdb137,false,true,false,false,,3
BH9_682,BH876,gscdb137,false,true,false,false,,3
BH9_683,BH876,gscdb137,false,true,false,false,,3
BH9_684,BH876,gscdb137,false,true,false,false,,3
BH9_685,BH876,gscdb137,false,true,false,false,,3
BH9_686,BH876,gscdb137,false,true,false,false,,3
BH9_687,BH876,gscdb137,false,true,false,false,,3
BH9_688,BH876,gscdb137,false,true,false,false,,3
BH9_689,BH876,gscdb137,false,true,false,false,,3
BH9_690,BH876,gscdb137,false,true,false,false,,3
BH9_691,BH876,gscdb137,false,true,false,false,,3
BH9_692,BH876,gscdb137,false,true,false,false,,3
BH9_693,BH876,gscdb137,false,true,false,false,,3
BH9_694,BH876,gscdb137,false,true,false,false,,3
BH9_695,BH876,gscdb137,false,true,false,false,,3
BH9_696,BH876,gscdb137,false,true,false,false,,3
BH9_701,BH876,gscdb137,false,true,false,false,,3
BH9_702,BH876,gscdb137,false,true,false,false,,3
BH9_703,BH876,gscdb137,false,true,false,false,,3
BH9_704,BH876,gscdb137,false,true,false,false,,3
BH9_705,BH876,gscdb137,false,true,false,false,,3
BH9_706,BH876,gscdb137,false,true,false,false,,3
BH9_707,BH876,gscdb137,false,true,false,false,,3
BH9_708,BH876,gscdb137,false,true,false,false,,3
BH9_709,BH876,gscdb137,false,true,false,false,,3
BH9_710,BH876,gscdb137,false,true,false,false,,3
BH9_711,BH876,gscdb137,false,true,false,false,,3
BH9_712,BH876,gscdb137,false,true,false,false,,3
BH9_713,BH876,gscdb137,false,true,false,false,,3
BH9_714,BH876,gscdb137,false,true,false,false,,3
BH9_717,BH876,gscdb137,false,true,false,false,,3
BH9_718,BH876,gscdb137,false,true,false,false,,3
BH9_719,BH876,gscdb137,false,true,false,false,,3
BH9_720,BH876,gscdb137,false,true,false,false,,3
BH9_721,BH876,gscdb137,false,true,false,false,,3
BH9_722,BH876,gscdb137,false,true,false,false,,3
BH9_723,BH876,gscdb137,false,true,false,false,,3
BH9_724,BH876,gscdb137,false,true,false,false,,3
BH9_725,BH876,gscdb137,false,true,false,false,,3
BH9_726,BH876,gscdb137,false,true,false,false,,3
BH9_727,BH876,gscdb137,false,true,false,false,,3
BH9_728,BH876,gscdb137,false,true,false,false,,3
BH9_729,BH876,gscdb137,false,true,false,false,,3
BH9_730,BH876,gscdb137,false,true,false,false,,2
BH9_731,BH876,gscdb137,false,true,false,false,,3
BH9_732,BH876,gscdb137,false,true,false,false,,2
BH9_733,BH876,gscdb137,false,true,false,false,,3
BH9_734,BH876,gscdb137,false,true,false,false,,2
BH9_735,BH876,gscdb137,false,true,false,false,,3
BH9_736,BH876,gscdb137,false,true,false,false,,2
BH9_737,BH876,gscdb137,false,true,false,false,,3
BH9_738,BH876,gscdb137,false,true,false,false,,2
BH9_739,BH876,gscdb137,false,true,false,false,,3
BH9_740,BH876,gscdb137,false,true,false,false,,3
BH9_741,BH876,gscdb137,false,true,false,false,,3
BH9_742,BH876,gscdb137,false,true,false,false,,2
BH9_743,BH876,gscdb137,false,true,false,false,,3
BH9_744,BH876,gscdb137,false,true,false,false,,2
BH9_745,BH876,gscdb137,false,true,false,false,,3
BH9_746,BH876,gscdb137,false,true,false,false,,2
BH9_747,BH876,gscdb137,false,true,false,false,,3
BH9_748,BH876,gscdb137,false,true,false,false,,2
BH9_749,BH876,gscdb137,false,true,false,false,,2
BH9_750,BH876,gscdb137,false,true,false,false,,2
BH9_751,BH876,gscdb137,false,true,false,false,,2
BH9_752,BH876,gscdb137,false,true,false,false,,2
BH9_753,BH876,gscdb137,false,true,false,false,,2
BH9_754,BH876,gscdb137,false,true,false,false,,2
BH9_755,BH876,gscdb137,false,true,false,false,,3
BH9_756,BH876,gscdb137,false,true,false,false,,2
BH9_757,BH876,gscdb137,false,true,false,false,,2
BH9_758,BH876,gscdb137,false,true,false,false,,2
BH9_759,BH876,gscdb137,false,true,false,false,,2
BH9_760,BH876,gscdb137,false,true,false,false,,2
BH9_761,BH876,gscdb137,false,true,false,false,,3
BH9_762,BH876,gscdb137,false,true,false,false,,3
BH9_763,BH876,gscdb137,false,true,false,false,,3
BH9_764,BH876,gscdb137,false,true,false,false,,2
BH9_765,BH876,gscdb137,false,true,false,false,,3
BH9_766,BH876,gscdb137,false,true,false,false,,2
BH9_767,BH876,gscdb137,false,true,false,false,,3
BH9_768,BH876,gscdb137,false,true,false,false,,3
BH9_769,BH876,gscdb137,false,true,false,false,,3
BH9_770,BH876,gscdb137,false,true,false,false,,2
BH9_771,BH876,gscdb137,false,true,false,false,,3
BH9_772,BH876,gscdb137,false,true,false,false,,2
BH9_773,BH876,gscdb137,false,true,false,false,,3
BH9_774,BH876,gscdb137,false,true,false,false,,2
BH9_775,BH876,gscdb137,false,true,false,false,,3
BH9_776,BH876,gscdb137,false,true,false,false,,2
BH9_777,BH876,gscdb137,false,true,false,false,,3
BH9_778,BH876,gscdb137,false,true,false,false,,2
BH9_779,BH876,gscdb137,false,true,false,false,,2
BH9_780,BH876,gscdb137,false,true,false,false,,2
BH9_781,BH876,gscdb137,false,true,false,false,,2
BH9_782,BH876,gscdb137,false,true,false,false,,2
BH9_783,BH876,gscdb137,false,true,false,false,,2
BH9_784,BH876,gscdb137,false,true,false,false,,2
BH9_785,BH876,gscdb137,false,true,false,false,,2
BH9_786,BH876,gscdb137,false,true,false,false,,2
BH9_787,BH876,gscdb137,false,true,false,false,,3
BH9_788,BH876,gscdb137,false,true,false,false,,2
BH9_789,BH876,gscdb137,false,true,false,false,,3
BH9_790,BH876,gscdb137,false,true,false,false,,2
BH9_791,BH876,gscdb137,false,true,false,false,,3
BH9_792,BH876,gscdb137,false,true,false,false,,3
BH9_793,BH876,gscdb137,false,true,false,false,,3
BH9_794,BH876,gscdb137,false,true,false,false,,2
BH9_795,BH876,gscdb137,false,true,false,false,,3
BH9_796,BH876,gscdb137,false,true,false,false,,2
BH9_797,BH876,gscdb137,false,true,false,false,,2
BH9_798,BH876,gscdb137,false,true,false,false,,2
BH9_799,BH876,gscdb137,false,true,false,false,,2
BH9_800,BH876,gscdb137,false,true,false,false,,2
BH9_801,BH876,gscdb137,false,true,false,false,,2
BH9_802,BH876,gscdb137,false,true,false,false,,2
BH9_803,BH876,gscdb137,false,true,false,false,,3
BH9_804,BH876,gscdb137,false,true,false,false,,3
BH9_805,BH876,gscdb137,false,true,false,false,,2
BH9_806,BH876,gscdb137,false,true,false,false,,2
BH9_807,BH876,gscdb137,false,true,false,false,,2
BH9_808,BH876,gscdb137,false,true,false,false,,2
BH9_809,BH876,gscdb137,false,true,false,false,,2
BH9_810,BH876,gscdb137,false,true,false,false,,2
BH9_811,BH876,gscdb137,false,true,false,false,,3
BH9_812,BH876,gscdb137,false,true,false,false,,3
BH9_813,BH876,gscdb137,false,true,false,false,,3
BH9_814,BH876,gscdb137,false,true,false,false,,3
BH9_815,BH876,gscdb137,false,true,false,false,,3
BH9_816,BH876,gscdb137,false,true,false,false,,3
BH9_817,BH876,gscdb137,false,true,false,false,,3
BH9_818,BH876,gscdb137,false,true,false,false,,3
BH9_819,BH876,gscdb137,false,true,false,false,,3
BH9_820,BH876,gscdb137,false,true,false,false,,3
BH9_821,BH876,gscdb137,false,true,false,false,,3
BH9_822,BH876,gscdb137,false,true,false,false,,3
BH9_823,BH876,gscdb137,false,true,false,false,,3
BH9_824,BH876,gscdb137,false,true,false,false,,2
BH9_825,BH876,gscdb137,false,true,false,false,,3
BH9_826,BH876,gscdb137,false,true,false,false,,3
BH9_827,BH876,gscdb137,false,true,false,false,,3
BH9_828,BH876,gscdb137,false,true,false,false,,3
BH9_829,BH876,gscdb137,false,true,false,false,,3
BH9_830,BH876,gscdb137,false,true,false,false,,3
BH9_831,BH876,gscdb137,false,true,false,false,,3
BH9_832,BH876,gscdb137,false,true,false,false,,3
BH9_833,BH876,gscdb137,false,true,false,false,,3
BH9_834,BH876,gscdb137,false,true,false,false,,3
BH9_835,BH876,gscdb137,false,true,false,false,,3
BH9_836,BH876,gscdb137,false,true,false,false,,3
BH9_837,BH876,gscdb137,false,true,false,false,,3
BH9_838,BH876,gscdb137,false,true,false,false,,3
BH9_839,BH876,gscdb137,false,true,false,false,,3
BH9_840,BH876,gscdb137,false,true,false,false,,3
BH9_841,BH876,gscdb137,false,true,false,false,,3
BH9_842,BH876,gscdb137,false,true,false,false,,3
BH9_843,BH876,gscdb137,false,true,false,false,,3
BH9_844,BH876,gscdb137,false,true,false,false,,3
BH9_845,BH876,gscdb137,false,true,false,false,,3
BH9_846,BH876,gscdb137,false,true,false,false,,3
BH9_847,BH876,gscdb137,false,true,false,false,,3
BH9_848,BH876,gscdb137,false,true,false,false,,2
BH9_849,BH876,gscdb137,false,true,false,false,,3
BH9_850,BH876,gscdb137,false,true,false,false,,2
BH9_851,BH876,gscdb137,false,true,false,false,,3
BH9_852,BH876,gscdb137,false,true,false,false,,2
BH9_853,BH876,gscdb137,false,true,false,false,,3
BH9_854,BH876,gscdb137,false,true,false,false,,2
BH9_855,BH876,gscdb137,false,true,false,false,,3
BH9_856,BH876,gscdb137,false,true,false,false,,2
BH9_857,BH876,gscdb137,false,true,false,false,,3
BH9_858,BH876,gscdb137,false,true,false,false,,2
BH9_859,BH876,gscdb137,false,true,false,false,,3
BH9_860,BH876,gscdb137,false,true,false,false,,2
BH9_861,BH876,gscdb137,false,true,false,false,,3
BH9_862,BH876,gscdb137,false,true,false,false,,2
BH9_863,BH876,gscdb137,false,true,false,false,,3
BH9_864,BH876,gscdb137,false,true,false,false,,2
BH9_865,BH876,gscdb137,false,true,false,false,,2
BH9_866,BH876,gscdb137,false,true,false,false,,2
BH9_867,BH876,gscdb137,false,true,false,false,,3
BH9_868,BH876,gscdb137,false,true,false,false,,2
BH9_869,BH876,gscdb137,false,true,false,false,,3
BH9_870,BH876,gscdb137,false,true,false,false,,2
BH9_871,BH876,gscdb137,false,true,false,false,,3
BH9_872,BH876,gscdb137,false,true,false,false,,2
BH9_873,BH876,gscdb137,false,true,false,false,,3
BH9_874,BH876,gscdb137,false,true,false,false,,2
BH9_875,BH876,gscdb137,false,true,false,false,,3
BH9_876,BH876,gscdb137,false,true,false,false,,2
BH9_877,BH876,gscdb137,false,true,false,false,,3
BH9_878,BH876,gscdb137,false,true,false,false,,2
BH9_879,BH876,gscdb137,false,true,false,false,,3
BH9_880,BH876,gscdb137,false,true,false,false,,2
BH9_881,BH876,gscdb137,false,true,false,false,,3
BH9_882,BH876,gscdb137,false,true,false,false,,2
BH9_883,BH876,gscdb137,false,true,false,false,,2
BH9_884,BH876,gscdb137,false,true,false,false,,2
BH9_885,BH876,gscdb137,false,true,false,false,,2
BH9_886,BH876,gscdb137,false,true,false,false,,2
BH9_887,BH876,gscdb137,false,true,false,false,,3
BH9_888,BH876,gscdb137,false,true,false,false,,2
BH9_889,BH876,gscdb137,false,true,false,false,,2
BH9_890,BH876,gscdb137,false,true,false,false,,2
BH9_891,BH876,gscdb137,false,true,false,false,,2
BH9_892,BH876,gscdb137,false,true,false,false,,2
BH9_893,BH876,gscdb137,false,true,false,false,,2
BH9_894,BH876,gscdb137,false,true,false,false,,2
BH9_895,BH876,gscdb137,false,true,false,false,,2
BH9_896,BH876,gscdb137,false,true,false,false,,2
BH9_897,BH876,gscdb137,false,true,false,false,,3
BH9_898,BH876,gscdb137,false,true,false,false,,2
BHDIV10_1,BHDIV7,gscdb137,true,true,false,false,16,2
BHDIV10_3,BHDIV7,gscdb137,true,true,false,false,16,2
BHDIV10_4,BHDIV7,gscdb137,true,true,false,false,16,2
BHDIV10_5,BHDIV7,gscdb137,true,true,false,false,16,2
BHDIV10_6,BHDIV7,gscdb137,true,true,false,false,16,2
BHDIV10_7,BHDIV7,gscdb137,true,true,false,false,16,2
BHDIV10_10,BHDIV7,gscdb137,true,true,false,false,16,2
BHPERI_3,BHPERI11,gscdb137,true,true,false,false,30,2
BHPERI_8,BHPERI11,gscdb137,true,true,false,false,30,3
BHPERI_9,BHPERI11,gscdb137,true,true,false,false,30,2
BHPERI_10,BHPERI11,gscdb137,true,true,false,false,30,2
BHPERI_20,BHPERI11,gscdb137,true,true,false,false,30,3
BHPERI_21,BHPERI11,gscdb137,true,true,false,false,30,3
BHPERI_22,BHPERI11,gscdb137,true,true,false,false,30,3
BHPERI_23,BHPERI11,gscdb137,true,true,false,false,30,3
BHPERI_24,BHPERI11,gscdb137,true,true,false,false,30,3
BHPERI_25,BHPERI11,gscdb137,true,true,false,false,30,3
BHPERI_26,BHPERI11,gscdb137,true,true,false,false,30,3
BHROT27_1,BHROT27,gscdb137,false,true,false,false,,2
BHROT27_2,BHROT27,gscdb137,false,true,false,false,,2
BHROT27_3,BHROT27,gscdb137,false,true,false,false,,2
BHROT27_4,BHROT27,gscdb137,false,true,false,false,,2
BHROT27_5,BHROT27,gscdb137,false,true,false,false,,2
BHROT27_6,BHROT27,gscdb137,false,true,false,false,,2
BHROT27_7,BHROT27,gscdb137,false,true,false,false,,2
BHROT27_8,BHROT27,gscdb137,false,true,false,false,,2
BHROT27_9,BHROT27,gscdb137,false,true,false,false,,2
BHROT27_10,BHROT27,gscdb137,false,true,false,false,,2
BHROT27_11,BHROT27,gscdb137,false,true,false,false,,2
BHROT27_12,BHROT27,gscdb137,false,true,false,false,,2
BHROT27_13,BHROT27,gscdb137,false,true,false,false,,2
BHROT27_14,BHROT27,gscdb137,false,true,false,false,,2
BHROT27_15,BHROT27,gscdb137,false,true,false,false,,2
BHROT27_16,BHROT27,gscdb137,false,true,false,false,,2
BHROT27_17,BHROT27,gscdb137,false,true,false,false,,2
BHROT27_18,BHROT27,gscdb137,false,true,false,false,,2
BHROT27_19,BHROT27,gscdb137,false,true,false,false,,2
BHROT27_20,BHROT27,gscdb137,false,true,false,false,,2
BHROT27_21,BHROT27,gscdb137,false,true,false,false,,2
BHROT27_22,BHROT27,gscdb137,false,true,false,false,,2
BHROT27_23,BHROT27,gscdb137,false,true,false,false,,2
BHROT27_24,BHROT27,gscdb137,false,true,false,false,,2
BHROT27_25,BHROT27,gscdb137,false,true,false,false,,2
BHROT27_26,BHROT27,gscdb137,false,true,false,false,,2
BHROT27_27,BHROT27,gscdb137,false,true,false,false,,2
BSR36_1,BSR36,gscdb137,true,true,false,false,8,3
BSR36_2,BSR36,gscdb137,true,true,false,false,8,3
BSR36_3,BSR36,gscdb137,true,true,false,false,8,3
BSR36_4,BSR36,gscdb137,true,true,false,false,8,3
BSR36_5,BSR36,gscdb137,true,true,false,false,8,3
BSR36_6,BSR36,gscdb137,true,true,false,false,8,3
BSR36_7,BSR36,gscdb137,true,true,false,false,8,3
BSR36_8,BSR36,gscdb137,true,true,false,false,8,3
BSR36_9,BSR36,gscdb137,true,true,false,false,8,3
BSR36_10,BSR36,gscdb137,true,true,false,false,8,3
BSR36_11,BSR36,gscdb137,true,true,false,false,8,3
BSR36_12,BSR36,gscdb137,true,true,false,false,8,3
BSR36_13,BSR36,gscdb137,true,true,false,false,8,3
BSR36_14,BSR36,gscdb137,true,true,false,false,8,3
BSR36_15,BSR36,gscdb137,true,true,false,false,8,3
BSR36_16,BSR36,gscdb137,true,true,false,false,8,3
BSR36_17,BSR36,gscdb137,true,true,false,false,8,3
BSR36_18,BSR36,gscdb137,true,true,false,false,8,3
BSR36_19,BSR36,gscdb137,true,true,false,false,8,3
BSR36_20,BSR36,gscdb137,true,true,false,false,8,3
BSR36_21,BSR36,gscdb137,true,true,false,false,8,3
BSR36_22,BSR36,gscdb137,true,true,false,false,8,3
BSR36_23,BSR36,gscdb137,true,true,false,false,8,3
BSR36_24,BSR36,gscdb137,true,true,false,false,8,3
BSR36_25,BSR36,gscdb137,true,true,false,false,8,3
BSR36_26,BSR36,gscdb137,true,true,false,false,8,3
BSR36_27,BSR36,gscdb137,true,true,false,false,8,3
BSR36_28,BSR36,gscdb137,true,true,false,false,8,3
BSR36_29,BSR36,gscdb137,true,true,false,false,8,3
BSR36_30,BSR36,gscdb137,true,true,false,false,8,3
BSR36_31,BSR36,gscdb137,true,true,false,false,8,3
BSR36_32,BSR36,gscdb137,true,true,false,false,8,3
BSR36_33,BSR36,gscdb137,true,true,false,false,8,3
BSR36_34,BSR36,gscdb137,true,true,false,false,8,3
BSR36_35,BSR36,gscdb137,true,true,false,false,8,3
BSR36_36,BSR36,gscdb137,true,true,false,false,8,3
BUT14DIOL_1,BUT14DIOL,gscdb137,false,true,false,false,,2
BUT14DIOL_2,BUT14DIOL,gscdb137,false,true,false,false,,2
BUT14DIOL_3,BUT14DIOL,gscdb137,true,true,false,false,200,2
BUT14DIOL_4,BUT14DIOL,gscdb137,true,true,false,false,200,2
BUT14DIOL_5,BUT14DIOL,gscdb137,false,true,false,false,,2
BUT14DIOL_6,BUT14DIOL,gscdb137,false,true,false,false,,2
BUT14DIOL_7,BUT14DIOL,gscdb137,false,true,false,false,,2
BUT14DIOL_8,BUT14DIOL,gscdb137,false,true,false,false,,2
BUT14DIOL_9,BUT14DIOL,gscdb137,true,true,false,false,200,2
BUT14DIOL_10,BUT14DIOL,gscdb137,false,true,false,false,,2
BUT14DIOL_11,BUT14DIOL,gscdb137,false,true,false,false,,2
BUT14DIOL_12,BUT14DIOL,gscdb137,false,true,false,false,,2
BUT14DIOL_13,BUT14DIOL,gscdb137,false,true,false,false,,2
BUT14DIOL_14,BUT14DIOL,gscdb137,true,true,false,false,200,2
BUT14DIOL_15,BUT14DIOL,gscdb137,false,true,false,false,,2
BUT14DIOL_16,BUT14DIOL,gscdb137,false,true,false,false,,2
BUT14DIOL_17,BUT14DIOL,gscdb137,true,true,false,false,200,2
BUT14DIOL_18,BUT14DIOL,gscdb137,false,true,false,false,,2
BUT14DIOL_19,BUT14DIOL,gscdb137,false,true,false,false,,2
BUT14DIOL_20,BUT14DIOL,gscdb137,false,true,false,false,,2
BUT14DIOL_21,BUT14DIOL,gscdb137,false,true,false,false,,2
BUT14DIOL_22,BUT14DIOL,gscdb137,false,true,false,false,,2
BUT14DIOL_23,BUT14DIOL,gscdb137,false,true,false,false,,2
BUT14DIOL_24,BUT14DIOL,gscdb137,false,true,false,false,,2
BUT14DIOL_25,BUT14DIOL,gscdb137,true,true,false,false,200,2
BUT14DIOL_26,BUT14DIOL,gscdb137,false,true,false,false,,2
BUT14DIOL_27,BUT14DIOL,gscdb137,false,true,false,false,,2
BUT14DIOL_28,BUT14DIOL,gscdb137,false,true,false,false,,2
BUT14DIOL_29,BUT14DIOL,gscdb137,false,true,false,false,,2
BUT14DIOL_30,BUT14DIOL,gscdb137,false,true,false,false,,2
BUT14DIOL_31,BUT14DIOL,gscdb137,false,true,false,false,,2
BUT14DIOL_32,BUT14DIOL,gscdb137,false,true,false,false,,2
BUT14DIOL_33,BUT14DIOL,gscdb137,false,true,false,false,,2
BUT14DIOL_34,BUT14DIOL,gscdb137,false,true,false,false,,2
BUT14DIOL_35,BUT14DIOL,gscdb137,false,true,false,false,,2
BUT14DIOL_36,BUT14DIOL,gscdb137,false,true,false,false,,2
BUT14DIOL_37,BUT14DIOL,gscdb137,true,true,false,false,200,2
BUT14DIOL_38,BUT14DIOL,gscdb137,true,true,false,false,200,2
BUT14DIOL_39,BUT14DIOL,gscdb137,false,true,false,false,,2
BUT14DIOL_40,BUT14DIOL,gscdb137,true,true,false,false,200,2
BUT14DIOL_41,BUT14DIOL,gscdb137,false,true,false,false,,2
BUT14DIOL_42,BUT14DIOL,gscdb137,false,true,false,false,,2
BUT14DIOL_43,BUT14DIOL,gscdb137,true,true,false,false,200,2
BUT14DIOL_44,BUT14DIOL,gscdb137,false,true,false,false,,2
BUT14DIOL_45,BUT14DIOL,gscdb137,false,true,false,false,,2
BUT14DIOL_46,BUT14DIOL,gscdb137,true,true,false,false,200,2
BUT14DIOL_47,BUT14DIOL,gscdb137,true,true,false,false,200,2
BUT14DIOL_48,BUT14DIOL,gscdb137,false,true,false,false,,2
BUT14DIOL_49,BUT14DIOL,gscdb137,false,true,false,false,,2
BUT14DIOL_50,BUT14DIOL,gscdb137,false,true,false,false,,2
BUT14DIOL_51,BUT14DIOL,gscdb137,false,true,false,false,,2
BUT14DIOL_52,BUT14DIOL,gscdb137,false,true,false,false,,2
BUT14DIOL_53,BUT14DIOL,gscdb137,false,true,false,false,,2
BUT14DIOL_54,BUT14DIOL,gscdb137,false,true,false,false,,2
BUT14DIOL_55,BUT14DIOL,gscdb137,false,true,false,false,,2
BUT14DIOL_56,BUT14DIOL,gscdb137,false,true,false,false,,2
BUT14DIOL_57,BUT14DIOL,gscdb137,false,true,false,false,,2
BUT14DIOL_58,BUT14DIOL,gscdb137,true,true,false,false,200,2
BUT14DIOL_59,BUT14DIOL,gscdb137,false,true,false,false,,2
BUT14DIOL_60,BUT14DIOL,gscdb137,true,true,false,false,200,2
BUT14DIOL_61,BUT14DIOL,gscdb137,false,true,false,false,,2
BUT14DIOL_62,BUT14DIOL,gscdb137,false,true,false,false,,2
BUT14DIOL_63,BUT14DIOL,gscdb137,false,true,false,false,,2
BUT14DIOL_64,BUT14DIOL,gscdb137,false,true,false,false,,2
Bauza30_1,Bauza30,gscdb137,true,true,false,false,20,3
Bauza30_2,Bauza30,gscdb137,true,true,false,false,20,3
Bauza30_3,Bauza30,gscdb137,true,true,false,false,20,3
Bauza30_4,Bauza30,gscdb137,true,true,false,false,20,3
Bauza30_5,Bauza30,gscdb137,true,true,false,false,20,3
Bauza30_6,Bauza30,gscdb137,true,true,false,false,20,3
Bauza30_7,Bauza30,gscdb137,true,true,false,false,20,3
Bauza30_8,Bauza30,gscdb137,true,true,false,false,20,3
Bauza30_9,Bauza30,gscdb137,true,true,false,false,20,3
Bauza30_10,Bauza30,gscdb137,true,true,false,false,20,3
Bauza30_11,Bauza30,gscdb137,true,true,false,false,20,3
Bauza30_12,Bauza30,gscdb137,true,true,false,false,20,3
Bauza30_13,Bauza30,gscdb137,true,true,false,false,20,3
Bauza30_14,Bauza30,gscdb137,true,true,false,false,20,3
Bauza30_15,Bauza30,gscdb137,true,true,false,false,20,3
Bauza30_16,Bauza30,gscdb137,true,true,false,false,20,3
Bauza30_17,Bauza30,gscdb137,true,true,false,false,20,3
Bauza30_18,Bauza30,gscdb137,true,true,false,false,20,3
Bauza30_19,Bauza30,gscdb137,true,true,false,false,20,3
Bauza30_20,Bauza30,gscdb137,true,true,false,false,20,3
Bauza30_21,Bauza30,gscdb137,true,true,false,false,20,3
Bauza30_22,Bauza30,gscdb137,true,true,false,false,20,3
Bauza30_23,Bauza30,gscdb137,true,true,false,false,20,3
Bauza30_24,Bauza30,gscdb137,true,true,false,false,20,3
Bauza30_25,Bauza30,gscdb137,true,true,false,false,20,3
Bauza30_26,Bauza30,gscdb137,true,true,false,false,20,3
Bauza30_27,Bauza30,gscdb137,true,true,false,false,20,3
Bauza30_28,Bauza30,gscdb137,true,true,false,false,20,3
Bauza30_29,Bauza30,gscdb137,true,true,false,false,20,3
Bauza30_30,Bauza30,gscdb137,true,true,false,false,20,3
BzDC215_1,BzDC215,gscdb137,false,true,false,false,,3
BzDC215_2,BzDC215,gscdb137,false,true,false,false,,3
BzDC215_3,BzDC215,gscdb137,false,true,false,false,,3
BzDC215_4,BzDC215,gscdb137,false,true,false,false,,3
BzDC215_5,BzDC215,gscdb137,false,true,false,false,,3
BzDC215_6,BzDC215,gscdb137,false,true,false,false,,3
BzDC215_7,BzDC215,gscdb137,false,true,false,false,,3
BzDC215_8,BzDC215,gscdb137,false,true,false,false,,3
BzDC215_9,BzDC215,gscdb137,false,true,false,false,,3
BzDC215_10,BzDC215,gscdb137,false,true,false,false,,3
BzDC215_11,BzDC215,gscdb137,false,true,false,false,,3
BzDC215_12,BzDC215,gscdb137,false,true,false,false,,3
BzDC215_13,BzDC215,gscdb137,false,true,false,false,,3
BzDC215_14,BzDC215,gscdb137,false,true,false,false,,3
BzDC215_15,BzDC215,gscdb137,false,true,false,false,,3
BzDC215_16,BzDC215,gscdb137,false,true,false,false,,3
BzDC215_17,BzDC215,gscdb137,false,true,false,false,,3
BzDC215_18,BzDC215,gscdb137,false,true,false,false,,3
BzDC215_19,BzDC215,gscdb137,false,true,false,false,,3
BzDC215_20,BzDC215,gscdb137,false,true,false,false,,3
BzDC215_21,BzDC215,gscdb137,false,true,false,false,,3
BzDC215_22,BzDC215,gscdb137,false,true,false,false,,3
BzDC215_23,BzDC215,gscdb137,false,true,false,false,,3
BzDC215_24,BzDC215,gscdb137,false,true,false,false,,3
BzDC215_25,BzDC215,gscdb137,false,true,false,false,,3
BzDC215_26,BzDC215,gscdb137,false,true,false,false,,3
BzDC215_27,BzDC215,gscdb137,false,true,false,false,,3
BzDC215_28,BzDC215,gscdb137,false,true,false,false,,3
BzDC215_29,BzDC215,gscdb137,false,true,false,false,,3
BzDC215_30,BzDC215,gscdb137,false,true,false,false,,3
BzDC215_31,BzDC215,gscdb137,false,true,false,false,,3
BzDC215_32,BzDC215,gscdb137,false,true,false,false,,3
BzDC215_33,BzDC215,gscdb137,false,true,false,false,,3
BzDC215_34,BzDC215,gscdb137,false,true,false,false,,3
BzDC215_35,BzDC215,gscdb137,false,true,false,false,,3
BzDC215_36,BzDC215,gscdb137,false,true,false,false,,3
BzDC215_37,BzDC215,gscdb137,false,true,false,false,,3
BzDC215_38,BzDC215,gscdb137,false,true,false,false,,3
BzDC215_39,BzDC215,gscdb137,false,true,false,false,,3
BzDC215_40,BzDC215,gscdb137,false,true,false,false,,3
BzDC215_41,BzDC215,gscdb137,false,true,false,false,,3
BzDC215_42,BzDC215,gscdb137,false,true,false,false,,3
BzDC215_43,BzDC215,gscdb137,false,true,false,false,,3
BzDC215_44,BzDC215,gscdb137,false,true,false,false,,3
BzDC215_45,BzDC215,gscdb137,false,true,false,false,,3
BzDC215_46,BzDC215,gscdb137,false,true,false,false,,3
BzDC215_47,BzDC215,gscdb137,false,true,false,false,,3
BzDC215_48,BzDC215,gscdb137,false,true,false,false,,3
BzDC215_49,BzDC215,gscdb137,false,true,false,false,,3
BzDC215_50,BzDC215,gscdb137,false,true,false,false,,3
BzDC215_51,BzDC215,gscdb137,false,true,false,false,,3
BzDC215_52,BzDC215,gscdb137,false,true,false,false,,3
BzDC215_53,BzDC215,gscdb137,false,true,false,false,,3
BzDC215_54,BzDC215,gscdb137,false,true,false,false,,3
BzDC215_55,BzDC215,gscdb137,false,true,false,false,,3
BzDC215_56,BzDC215,gscdb137,false,true,false,false,,3
BzDC215_57,BzDC215,gscdb137,false,true,false,false,,3
BzDC215_58,BzDC215,gscdb137,false,true,false,false,,3
BzDC215_59,BzDC215,gscdb137,false,true,false,false,,3
BzDC215_60,BzDC215,gscdb137,false,true,false,false,,3
BzDC215_61,BzDC215,gscdb137,false,true,false,false,,3
BzDC215_62,BzDC215,gscdb137,false,true,false,false,,3
BzDC215_63,BzDC215,gscdb137,false,true,false,false,,3
BzDC215_64,BzDC215,gscdb137,false,true,false,false,,3
BzDC215_65,BzDC215,gscdb137,false,true,false,false,,3
BzDC215_66,BzDC215,gscdb137,false,true,false,false,,3
BzDC215_67,BzDC215,gscdb137,false,true,false,false,,3
BzDC215_68,BzDC215,gscdb137,false,true,false,false,,3
BzDC215_69,BzDC215,gscdb137,false,true,false,false,,3
BzDC215_70,BzDC215,gscdb137,false,true,false,false,,3
BzDC215_71,BzDC215,gscdb137,false,true,false,false,,3
BzDC215_72,BzDC215,gscdb137,false,true,false,false,,3
BzDC215_73,BzDC215,gscdb137,false,true,false,false,,3
BzDC215_74,BzDC215,gscdb137,false,true,false,false,,3
BzDC215_75,BzDC215,gscdb137,false,true,false,false,,3
BzDC215_76,BzDC215,gscdb137,false,true,false,false,,3
BzDC215_77,BzDC215,gscdb137,false,true,false,false,,3
BzDC215_78,BzDC215,gscdb137,false,true,false,false,,3
BzDC215_79,BzDC215,gscdb137,false,true,false,false,,3
BzDC215_80,BzDC215,gscdb137,false,true,false,false,,3
BzDC215_81,BzDC215,gscdb137,false,true,false,false,,3
BzDC215_82,BzDC215,gscdb137,false,true,false,false,,3
BzDC215_83,BzDC215,gscdb137,false,true,false,false,,3
BzDC215_84,BzDC215,gscdb137,false,true,false,false,,3
BzDC215_85,BzDC215,gscdb137,false,true,false,false,,3
BzDC215_86,BzDC215,gscdb137,false,true,false,false,,3
BzDC215_87,BzDC215,gscdb137,false,true,false,false,,3
BzDC215_88,BzDC215,gscdb137,false,true,false,false,,3
BzDC215_89,BzDC215,gscdb137,false,true,false,false,,3
BzDC215_90,BzDC215,gscdb137,false,true,false,false,,3
BzDC215_91,BzDC215,gscdb137,false,true,false,false,,3
BzDC215_92,BzDC215,gscdb137,false,true,false,false,,3
BzDC215_93,BzDC215,gscdb137,false,true,false,false,,3
BzDC215_94,BzDC215,gscdb137,false,true,false,false,,3
BzDC215_95,BzDC215,gscdb137,false,true,false,false,,3
BzDC215_96,BzDC215,gscdb137,false,true,false,false,,3
BzDC215_97,BzDC215,gscdb137,false,true,false,false,,3
BzDC215_98,BzDC215,gscdb137,false,true,false,false,,3
BzDC215_99,BzDC215,gscdb137,false,true,false,false,,3
BzDC215_100,BzDC215,gscdb137,false,true,false,false,,3
BzDC215_101,BzDC215,gscdb137,false,true,false,false,,3
BzDC215_102,BzDC215,gscdb137,false,true,false,false,,3
BzDC215_103,BzDC215,gscdb137,false,true,false,false,,3
BzDC215_104,BzDC215,gscdb137,false,true,false,false,,3
BzDC215_105,BzDC215,gscdb137,false,true,false,false,,3
BzDC215_106,BzDC215,gscdb137,false,true,false,false,,3
BzDC215_107,BzDC215,gscdb137,false,true,false,false,,3
BzDC215_108,BzDC215,gscdb137,false,true,false,false,,3
BzDC215_109,BzDC215,gscdb137,false,true,false,false,,3
BzDC215_110,BzDC215,gscdb137,false,true,false,false,,3
BzDC215_111,BzDC215,gscdb137,false,true,false,false,,3
BzDC215_112,BzDC215,gscdb137,false,true,false,false,,3
BzDC215_113,BzDC215,gscdb137,false,true,false,false,,3
BzDC215_114,BzDC215,gscdb137,false,true,false,false,,3
BzDC215_115,BzDC215,gscdb137,false,true,false,false,,3
BzDC215_116,BzDC215,gscdb137,false,true,false,false,,3
BzDC215_117,BzDC215,gscdb137,false,true,false,false,,3
BzDC215_118,BzDC215,gscdb137,false,true,false,false,,3
BzDC215_119,BzDC215,gscdb137,false,true,false,false,,3
BzDC215_120,BzDC215,gscdb137,false,true,false,false,,3
BzDC215_121,BzDC215,gscdb137,false,true,false,false,,3
BzDC215_122,BzDC215,gscdb137,false,true,false,false,,3
BzDC215_123,BzDC215,gscdb137,false,true,false,false,,3
BzDC215_124,BzDC215,gscdb137,false,true,false,false,,3
BzDC215_125,BzDC215,gscdb137,false,true,false,false,,3
BzDC215_126,BzDC215,gscdb137,false,true,false,false,,3
BzDC215_127,BzDC215,gscdb137,false,true,false,false,,3
BzDC215_128,BzDC215,gscdb137,false,true,false,false,,3
BzDC215_129,BzDC215,gscdb137,false,true,false,false,,3
BzDC215_130,BzDC215,gscdb137,false,true,false,false,,3
BzDC215_131,BzDC215,gscdb137,false,true,false,false,,3
BzDC215_132,BzDC215,gscdb137,false,true,false,false,,3
BzDC215_133,BzDC215,gscdb137,false,true,false,false,,3
BzDC215_134,BzDC215,gscdb137,false,true,false,false,,3
BzDC215_135,BzDC215,gscdb137,false,true,false,false,,3
BzDC215_136,BzDC215,gscdb137,false,true,false,false,,3
BzDC215_137,BzDC215,gscdb137,false,true,false,false,,3
BzDC215_138,BzDC215,gscdb137,false,true,false,false,,3
BzDC215_139,BzDC215,gscdb137,false,true,false,false,,3
BzDC215_140,BzDC215,gscdb137,false,true,false,false,,3
BzDC215_141,BzDC215,gscdb137,false,true,false,false,,3
BzDC215_142,BzDC215,gscdb137,false,true,false,false,,3
BzDC215_143,BzDC215,gscdb137,false,true,false,false,,3
BzDC215_144,BzDC215,gscdb137,false,true,false,false,,3
BzDC215_145,BzDC215,gscdb137,false,true,false,false,,3
BzDC215_146,BzDC215,gscdb137,false,true,false,false,,3
BzDC215_147,BzDC215,gscdb137,false,true,false,false,,3
BzDC215_148,BzDC215,gscdb137,false,true,false,false,,3
BzDC215_149,BzDC215,gscdb137,false,true,false,false,,3
BzDC215_150,BzDC215,gscdb137,false,true,false,false,,3
BzDC215_151,BzDC215,gscdb137,false,true,false,false,,3
BzDC215_152,BzDC215,gscdb137,false,true,false,false,,3
BzDC215_153,BzDC215,gscdb137,false,true,false,false,,3
BzDC215_154,BzDC215,gscdb137,false,true,false,false,,3
BzDC215_155,BzDC215,gscdb137,false,true,false,false,,3
BzDC215_156,BzDC215,gscdb137,false,true,false,false,,3
BzDC215_157,BzDC215,gscdb137,false,true,false,false,,3
BzDC215_158,BzDC215,gscdb137,false,true,false,false,,3
BzDC215_159,BzDC215,gscdb137,false,true,false,false,,3
BzDC215_160,BzDC215,gscdb137,false,true,false,false,,3
BzDC215_161,BzDC215,gscdb137,false,true,false,false,,3
BzDC215_162,BzDC215,gscdb137,false,true,false,false,,3
BzDC215_163,BzDC215,gscdb137,false,true,false,false,,3
BzDC215_164,BzDC215,gscdb137,false,true,false,false,,3
BzDC215_165,BzDC215,gscdb137,false,true,false,false,,3
BzDC215_166,BzDC215,gscdb137,false,true,false,false,,3
BzDC215_167,BzDC215,gscdb137,false,true,false,false,,3
BzDC215_168,BzDC215,gscdb137,false,true,false,false,,3
BzDC215_169,BzDC215,gscdb137,false,true,false,false,,3
BzDC215_170,BzDC215,gscdb137,false,true,false,false,,3
BzDC215_171,BzDC215,gscdb137,false,true,false,false,,3
BzDC215_172,BzDC215,gscdb137,false,true,false,false,,3
BzDC215_173,BzDC215,gscdb137,false,true,false,false,,3
BzDC215_174,BzDC215,gscdb137,false,true,false,false,,3
BzDC215_175,BzDC215,gscdb137,false,true,false,false,,3
BzDC215_176,BzDC215,gscdb137,false,true,false,false,,3
BzDC215_177,BzDC215,gscdb137,false,true,false,false,,3
BzDC215_178,BzDC215,gscdb137,false,true,false,false,,3
BzDC215_179,BzDC215,gscdb137,false,true,false,false,,3
BzDC215_180,BzDC215,gscdb137,false,true,false,false,,3
BzDC215_181,BzDC215,gscdb137,false,true,false,false,,3
BzDC215_182,BzDC215,gscdb137,false,true,false,false,,3
BzDC215_183,BzDC215,gscdb137,false,true,false,false,,3
BzDC215_184,BzDC215,gscdb137,false,true,false,false,,3
BzDC215_185,BzDC215,gscdb137,false,true,false,false,,3
BzDC215_186,BzDC215,gscdb137,false,true,false,false,,3
BzDC215_187,BzDC215,gscdb137,false,true,false,false,,3
BzDC215_188,BzDC215,gscdb137,false,true,false,false,,3
BzDC215_189,BzDC215,gscdb137,false,true,false,false,,3
BzDC215_190,BzDC215,gscdb137,false,true,false,false,,3
BzDC215_191,BzDC215,gscdb137,false,true,false,false,,3
BzDC215_192,BzDC215,gscdb137,false,true,false,false,,3
BzDC215_193,BzDC215,gscdb137,false,true,false,false,,3
BzDC215_194,BzDC215,gscdb137,false,true,false,false,,3
BzDC215_195,BzDC215,gscdb137,false,true,false,false,,3
BzDC215_196,BzDC215,gscdb137,false,true,false,false,,3
BzDC215_197,BzDC215,gscdb137,false,true,false,false,,3
BzDC215_198,BzDC215,gscdb137,false,true,false,false,,3
BzDC215_199,BzDC215,gscdb137,false,true,false,false,,3
BzDC215_200,BzDC215,gscdb137,false,true,false,false,,3
BzDC215_201,BzDC215,gscdb137,false,true,false,false,,3
BzDC215_202,BzDC215,gscdb137,false,true,false,false,,3
BzDC215_203,BzDC215,gscdb137,false,true,false,false,,3
BzDC215_204,BzDC215,gscdb137,false,true,false,false,,3
BzDC215_205,BzDC215,gscdb137,false,true,false,false,,3
BzDC215_206,BzDC215,gscdb137,false,true,false,false,,3
BzDC215_207,BzDC215,gscdb137,false,true,false,false,,3
BzDC215_208,BzDC215,gscdb137,false,true,false,false,,3
BzDC215_209,BzDC215,gscdb137,false,true,false,false,,3
BzDC215_210,BzDC215,gscdb137,false,true,false,false,,3
BzDC215_211,BzDC215,gscdb137,false,true,false,false,,3
BzDC215_212,BzDC215,gscdb137,false,true,false,false,,3
BzDC215_213,BzDC215,gscdb137,false,true,false,false,,3
BzDC215_214,BzDC215,gscdb137,false,true,false,false,,3
BzDC215_215,BzDC215,gscdb137,false,true,false,false,,3
C20C24_2,C20C246,gscdb137,false,true,false,false,,2
C20C24_3,C20C246,gscdb137,false,true,false,false,,2
C20C24_4,C20C246,gscdb137,false,true,false,false,,2
C20C24_5,C20C246,gscdb137,false,true,false,false,,2
C20C24_6,C20C246,gscdb137,false,true,false,false,,2
C20C24_8,C20C246,gscdb137,false,true,false,false,,2
C60ISO_1,C60ISO7,gscdb137,false,true,false,false,,2
C60ISO_2,C60ISO7,gscdb137,false,true,false,false,,2
C60ISO_3,C60ISO7,gscdb137,false,true,false,false,,2
C60ISO_5,C60ISO7,gscdb137,false,true,false,false,,2
C60ISO_6,C60ISO7,gscdb137,false,true,false,false,,2
C60ISO_8,C60ISO7,gscdb137,false,true,false,false,,2
C60ISO_9,C60ISO7,gscdb137,false,true,false,false,,2
CARBHB12_2,CARBHB8,gscdb137,false,true,false,false,,3
CARBHB12_3,CARBHB8,gscdb137,false,true,false,false,,3
CARBHB12_4,CARBHB8,gscdb137,false,true,false,false,,3
CARBHB12_6,CARBHB8,gscdb137,false,true,false,false,,3
CARBHB12_7,CARBHB8,gscdb137,false,true,false,false,,3
CARBHB12_8,CARBHB8,gscdb137,false,true,false,false,,3
CARBHB12_11,CARBHB8,gscdb137,false,true,false,false,,3
CARBHB12_12,CARBHB8,gscdb137,false,true,false,false,,3
CHB6_1,CHB6,gscdb137,false,true,false,false,,3
CHB6_2,CHB6,gscdb137,false,true,false,false,,3
CHB6_3,CHB6,gscdb137,false,true,false,false,,3
CHB6_4,CHB6,gscdb137,false,true,false,false,,3
CHB6_5,CHB6,gscdb137,false,true,false,false,,3
CHB6_6,CHB6,gscdb137,false,true,false,false,,3
CR20_1,CR20,gscdb137,true,true,false,false,15,3
CR20_2,CR20,gscdb137,true,true,false,false,15,3
CR20_3,CR20,gscdb137,true,true,false,false,15,3
CR20_4,CR20,gscdb137,true,true,false,false,15,3
CR20_5,CR20,gscdb137,true,true,false,false,15,3
CR20_6,CR20,gscdb137,true,true,false,false,15,3
CR20_7,CR20,gscdb137,true,true,false,false,15,3
CR20_8,CR20,gscdb137,true,true,false,false,15,3
CR20_9,CR20,gscdb137,true,true,false,false,15,3
CR20_10,CR20,gscdb137,true,true,false,false,15,3
CR20_11,CR20,gscdb137,true,true,false,false,15,3
CR20_12,CR20,gscdb137,true,true,false,false,15,3
CR20_13,CR20,gscdb137,true,true,false,false,15,3
CR20_14,CR20,gscdb137,true,true,false,false,15,3
CR20_15,CR20,gscdb137,true,true,false,false,15,3
CR20_16,CR20,gscdb137,true,true,false,false,15,3
CR20_17,CR20,gscdb137,true,true,false,false,15,3
CR20_18,CR20,gscdb137,true,true,false,false,15,3
CR20_19,CR20,gscdb137,true,true,false,false,15,3
CR20_20,CR20,gscdb137,true,true,false,false,15,3
CRBH20_3,CRBH14,gscdb137,true,true,false,false,10,2
CRBH20_4,CRBH14,gscdb137,true,true,false,false,10,2
CRBH20_5,CRBH14,gscdb137,true,true,false,false,10,2
CRBH20_6,CRBH14,gscdb137,true,true,false,false,10,2
CRBH20_7,CRBH14,gscdb137,true,true,false,false,10,2
CRBH20_8,CRBH14,gscdb137,true,true,false,false,10,2
CRBH20_9,CRBH14,gscdb137,true,true,false,false,10,2
CRBH20_13,CRBH14,gscdb137,true,true,false,false,10,2
CRBH20_14,CRBH14,gscdb137,true,true,false,false,10,2
CRBH20_15,CRBH14,gscdb137,true,true,false,false,10,2
CRBH20_16,CRBH14,gscdb137,true,true,false,false,10,2
CRBH20_17,CRBH14,gscdb137,true,true,false,false,10,2
CRBH20_18,CRBH14,gscdb137,true,true,false,false,10,2
CRBH20_19,CRBH14,gscdb137,true,true,false,false,10,2
CT20_1,CT20,gscdb137,true,true,false,false,400,3
CT20_2,CT20,gscdb137,true,true,false,false,400,3
CT20_3,CT20,gscdb137,true,true,false,false,400,3
CT20_4,CT20,gscdb137,true,true,false,false,400,3
CT20_5,CT20,gscdb137,true,true,false,false,400,3
CT20_6,CT20,gscdb137,true,true,false,false,400,3
CT20_7,CT20,gscdb137,true,true,false,false,400,3
CT20_8,CT20,gscdb137,true,true,false,false,400,3
CT20_9,CT20,gscdb137,true,true,false,false,400,3
CT20_10,CT20,gscdb137,true,true,false,false,400,3
CT20_11,CT20,gscdb137,true,true,false,false,400,3
CT20_12,CT20,gscdb137,true,true,false,false,400,3
CT20_13,CT20,gscdb137,true,true,false,false,400,3
CT20_14,CT20,gscdb137,true,true,false,false,400,3
CT20_15,CT20,gscdb137,true,true,false,false,400,3
CT20_16,CT20,gscdb137,true,true,false,false,400,3
CT20_17,CT20,gscdb137,true,true,false,false,400,3
CT20_18,CT20,gscdb137,true,true,false,false,400,3
CT20_19,CT20,gscdb137,true,true,false,false,400,3
CT20_20,CT20,gscdb137,true,true,false,false,400,3
CUAGAU_1,CUAGAU83,gscdb137,true,true,false,false,1.5,2
CUAGAU_2,CUAGAU83,gscdb137,true,true,false,false,1.5,3
CUAGAU_3,CUAGAU83,gscdb137,true,true,false,false,1.5,3
CUAGAU_4,CUAGAU83,gscdb137,true,true,false,false,1.5,2
CUAGAU_5,CUAGAU83,gscdb137,true,true,false,false,1.5,2
CUAGAU_8,CUAGAU83,gscdb137,true,true,false,false,1.5,2
CUAGAU_9,CUAGAU83,gscdb137,true,true,false,false,1.5,2
CUAGAU_10,CUAGAU83,gscdb137,true,true,false,false,1.5,3
CUAGAU_11,CUAGAU83,gscdb137,true,true,false,false,1.5,2
CUAGAU_12,CUAGAU83,gscdb137,true,true,false,false,1.5,2
CUAGAU_13,CUAGAU83,gscdb137,true,true,false,false,1.5,3
CUAGAU_14,CUAGAU83,gscdb137,true,true,false,false,1.5,2
CUAGAU_15,CUAGAU83,gscdb137,true,true,false,false,1.5,2
CUAGAU_16,CUAGAU83,gscdb137,true,true,false,false,1.5,3
CUAGAU_17,CUAGAU83,gscdb137,true,true,false,false,1.5,3
CUAGAU_18,CUAGAU83,gscdb137,true,true,false,false,1.5,2
CUAGAU_19,CUAGAU83,gscdb137,true,true,false,false,1.5,2
CUAGAU_22,CUAGAU83,gscdb137,true,true,false,false,1.5,2
CUAGAU_23,CUAGAU83,gscdb137,true,true,false,false,1.5,2
CUAGAU_24,CUAGAU83,gscdb137,true,true,false,false,1.5,3
CUAGAU_25,CUAGAU83,gscdb137,true,true,false,false,1.5,2
CUAGAU_26,CUAGAU83,gscdb137,true,true,false,false,1.5,2
CUAGAU_27,CUAGAU83,gscdb137,true,true,false,false,1.5,3
CUAGAU_28,CUAGAU83,gscdb137,true,true,false,false,1.5,2
CUAGAU_29,CUAGAU83,gscdb137,true,true,false,false,1.5,2
CUAGAU_30,CUAGAU83,gscdb137,true,true,false,false,1.5,3
CUAGAU_31,CUAGAU83,gscdb137,true,true,false,false,1.5,3
CUAGAU_32,CUAGAU83,gscdb137,true,true,false,false,1.5,2
CUAGAU_33,CUAGAU83,gscdb137,true,true,false,false,1.5,2
CUAGAU_36,CUAGAU83,gscdb137,true,true,false,false,1.5,2
CUAGAU_37,CUAGAU83,gscdb137,true,true,false,false,1.5,2
CUAGAU_38,CUAGAU83,gscdb137,true,true,false,false,1.5,3
CUAGAU_39,CUAGAU83,gscdb137,true,true,false,false,1.5,2
CUAGAU_40,CUAGAU83,gscdb137,true,true,false,false,1.5,2
CUAGAU_41,CUAGAU83,gscdb137,true,true,false,false,1.5,3
CUAGAU_42,CUAGAU83,gscdb137,true,true,false,false,1.5,2
CUAGAU2_10,CUAGAU83,gscdb137,false,true,false,false,,3
CUAGAU2_11,CUAGAU83,gscdb137,false,true,false,false,,3
CUAGAU2_12,CUAGAU83,gscdb137,false,true,false,false,,3
CUAGAU2_19,CUAGAU83,gscdb137,false,true,false,false,,2
CUAGAU2_20,CUAGAU83,gscdb137,false,true,false,false,,2
CUAGAU2_21,CUAGAU83,gscdb137,false,true,false,false,,2
CUAGAU2_31,CUAGAU83,gscdb137,false,true,false,false,,2
CUAGAU2_32,CUAGAU83,gscdb137,false,true,false,false,,2
CUAGAU2_33,CUAGAU83,gscdb137,false,true,false,false,,2
CUAGAU2_34,CUAGAU83,gscdb137,false,true,false,false,,2
CUAGAU2_35,CUAGAU83,gscdb137,false,true,false,false,,2
CUAGAU2_36,CUAGAU83,gscdb137,false,true,false,false,,2
CUAGAU2_46,CUAGAU83,gscdb137,false,true,false,false,,2
CUAGAU2_47,CUAGAU83,gscdb137,false,true,false,false,,2
CUAGAU2_48,CUAGAU83,gscdb137,false,true,false,false,,2
CUAGAU2_58,CUAGAU83,gscdb137,false,true,false,false,,2
CUAGAU2_59,CUAGAU83,gscdb137,false,true,false,false,,2
CUAGAU2_60,CUAGAU83,gscdb137,false,true,false,false,,2
CUAGAU2_61,CUAGAU83,gscdb137,false,true,false,false,,2
CUAGAU2_62,CUAGAU83,gscdb137,false,true,false,false,,2
CUAGAU2_63,CUAGAU83,gscdb137,false,true,false,false,,2
CUAGAU2_75,CUAGAU83,gscdb137,false,true,false,false,,2
CUAGAU2_78,CUAGAU83,gscdb137,false,true,false,false,,2
CUAGAU2_82,CUAGAU83,gscdb137,false,true,false,false,,2
CUAGAU2_83,CUAGAU83,gscdb137,false,true,false,false,,2
CUAGAU2_84,CUAGAU83,gscdb137,false,true,false,false,,2
CUAGAU2_85,CUAGAU83,gscdb137,false,true,false,false,,2
CUAGAU2_86,CUAGAU83,gscdb137,false,true,false,false,,2
CUAGAU2_87,CUAGAU83,gscdb137,false,true,false,false,,2
CUAGAU2_91,CUAGAU83,gscdb137,false,true,false,false,,3
CUAGAU2_92,CUAGAU83,gscdb137,false,true,false,false,,3
CUAGAU2_93,CUAGAU83,gscdb137,false,true,false,false,,3
CUAGAU2_97,CUAGAU83,gscdb137,false,true,false,false,,3
CUAGAU2_98,CUAGAU83,gscdb137,false,true,false,false,,3
CUAGAU2_99,CUAGAU83,gscdb137,false,true,false,false,,3
CUAGAU2_100,CUAGAU83,gscdb137,false,true,false,false,,3
CUAGAU2_101,CUAGAU83,gscdb137,false,true,false,false,,3
CUAGAU2_102,CUAGAU83,gscdb137,false,true,false,false,,3
CUAGAU2_109,CUAGAU83,gscdb137,false,true,false,false,,3
CUAGAU2_110,CUAGAU83,gscdb137,false,true,false,false,,3
CUAGAU2_111,CUAGAU83,gscdb137,false,true,false,false,,3
CUAGAU2_115,CUAGAU83,gscdb137,false,true,false,false,,3
CUAGAU2_116,CUAGAU83,gscdb137,false,true,false,false,,3
CUAGAU2_117,CUAGAU83,gscdb137,false,true,false,false,,3
CUAGAU2_118,CUAGAU83,gscdb137,false,true,false,false,,3
CUAGAU2_119,CUAGAU83,gscdb137,false,true,false,false,,3
CUAGAU2_120,CUAGAU83,gscdb137,false,true,false,false,,3
DAPD_1,DAPD,gscdb137,false,true,false,false,,3
DAPD_2,DAPD,gscdb137,false,true,false,false,,3
DAPD_3,DAPD,gscdb137,false,true,false,false,,3
DAPD_4,DAPD,gscdb137,false,true,false,false,,3
DAPD_5,DAPD,gscdb137,false,true,false,false,,3
DAPD_6,DAPD,gscdb137,false,true,false,false,,3
DAPD_7,DAPD,gscdb137,false,true,false,false,,3
DAPD_8,DAPD,gscdb137,false,true,false,false,,3
DAPD_9,DAPD,gscdb137,false,true,false,false,,3
DAPD_10,DAPD,gscdb137,false,true,false,false,,3
DAPD_11,DAPD,gscdb137,false,true,false,false,,3
DAPD_12,DAPD,gscdb137,false,true,false,false,,2
DARC_1,DARC,gscdb137,false,true,false,false,,3
DARC_2,DARC,gscdb137,false,true,false,false,,3
DARC_3,DARC,gscdb137,false,true,false,false,,3
DARC_4,DARC,gscdb137,false,true,false,false,,3
DARC_5,DARC,gscdb137,false,true,false,false,,3
DARC_6,DARC,gscdb137,false,true,false,false,,3
DARC_7,DARC,gscdb137,false,true,false,false,,3
DARC_8,DARC,gscdb137,false,true,false,false,,3
DARC_9,DARC,gscdb137,false,true,false,false,,3
DARC_10,DARC,gscdb137,false,true,false,false,,3
DARC_11,DARC,gscdb137,false,true,false,false,,3
DARC_12,DARC,gscdb137,false,true,false,false,,3
DARC_13,DARC,gscdb137,false,true,false,false,,3
DARC_14,DARC,gscdb137,false,true,false,false,,3
DBH24_1,DBH22,gscdb137,true,true,false,false,30,3
DBH24_2,DBH22,gscdb137,true,true,false,false,30,3
DBH24_3,DBH22,gscdb137,true,true,false,false,30,3
DBH24_4,DBH22,gscdb137,true,true,false,false,30,2
DBH24_5,DBH22,gscdb137,true,true,false,false,30,2
DBH24_6,DBH22,gscdb137,true,true,false,false,30,3
DBH24_7,DBH22,gscdb137,true,true,false,false,30,3
DBH24_8,DBH22,gscdb137,true,true,false,false,30,3
DBH24_9,DBH22,gscdb137,true,true,false,false,30,2
DBH24_10,DBH22,gscdb137,true,true,false,false,30,3
DBH24_11,DBH22,gscdb137,true,true,false,false,30,3
DBH24_12,DBH22,gscdb137,true,true,false,false,30,3
DBH24_13,DBH22,gscdb137,true,true,false,false,30,3
DBH24_15,DBH22,gscdb137,true,true,false,false,30,3
DBH24_17,DBH22,gscdb137,true,true,false,false,30,2
DBH24_18,DBH22,gscdb137,true,true,false,false,30,3
DBH24_19,DBH22,gscdb137,true,true,false,false,30,2
DBH24_20,DBH22,gscdb137,true,true,false,false,30,2
DBH24_21,DBH22,gscdb137,true,true,false,false,30,2
DBH24_22,DBH22,gscdb137,true,true,false,false,30,3
DBH24_23,DBH22,gscdb137,true,true,false,false,30,3
DBH24_24,DBH22,gscdb137,true,true,false,false,30,3
DC13_1,DC13,gscdb137,false,true,false,false,,2
DC13_2,DC13,gscdb137,false,true,false,false,,2
DC13_3,DC13,gscdb137,false,true,false,false,,2
DC13_4,DC13,gscdb137,false,true,false,false,,2
DC13_5,DC13,gscdb137,false,true,false,false,,2
DC13_6,DC13,gscdb137,false,true,false,false,,2
DC13_7,DC13,gscdb137,false,true,false,false,,3
DC13_8,DC13,gscdb137,false,true,false,false,,2
DC13_9,DC13,gscdb137,false,true,false,false,,2
DC13_10,DC13,gscdb137,false,true,false,false,,2
DC13_11,DC13,gscdb137,false,true,false,false,,3
DC13_12,DC13,gscdb137,false,true,false,false,,3
DC13_13,DC13,gscdb137,false,true,false,false,,4
DIE60_1,DIE60,gscdb137,false,true,false,false,,2
DIE60_2,DIE60,gscdb137,false,true,false,false,,2
DIE60_3,DIE60,gscdb137,false,true,false,false,,2
DIE60_4,DIE60,gscdb137,false,true,false,false,,2
DIE60_5,DIE60,gscdb137,false,true,false,false,,2
DIE60_6,DIE60,gscdb137,false,true,false,false,,2
DIE60_7,DIE60,gscdb137,false,true,false,false,,2
DIE60_8,DIE60,gscdb137,false,true,false,false,,2
DIE60_9,DIE60,gscdb137,false,true,false,false,,2
DIE60_10,DIE60,gscdb137,false,true,false,false,,2
DIE60_11,DIE60,gscdb137,false,true,false,false,,2
DIE60_12,DIE60,gscdb137,false,true,false,false,,2
DIE60_13,DIE60,gscdb137,false,true,false,false,,2
DIE60_14,DIE60,gscdb137,false,true,false,false,,2
DIE60_15,DIE60,gscdb137,false,true,false,false,,2
DIE60_16,DIE60,gscdb137,false,true,false,false,,2
DIE60_17,DIE60,gscdb137,false,true,false,false,,2
DIE60_18,DIE60,gscdb137,false,true,false,false,,2
DIE60_19,DIE60,gscdb137,false,true,false,false,,2
DIE60_20,DIE60,gscdb137,false,true,false,false,,2
DIE60_21,DIE60,gscdb137,false,true,false,false,,2
DIE60_22,DIE60,gscdb137,false,true,false,false,,2
DIE60_23,DIE60,gscdb137,false,true,false,false,,2
DIE60_24,DIE60,gscdb137,false,true,false,false,,2
DIE60_25,DIE60,gscdb137,false,true,false,false,,2
DIE60_26,DIE60,gscdb137,false,true,false,false,,2
DIE60_27,DIE60,gscdb137,false,true,false,false,,2
DIE60_28,DIE60,gscdb137,false,true,false,false,,2
DIE60_29,DIE60,gscdb137,false,true,false,false,,2
DIE60_30,DIE60,gscdb137,false,true,false,false,,2
DIE60_31,DIE60,gscdb137,false,true,false,false,,2
DIE60_32,DIE60,gscdb137,false,true,false,false,,2
DIE60_33,DIE60,gscdb137,false,true,false,false,,2
DIE60_34,DIE60,gscdb137,false,true,false,false,,2
DIE60_35,DIE60,gscdb137,false,true,false,false,,2
DIE60_36,DIE60,gscdb137,false,true,false,false,,2
DIE60_37,DIE60,gscdb137,false,true,false,false,,2
DIE60_38,DIE60,gscdb137,false,true,false,false,,2
DIE60_39,DIE60,gscdb137,false,true,false,false,,2
DIE60_40,DIE60,gscdb137,false,true,false,false,,2
DIE60_41,DIE60,gscdb137,false,true,false,false,,2
DIE60_42,DIE60,gscdb137,false,true,false,false,,2
DIE60_43,DIE60,gscdb137,false,true,false,false,,2
DIE60_44,DIE60,gscdb137,false,true,false,false,,2
DIE60_45,DIE60,gscdb137,false,true,false,false,,2
DIE60_46,DIE60,gscdb137,false,true,false,false,,2
DIE60_47,DIE60,gscdb137,false,true,false,false,,2
DIE60_48,DIE60,gscdb137,false,true,false,false,,2
DIE60_49,DIE60,gscdb137,false,true,false,false,,2
DIE60_50,DIE60,gscdb137,false,true,false,false,,2
DIE60_51,DIE60,gscdb137,false,true,false,false,,2
DIE60_52,DIE60,gscdb137,false,true,false,false,,2
DIE60_53,DIE60,gscdb137,false,true,false,false,,2
DIE60_54,DIE60,gscdb137,false,true,false,false,,2
DIE60_55,DIE60,gscdb137,false,true,false,false,,2
DIE60_56,DIE60,gscdb137,false,true,false,false,,2
DIE60_57,DIE60,gscdb137,false,true,false,false,,2
DIE60_58,DIE60,gscdb137,false,true,false,false,,2
DIE60_59,DIE60,gscdb137,false,true,false,false,,2
DIE60_60,DIE60,gscdb137,false,true,false,false,,2
DIPCS10_1,DIPCS9,gscdb137,true,true,false,false,0.59999999999999998,2
DIPCS10_2,DIPCS9,gscdb137,true,true,false,false,0.59999999999999998,2
DIPCS10_3,DIPCS9,gscdb137,true,true,false,false,0.59999999999999998,2
DIPCS10_4,DIPCS9,gscdb137,true,true,false,false,0.59999999999999998,2
DIPCS10_5,DIPCS9,gscdb137,true,true,false,false,0.59999999999999998,2
DIPCS10_6,DIPCS9,gscdb137,true,true,false,false,0.59999999999999998,2
DIPCS10_8,DIPCS9,gscdb137,true,true,false,false,0.59999999999999998,2
DIPCS10_9,DIPCS9,gscdb137,true,true,false,false,0.59999999999999998,2
DIPCS10_10,DIPCS9,gscdb137,true,true,false,false,0.59999999999999998,2
DS14_1,DS14,gscdb137,true,true,false,false,60,3
DS14_2,DS14,gscdb137,true,true,false,false,60,3
DS14_3,DS14,gscdb137,true,true,false,false,60,3
DS14_4,DS14,gscdb137,true,true,false,false,60,3
DS14_5,DS14,gscdb137,true,true,false,false,60,3
DS14_6,DS14,gscdb137,true,true,false,false,60,3
DS14_7,DS14,gscdb137,true,true,false,false,60,3
DS14_8,DS14,gscdb137,true,true,false,false,60,3
DS14_9,DS14,gscdb137,true,true,false,false,60,3
DS14_10,DS14,gscdb137,true,true,false,false,60,3
DS14_11,DS14,gscdb137,true,true,false,false,60,3
DS14_12,DS14,gscdb137,true,true,false,false,60,3
DS14_13,DS14,gscdb137,true,true,false,false,60,3
DS14_14,DS14,gscdb137,true,true,false,false,60,3
Dip146_1,Dip146,gscdb137,true,true,false,false,1600,2
Dip146_2,Dip146,gscdb137,false,true,false,false,,2
Dip146_3,Dip146,gscdb137,false,true,false,false,,2
Dip146_4,Dip146,gscdb137,true,true,false,false,1600,2
Dip146_5,Dip146,gscdb137,false,true,false,false,,2
Dip146_6,Dip146,gscdb137,false,true,false,false,,2
Dip146_7,Dip146,gscdb137,true,true,false,false,1600,2
Dip146_8,Dip146,gscdb137,false,true,false,false,,2
Dip146_9,Dip146,gscdb137,false,true,false,false,,2
Dip146_10,Dip146,gscdb137,true,true,false,false,1600,2
Dip146_11,Dip146,gscdb137,false,true,false,false,,2
Dip146_12,Dip146,gscdb137,false,true,false,false,,2
Dip146_13,Dip146,gscdb137,true,true,false,false,1600,2
Dip146_14,Dip146,gscdb137,false,true,false,false,,2
Dip146_15,Dip146,gscdb137,false,true,false,false,,2
Dip146_16,Dip146,gscdb137,true,true,false,false,1600,2
Dip146_17,Dip146,gscdb137,false,true,false,false,,2
Dip146_18,Dip146,gscdb137,false,true,false,false,,2
Dip146_19,Dip146,gscdb137,true,true,false,false,1600,2
Dip146_20,Dip146,gscdb137,false,true,false,false,,2
Dip146_21,Dip146,gscdb137,false,true,false,false,,2
Dip146_22,Dip146,gscdb137,true,true,false,false,1600,2
Dip146_23,Dip146,gscdb137,false,true,false,false,,2
Dip146_24,Dip146,gscdb137,false,true,false,false,,2
Dip146_25,Dip146,gscdb137,true,true,false,false,1600,2
Dip146_26,Dip146,gscdb137,false,true,false,false,,2
Dip146_27,Dip146,gscdb137,false,true,false,false,,2
Dip146_28,Dip146,gscdb137,true,true,false,false,1600,2
Dip146_29,Dip146,gscdb137,false,true,false,false,,2
Dip146_30,Dip146,gscdb137,false,true,false,false,,2
Dip146_31,Dip146,gscdb137,false,true,false,false,,2
Dip146_32,Dip146,gscdb137,true,true,false,false,1600,2
Dip146_33,Dip146,gscdb137,false,true,false,false,,2
Dip146_34,Dip146,gscdb137,false,true,false,false,,2
Dip146_35,Dip146,gscdb137,true,true,false,false,1600,2
Dip146_36,Dip146,gscdb137,false,true,false,false,,2
Dip146_37,Dip146,gscdb137,false,true,false,false,,2
Dip146_38,Dip146,gscdb137,true,true,false,false,1600,2
Dip146_39,Dip146,gscdb137,false,true,false,false,,2
Dip146_40,Dip146,gscdb137,false,true,false,false,,2
Dip146_41,Dip146,gscdb137,true,true,false,false,1600,2
Dip146_42,Dip146,gscdb137,false,true,false,false,,2
Dip146_43,Dip146,gscdb137,false,true,false,false,,2
Dip146_44,Dip146,gscdb137,true,true,false,false,1600,2
Dip146_45,Dip146,gscdb137,false,true,false,false,,2
Dip146_46,Dip146,gscdb137,false,true,false,false,,2
Dip146_47,Dip146,gscdb137,true,true,false,false,1600,2
Dip146_48,Dip146,gscdb137,false,true,false,false,,2
Dip146_49,Dip146,gscdb137,false,true,false,false,,2
Dip146_50,Dip146,gscdb137,true,true,false,false,1600,2
Dip146_51,Dip146,gscdb137,false,true,false,false,,2
Dip146_52,Dip146,gscdb137,false,true,false,false,,2
Dip146_53,Dip146,gscdb137,true,true,false,false,1600,2
Dip146_54,Dip146,gscdb137,false,true,false,false,,2
Dip146_55,Dip146,gscdb137,false,true,false,false,,2
Dip146_56,Dip146,gscdb137,true,true,false,false,1600,2
Dip146_57,Dip146,gscdb137,false,true,false,false,,2
Dip146_58,Dip146,gscdb137,false,true,false,false,,2
Dip146_59,Dip146,gscdb137,true,true,false,false,1600,2
Dip146_60,Dip146,gscdb137,false,true,false,false,,2
Dip146_61,Dip146,gscdb137,false,true,false,false,,2
Dip146_62,Dip146,gscdb137,true,true,false,false,1600,2
Dip146_63,Dip146,gscdb137,false,true,false,false,,2
Dip146_64,Dip146,gscdb137,false,true,false,false,,2
Dip146_65,Dip146,gscdb137,true,true,false,false,1600,2
Dip146_66,Dip146,gscdb137,false,true,false,false,,2
Dip146_67,Dip146,gscdb137,false,true,false,false,,2
Dip146_68,Dip146,gscdb137,true,true,false,false,1600,2
Dip146_69,Dip146,gscdb137,false,true,false,false,,2
Dip146_70,Dip146,gscdb137,false,true,false,false,,2
Dip146_71,Dip146,gscdb137,true,true,false,false,1600,2
Dip146_72,Dip146,gscdb137,false,true,false,false,,2
Dip146_73,Dip146,gscdb137,false,true,false,false,,2
Dip146_74,Dip146,gscdb137,true,true,false,false,1600,2
Dip146_75,Dip146,gscdb137,false,true,false,false,,2
Dip146_76,Dip146,gscdb137,false,true,false,false,,2
Dip146_77,Dip146,gscdb137,true,true,false,false,1600,2
Dip146_78,Dip146,gscdb137,false,true,false,false,,2
Dip146_79,Dip146,gscdb137,false,true,false,false,,2
Dip146_80,Dip146,gscdb137,true,true,false,false,1600,2
Dip146_81,Dip146,gscdb137,false,true,false,false,,2
Dip146_82,Dip146,gscdb137,false,true,false,false,,2
Dip146_83,Dip146,gscdb137,true,true,false,false,1600,2
Dip146_84,Dip146,gscdb137,false,true,false,false,,2
Dip146_85,Dip146,gscdb137,false,true,false,false,,2
Dip146_86,Dip146,gscdb137,true,true,false,false,1600,2
Dip146_87,Dip146,gscdb137,false,true,false,false,,2
Dip146_88,Dip146,gscdb137,false,true,false,false,,2
Dip146_89,Dip146,gscdb137,true,true,false,false,1600,2
Dip146_90,Dip146,gscdb137,false,true,false,false,,2
Dip146_91,Dip146,gscdb137,false,true,false,false,,2
Dip146_92,Dip146,gscdb137,true,true,false,false,1600,2
Dip146_93,Dip146,gscdb137,false,true,false,false,,2
Dip146_94,Dip146,gscdb137,false,true,false,false,,2
Dip146_95,Dip146,gscdb137,true,true,false,false,1600,2
Dip146_96,Dip146,gscdb137,false,true,false,false,,2
Dip146_97,Dip146,gscdb137,false,true,false,false,,2
Dip146_98,Dip146,gscdb137,true,true,false,false,1600,2
Dip146_99,Dip146,gscdb137,false,true,false,false,,2
Dip146_100,Dip146,gscdb137,false,true,false,false,,2
Dip146_101,Dip146,gscdb137,true,true,false,false,1600,2
Dip146_102,Dip146,gscdb137,false,true,false,false,,2
Dip146_103,Dip146,gscdb137,false,true,false,false,,2
Dip146_104,Dip146,gscdb137,true,true,false,false,1600,2
Dip146_105,Dip146,gscdb137,false,true,false,false,,2
Dip146_106,Dip146,gscdb137,false,true,false,false,,2
Dip146_107,Dip146,gscdb137,true,true,false,false,1600,2
Dip146_108,Dip146,gscdb137,false,true,false,false,,2
Dip146_109,Dip146,gscdb137,false,true,false,false,,2
Dip146_110,Dip146,gscdb137,true,true,false,false,1600,2
Dip146_111,Dip146,gscdb137,false,true,false,false,,2
Dip146_112,Dip146,gscdb137,false,true,false,false,,2
Dip146_113,Dip146,gscdb137,true,true,false,false,1600,2
Dip146_114,Dip146,gscdb137,false,true,false,false,,2
Dip146_115,Dip146,gscdb137,false,true,false,false,,2
Dip146_116,Dip146,gscdb137,true,true,false,false,1600,2
Dip146_117,Dip146,gscdb137,false,true,false,false,,2
Dip146_118,Dip146,gscdb137,false,true,false,false,,2
Dip146_119,Dip146,gscdb137,true,true,false,false,1600,2
Dip146_120,Dip146,gscdb137,false,true,false,false,,2
Dip146_121,Dip146,gscdb137,false,true,false,false,,2
Dip146_122,Dip146,gscdb137,true,true,false,false,1600,2
Dip146_123,Dip146,gscdb137,false,true,false,false,,2
Dip146_124,Dip146,gscdb137,false,true,false,false,,2
Dip146_125,Dip146,gscdb137,true,true,false,false,1600,2
Dip146_126,Dip146,gscdb137,false,true,false,false,,2
Dip146_127,Dip146,gscdb137,false,true,false,false,,2
Dip146_128,Dip146,gscdb137,true,true,false,false,1600,2
Dip146_129,Dip146,gscdb137,false,true,false,false,,2
Dip146_130,Dip146,gscdb137,false,true,false,false,,2
Dip146_131,Dip146,gscdb137,true,true,false,false,1600,2
Dip146_132,Dip146,gscdb137,false,true,false,false,,2
Dip146_133,Dip146,gscdb137,false,true,false,false,,2
Dip146_134,Dip146,gscdb137,true,true,false,false,1600,2
Dip146_135,Dip146,gscdb137,false,true,false,false,,2
Dip146_136,Dip146,gscdb137,false,true,false,false,,2
Dip146_137,Dip146,gscdb137,true,true,false,false,1600,2
Dip146_138,Dip146,gscdb137,false,true,false,false,,2
Dip146_139,Dip146,gscdb137,false,true,false,false,,2
Dip146_140,Dip146,gscdb137,true,true,false,false,1600,2
Dip146_141,Dip146,gscdb137,false,true,false,false,,2
Dip146_142,Dip146,gscdb137,false,true,false,false,,2
Dip146_143,Dip146,gscdb137,true,true,false,false,1600,2
Dip146_144,Dip146,gscdb137,false,true,false,false,,2
Dip146_145,Dip146,gscdb137,false,true,false,false,,2
Dip146_146,Dip146,gscdb137,true,true,false,false,1600,2
Dip146_147,Dip146,gscdb137,false,true,false,false,,2
Dip146_148,Dip146,gscdb137,false,true,false,false,,2
Dip146_149,Dip146,gscdb137,true,true,false,false,1600,2
Dip146_150,Dip146,gscdb137,false,true,false,false,,2
Dip146_151,Dip146,gscdb137,false,true,false,false,,2
Dip146_152,Dip146,gscdb137,true,true,false,false,1600,2
Dip146_153,Dip146,gscdb137,false,true,false,false,,2
Dip146_154,Dip146,gscdb137,false,true,false,false,,2
Dip146_155,Dip146,gscdb137,true,true,false,false,1600,2
Dip146_156,Dip146,gscdb137,false,true,false,false,,2
Dip146_157,Dip146,gscdb137,false,true,false,false,,2
Dip146_158,Dip146,gscdb137,true,true,false,false,1600,2
Dip146_159,Dip146,gscdb137,false,true,false,false,,2
Dip146_160,Dip146,gscdb137,false,true,false,false,,2
Dip146_161,Dip146,gscdb137,true,true,false,false,1600,2
Dip146_162,Dip146,gscdb137,false,true,false,false,,2
Dip146_163,Dip146,gscdb137,false,true,false,false,,2
Dip146_164,Dip146,gscdb137,true,true,false,false,1600,2
Dip146_165,Dip146,gscdb137,false,true,false,false,,2
Dip146_166,Dip146,gscdb137,false,true,false,false,,2
Dip146_167,Dip146,gscdb137,true,true,false,false,1600,2
Dip146_168,Dip146,gscdb137,false,true,false,false,,2
Dip146_169,Dip146,gscdb137,false,true,false,false,,2
Dip146_170,Dip146,gscdb137,true,true,false,false,1600,2
Dip146_171,Dip146,gscdb137,false,true,false,false,,2
Dip146_172,Dip146,gscdb137,false,true,false,false,,2
Dip146_173,Dip146,gscdb137,true,true,false,false,1600,2
Dip146_174,Dip146,gscdb137,false,true,false,false,,2
Dip146_175,Dip146,gscdb137,false,true,false,false,,2
Dip146_176,Dip146,gscdb137,true,true,false,false,1600,2
Dip146_177,Dip146,gscdb137,false,true,false,false,,2
Dip146_178,Dip146,gscdb137,false,true,false,false,,2
Dip146_179,Dip146,gscdb137,true,true,false,false,1600,2
Dip146_180,Dip146,gscdb137,false,true,false,false,,2
Dip146_181,Dip146,gscdb137,false,true,false,false,,2
Dip146_182,Dip146,gscdb137,true,true,false,false,1600,2
Dip146_183,Dip146,gscdb137,false,true,false,false,,2
Dip146_184,Dip146,gscdb137,false,true,false,false,,2
Dip146_185,Dip146,gscdb137,true,true,false,false,1600,2
Dip146_186,Dip146,gscdb137,false,true,false,false,,2
Dip146_187,Dip146,gscdb137,false,true,false,false,,2
Dip146_188,Dip146,gscdb137,true,true,false,false,1600,2
Dip146_189,Dip146,gscdb137,false,true,false,false,,2
Dip146_190,Dip146,gscdb137,false,true,false,false,,2
EA50_1,EA50,gscdb137,false,true,false,false,,2
EA50_2,EA50,gscdb137,false,true,false,false,,2
EA50_3,EA50,gscdb137,false,true,false,false,,2
EA50_4,EA50,gscdb137,false,true,false,false,,2
EA50_5,EA50,gscdb137,false,true,false,false,,2
EA50_6,EA50,gscdb137,false,true,false,false,,2
EA50_7,EA50,gscdb137,false,true,false,false,,2
EA50_8,EA50,gscdb137,false,true,false,false,,2
EA50_9,EA50,gscdb137,false,true,false,false,,2
EA50_10,EA50,gscdb137,false,true,false,false,,2
EA50_11,EA50,gscdb137,false,true,false,false,,2
EA50_12,EA50,gscdb137,false,true,false,false,,2
EA50_13,EA50,gscdb137,false,true,false,false,,2
EA50_14,EA50,gscdb137,false,true,false,false,,2
EA50_15,EA50,gscdb137,false,true,false,false,,2
EA50_16,EA50,gscdb137,false,true,false,false,,2
EA50_17,EA50,gscdb137,false,true,false,false,,2
EA50_18,EA50,gscdb137,false,true,false,false,,2
EA50_19,EA50,gscdb137,false,true,false,false,,2
EA50_20,EA50,gscdb137,false,true,false,false,,2
EA50_21,EA50,gscdb137,false,true,false,false,,2
EA50_22,EA50,gscdb137,false,true,false,false,,2
EA50_23,EA50,gscdb137,false,true,false,false,,2
EA50_24,EA50,gscdb137,false,true,false,false,,2
EA50_25,EA50,gscdb137,false,true,false,false,,2
EA50_26,EA50,gscdb137,false,true,false,false,,2
EA50_27,EA50,gscdb137,false,true,false,false,,2
EA50_28,EA50,gscdb137,false,true,false,false,,2
EA50_29,EA50,gscdb137,false,true,false,false,,2
EA50_30,EA50,gscdb137,false,true,false,false,,2
EA50_31,EA50,gscdb137,false,true,false,false,,2
EA50_32,EA50,gscdb137,false,true,false,false,,2
EA50_33,EA50,gscdb137,false,true,false,false,,2
EA50_34,EA50,gscdb137,false,true,false,false,,2
EA50_35,EA50,gscdb137,false,true,false,false,,2
EA50_36,EA50,gscdb137,false,true,false,false,,2
EA50_37,EA50,gscdb137,false,true,false,false,,2
EA50_38,EA50,gscdb137,false,true,false,false,,2
EA50_39,EA50,gscdb137,false,true,false,false,,2
EA50_40,EA50,gscdb137,false,true,false,false,,2
EA50_41,EA50,gscdb137,false,true,false,false,,2
EA50_42,EA50,gscdb137,false,true,false,false,,2
EA50_43,EA50,gscdb137,false,true,false,false,,2
EA50_44,EA50,gscdb137,false,true,false,false,,2
EA50_45,EA50,gscdb137,false,true,false,false,,2
EA50_46,EA50,gscdb137,false,true,false,false,,2
EA50_47,EA50,gscdb137,false,true,false,false,,2
EA50_48,EA50,gscdb137,false,true,false,false,,2
EA50_49,EA50,gscdb137,false,true,false,false,,2
EA50_50,EA50,gscdb137,false,true,false,false,,2
EIE22_1,EIE22,gscdb137,true,true,false,false,20,2
EIE22_2,EIE22,gscdb137,true,true,false,false,20,2
EIE22_3,EIE22,gscdb137,true,true,false,false,20,2
EIE22_4,EIE22,gscdb137,true,true,false,false,20,2
EIE22_5,EIE22,gscdb137,true,true,false,false,20,2
EIE22_6,EIE22,gscdb137,true,true,false,false,20,2
EIE22_7,EIE22,gscdb137,true,true,false,false,20,2
EIE22_8,EIE22,gscdb137,true,true,false,false,20,2
EIE22_9,EIE22,gscdb137,true,true,false,false,20,2
EIE22_10,EIE22,gscdb137,true,true,false,false,20,2
EIE22_11,EIE22,gscdb137,true,true,false,false,20,2
EIE22_12,EIE22,gscdb137,true,true,false,false,20,2
EIE22_13,EIE22,gscdb137,true,true,false,false,20,2
EIE22_14,EIE22,gscdb137,true,true,false,false,20,2
EIE22_15,EIE22,gscdb137,true,true,false,false,20,2
EIE22_16,EIE22,gscdb137,true,true,false,false,20,2
EIE22_17,EIE22,gscdb137,true,true,false,false,20,2
EIE22_18,EIE22,gscdb137,true,true,false,false,20,2
EIE22_19,EIE22,gscdb137,true,true,false,false,20,2
EIE22_20,EIE22,gscdb137,true,true,false,false,20,2
EIE22_21,EIE22,gscdb137,true,true,false,false,20,2
EIE22_22,EIE22,gscdb137,true,true,false,false,20,2
FH51_1,FH51,gscdb137,false,true,false,false,,4
FH51_2,FH51,gscdb137,false,true,false,false,,4
FH51_3,FH51,gscdb137,false,true,false,false,,4
FH51_4,FH51,gscdb137,false,true,false,false,,4
FH51_5,FH51,gscdb137,false,true,false,false,,3
FH51_6,FH51,gscdb137,false,true,false,false,,3
FH51_7,FH51,gscdb137,false,true,false,false,,4
FH51_8,FH51,gscdb137,false,true,false,false,,2
FH51_9,FH51,gscdb137,false,true,false,false,,4
FH51_10,FH51,gscdb137,false,true,false,false,,4
FH51_11,FH51,gscdb137,false,true,false,false,,2
FH51_12,FH51,gscdb137,false,true,false,false,,3
FH51_13,FH51,gscdb137,false,true,false,false,,3
FH51_14,FH51,gscdb137,false,true,false,false,,3
FH51_15,FH51,gscdb137,false,true,false,false,,3
FH51_16,FH51,gscdb137,false,true,false,false,,3
FH51_17,FH51,gscdb137,false,true,false,false,,3
FH51_18,FH51,gscdb137,false,true,false,false,,4
FH51_19,FH51,gscdb137,false,true,false,false,,3
FH51_20,FH51,gscdb137,false,true,false,false,,4
FH51_21,FH51,gscdb137,false,true,false,false,,3
FH51_22,FH51,gscdb137,false,true,false,false,,3
FH51_23,FH51,gscdb137,false,true,false,false,,3
FH51_24,FH51,gscdb137,false,true,false,false,,3
FH51_25,FH51,gscdb137,false,true,false,false,,3
FH51_26,FH51,gscdb137,false,true,false,false,,3
FH51_27,FH51,gscdb137,false,true,false,false,,3
FH51_28,FH51,gscdb137,false,true,false,false,,4
FH51_29,FH51,gscdb137,false,true,false,false,,3
FH51_30,FH51,gscdb137,false,true,false,false,,4
FH51_31,FH51,gscdb137,false,true,false,false,,2
FH51_32,FH51,gscdb137,false,true,false,false,,2
FH51_33,FH51,gscdb137,false,true,false,false,,2
FH51_34,FH51,gscdb137,false,true,false,false,,3
FH51_35,FH51,gscdb137,false,true,false,false,,4
FH51_36,FH51,gscdb137,false,true,false,false,,4
FH51_37,FH51,gscdb137,false,true,false,false,,3
FH51_38,FH51,gscdb137,false,true,false,false,,3
FH51_39,FH51,gscdb137,false,true,false,false,,3
FH51_40,FH51,gscdb137,false,true,false,false,,2
FH51_41,FH51,gscdb137,false,true,false,false,,4
FH51_42,FH51,gscdb137,false,true,false,false,,2
FH51_43,FH51,gscdb137,false,true,false,false,,2
FH51_44,FH51,gscdb137,false,true,false,false,,2
FH51_45,FH51,gscdb137,false,true,false,false,,2
FH51_46,FH51,gscdb137,false,true,false,false,,3
FH51_47,FH51,gscdb137,false,true,false,false,,2
FH51_48,FH51,gscdb137,false,true,false,false,,2
FH51_49,FH51,gscdb137,false,true,false,false,,4
FH51_50,FH51,gscdb137,false,true,false,false,,2
FH51_51,FH51,gscdb137,false,true,false,false,,4
FmH2O10_1,FmH2O10,gscdb137,false,true,false,false,,12
FmH2O10_2,FmH2O10,gscdb137,false,true,false,false,,12
FmH2O10_3,FmH2O10,gscdb137,false,true,false,false,,12
FmH2O10_4,FmH2O10,gscdb137,false,true,false,false,,12
FmH2O10_5,FmH2O10,gscdb137,false,true,false,false,,12
FmH2O10_6,FmH2O10,gscdb137,false,true,false,false,,12
FmH2O10_7,FmH2O10,gscdb137,false,true,false,false,,12
FmH2O10_8,FmH2O10,gscdb137,false,true,false,false,,12
FmH2O10_9,FmH2O10,gscdb137,false,true,false,false,,12
FmH2O10_10,FmH2O10,gscdb137,false,true,false,false,,12
G21EA_1,G21EA,gscdb137,true,true,false,false,9,2
G21EA_2,G21EA,gscdb137,true,true,false,false,9,2
G21EA_3,G21EA,gscdb137,true,true,false,false,9,2
G21EA_4,G21EA,gscdb137,true,true,false,false,9,2
G21EA_5,G21EA,gscdb137,true,true,false,false,9,2
G21EA_6,G21EA,gscdb137,true,true,false,false,9,2
G21EA_7,G21EA,gscdb137,true,true,false,false,9,2
G21EA_8,G21EA,gscdb137,true,true,false,false,9,2
G21EA_9,G21EA,gscdb137,true,true,false,false,9,2
G21EA_10,G21EA,gscdb137,true,true,false,false,9,2
G21EA_11,G21EA,gscdb137,true,true,false,false,9,2
G21EA_12,G21EA,gscdb137,true,true,false,false,9,2
G21EA_13,G21EA,gscdb137,true,true,false,false,9,2
G21EA_14,G21EA,gscdb137,true,true,false,false,9,2
G21EA_15,G21EA,gscdb137,true,true,false,false,9,2
G21EA_16,G21EA,gscdb137,true,true,false,false,9,2
G21EA_17,G21EA,gscdb137,true,true,false,false,9,2
G21EA_18,G21EA,gscdb137,true,true,false,false,9,2
G21EA_19,G21EA,gscdb137,true,true,false,false,9,2
G21EA_20,G21EA,gscdb137,true,true,false,false,9,2
G21EA_21,G21EA,gscdb137,true,true,false,false,9,2
G21EA_22,G21EA,gscdb137,true,true,false,false,9,2
G21EA_23,G21EA,gscdb137,true,true,false,false,9,2
G21EA_24,G21EA,gscdb137,true,true,false,false,9,2
G21EA_25,G21EA,gscdb137,true,true,false,false,9,2
G21IP_1,G21IP,gscdb137,true,true,false,false,1.3999999999999999,1
G21IP_2,G21IP,gscdb137,true,true,false,false,1.3999999999999999,2
G21IP_3,G21IP,gscdb137,true,true,false,false,1.3999999999999999,2
G21IP_4,G21IP,gscdb137,true,true,false,false,1.3999999999999999,2
G21IP_5,G21IP,gscdb137,true,true,false,false,1.3999999999999999,2
G21IP_6,G21IP,gscdb137,true,true,false,false,1.3999999999999999,2
G21IP_7,G21IP,gscdb137,true,true,false,false,1.3999999999999999,2
G21IP_8,G21IP,gscdb137,true,true,false,false,1.3999999999999999,2
G21IP_9,G21IP,gscdb137,true,true,false,false,1.3999999999999999,2
G21IP_10,G21IP,gscdb137,true,true,false,false,1.3999999999999999,2
G21IP_11,G21IP,gscdb137,true,true,false,false,1.3999999999999999,2
G21IP_12,G21IP,gscdb137,true,true,false,false,1.3999999999999999,2
G21IP_13,G21IP,gscdb137,true,true,false,false,1.3999999999999999,2
G21IP_14,G21IP,gscdb137,true,true,false,false,1.3999999999999999,2
G21IP_15,G21IP,gscdb137,true,true,false,false,1.3999999999999999,2
G21IP_16,G21IP,gscdb137,true,true,false,false,1.3999999999999999,2
G21IP_17,G21IP,gscdb137,true,true,false,false,1.3999999999999999,2
G21IP_18,G21IP,gscdb137,true,true,false,false,1.3999999999999999,2
G21IP_19,G21IP,gscdb137,true,true,false,false,1.3999999999999999,2
G21IP_20,G21IP,gscdb137,true,true,false,false,1.3999999999999999,2
G21IP_21,G21IP,gscdb137,true,true,false,false,1.3999999999999999,2
G21IP_22,G21IP,gscdb137,true,true,false,false,1.3999999999999999,2
G21IP_23,G21IP,gscdb137,true,true,false,false,1.3999999999999999,2
G21IP_24,G21IP,gscdb137,true,true,false,false,1.3999999999999999,2
G21IP_25,G21IP,gscdb137,true,true,false,false,1.3999999999999999,2
G21IP_26,G21IP,gscdb137,true,true,false,false,1.3999999999999999,2
G21IP_27,G21IP,gscdb137,true,true,false,false,1.3999999999999999,2
G21IP_28,G21IP,gscdb137,true,true,false,false,1.3999999999999999,2
G21IP_29,G21IP,gscdb137,true,true,false,false,1.3999999999999999,2
G21IP_30,G21IP,gscdb137,true,true,false,false,1.3999999999999999,2
G21IP_31,G21IP,gscdb137,true,true,false,false,1.3999999999999999,2
G21IP_32,G21IP,gscdb137,true,true,false,false,1.3999999999999999,2
G21IP_33,G21IP,gscdb137,true,true,false,false,1.3999999999999999,2
G21IP_34,G21IP,gscdb137,true,true,false,false,1.3999999999999999,2
G21IP_35,G21IP,gscdb137,true,true,false,false,1.3999999999999999,2
G21IP_36,G21IP,gscdb137,true,true,false,false,1.3999999999999999,2
G2RC_1,G2RC24,gscdb137,false,true,false,false,,3
G2RC_2,G2RC24,gscdb137,false,true,false,false,,3
G2RC_3,G2RC24,gscdb137,false,true,false,false,,3
G2RC_4,G2RC24,gscdb137,false,true,false,false,,3
G2RC_5,G2RC24,gscdb137,false,true,false,false,,4
G2RC_6,G2RC24,gscdb137,false,true,false,false,,4
G2RC_7,G2RC24,gscdb137,false,true,false,false,,3
G2RC_8,G2RC24,gscdb137,false,true,false,false,,3
G2RC_9,G2RC24,gscdb137,false,true,false,false,,3
G2RC_10,G2RC24,gscdb137,false,true,false,false,,4
G2RC_11,G2RC24,gscdb137,false,true,false,false,,4
G2RC_12,G2RC24,gscdb137,false,true,false,false,,3
G2RC_13,G2RC24,gscdb137,false,true,false,false,,3
G2RC_14,G2RC24,gscdb137,false,true,false,false,,4
G2RC_15,G2RC24,gscdb137,false,true,false,false,,3
G2RC_16,G2RC24,gscdb137,false,true,false,false,,4
G2RC_17,G2RC24,gscdb137,false,true,false,false,,3
G2RC_18,G2RC24,gscdb137,false,true,false,false,,4
G2RC_19,G2RC24,gscdb137,false,true,false,false,,4
G2RC_20,G2RC24,gscdb137,false,true,false,false,,4
G2RC_21,G2RC24,gscdb137,false,true,false,false,,4
G2RC_23,G2RC24,gscdb137,false,true,false,false,,3
G2RC_24,G2RC24,gscdb137,false,true,false,false,,2
G2RC_25,G2RC24,gscdb137,false,true,false,false,,3
H2O16Rel5_1,H2O16Rel4,gscdb137,false,true,false,false,,2
H2O16Rel5_2,H2O16Rel4,gscdb137,false,true,false,false,,2
H2O16Rel5_3,H2O16Rel4,gscdb137,false,true,false,false,,2
H2O16Rel5_5,H2O16Rel4,gscdb137,false,true,false,false,,2
H2O20Rel10_2,H2O20Rel9,gscdb137,false,true,false,false,,42
H2O20Rel10_3,H2O20Rel9,gscdb137,false,true,false,false,,42
H2O20Rel10_4,H2O20Rel9,gscdb137,false,true,false,false,,42
H2O20Rel10_5,H2O20Rel9,gscdb137,false,true,false,false,,42
H2O20Rel10_6,H2O20Rel9,gscdb137,false,true,false,false,,42
H2O20Rel10_7,H2O20Rel9,gscdb137,false,true,false,false,,42
H2O20Rel10_8,H2O20Rel9,gscdb137,false,true,false,false,,42
H2O20Rel10_9,H2O20Rel9,gscdb137,false,true,false,false,,42
H2O20Rel10_10,H2O20Rel9,gscdb137,false,true,false,false,,42
HAT707_2,HAT707MR,gscdb137,false,true,false,false,,4
HAT707_3,HAT707MR,gscdb137,false,true,false,false,,4
HAT707_4,HAT707MR,gscdb137,false,true,false,false,,4
HAT707_5,HAT707MR,gscdb137,false,true,false,false,,4
HAT707_6,HAT707MR,gscdb137,false,true,false,false,,4
HAT707_7,HAT707MR,gscdb137,false,true,false,false,,4
HAT707_8,HAT707MR,gscdb137,false,true,false,false,,4
HAT707_9,HAT707MR,gscdb137,false,true,false,false,,4
HAT707_10,HAT707MR,gscdb137,false,true,false,false,,4
HAT707_11,HAT707MR,gscdb137,false,true,false,false,,4
HAT707_16,HAT707MR,gscdb137,false,true,false,false,,4
HAT707_17,HAT707MR,gscdb137,false,true,false,false,,4
HAT707_45,HAT707MR,gscdb137,false,true,false,false,,4
HAT707_71,HAT707MR,gscdb137,false,true,false,false,,4
HAT707_72,HAT707MR,gscdb137,false,true,false,false,,4
HAT707_103,HAT707MR,gscdb137,false,true,false,false,,4
HAT707_108,HAT707MR,gscdb137,false,true,false,false,,4
HAT707_109,HAT707MR,gscdb137,false,true,false,false,,4
HAT707_117,HAT707MR,gscdb137,false,true,false,false,,4
HAT707_119,HAT707MR,gscdb137,false,true,false,false,,4
HAT707_120,HAT707MR,gscdb137,false,true,false,false,,4
HAT707_121,HAT707MR,gscdb137,false,true,false,false,,4
HAT707_122,HAT707MR,gscdb137,false,true,false,false,,4
HAT707_123,HAT707MR,gscdb137,false,true,false,false,,4
HAT707_124,HAT707MR,gscdb137,false,true,false,false,,4
HAT707_125,HAT707MR,gscdb137,false,true,false,false,,4
HAT707_126,HAT707MR,gscdb137,false,true,false,false,,4
HAT707_129,HAT707MR,gscdb137,false,true,false,false,,4
HAT707_130,HAT707MR,gscdb137,false,true,false,false,,4
HAT707_161,HAT707MR,gscdb137,false,true,false,false,,4
HAT707_176,HAT707MR,gscdb137,false,true,false,false,,4
HAT707_181,HAT707MR,gscdb137,false,true,false,false,,4
HAT707_182,HAT707MR,gscdb137,false,true,false,false,,4
HAT707_188,HAT707MR,gscdb137,false,true,false,false,,4
HAT707_189,HAT707MR,gscdb137,false,true,false,false,,4
HAT707_190,HAT707MR,gscdb137,false,true,false,false,,4
HAT707_191,HAT707MR,gscdb137,false,true,false,false,,4
HAT707_192,HAT707MR,gscdb137,false,true,false,false,,4
HAT707_196,HAT707MR,gscdb137,false,true,false,false,,4
HAT707_221,HAT707MR,gscdb137,false,true,false,false,,4
HAT707_236,HAT707MR,gscdb137,false,true,false,false,,4
HAT707_237,HAT707MR,gscdb137,false,true,false,false,,4
HAT707_260,HAT707MR,gscdb137,false,true,false,false,,4
HAT707_261,HAT707MR,gscdb137,false,true,false,false,,4
HAT707_262,HAT707MR,gscdb137,false,true,false,false,,4
HAT707_263,HAT707MR,gscdb137,false,true,false,false,,4
HAT707_264,HAT707MR,gscdb137,false,true,false,false,,4
HAT707_265,HAT707MR,gscdb137,false,true,false,false,,4
HAT707_266,HAT707MR,gscdb137,false,true,false,false,,4
HAT707_267,HAT707MR,gscdb137,false,true,false,false,,4
HAT707_268,HAT707MR,gscdb137,false,true,false,false,,4
HAT707_269,HAT707MR,gscdb137,false,true,false,false,,4
HAT707_273,HAT707MR,gscdb137,false,true,false,false,,4
HAT707_296,HAT707MR,gscdb137,false,true,false,false,,4
HAT707_297,HAT707MR,gscdb137,false,true,false,false,,4
HAT707_315,HAT707MR,gscdb137,false,true,false,false,,4
HAT707_316,HAT707MR,gscdb137,false,true,false,false,,4
HAT707_317,HAT707MR,gscdb137,false,true,false,false,,4
HAT707_325,HAT707MR,gscdb137,false,true,false,false,,4
HAT707_330,HAT707MR,gscdb137,false,true,false,false,,4
HAT707_334,HAT707MR,gscdb137,false,true,false,false,,4
HAT707_336,HAT707MR,gscdb137,false,true,false,false,,4
HAT707_339,HAT707MR,gscdb137,false,true,false,false,,4
HAT707_341,HAT707MR,gscdb137,false,true,false,false,,4
HAT707_346,HAT707MR,gscdb137,false,true,false,false,,4
HAT707_349,HAT707MR,gscdb137,false,true,false,false,,4
HAT707_350,HAT707MR,gscdb137,false,true,false,false,,4
HAT707_354,HAT707MR,gscdb137,false,true,false,false,,4
HAT707_355,HAT707MR,gscdb137,false,true,false,false,,4
HAT707_358,HAT707MR,gscdb137,false,true,false,false,,4
HAT707_359,HAT707MR,gscdb137,false,true,false,false,,4
HAT707_360,HAT707MR,gscdb137,false,true,false,false,,4
HAT707_361,HAT707MR,gscdb137,false,true,false,false,,4
HAT707_362,HAT707MR,gscdb137,false,true,false,false,,4
HAT707_363,HAT707MR,gscdb137,false,true,false,false,,4
HAT707_364,HAT707MR,gscdb137,false,true,false,false,,4
HAT707_365,HAT707MR,gscdb137,false,true,false,false,,4
HAT707_366,HAT707MR,gscdb137,false,true,false,false,,4
HAT707_367,HAT707MR,gscdb137,false,true,false,false,,4
HAT707_368,HAT707MR,gscdb137,false,true,false,false,,4
HAT707_370,HAT707MR,gscdb137,false,true,false,false,,4
HAT707_371,HAT707MR,gscdb137,false,true,false,false,,4
HAT707_372,HAT707MR,gscdb137,false,true,false,false,,4
HAT707_373,HAT707MR,gscdb137,false,true,false,false,,4
HAT707_374,HAT707MR,gscdb137,false,true,false,false,,4
HAT707_376,HAT707MR,gscdb137,false,true,false,false,,4
HAT707_377,HAT707MR,gscdb137,false,true,false,false,,4
HAT707_378,HAT707MR,gscdb137,false,true,false,false,,4
HAT707_379,HAT707MR,gscdb137,false,true,false,false,,4
HAT707_380,HAT707MR,gscdb137,false,true,false,false,,4
HAT707_382,HAT707MR,gscdb137,false,true,false,false,,4
HAT707_383,HAT707MR,gscdb137,false,true,false,false,,4
HAT707_385,HAT707MR,gscdb137,false,true,false,false,,4
HAT707_387,HAT707MR,gscdb137,false,true,false,false,,4
HAT707_390,HAT707MR,gscdb137,false,true,false,false,,4
HAT707_391,HAT707MR,gscdb137,false,true,false,false,,4
HAT707_392,HAT707MR,gscdb137,false,true,false,false,,4
HAT707_394,HAT707MR,gscdb137,false,true,false,false,,4
HAT707_396,HAT707MR,gscdb137,false,true,false,false,,4
HAT707_398,HAT707MR,gscdb137,false,true,false,false,,4
HAT707_400,HAT707MR,gscdb137,false,true,false,false,,4
HAT707_404,HAT707MR,gscdb137,false,true,false,false,,4
HAT707_406,HAT707MR,gscdb137,false,true,false,false,,4
HAT707_411,HAT707MR,gscdb137,false,true,false,false,,4
HAT707_412,HAT707MR,gscdb137,false,true,false,false,,4
HAT707_413,HAT707MR,gscdb137,false,true,false,false,,4
HAT707_414,HAT707MR,gscdb137,false,true,false,false,,4
HAT707_432,HAT707MR,gscdb137,false,true,false,false,,4
HAT707_433,HAT707MR,gscdb137,false,true,false,false,,4
HAT707_434,HAT707MR,gscdb137,false,true,false,false,,4
HAT707_435,HAT707MR,gscdb137,false,true,false,false,,4
HAT707_438,HAT707MR,gscdb137,false,true,false,false,,4
HAT707_439,HAT707MR,gscdb137,false,true,false,false,,4
HAT707_440,HAT707MR,gscdb137,false,true,false,false,,4
HAT707_441,HAT707MR,gscdb137,false,true,false,false,,4
HAT707_442,HAT707MR,gscdb137,false,true,false,false,,4
HAT707_443,HAT707MR,gscdb137,false,true,false,false,,4
HAT707_444,HAT707MR,gscdb137,false,true,false,false,,4
HAT707_448,HAT707MR,gscdb137,false,true,false,false,,4
HAT707_469,HAT707MR,gscdb137,false,true,false,false,,4
HAT707_484,HAT707MR,gscdb137,false,true,false,false,,4
HAT707_485,HAT707MR,gscdb137,false,true,false,false,,4
HAT707_501,HAT707MR,gscdb137,false,true,false,false,,4
HAT707_505,HAT707MR,gscdb137,false,true,false,false,,4
HAT707_506,HAT707MR,gscdb137,false,true,false,false,,4
HAT707_509,HAT707MR,gscdb137,false,true,false,false,,4
HAT707_510,HAT707MR,gscdb137,false,true,false,false,,4
HAT707_511,HAT707MR,gscdb137,false,true,false,false,,4
HAT707_512,HAT707MR,gscdb137,false,true,false,false,,4
HAT707_513,HAT707MR,gscdb137,false,true,false,false,,4
HAT707_514,HAT707MR,gscdb137,false,true,false,false,,4
HAT707_515,HAT707MR,gscdb137,false,true,false,false,,4
HAT707_516,HAT707MR,gscdb137,false,true,false,false,,4
HAT707_517,HAT707MR,gscdb137,false,true,false,false,,4
HAT707_521,HAT707MR,gscdb137,false,true,false,false,,4
HAT707_546,HAT707MR,gscdb137,false,true,false,false,,4
HAT707_547,HAT707MR,gscdb137,false,true,false,false,,4
HAT707_566,HAT707MR,gscdb137,false,true,false,false,,4
HAT707_567,HAT707MR,gscdb137,false,true,false,false,,4
HAT707_568,HAT707MR,gscdb137,false,true,false,false,,4
HAT707_569,HAT707MR,gscdb137,false,true,false,false,,4
HAT707_570,HAT707MR,gscdb137,false,true,false,false,,4
HAT707_571,HAT707MR,gscdb137,false,true,false,false,,4
HAT707_572,HAT707MR,gscdb137,false,true,false,false,,4
HAT707_573,HAT707MR,gscdb137,false,true,false,false,,4
HAT707_574,HAT707MR,gscdb137,false,true,false,false,,4
HAT707_575,HAT707MR,gscdb137,false,true,false,false,,4
HAT707_580,HAT707MR,gscdb137,false,true,false,false,,4
HAT707_581,HAT707MR,gscdb137,false,true,false,false,,4
HAT707_605,HAT707MR,gscdb137,false,true,false,false,,4
HAT707_624,HAT707MR,gscdb137,false,true,false,false,,4
HAT707_625,HAT707MR,gscdb137,false,true,false,false,,4
HAT707_658,HAT707MR,gscdb137,false,true,false,false,,4
HAT707_659,HAT707MR,gscdb137,false,true,false,false,,4
HAT707_660,HAT707MR,gscdb137,false,true,false,false,,4
HAT707_661,HAT707MR,gscdb137,false,true,false,false,,4
HAT707_662,HAT707MR,gscdb137,false,true,false,false,,4
HAT707_663,HAT707MR,gscdb137,false,true,false,false,,4
HAT707_664,HAT707MR,gscdb137,false,true,false,false,,4
HAT707_665,HAT707MR,gscdb137,false,true,false,false,,4
HAT707_666,HAT707MR,gscdb137,false,true,false,false,,4
HAT707_667,HAT707MR,gscdb137,false,true,false,false,,4
HAT707_668,HAT707MR,gscdb137,false,true,false,false,,4
HAT707_669,HAT707MR,gscdb137,false,true,false,false,,4
HAT707_670,HAT707MR,gscdb137,false,true,false,false,,4
HAT707_671,HAT707MR,gscdb137,false,true,false,false,,4
HAT707_672,HAT707MR,gscdb137,false,true,false,false,,4
HAT707_673,HAT707MR,gscdb137,false,true,false,false,,4
HAT707_674,HAT707MR,gscdb137,false,true,false,false,,4
HAT707_675,HAT707MR,gscdb137,false,true,false,false,,4
HAT707_676,HAT707MR,gscdb137,false,true,false,false,,4
HAT707_677,HAT707MR,gscdb137,false,true,false,false,,4
HAT707_678,HAT707MR,gscdb137,false,true,false,false,,4
HAT707_679,HAT707MR,gscdb137,false,true,false,false,,4
HAT707_680,HAT707MR,gscdb137,false,true,false,false,,4
HAT707_681,HAT707MR,gscdb137,false,true,false,false,,4
HAT707_682,HAT707MR,gscdb137,false,true,false,false,,4
HAT707_683,HAT707MR,gscdb137,false,true,false,false,,4
HAT707_684,HAT707MR,gscdb137,false,true,false,false,,4
HAT707_685,HAT707MR,gscdb137,false,true,false,false,,4
HAT707_686,HAT707MR,gscdb137,false,true,false,false,,4
HAT707_687,HAT707MR,gscdb137,false,true,false,false,,4
HAT707_688,HAT707MR,gscdb137,false,true,false,false,,4
HAT707_689,HAT707MR,gscdb137,false,true,false,false,,4
HAT707_690,HAT707MR,gscdb137,false,true,false,false,,4
HAT707_691,HAT707MR,gscdb137,false,true,false,false,,4
HAT707_692,HAT707MR,gscdb137,false,true,false,false,,4
HAT707_693,HAT707MR,gscdb137,false,true,false,false,,4
HAT707_694,HAT707MR,gscdb137,false,true,false,false,,4
HAT707_695,HAT707MR,gscdb137,false,true,false,false,,4
HAT707_696,HAT707MR,gscdb137,false,true,false,false,,4
HAT707_697,HAT707MR,gscdb137,false,true,false,false,,4
HAT707_698,HAT707MR,gscdb137,false,true,false,false,,4
HAT707_699,HAT707MR,gscdb137,false,true,false,false,,4
HAT707_700,HAT707MR,gscdb137,false,true,false,false,,4
HAT707_701,HAT707MR,gscdb137,false,true,false,false,,4
HAT707_702,HAT707MR,gscdb137,false,true,false,false,,4
HAT707_703,HAT707MR,gscdb137,false,true,false,false,,4
HAT707_704,HAT707MR,gscdb137,false,true,false,false,,4
HAT707_705,HAT707MR,gscdb137,false,true,false,false,,4
HAT707_706,HAT707MR,gscdb137,false,true,false,false,,4
HAT707_707,HAT707MR,gscdb137,false,true,false,false,,4
HAT707_1,HAT707nonMR,gscdb137,false,true,false,false,,4
HAT707_12,HAT707nonMR,gscdb137,false,true,false,false,,4
HAT707_13,HAT707nonMR,gscdb137,false,true,false,false,,4
HAT707_14,HAT707nonMR,gscdb137,false,true,false,false,,4
HAT707_15,HAT707nonMR,gscdb137,false,true,false,false,,4
HAT707_18,HAT707nonMR,gscdb137,false,true,false,false,,4
HAT707_19,HAT707nonMR,gscdb137,false,true,false,false,,4
HAT707_20,HAT707nonMR,gscdb137,false,true,false,false,,4
HAT707_21,HAT707nonMR,gscdb137,false,true,false,false,,4
HAT707_22,HAT707nonMR,gscdb137,false,true,false,false,,4
HAT707_23,HAT707nonMR,gscdb137,false,true,false,false,,4
HAT707_24,HAT707nonMR,gscdb137,false,true,false,false,,4
HAT707_25,HAT707nonMR,gscdb137,false,true,false,false,,4
HAT707_26,HAT707nonMR,gscdb137,false,true,false,false,,4
HAT707_27,HAT707nonMR,gscdb137,false,true,false,false,,4
HAT707_28,HAT707nonMR,gscdb137,false,true,false,false,,4
HAT707_29,HAT707nonMR,gscdb137,false,true,false,false,,4
HAT707_30,HAT707nonMR,gscdb137,false,true,false,false,,4
HAT707_31,HAT707nonMR,gscdb137,false,true,false,false,,4
HAT707_32,HAT707nonMR,gscdb137,false,true,false,false,,4
HAT707_33,HAT707nonMR,gscdb137,false,true,false,false,,4
HAT707_34,HAT707nonMR,gscdb137,false,true,false,false,,4
HAT707_35,HAT707nonMR,gscdb137,false,true,false,false,,4
HAT707_36,HAT707nonMR,gscdb137,false,true,false,false,,4
HAT707_37,HAT707nonMR,gscdb137,false,true,false,false,,4
HAT707_38,HAT707nonMR,gscdb137,false,true,false,false,,4
HAT707_39,HAT707nonMR,gscdb137,false,true,false,false,,4
HAT707_40,HAT707nonMR,gscdb137,false,true,false,false,,4
HAT707_41,HAT707nonMR,gscdb137,false,true,false,false,,4
HAT707_42,HAT707nonMR,gscdb137,false,true,false,false,,4
HAT707_43,HAT707nonMR,gscdb137,false,true,false,false,,4
HAT707_44,HAT707nonMR,gscdb137,false,true,false,false,,4
HAT707_46,HAT707nonMR,gscdb137,false,true,false,false,,4
HAT707_47,HAT707nonMR,gscdb137,false,true,false,false,,4
HAT707_48,HAT707nonMR,gscdb137,false,true,false,false,,4
HAT707_49,HAT707nonMR,gscdb137,false,true,false,false,,4
HAT707_50,HAT707nonMR,gscdb137,false,true,false,false,,4
HAT707_51,HAT707nonMR,gscdb137,false,true,false,false,,4
HAT707_52,HAT707nonMR,gscdb137,false,true,false,false,,4
HAT707_53,HAT707nonMR,gscdb137,false,true,false,false,,4
HAT707_54,HAT707nonMR,gscdb137,false,true,false,false,,4
HAT707_55,HAT707nonMR,gscdb137,false,true,false,false,,4
HAT707_56,HAT707nonMR,gscdb137,false,true,false,false,,4
HAT707_57,HAT707nonMR,gscdb137,false,true,false,false,,4
HAT707_58,HAT707nonMR,gscdb137,false,true,false,false,,4
HAT707_59,HAT707nonMR,gscdb137,false,true,false,false,,4
HAT707_60,HAT707nonMR,gscdb137,false,true,false,false,,4
HAT707_61,HAT707nonMR,gscdb137,false,true,false,false,,4
HAT707_62,HAT707nonMR,gscdb137,false,true,false,false,,4
HAT707_63,HAT707nonMR,gscdb137,false,true,false,false,,4
HAT707_64,HAT707nonMR,gscdb137,false,true,false,false,,4
HAT707_65,HAT707nonMR,gscdb137,false,true,false,false,,4
HAT707_66,HAT707nonMR,gscdb137,false,true,false,false,,4
HAT707_67,HAT707nonMR,gscdb137,false,true,false,false,,4
HAT707_68,HAT707nonMR,gscdb137,false,true,false,false,,4
HAT707_69,HAT707nonMR,gscdb137,false,true,false,false,,4
HAT707_70,HAT707nonMR,gscdb137,false,true,false,false,,4
HAT707_73,HAT707nonMR,gscdb137,false,true,false,false,,4
HAT707_74,HAT707nonMR,gscdb137,false,true,false,false,,3
HAT707_75,HAT707nonMR,gscdb137,false,true,false,false,,3
HAT707_76,HAT707nonMR,gscdb137,false,true,false,false,,4
HAT707_77,HAT707nonMR,gscdb137,false,true,false,false,,4
HAT707_78,HAT707nonMR,gscdb137,false,true,false,false,,4
HAT707_79,HAT707nonMR,gscdb137,false,true,false,false,,4
HAT707_80,HAT707nonMR,gscdb137,false,true,false,false,,4
HAT707_81,HAT707nonMR,gscdb137,false,true,false,false,,4
HAT707_82,HAT707nonMR,gscdb137,false,true,false,false,,4
HAT707_83,HAT707nonMR,gscdb137,false,true,false,false,,4
HAT707_84,HAT707nonMR,gscdb137,false,true,false,false,,4
HAT707_85,HAT707nonMR,gscdb137,false,true,false,false,,4
HAT707_86,HAT707nonMR,gscdb137,false,true,false,false,,4
HAT707_87,HAT707nonMR,gscdb137,false,true,false,false,,4
HAT707_88,HAT707nonMR,gscdb137,false,true,false,false,,4
HAT707_89,HAT707nonMR,gscdb137,false,true,false,false,,4
HAT707_90,HAT707nonMR,gscdb137,false,true,false,false,,4
HAT707_91,HAT707nonMR,gscdb137,false,true,false,false,,4
HAT707_92,HAT707nonMR,gscdb137,false,true,false,false,,4
HAT707_93,HAT707nonMR,gscdb137,false,true,false,false,,4
HAT707_94,HAT707nonMR,gscdb137,false,true,false,false,,4
HAT707_95,HAT707nonMR,gscdb137,false,true,false,false,,4
HAT707_96,HAT707nonMR,gscdb137,false,true,false,false,,4
HAT707_97,HAT707nonMR,gscdb137,false,true,false,false,,4
HAT707_98,HAT707nonMR,gscdb137,false,true,false,false,,4
HAT707_99,HAT707nonMR,gscdb137,false,true,false,false,,4
HAT707_100,HAT707nonMR,gscdb137,false,true,false,false,,4
HAT707_101,HAT707nonMR,gscdb137,false,true,false,false,,4
HAT707_102,HAT707nonMR,gscdb137,false,true,false,false,,4
HAT707_104,HAT707nonMR,gscdb137,false,true,false,false,,4
HAT707_105,HAT707nonMR,gscdb137,false,true,false,false,,4
HAT707_106,HAT707nonMR,gscdb137,false,true,false,false,,4
HAT707_107,HAT707nonMR,gscdb137,false,true,false,false,,4
HAT707_110,HAT707nonMR,gscdb137,false,true,false,false,,4
HAT707_111,HAT707nonMR,gscdb137,false,true,false,false,,4
HAT707_112,HAT707nonMR,gscdb137,false,true,false,false,,4
HAT707_113,HAT707nonMR,gscdb137,false,true,false,false,,4
HAT707_114,HAT707nonMR,gscdb137,false,true,false,false,,4
HAT707_115,HAT707nonMR,gscdb137,false,true,false,false,,4
HAT707_116,HAT707nonMR,gscdb137,false,true,false,false,,4
HAT707_118,HAT707nonMR,gscdb137,false,true,false,false,,4
HAT707_127,HAT707nonMR,gscdb137,false,true,false,false,,4
HAT707_128,HAT707nonMR,gscdb137,false,true,false,false,,4
HAT707_131,HAT707nonMR,gscdb137,false,true,false,false,,4
HAT707_132,HAT707nonMR,gscdb137,false,true,false,false,,4
HAT707_133,HAT707nonMR,gscdb137,false,true,false,false,,4
HAT707_134,HAT707nonMR,gscdb137,false,true,false,false,,4
HAT707_135,HAT707nonMR,gscdb137,false,true,false,false,,4
HAT707_136,HAT707nonMR,gscdb137,false,true,false,false,,4
HAT707_137,HAT707nonMR,gscdb137,false,true,false,false,,4
HAT707_138,HAT707nonMR,gscdb137,false,true,false,false,,4
HAT707_139,HAT707nonMR,gscdb137,false,true,false,false,,4
HAT707_140,HAT707nonMR,gscdb137,false,true,false,false,,4
HAT707_141,HAT707nonMR,gscdb137,false,true,false,false,,4
HAT707_142,HAT707nonMR,gscdb137,false,true,false,false,,4
HAT707_143,HAT707nonMR,gscdb137,false,true,false,false,,4
HAT707_144,HAT707nonMR,gscdb137,false,true,false,false,,4
HAT707_145,HAT707nonMR,gscdb137,false,true,false,false,,4
HAT707_146,HAT707nonMR,gscdb137,false,true,false,false,,4
HAT707_147,HAT707nonMR,gscdb137,false,true,false,false,,4
HAT707_148,HAT707nonMR,gscdb137,false,true,false,false,,4
HAT707_149,HAT707nonMR,gscdb137,false,true,false,false,,4
HAT707_150,HAT707nonMR,gscdb137,false,true,false,false,,4
HAT707_151,HAT707nonMR,gscdb137,false,true,false,false,,4
HAT707_152,HAT707nonMR,gscdb137,false,true,false,false,,4
HAT707_153,HAT707nonMR,gscdb137,false,true,false,false,,4
HAT707_154,HAT707nonMR,gscdb137,false,true,false,false,,4
HAT707_155,HAT707nonMR,gscdb137,false,true,false,false,,4
HAT707_156,HAT707nonMR,gscdb137,false,true,false,false,,4
HAT707_157,HAT707nonMR,gscdb137,false,true,false,false,,4
HAT707_158,HAT707nonMR,gscdb137,false,true,false,false,,4
HAT707_159,HAT707nonMR,gscdb137,false,true,false,false,,4
HAT707_160,HAT707nonMR,gscdb137,false,true,false,false,,4
HAT707_162,HAT707nonMR,gscdb137,false,true,false,false,,4
HAT707_163,HAT707nonMR,gscdb137,false,true,false,false,,4
HAT707_164,HAT707nonMR,gscdb137,false,true,false,false,,4
HAT707_165,HAT707nonMR,gscdb137,false,true,false,false,,4
HAT707_166,HAT707nonMR,gscdb137,false,true,false,false,,4
HAT707_167,HAT707nonMR,gscdb137,false,true,false,false,,4
HAT707_168,HAT707nonMR,gscdb137,false,true,false,false,,4
HAT707_169,HAT707nonMR,gscdb137,false,true,false,false,,3
HAT707_170,HAT707nonMR,gscdb137,false,true,false,false,,4
HAT707_171,HAT707nonMR,gscdb137,false,true,false,false,,4
HAT707_172,HAT707nonMR,gscdb137,false,true,false,false,,4
HAT707_173,HAT707nonMR,gscdb137,false,true,false,false,,4
HAT707_174,HAT707nonMR,gscdb137,false,true,false,false,,4
HAT707_175,HAT707nonMR,gscdb137,false,true,false,false,,4
HAT707_177,HAT707nonMR,gscdb137,false,true,false,false,,4
HAT707_178,HAT707nonMR,gscdb137,false,true,false,false,,4
HAT707_179,HAT707nonMR,gscdb137,false,true,false,false,,4
HAT707_180,HAT707nonMR,gscdb137,false,true,false,false,,4
HAT707_183,HAT707nonMR,gscdb137,false,true,false,false,,4
HAT707_184,HAT707nonMR,gscdb137,false,true,false,false,,4
HAT707_185,HAT707nonMR,gscdb137,false,true,false,false,,4
HAT707_186,HAT707nonMR,gscdb137,false,true,false,false,,4
HAT707_187,HAT707nonMR,gscdb137,false,true,false,false,,4
HAT707_193,HAT707nonMR,gscdb137,false,true,false,false,,4
HAT707_194,HAT707nonMR,gscdb137,false,true,false,false,,4
HAT707_195,HAT707nonMR,gscdb137,false,true,false,false,,4
HAT707_197,HAT707nonMR,gscdb137,false,true,false,false,,4
HAT707_198,HAT707nonMR,gscdb137,false,true,false,false,,4
HAT707_199,HAT707nonMR,gscdb137,false,true,false,false,,4
HAT707_200,HAT707nonMR,gscdb137,false,true,false,false,,4
HAT707_201,HAT707nonMR,gscdb137,false,true,false,false,,4
HAT707_202,HAT707nonMR,gscdb137,false,true,false,false,,4
HAT707_203,HAT707nonMR,gscdb137,false,true,false,false,,4
HAT707_204,HAT707nonMR,gscdb137,false,true,false,false,,4
HAT707_205,HAT707nonMR,gscdb137,false,true,false,false,,4
HAT707_206,HAT707nonMR,gscdb137,false,true,false,false,,4
HAT707_207,HAT707nonMR,gscdb137,false,true,false,false,,4
HAT707_208,HAT707nonMR,gscdb137,false,true,false,false,,4
HAT707_209,HAT707nonMR,gscdb137,false,true,false,false,,4
HAT707_210,HAT707nonMR,gscdb137,false,true,false,false,,4
HAT707_211,HAT707nonMR,gscdb137,false,true,false,false,,4
HAT707_212,HAT707nonMR,gscdb137,false,true,false,false,,4
HAT707_213,HAT707nonMR,gscdb137,false,true,false,false,,4
HAT707_214,HAT707nonMR,gscdb137,false,true,false,false,,4
HAT707_215,HAT707nonMR,gscdb137,false,true,false,false,,4
HAT707_216,HAT707nonMR,gscdb137,false,true,false,false,,4
HAT707_217,HAT707nonMR,gscdb137,false,true,false,false,,4
HAT707_218,HAT707nonMR,gscdb137,false,true,false,false,,4
HAT707_219,HAT707nonMR,gscdb137,false,true,false,false,,4
HAT707_220,HAT707nonMR,gscdb137,false,true,false,false,,4
HAT707_222,HAT707nonMR,gscdb137,false,true,false,false,,4
HAT707_223,HAT707nonMR,gscdb137,false,true,false,false,,4
HAT707_224,HAT707nonMR,gscdb137,false,true,false,false,,4
HAT707_225,HAT707nonMR,gscdb137,false,true,false,false,,4
HAT707_226,HAT707nonMR,gscdb137,false,true,false,false,,4
HAT707_227,HAT707nonMR,gscdb137,false,true,false,false,,4
HAT707_228,HAT707nonMR,gscdb137,false,true,false,false,,4
HAT707_229,HAT707nonMR,gscdb137,false,true,false,false,,4
HAT707_230,HAT707nonMR,gscdb137,false,true,false,false,,4
HAT707_231,HAT707nonMR,gscdb137,false,true,false,false,,4
HAT707_232,HAT707nonMR,gscdb137,false,true,false,false,,4
HAT707_233,HAT707nonMR,gscdb137,false,true,false,false,,4
HAT707_234,HAT707nonMR,gscdb137,false,true,false,false,,4
HAT707_235,HAT707nonMR,gscdb137,false,true,false,false,,4
HAT707_238,HAT707nonMR,gscdb137,false,true,false,false,,4
HAT707_239,HAT707nonMR,gscdb137,false,true,false,false,,4
HAT707_240,HAT707nonMR,gscdb137,false,true,false,false,,4
HAT707_241,HAT707nonMR,gscdb137,false,true,false,false,,4
HAT707_242,HAT707nonMR,gscdb137,false,true,false,false,,4
HAT707_243,HAT707nonMR,gscdb137,false,true,false,false,,4
HAT707_244,HAT707nonMR,gscdb137,false,true,false,false,,4
HAT707_245,HAT707nonMR,gscdb137,false,true,false,false,,4
HAT707_246,HAT707nonMR,gscdb137,false,true,false,false,,4
HAT707_247,HAT707nonMR,gscdb137,false,true,false,false,,4
HAT707_248,HAT707nonMR,gscdb137,false,true,false,false,,4
HAT707_249,HAT707nonMR,gscdb137,false,true,false,false,,4
HAT707_250,HAT707nonMR,gscdb137,false,true,false,false,,4
HAT707_251,HAT707nonMR,gscdb137,false,true,false,false,,4
HAT707_252,HAT707nonMR,gscdb137,false,true,false,false,,4
HAT707_253,HAT707nonMR,gscdb137,false,true,false,false,,4
HAT707_254,HAT707nonMR,gscdb137,false,true,false,false,,4
HAT707_255,HAT707nonMR,gscdb137,false,true,false,false,,4
HAT707_256,HAT707nonMR,gscdb137,false,true,false,false,,4
HAT707_257,HAT707nonMR,gscdb137,false,true,false,false,,4
HAT707_258,HAT707nonMR,gscdb137,false,true,false,false,,4
HAT707_259,HAT707nonMR,gscdb137,false,true,false,false,,4
HAT707_270,HAT707nonMR,gscdb137,false,true,false,false,,4
HAT707_271,HAT707nonMR,gscdb137,false,true,false,false,,4
HAT707_272,HAT707nonMR,gscdb137,false,true,false,false,,4
HAT707_274,HAT707nonMR,gscdb137,false,true,false,false,,4
HAT707_275,HAT707nonMR,gscdb137,false,true,false,false,,4
HAT707_276,HAT707nonMR,gscdb137,false,true,false,false,,4
HAT707_277,HAT707nonMR,gscdb137,false,true,false,false,,4
HAT707_278,HAT707nonMR,gscdb137,false,true,false,false,,4
HAT707_279,HAT707nonMR,gscdb137,false,true,false,false,,4
HAT707_280,HAT707nonMR,gscdb137,false,true,false,false,,4
HAT707_281,HAT707nonMR,gscdb137,false,true,false,false,,4
HAT707_282,HAT707nonMR,gscdb137,false,true,false,false,,4
HAT707_283,HAT707nonMR,gscdb137,false,true,false,false,,4
HAT707_284,HAT707nonMR,gscdb137,false,true,false,false,,4
HAT707_285,HAT707nonMR,gscdb137,false,true,false,false,,4
HAT707_286,HAT707nonMR,gscdb137,false,true,false,false,,4
HAT707_287,HAT707nonMR,gscdb137,false,true,false,false,,4
HAT707_288,HAT707nonMR,gscdb137,false,true,false,false,,4
HAT707_289,HAT707nonMR,gscdb137,false,true,false,false,,4
HAT707_290,HAT707nonMR,gscdb137,false,true,false,false,,4
HAT707_291,HAT707nonMR,gscdb137,false,true,false,false,,4
HAT707_292,HAT707nonMR,gscdb137,false,true,false,false,,4
HAT707_293,HAT707nonMR,gscdb137,false,true,false,false,,4
HAT707_294,HAT707nonMR,gscdb137,false,true,false,false,,4
HAT707_295,HAT707nonMR,gscdb137,false,true,false,false,,4
HAT707_298,HAT707nonMR,gscdb137,false,true,false,false,,4
HAT707_299,HAT707nonMR,gscdb137,false,true,false,false,,4
HAT707_300,HAT707nonMR,gscdb137,false,true,false,false,,4
HAT707_301,HAT707nonMR,gscdb137,false,true,false,false,,4
HAT707_302,HAT707nonMR,gscdb137,false,true,false,false,,4
HAT707_303,HAT707nonMR,gscdb137,false,true,false,false,,4
HAT707_304,HAT707nonMR,gscdb137,false,true,false,false,,4
HAT707_305,HAT707nonMR,gscdb137,false,true,false,false,,4
HAT707_306,HAT707nonMR,gscdb137,false,true,false,false,,4
HAT707_307,HAT707nonMR,gscdb137,false,true,false,false,,4
HAT707_308,HAT707nonMR,gscdb137,false,true,false,false,,4
HAT707_309,HAT707nonMR,gscdb137,false,true,false,false,,4
HAT707_310,HAT707nonMR,gscdb137,false,true,false,false,,4
HAT707_311,HAT707nonMR,gscdb137,false,true,false,false,,4
HAT707_312,HAT707nonMR,gscdb137,false,true,false,false,,4
HAT707_313,HAT707nonMR,gscdb137,false,true,false,false,,4
HAT707_314,HAT707nonMR,gscdb137,false,true,false,false,,4
HAT707_318,HAT707nonMR,gscdb137,false,true,false,false,,4
HAT707_319,HAT707nonMR,gscdb137,false,true,false,false,,4
HAT707_320,HAT707nonMR,gscdb137,false,true,false,false,,4
HAT707_321,HAT707nonMR,gscdb137,false,true,false,false,,4
HAT707_322,HAT707nonMR,gscdb137,false,true,false,false,,4
HAT707_323,HAT707nonMR,gscdb137,false,true,false,false,,4
HAT707_324,HAT707nonMR,gscdb137,false,true,false,false,,4
HAT707_326,HAT707nonMR,gscdb137,false,true,false,false,,4
HAT707_327,HAT707nonMR,gscdb137,false,true,false,false,,4
HAT707_328,HAT707nonMR,gscdb137,false,true,false,false,,4
HAT707_329,HAT707nonMR,gscdb137,false,true,false,false,,4
HAT707_331,HAT707nonMR,gscdb137,false,true,false,false,,4
HAT707_332,HAT707nonMR,gscdb137,false,true,false,false,,4
HAT707_333,HAT707nonMR,gscdb137,false,true,false,false,,4
HAT707_335,HAT707nonMR,gscdb137,false,true,false,false,,4
HAT707_337,HAT707nonMR,gscdb137,false,true,false,false,,4
HAT707_338,HAT707nonMR,gscdb137,false,true,false,false,,4
HAT707_340,HAT707nonMR,gscdb137,false,true,false,false,,4
HAT707_342,HAT707nonMR,gscdb137,false,true,false,false,,4
HAT707_343,HAT707nonMR,gscdb137,false,true,false,false,,4
HAT707_344,HAT707nonMR,gscdb137,false,true,false,false,,4
HAT707_345,HAT707nonMR,gscdb137,false,true,false,false,,4
HAT707_347,HAT707nonMR,gscdb137,false,true,false,false,,4
HAT707_348,HAT707nonMR,gscdb137,false,true,false,false,,4
HAT707_351,HAT707nonMR,gscdb137,false,true,false,false,,4
HAT707_352,HAT707nonMR,gscdb137,false,true,false,false,,4
HAT707_353,HAT707nonMR,gscdb137,false,true,false,false,,4
HAT707_356,HAT707nonMR,gscdb137,false,true,false,false,,4
HAT707_357,HAT707nonMR,gscdb137,false,true,false,false,,4
HAT707_369,HAT707nonMR,gscdb137,false,true,false,false,,4
HAT707_375,HAT707nonMR,gscdb137,false,true,false,false,,4
HAT707_381,HAT707nonMR,gscdb137,false,true,false,false,,4
HAT707_384,HAT707nonMR,gscdb137,false,true,false,false,,4
HAT707_386,HAT707nonMR,gscdb137,false,true,false,false,,4
HAT707_388,HAT707nonMR,gscdb137,false,true,false,false,,4
HAT707_389,HAT707nonMR,gscdb137,false,true,false,false,,4
HAT707_393,HAT707nonMR,gscdb137,false,true,false,false,,4
HAT707_395,HAT707nonMR,gscdb137,false,true,false,false,,4
HAT707_397,HAT707nonMR,gscdb137,false,true,false,false,,4
HAT707_399,HAT707nonMR,gscdb137,false,true,false,false,,4
HAT707_401,HAT707nonMR,gscdb137,false,true,false,false,,4
HAT707_402,HAT707nonMR,gscdb137,false,true,false,false,,4
HAT707_403,HAT707nonMR,gscdb137,false,true,false,false,,4
HAT707_405,HAT707nonMR,gscdb137,false,true,false,false,,4
HAT707_407,HAT707nonMR,gscdb137,false,true,false,false,,4
HAT707_408,HAT707nonMR,gscdb137,false,true,false,false,,4
HAT707_409,HAT707nonMR,gscdb137,false,true,false,false,,4
HAT707_410,HAT707nonMR,gscdb137,false,true,false,false,,4
HAT707_415,HAT707nonMR,gscdb137,false,true,false,false,,4
HAT707_416,HAT707nonMR,gscdb137,false,true,false,false,,4
HAT707_417,HAT707nonMR,gscdb137,false,true,false,false,,4
HAT707_418,HAT707nonMR,gscdb137,false,true,false,false,,4
HAT707_419,HAT707nonMR,gscdb137,false,true,false,false,,4
HAT707_420,HAT707nonMR,gscdb137,false,true,false,false,,4
HAT707_421,HAT707nonMR,gscdb137,false,true,false,false,,4
HAT707_422,HAT707nonMR,gscdb137,false,true,false,false,,4
HAT707_423,HAT707nonMR,gscdb137,false,true,false,false,,4
HAT707_424,HAT707nonMR,gscdb137,false,true,false,false,,4
HAT707_425,HAT707nonMR,gscdb137,false,true,false,false,,4
HAT707_426,HAT707nonMR,gscdb137,false,true,false,false,,4
HAT707_427,HAT707nonMR,gscdb137,false,true,false,false,,4
HAT707_428,HAT707nonMR,gscdb137,false,true,false,false,,4
HAT707_429,HAT707nonMR,gscdb137,false,true,false,false,,4
HAT707_430,HAT707nonMR,gscdb137,false,true,false,false,,4
HAT707_431,HAT707nonMR,gscdb137,false,true,false,false,,4
HAT707_436,HAT707nonMR,gscdb137,false,true,false,false,,4
HAT707_437,HAT707nonMR,gscdb137,false,true,false,false,,4
HAT707_445,HAT707nonMR,gscdb137,false,true,false,false,,4
HAT707_446,HAT707nonMR,gscdb137,false,true,false,false,,4
HAT707_447,HAT707nonMR,gscdb137,false,true,false,false,,4
HAT707_449,HAT707nonMR,gscdb137,false,true,false,false,,4
HAT707_450,HAT707nonMR,gscdb137,false,true,false,false,,4
HAT707_451,HAT707nonMR,gscdb137,false,true,false,false,,4
HAT707_452,HAT707nonMR,gscdb137,false,true,false,false,,4
HAT707_453,HAT707nonMR,gscdb137,false,true,false,false,,4
HAT707_454,HAT707nonMR,gscdb137,false,true,false,false,,4
HAT707_455,HAT707nonMR,gscdb137,false,true,false,false,,4
HAT707_456,HAT707nonMR,gscdb137,false,true,false,false,,4
HAT707_457,HAT707nonMR,gscdb137,false,true,false,false,,4
HAT707_458,HAT707nonMR,gscdb137,false,true,false,false,,4
HAT707_459,HAT707nonMR,gscdb137,false,true,false,false,,4
HAT707_460,HAT707nonMR,gscdb137,false,true,false,false,,4
HAT707_461,HAT707nonMR,gscdb137,false,true,false,false,,4
HAT707_462,HAT707nonMR,gscdb137,false,true,false,false,,4
HAT707_463,HAT707nonMR,gscdb137,false,true,false,false,,4
HAT707_464,HAT707nonMR,gscdb137,false,true,false,false,,4
HAT707_465,HAT707nonMR,gscdb137,false,true,false,false,,4
HAT707_466,HAT707nonMR,gscdb137,false,true,false,false,,4
HAT707_467,HAT707nonMR,gscdb137,false,true,false,false,,4
HAT707_468,HAT707nonMR,gscdb137,false,true,false,false,,4
HAT707_470,HAT707nonMR,gscdb137,false,true,false,false,,4
HAT707_471,HAT707nonMR,gscdb137,false,true,false,false,,4
HAT707_472,HAT707nonMR,gscdb137,false,true,false,false,,4
HAT707_473,HAT707nonMR,gscdb137,false,true,false,false,,4
HAT707_474,HAT707nonMR,gscdb137,false,true,false,false,,4
HAT707_475,HAT707nonMR,gscdb137,false,true,false,false,,4
HAT707_476,HAT707nonMR,gscdb137,false,true,false,false,,4
HAT707_477,HAT707nonMR,gscdb137,false,true,false,false,,4
HAT707_478,HAT707nonMR,gscdb137,false,true,false,false,,4
HAT707_479,HAT707nonMR,gscdb137,false,true,false,false,,4
HAT707_480,HAT707nonMR,gscdb137,false,true,false,false,,4
HAT707_481,HAT707nonMR,gscdb137,false,true,false,false,,4
HAT707_482,HAT707nonMR,gscdb137,false,true,false,false,,4
HAT707_483,HAT707nonMR,gscdb137,false,true,false,false,,4
HAT707_486,HAT707nonMR,gscdb137,false,true,false,false,,4
HAT707_487,HAT707nonMR,gscdb137,false,true,false,false,,4
HAT707_488,HAT707nonMR,gscdb137,false,true,false,false,,4
HAT707_489,HAT707nonMR,gscdb137,false,true,false,false,,4
HAT707_490,HAT707nonMR,gscdb137,false,true,false,false,,4
HAT707_491,HAT707nonMR,gscdb137,false,true,false,false,,4
HAT707_492,HAT707nonMR,gscdb137,false,true,false,false,,4
HAT707_493,HAT707nonMR,gscdb137,false,true,false,false,,4
HAT707_494,HAT707nonMR,gscdb137,false,true,false,false,,4
HAT707_495,HAT707nonMR,gscdb137,false,true,false,false,,4
HAT707_496,HAT707nonMR,gscdb137,false,true,false,false,,4
HAT707_497,HAT707nonMR,gscdb137,false,true,false,false,,4
HAT707_498,HAT707nonMR,gscdb137,false,true,false,false,,4
HAT707_499,HAT707nonMR,gscdb137,false,true,false,false,,4
HAT707_500,HAT707nonMR,gscdb137,false,true,false,false,,4
HAT707_502,HAT707nonMR,gscdb137,false,true,false,false,,4
HAT707_503,HAT707nonMR,gscdb137,false,true,false,false,,4
HAT707_504,HAT707nonMR,gscdb137,false,true,false,false,,4
HAT707_507,HAT707nonMR,gscdb137,false,true,false,false,,4
HAT707_508,HAT707nonMR,gscdb137,false,true,false,false,,4
HAT707_518,HAT707nonMR,gscdb137,false,true,false,false,,4
HAT707_519,HAT707nonMR,gscdb137,false,true,false,false,,4
HAT707_520,HAT707nonMR,gscdb137,false,true,false,false,,4
HAT707_522,HAT707nonMR,gscdb137,false,true,false,false,,4
HAT707_523,HAT707nonMR,gscdb137,false,true,false,false,,4
HAT707_524,HAT707nonMR,gscdb137,false,true,false,false,,4
HAT707_525,HAT707nonMR,gscdb137,false,true,false,false,,4
HAT707_526,HAT707nonMR,gscdb137,false,true,false,false,,4
HAT707_527,HAT707nonMR,gscdb137,false,true,false,false,,4
HAT707_528,HAT707nonMR,gscdb137,false,true,false,false,,4
HAT707_529,HAT707nonMR,gscdb137,false,true,false,false,,4
HAT707_530,HAT707nonMR,gscdb137,false,true,false,false,,4
HAT707_531,HAT707nonMR,gscdb137,false,true,false,false,,4
HAT707_532,HAT707nonMR,gscdb137,false,true,false,false,,4
HAT707_533,HAT707nonMR,gscdb137,false,true,false,false,,4
HAT707_534,HAT707nonMR,gscdb137,false,true,false,false,,4
HAT707_535,HAT707nonMR,gscdb137,false,true,false,false,,4
HAT707_536,HAT707nonMR,gscdb137,false,true,false,false,,4
HAT707_537,HAT707nonMR,gscdb137,false,true,false,false,,4
HAT707_538,HAT707nonMR,gscdb137,false,true,false,false,,4
HAT707_539,HAT707nonMR,gscdb137,false,true,false,false,,4
HAT707_540,HAT707nonMR,gscdb137,false,true,false,false,,4
HAT707_541,HAT707nonMR,gscdb137,false,true,false,false,,4
HAT707_542,HAT707nonMR,gscdb137,false,true,false,false,,4
HAT707_543,HAT707nonMR,gscdb137,false,true,false,false,,4
HAT707_544,HAT707nonMR,gscdb137,false,true,false,false,,4
HAT707_545,HAT707nonMR,gscdb137,false,true,false,false,,4
HAT707_548,HAT707nonMR,gscdb137,false,true,false,false,,4
HAT707_549,HAT707nonMR,gscdb137,false,true,false,false,,4
HAT707_550,HAT707nonMR,gscdb137,false,true,false,false,,4
HAT707_551,HAT707nonMR,gscdb137,false,true,false,false,,4
HAT707_552,HAT707nonMR,gscdb137,false,true,false,false,,4
HAT707_553,HAT707nonMR,gscdb137,false,true,false,false,,4
HAT707_554,HAT707nonMR,gscdb137,false,true,false,false,,4
HAT707_555,HAT707nonMR,gscdb137,false,true,false,false,,4
HAT707_556,HAT707nonMR,gscdb137,false,true,false,false,,4
HAT707_557,HAT707nonMR,gscdb137,false,true,false,false,,4
HAT707_558,HAT707nonMR,gscdb137,false,true,false,false,,4
HAT707_559,HAT707nonMR,gscdb137,false,true,false,false,,4
HAT707_560,HAT707nonMR,gscdb137,false,true,false,false,,4
HAT707_561,HAT707nonMR,gscdb137,false,true,false,false,,4
HAT707_562,HAT707nonMR,gscdb137,false,true,false,false,,4
HAT707_563,HAT707nonMR,gscdb137,false,true,false,false,,4
HAT707_564,HAT707nonMR,gscdb137,false,true,false,false,,4
HAT707_565,HAT707nonMR,gscdb137,false,true,false,false,,4
HAT707_576,HAT707nonMR,gscdb137,false,true,false,false,,4
HAT707_577,HAT707nonMR,gscdb137,false,true,false,false,,4
HAT707_578,HAT707nonMR,gscdb137,false,true,false,false,,4
HAT707_579,HAT707nonMR,gscdb137,false,true,false,false,,4
HAT707_582,HAT707nonMR,gscdb137,false,true,false,false,,4
HAT707_583,HAT707nonMR,gscdb137,false,true,false,false,,4
HAT707_584,HAT707nonMR,gscdb137,false,true,false,false,,4
HAT707_585,HAT707nonMR,gscdb137,false,true,false,false,,4
HAT707_586,HAT707nonMR,gscdb137,false,true,false,false,,4
HAT707_587,HAT707nonMR,gscdb137,false,true,false,false,,4
HAT707_588,HAT707nonMR,gscdb137,false,true,false,false,,4
HAT707_589,HAT707nonMR,gscdb137,false,true,false,false,,4
HAT707_590,HAT707nonMR,gscdb137,false,true,false,false,,4
HAT707_591,HAT707nonMR,gscdb137,false,true,false,false,,4
HAT707_592,HAT707nonMR,gscdb137,false,true,false,false,,4
HAT707_593,HAT707nonMR,gscdb137,false,true,false,false,,4
HAT707_594,HAT707nonMR,gscdb137,false,true,false,false,,4
HAT707_595,HAT707nonMR,gscdb137,false,true,false,false,,4
HAT707_596,HAT707nonMR,gscdb137,false,true,false,false,,4
HAT707_597,HAT707nonMR,gscdb137,false,true,false,false,,4
HAT707_598,HAT707nonMR,gscdb137,false,true,false,false,,4
HAT707_599,HAT707nonMR,gscdb137,false,true,false,false,,4
HAT707_600,HAT707nonMR,gscdb137,false,true,false,false,,4
HAT707_601,HAT707nonMR,gscdb137,false,true,false,false,,4
HAT707_602,HAT707nonMR,gscdb137,false,true,false,false,,4
HAT707_603,HAT707nonMR,gscdb137,false,true,false,false,,4
HAT707_604,HAT707nonMR,gscdb137,false,true,false,false,,4
HAT707_606,HAT707nonMR,gscdb137,false,true,false,false,,4
HAT707_607,HAT707nonMR,gscdb137,false,true,false,false,,4
HAT707_608,HAT707nonMR,gscdb137,false,true,false,false,,4
HAT707_609,HAT707nonMR,gscdb137,false,true,false,false,,4
HAT707_610,HAT707nonMR,gscdb137,false,true,false,false,,4
HAT707_611,HAT707nonMR,gscdb137,false,true,false,false,,4
HAT707_612,HAT707nonMR,gscdb137,false,true,false,false,,4
HAT707_613,HAT707nonMR,gscdb137,false,true,false,false,,4
HAT707_614,HAT707nonMR,gscdb137,false,true,false,false,,4
HAT707_615,HAT707nonMR,gscdb137,false,true,false,false,,4
HAT707_616,HAT707nonMR,gscdb137,false,true,false,false,,4
HAT707_617,HAT707nonMR,gscdb137,false,true,false,false,,4
HAT707_618,HAT707nonMR,gscdb137,false,true,false,false,,4
HAT707_619,HAT707nonMR,gscdb137,false,true,false,false,,4
HAT707_620,HAT707nonMR,gscdb137,false,true,false,false,,4
HAT707_621,HAT707nonMR,gscdb137,false,true,false,false,,4
HAT707_622,HAT707nonMR,gscdb137,false,true,false,false,,4
HAT707_623,HAT707nonMR,gscdb137,false,true,false,false,,4
HAT707_626,HAT707nonMR,gscdb137,false,true,false,false,,4
HAT707_627,HAT707nonMR,gscdb137,false,true,false,false,,4
HAT707_628,HAT707nonMR,gscdb137,false,true,false,false,,4
HAT707_629,HAT707nonMR,gscdb137,false,true,false,false,,4
HAT707_630,HAT707nonMR,gscdb137,false,true,false,false,,4
HAT707_631,HAT707nonMR,gscdb137,false,true,false,false,,4
HAT707_632,HAT707nonMR,gscdb137,false,true,false,false,,4
HAT707_633,HAT707nonMR,gscdb137,false,true,false,false,,4
HAT707_634,HAT707nonMR,gscdb137,false,true,false,false,,4
HAT707_635,HAT707nonMR,gscdb137,false,true,false,false,,4
HAT707_636,HAT707nonMR,gscdb137,false,true,false,false,,4
HAT707_637,HAT707nonMR,gscdb137,false,true,false,false,,4
HAT707_638,HAT707nonMR,gscdb137,false,true,false,false,,4
HAT707_639,HAT707nonMR,gscdb137,false,true,false,false,,4
HAT707_640,HAT707nonMR,gscdb137,false,true,false,false,,4
HAT707_641,HAT707nonMR,gscdb137,false,true,false,false,,4
HAT707_642,HAT707nonMR,gscdb137,false,true,false,false,,4
HAT707_643,HAT707nonMR,gscdb137,false,true,false,false,,4
HAT707_644,HAT707nonMR,gscdb137,false,true,false,false,,4
HAT707_645,HAT707nonMR,gscdb137,false,true,false,false,,4
HAT707_646,HAT707nonMR,gscdb137,false,true,false,false,,4
HAT707_647,HAT707nonMR,gscdb137,false,true,false,false,,4
HAT707_648,HAT707nonMR,gscdb137,false,true,false,false,,4
HAT707_649,HAT707nonMR,gscdb137,false,true,false,false,,4
HAT707_650,HAT707nonMR,gscdb137,false,true,false,false,,4
HAT707_651,HAT707nonMR,gscdb137,false,true,false,false,,4
HAT707_652,HAT707nonMR,gscdb137,false,true,false,false,,4
HAT707_653,HAT707nonMR,gscdb137,false,true,false,false,,4
HAT707_654,HAT707nonMR,gscdb137,false,true,false,false,,4
HAT707_655,HAT707nonMR,gscdb137,false,true,false,false,,4
HAT707_656,HAT707nonMR,gscdb137,false,true,false,false,,4
HAT707_657,HAT707nonMR,gscdb137,false,true,false,false,,4
HB262_1,HB262,gscdb137,false,true,false,false,,3
HB262_2,HB262,gscdb137,false,true,false,false,,3
HB262_3,HB262,gscdb137,false,true,false,false,,3
HB262_4,HB262,gscdb137,false,true,false,false,,3
HB262_5,HB262,gscdb137,false,true,false,false,,3
HB262_6,HB262,gscdb137,false,true,false,false,,3
HB262_7,HB262,gscdb137,false,true,false,false,,3
HB262_8,HB262,gscdb137,false,true,false,false,,3
HB262_9,HB262,gscdb137,false,true,false,false,,3
HB262_10,HB262,gscdb137,false,true,false,false,,3
HB262_11,HB262,gscdb137,false,true,false,false,,3
HB262_12,HB262,gscdb137,false,true,false,false,,3
HB262_13,HB262,gscdb137,false,true,false,false,,3
HB262_14,HB262,gscdb137,false,true,false,false,,3
HB262_15,HB262,gscdb137,false,true,false,false,,3
HB262_16,HB262,gscdb137,false,true,false,false,,3
HB262_17,HB262,gscdb137,false,true,false,false,,3
HB262_18,HB262,gscdb137,false,true,false,false,,3
HB262_19,HB262,gscdb137,false,true,false,false,,3
HB262_20,HB262,gscdb137,false,true,false,false,,3
HB262_21,HB262,gscdb137,false,true,false,false,,3
HB262_22,HB262,gscdb137,false,true,false,false,,3
HB262_23,HB262,gscdb137,false,true,false,false,,3
HB262_24,HB262,gscdb137,false,true,false,false,,3
HB262_25,HB262,gscdb137,false,true,false,false,,3
HB262_26,HB262,gscdb137,false,true,false,false,,3
HB262_27,HB262,gscdb137,false,true,false,false,,3
HB262_28,HB262,gscdb137,false,true,false,false,,3
HB262_29,HB262,gscdb137,false,true,false,false,,3
HB262_30,HB262,gscdb137,false,true,false,false,,3
HB262_31,HB262,gscdb137,false,true,false,false,,3
HB262_32,HB262,gscdb137,false,true,false,false,,3
HB262_33,HB262,gscdb137,false,true,false,false,,3
HB262_34,HB262,gscdb137,false,true,false,false,,3
HB262_35,HB262,gscdb137,false,true,false,false,,3
HB262_36,HB262,gscdb137,false,true,false,false,,3
HB262_37,HB262,gscdb137,false,true,false,false,,3
HB262_38,HB262,gscdb137,false,true,false,false,,3
HB262_39,HB262,gscdb137,false,true,false,false,,3
HB262_40,HB262,gscdb137,false,true,false,false,,3
HB262_41,HB262,gscdb137,false,true,false,false,,3
HB262_42,HB262,gscdb137,false,true,false,false,,3
HB262_43,HB262,gscdb137,false,true,false,false,,3
HB262_44,HB262,gscdb137,false,true,false,false,,3
HB262_45,HB262,gscdb137,false,true,false,false,,3
HB262_46,HB262,gscdb137,false,true,false,false,,3
HB262_47,HB262,gscdb137,false,true,false,false,,3
HB262_48,HB262,gscdb137,false,true,false,false,,3
HB262_49,HB262,gscdb137,false,true,false,false,,3
HB262_50,HB262,gscdb137,false,true,false,false,,3
HB262_51,HB262,gscdb137,false,true,false,false,,3
HB262_52,HB262,gscdb137,false,true,false,false,,3
HB262_53,HB262,gscdb137,false,true,false,false,,3
HB262_54,HB262,gscdb137,false,true,false,false,,3
HB262_55,HB262,gscdb137,false,true,false,false,,3
HB262_56,HB262,gscdb137,false,true,false,false,,3
HB262_57,HB262,gscdb137,false,true,false,false,,3
HB262_58,HB262,gscdb137,false,true,false,false,,3
HB262_59,HB262,gscdb137,false,true,false,false,,3
HB262_60,HB262,gscdb137,false,true,false,false,,3
HB262_61,HB262,gscdb137,false,true,false,false,,3
HB262_62,HB262,gscdb137,false,true,false,false,,3
HB262_63,HB262,gscdb137,false,true,false,false,,3
HB262_64,HB262,gscdb137,false,true,false,false,,3
HB262_65,HB262,gscdb137,false,true,false,false,,3
HB262_66,HB262,gscdb137,false,true,false,false,,3
HB262_67,HB262,gscdb137,false,true,false,false,,3
HB262_68,HB262,gscdb137,false,true,false,false,,3
HB262_69,HB262,gscdb137,false,true,false,false,,3
HB262_70,HB262,gscdb137,false,true,false,false,,3
HB262_71,HB262,gscdb137,false,true,false,false,,3
HB262_72,HB262,gscdb137,false,true,false,false,,3
HB262_73,HB262,gscdb137,false,true,false,false,,3
HB262_74,HB262,gscdb137,false,true,false,false,,3
HB262_75,HB262,gscdb137,false,true,false,false,,3
HB262_76,HB262,gscdb137,false,true,false,false,,3
HB262_77,HB262,gscdb137,false,true,false,false,,3
HB262_78,HB262,gscdb137,false,true,false,false,,3
HB262_79,HB262,gscdb137,false,true,false,false,,3
HB262_80,HB262,gscdb137,false,true,false,false,,3
HB262_81,HB262,gscdb137,false,true,false,false,,3
HB262_82,HB262,gscdb137,false,true,false,false,,3
HB262_83,HB262,gscdb137,false,true,false,false,,3
HB262_84,HB262,gscdb137,false,true,false,false,,3
HB262_85,HB262,gscdb137,false,true,false,false,,3
HB262_86,HB262,gscdb137,false,true,false,false,,3
HB262_87,HB262,gscdb137,false,true,false,false,,3
HB262_88,HB262,gscdb137,false,true,false,false,,3
HB262_89,HB262,gscdb137,false,true,false,false,,3
HB262_90,HB262,gscdb137,false,true,false,false,,3
HB262_91,HB262,gscdb137,false,true,false,false,,3
HB262_92,HB262,gscdb137,false,true,false,false,,3
HB262_93,HB262,gscdb137,false,true,false,false,,3
HB262_94,HB262,gscdb137,false,true,false,false,,3
HB262_95,HB262,gscdb137,false,true,false,false,,3
HB262_96,HB262,gscdb137,false,true,false,false,,3
HB262_97,HB262,gscdb137,false,true,false,false,,3
HB262_98,HB262,gscdb137,false,true,false,false,,3
HB262_99,HB262,gscdb137,false,true,false,false,,3
HB262_100,HB262,gscdb137,false,true,false,false,,3
HB262_101,HB262,gscdb137,false,true,false,false,,3
HB262_102,HB262,gscdb137,false,true,false,false,,3
HB262_103,HB262,gscdb137,false,true,false,false,,3
HB262_104,HB262,gscdb137,false,true,false,false,,3
HB262_105,HB262,gscdb137,false,true,false,false,,3
HB262_106,HB262,gscdb137,false,true,false,false,,3
HB262_107,HB262,gscdb137,false,true,false,false,,3
HB262_108,HB262,gscdb137,false,true,false,false,,3
HB262_109,HB262,gscdb137,false,true,false,false,,3
HB262_110,HB262,gscdb137,false,true,false,false,,3
HB262_111,HB262,gscdb137,false,true,false,false,,3
HB262_112,HB262,gscdb137,false,true,false,false,,3
HB262_113,HB262,gscdb137,false,true,false,false,,3
HB262_114,HB262,gscdb137,false,true,false,false,,3
HB262_115,HB262,gscdb137,false,true,false,false,,3
HB262_116,HB262,gscdb137,false,true,false,false,,3
HB262_117,HB262,gscdb137,false,true,false,false,,3
HB262_118,HB262,gscdb137,false,true,false,false,,3
HB262_119,HB262,gscdb137,false,true,false,false,,3
HB262_120,HB262,gscdb137,false,true,false,false,,3
HB262_121,HB262,gscdb137,false,true,false,false,,3
HB262_122,HB262,gscdb137,false,true,false,false,,3
HB262_123,HB262,gscdb137,false,true,false,false,,3
HB262_124,HB262,gscdb137,false,true,false,false,,3
HB262_125,HB262,gscdb137,false,true,false,false,,3
HB262_126,HB262,gscdb137,false,true,false,false,,3
HB262_127,HB262,gscdb137,false,true,false,false,,3
HB262_128,HB262,gscdb137,false,true,false,false,,3
HB262_129,HB262,gscdb137,false,true,false,false,,3
HB262_130,HB262,gscdb137,false,true,false,false,,3
HB262_131,HB262,gscdb137,false,true,false,false,,3
HB262_132,HB262,gscdb137,false,true,false,false,,3
HB262_133,HB262,gscdb137,false,true,false,false,,3
HB262_134,HB262,gscdb137,false,true,false,false,,3
HB262_135,HB262,gscdb137,false,true,false,false,,3
HB262_136,HB262,gscdb137,false,true,false,false,,3
HB262_137,HB262,gscdb137,false,true,false,false,,3
HB262_138,HB262,gscdb137,false,true,false,false,,3
HB262_139,HB262,gscdb137,false,true,false,false,,3
HB262_140,HB262,gscdb137,false,true,false,false,,3
HB262_141,HB262,gscdb137,false,true,false,false,,3
HB262_142,HB262,gscdb137,false,true,false,false,,3
HB262_143,HB262,gscdb137,false,true,false,false,,3
HB262_144,HB262,gscdb137,false,true,false,false,,3
HB262_145,HB262,gscdb137,false,true,false,false,,3
HB262_146,HB262,gscdb137,false,true,false,false,,3
HB262_147,HB262,gscdb137,false,true,false,false,,3
HB262_148,HB262,gscdb137,false,true,false,false,,3
HB262_149,HB262,gscdb137,false,true,false,false,,3
HB262_150,HB262,gscdb137,false,true,false,false,,3
HB262_151,HB262,gscdb137,false,true,false,false,,3
HB262_152,HB262,gscdb137,false,true,false,false,,3
HB262_153,HB262,gscdb137,false,true,false,false,,3
HB262_154,HB262,gscdb137,false,true,false,false,,3
HB262_155,HB262,gscdb137,false,true,false,false,,3
HB262_156,HB262,gscdb137,false,true,false,false,,3
HB262_157,HB262,gscdb137,false,true,false,false,,3
HB262_158,HB262,gscdb137,false,true,false,false,,3
HB262_159,HB262,gscdb137,false,true,false,false,,3
HB262_160,HB262,gscdb137,false,true,false,false,,3
HB262_161,HB262,gscdb137,false,true,false,false,,3
HB262_162,HB262,gscdb137,false,true,false,false,,3
HB262_163,HB262,gscdb137,false,true,false,false,,3
HB262_164,HB262,gscdb137,false,true,false,false,,3
HB262_165,HB262,gscdb137,false,true,false,false,,3
HB262_166,HB262,gscdb137,false,true,false,false,,3
HB262_167,HB262,gscdb137,false,true,false,false,,3
HB262_168,HB262,gscdb137,false,true,false,false,,3
HB262_169,HB262,gscdb137,false,true,false,false,,3
HB262_170,HB262,gscdb137,false,true,false,false,,3
HB262_171,HB262,gscdb137,false,true,false,false,,3
HB262_172,HB262,gscdb137,false,true,false,false,,3
HB262_173,HB262,gscdb137,false,true,false,false,,3
HB262_174,HB262,gscdb137,false,true,false,false,,3
HB262_175,HB262,gscdb137,false,true,false,false,,3
HB262_176,HB262,gscdb137,false,true,false,false,,3
HB262_177,HB262,gscdb137,false,true,false,false,,3
HB262_178,HB262,gscdb137,false,true,false,false,,3
HB262_179,HB262,gscdb137,false,true,false,false,,3
HB262_180,HB262,gscdb137,false,true,false,false,,3
HB262_181,HB262,gscdb137,false,true,false,false,,3
HB262_182,HB262,gscdb137,false,true,false,false,,3
HB262_183,HB262,gscdb137,false,true,false,false,,3
HB262_184,HB262,gscdb137,false,true,false,false,,3
HB262_185,HB262,gscdb137,false,true,false,false,,3
HB262_186,HB262,gscdb137,false,true,false,false,,3
HB262_187,HB262,gscdb137,false,true,false,false,,3
HB262_188,HB262,gscdb137,false,true,false,false,,3
HB262_189,HB262,gscdb137,false,true,false,false,,3
HB262_190,HB262,gscdb137,false,true,false,false,,3
HB262_191,HB262,gscdb137,false,true,false,false,,3
HB262_192,HB262,gscdb137,false,true,false,false,,3
HB262_193,HB262,gscdb137,false,true,false,false,,3
HB262_194,HB262,gscdb137,false,true,false,false,,3
HB262_195,HB262,gscdb137,false,true,false,false,,3
HB262_196,HB262,gscdb137,false,true,false,false,,3
HB262_197,HB262,gscdb137,false,true,false,false,,3
HB262_198,HB262,gscdb137,false,true,false,false,,3
HB262_199,HB262,gscdb137,false,true,false,false,,3
HB262_200,HB262,gscdb137,false,true,false,false,,3
HB262_201,HB262,gscdb137,false,true,false,false,,3
HB262_202,HB262,gscdb137,false,true,false,false,,3
HB262_203,HB262,gscdb137,false,true,false,false,,3
HB262_204,HB262,gscdb137,false,true,false,false,,3
HB262_205,HB262,gscdb137,false,true,false,false,,3
HB262_206,HB262,gscdb137,false,true,false,false,,3
HB262_207,HB262,gscdb137,false,true,false,false,,3
HB262_208,HB262,gscdb137,false,true,false,false,,3
HB262_209,HB262,gscdb137,false,true,false,false,,3
HB262_210,HB262,gscdb137,false,true,false,false,,3
HB262_211,HB262,gscdb137,false,true,false,false,,3
HB262_212,HB262,gscdb137,false,true,false,false,,3
HB262_213,HB262,gscdb137,false,true,false,false,,3
HB262_214,HB262,gscdb137,false,true,false,false,,3
HB262_215,HB262,gscdb137,false,true,false,false,,3
HB262_216,HB262,gscdb137,false,true,false,false,,3
HB262_217,HB262,gscdb137,false,true,false,false,,3
HB262_218,HB262,gscdb137,false,true,false,false,,3
HB262_219,HB262,gscdb137,false,true,false,false,,3
HB262_220,HB262,gscdb137,false,true,false,false,,3
HB262_221,HB262,gscdb137,false,true,false,false,,3
HB262_222,HB262,gscdb137,false,true,false,false,,3
HB262_223,HB262,gscdb137,false,true,false,false,,3
HB262_224,HB262,gscdb137,false,true,false,false,,3
HB262_225,HB262,gscdb137,false,true,false,false,,3
HB262_226,HB262,gscdb137,false,true,false,false,,3
HB262_227,HB262,gscdb137,false,true,false,false,,3
HB262_228,HB262,gscdb137,false,true,false,false,,3
HB262_229,HB262,gscdb137,false,true,false,false,,3
HB262_230,HB262,gscdb137,false,true,false,false,,3
HB262_231,HB262,gscdb137,false,true,false,false,,3
HB262_232,HB262,gscdb137,false,true,false,false,,3
HB262_233,HB262,gscdb137,false,true,false,false,,3
HB262_234,HB262,gscdb137,false,true,false,false,,3
HB262_235,HB262,gscdb137,false,true,false,false,,3
HB262_236,HB262,gscdb137,false,true,false,false,,3
HB262_237,HB262,gscdb137,false,true,false,false,,3
HB262_238,HB262,gscdb137,false,true,false,false,,3
HB262_239,HB262,gscdb137,false,true,false,false,,3
HB262_240,HB262,gscdb137,false,true,false,false,,3
HB262_241,HB262,gscdb137,false,true,false,false,,3
HB262_242,HB262,gscdb137,false,true,false,false,,3
HB262_243,HB262,gscdb137,false,true,false,false,,3
HB262_244,HB262,gscdb137,false,true,false,false,,3
HB262_245,HB262,gscdb137,false,true,false,false,,3
HB262_246,HB262,gscdb137,false,true,false,false,,3
HB262_247,HB262,gscdb137,false,true,false,false,,3
HB262_248,HB262,gscdb137,false,true,false,false,,3
HB262_249,HB262,gscdb137,false,true,false,false,,3
HB262_250,HB262,gscdb137,false,true,false,false,,3
HB262_251,HB262,gscdb137,false,true,false,false,,3
HB262_252,HB262,gscdb137,false,true,false,false,,3
HB262_253,HB262,gscdb137,false,true,false,false,,3
HB262_254,HB262,gscdb137,false,true,false,false,,3
HB262_255,HB262,gscdb137,false,true,false,false,,3
HB262_256,HB262,gscdb137,false,true,false,false,,3
HB262_257,HB262,gscdb137,false,true,false,false,,3
HB262_258,HB262,gscdb137,false,true,false,false,,3
HB262_259,HB262,gscdb137,false,true,false,false,,3
HB262_260,HB262,gscdb137,false,true,false,false,,3
HB262_261,HB262,gscdb137,false,true,false,false,,3
HB262_262,HB262,gscdb137,false,true,false,false,,3
HB49_1,HB49,gscdb137,false,true,false,false,,3
HB49_2,HB49,gscdb137,false,true,false,false,,3
HB49_3,HB49,gscdb137,false,true,false,false,,3
HB49_4,HB49,gscdb137,false,true,false,false,,3
HB49_5,HB49,gscdb137,false,true,false,false,,3
HB49_6,HB49,gscdb137,false,true,false,false,,3
HB49_7,HB49,gscdb137,false,true,false,false,,3
HB49_8,HB49,gscdb137,false,true,false,false,,3
HB49_9,HB49,gscdb137,false,true,false,false,,3
HB49_10,HB49,gscdb137,false,true,false,false,,3
HB49_11,HB49,gscdb137,false,true,false,false,,3
HB49_12,HB49,gscdb137,false,true,false,false,,3
HB49_13,HB49,gscdb137,false,true,false,false,,3
HB49_14,HB49,gscdb137,false,true,false,false,,3
HB49_15,HB49,gscdb137,false,true,false,false,,3
HB49_16,HB49,gscdb137,false,true,false,false,,3
HB49_17,HB49,gscdb137,false,true,false,false,,3
HB49_18,HB49,gscdb137,false,true,false,false,,3
HB49_19,HB49,gscdb137,false,true,false,false,,3
HB49_20,HB49,gscdb137,false,true,false,false,,3
HB49_21,HB49,gscdb137,false,true,false,false,,3
HB49_22,HB49,gscdb137,false,true,false,false,,3
HB49_23,HB49,gscdb137,false,true,false,false,,3
HB49_24,HB49,gscdb137,false,true,false,false,,3
HB49_25,HB49,gscdb137,false,true,false,false,,3
HB49_26,HB49,gscdb137,false,true,false,false,,3
HB49_27,HB49,gscdb137,false,true,false,false,,3
HB49_28,HB49,gscdb137,false,true,false,false,,3
HB49_29,HB49,gscdb137,false,true,false,false,,3
HB49_30,HB49,gscdb137,false,true,false,false,,3
HB49_31,HB49,gscdb137,false,true,false,false,,3
HB49_32,HB49,gscdb137,false,true,false,false,,3
HB49_33,HB49,gscdb137,false,true,false,false,,3
HB49_34,HB49,gscdb137,false,true,false,false,,3
HB49_35,HB49,gscdb137,false,true,false,false,,3
HB49_36,HB49,gscdb137,false,true,false,false,,3
HB49_37,HB49,gscdb137,false,true,false,false,,3
HB49_38,HB49,gscdb137,false,true,false,false,,3
HB49_39,HB49,gscdb137,false,true,false,false,,3
HB49_40,HB49,gscdb137,false,true,false,false,,3
HB49_41,HB49,gscdb137,false,true,false,false,,3
HB49_42,HB49,gscdb137,false,true,false,false,,3
HB49_43,HB49,gscdb137,false,true,false,false,,3
HB49_44,HB49,gscdb137,false,true,false,false,,3
HB49_45,HB49,gscdb137,false,true,false,false,,3
HB49_46,HB49,gscdb137,false,true,false,false,,3
HB49_47,HB49,gscdb137,false,true,false,false,,3
HB49_48,HB49,gscdb137,false,true,false,false,,3
HB49_49,HB49,gscdb137,false,true,false,false,,3
HCP32_1,HCP32,gscdb137,true,true,false,false,60,3
HCP32_2,HCP32,gscdb137,true,true,false,false,60,3
HCP32_3,HCP32,gscdb137,true,true,false,false,60,3
HCP32_4,HCP32,gscdb137,true,true,false,false,60,3
HCP32_5,HCP32,gscdb137,true,true,false,false,60,3
HCP32_6,HCP32,gscdb137,true,true,false,false,60,3
HCP32_7,HCP32,gscdb137,true,true,false,false,60,3
HCP32_8,HCP32,gscdb137,true,true,false,false,60,3
HCP32_9,HCP32,gscdb137,true,true,false,false,60,3
HCP32_10,HCP32,gscdb137,true,true,false,false,60,3
HCP32_11,HCP32,gscdb137,true,true,false,false,60,3
HCP32_12,HCP32,gscdb137,true,true,false,false,60,3
HCP32_13,HCP32,gscdb137,true,true,false,false,60,3
HCP32_14,HCP32,gscdb137,true,true,false,false,60,3
HCP32_15,HCP32,gscdb137,true,true,false,false,60,3
HCP32_16,HCP32,gscdb137,true,true,false,false,60,3
HCP32_17,HCP32,gscdb137,true,true,false,false,60,3
HCP32_18,HCP32,gscdb137,true,true,false,false,60,3
HCP32_19,HCP32,gscdb137,true,true,false,false,60,3
HCP32_20,HCP32,gscdb137,true,true,false,false,60,3
HCP32_21,HCP32,gscdb137,true,true,false,false,60,3
HCP32_22,HCP32,gscdb137,true,true,false,false,60,3
HCP32_23,HCP32,gscdb137,true,true,false,false,60,3
HCP32_24,HCP32,gscdb137,true,true,false,false,60,3
HCP32_25,HCP32,gscdb137,true,true,false,false,60,3
HCP32_26,HCP32,gscdb137,true,true,false,false,60,3
HCP32_27,HCP32,gscdb137,true,true,false,false,60,3
HCP32_28,HCP32,gscdb137,true,true,false,false,60,3
HCP32_29,HCP32,gscdb137,true,true,false,false,60,3
HCP32_30,HCP32,gscdb137,true,true,false,false,60,3
HCP32_31,HCP32,gscdb137,true,true,false,false,60,3
HCP32_32,HCP32,gscdb137,true,true,false,false,60,3
HEAVY28_1,HEAVY28,gscdb137,false,true,false,false,,2
HEAVY28_2,HEAVY28,gscdb137,false,true,false,false,,3
HEAVY28_3,HEAVY28,gscdb137,false,true,false,false,,3
HEAVY28_4,HEAVY28,gscdb137,false,true,false,false,,3
HEAVY28_5,HEAVY28,gscdb137,false,true,false,false,,3
HEAVY28_6,HEAVY28,gscdb137,false,true,false,false,,3
HEAVY28_7,HEAVY28,gscdb137,false,true,false,false,,3
HEAVY28_8,HEAVY28,gscdb137,false,true,false,false,,2
HEAVY28_9,HEAVY28,gscdb137,false,true,false,false,,3
HEAVY28_10,HEAVY28,gscdb137,false,true,false,false,,3
HEAVY28_11,HEAVY28,gscdb137,false,true,false,false,,3
HEAVY28_12,HEAVY28,gscdb137,false,true,false,false,,3
HEAVY28_13,HEAVY28,gscdb137,false,true,false,false,,3
HEAVY28_14,HEAVY28,gscdb137,false,true,false,false,,3
HEAVY28_15,HEAVY28,gscdb137,false,true,false,false,,2
HEAVY28_16,HEAVY28,gscdb137,false,true,false,false,,3
HEAVY28_17,HEAVY28,gscdb137,false,true,false,false,,3
HEAVY28_18,HEAVY28,gscdb137,false,true,false,false,,3
HEAVY28_19,HEAVY28,gscdb137,false,true,false,false,,3
HEAVY28_20,HEAVY28,gscdb137,false,true,false,false,,3
HEAVY28_21,HEAVY28,gscdb137,false,true,false,false,,3
HEAVY28_22,HEAVY28,gscdb137,false,true,false,false,,2
HEAVY28_23,HEAVY28,gscdb137,false,true,false,false,,3
HEAVY28_24,HEAVY28,gscdb137,false,true,false,false,,3
HEAVY28_25,HEAVY28,gscdb137,false,true,false,false,,3
HEAVY28_26,HEAVY28,gscdb137,false,true,false,false,,3
HEAVY28_27,HEAVY28,gscdb137,false,true,false,false,,3
HEAVY28_28,HEAVY28,gscdb137,false,true,false,false,,3
HEAVYSB11_1,HEAVYSB11,gscdb137,true,true,false,false,0.80000000000000004,2
HEAVYSB11_2,HEAVYSB11,gscdb137,true,true,false,false,0.80000000000000004,2
HEAVYSB11_3,HEAVYSB11,gscdb137,true,true,false,false,0.80000000000000004,2
HEAVYSB11_4,HEAVYSB11,gscdb137,true,true,false,false,0.80000000000000004,2
HEAVYSB11_5,HEAVYSB11,gscdb137,true,true,false,false,0.80000000000000004,2
HEAVYSB11_6,HEAVYSB11,gscdb137,true,true,false,false,0.80000000000000004,2
HEAVYSB11_7,HEAVYSB11,gscdb137,true,true,false,false,0.80000000000000004,2
HEAVYSB11_8,HEAVYSB11,gscdb137,true,true,false,false,0.80000000000000004,2
HEAVYSB11_9,HEAVYSB11,gscdb137,true,true,false,false,0.80000000000000004,2
HEAVYSB11_10,HEAVYSB11,gscdb137,true,true,false,false,0.80000000000000004,2
HEAVYSB11_11,HEAVYSB11,gscdb137,true,true,false,false,0.80000000000000004,2
HNBrBDE18_1,HNBrBDE18,gscdb137,false,true,false,false,,3
HNBrBDE18_2,HNBrBDE18,gscdb137,false,true,false,false,,3
HNBrBDE18_3,HNBrBDE18,gscdb137,false,true,false,false,,3
HNBrBDE18_4,HNBrBDE18,gscdb137,false,true,false,false,,3
HNBrBDE18_5,HNBrBDE18,gscdb137,false,true,false,false,,3
HNBrBDE18_6,HNBrBDE18,gscdb137,false,true,false,false,,3
HNBrBDE18_7,HNBrBDE18,gscdb137,false,true,false,false,,3
HNBrBDE18_8,HNBrBDE18,gscdb137,false,true,false,false,,3
HNBrBDE18_9,HNBrBDE18,gscdb137,false,true,false,false,,3
HNBrBDE18_10,HNBrBDE18,gscdb137,false,true,false,false,,3
HNBrBDE18_11,HNBrBDE18,gscdb137,false,true,false,false,,3
HNBrBDE18_12,HNBrBDE18,gscdb137,false,true,false,false,,3
HNBrBDE18_13,HNBrBDE18,gscdb137,false,true,false,false,,3
HNBrBDE18_14,HNBrBDE18,gscdb137,false,true,false,false,,3
HNBrBDE18_15,HNBrBDE18,gscdb137,false,true,false,false,,3
HNBrBDE18_16,HNBrBDE18,gscdb137,false,true,false,false,,3
HNBrBDE18_17,HNBrBDE18,gscdb137,false,true,false,false,,3
HNBrBDE18_18,HNBrBDE18,gscdb137,false,true,false,false,,3
HR46_1,HR46,gscdb137,true,true,false,false,10000,3
HR46_2,HR46,gscdb137,false,true,false,false,,3
HR46_3,HR46,gscdb137,false,true,false,false,,3
HR46_4,HR46,gscdb137,true,true,false,false,10000,3
HR46_5,HR46,gscdb137,true,true,false,false,10000,3
HR46_6,HR46,gscdb137,false,true,false,false,,3
HR46_7,HR46,gscdb137,false,true,false,false,,3
HR46_8,HR46,gscdb137,true,true,false,false,10000,3
HR46_9,HR46,gscdb137,false,true,false,false,,3
HR46_10,HR46,gscdb137,true,true,false,false,10000,3
HR46_11,HR46,gscdb137,false,true,false,false,,3
HR46_12,HR46,gscdb137,true,true,false,false,10000,3
HR46_13,HR46,gscdb137,true,true,false,false,10000,3
HR46_14,HR46,gscdb137,false,true,false,false,,3
HR46_15,HR46,gscdb137,false,true,false,false,,3
HR46_16,HR46,gscdb137,false,true,false,false,,3
HR46_17,HR46,gscdb137,true,true,false,false,10000,3
HR46_18,HR46,gscdb137,false,true,false,false,,3
HR46_19,HR46,gscdb137,false,true,false,false,,3
HR46_20,HR46,gscdb137,true,true,false,false,10000,3
HR46_21,HR46,gscdb137,false,true,false,false,,3
HR46_22,HR46,gscdb137,false,true,false,false,,3
HR46_23,HR46,gscdb137,true,true,false,false,10000,3
HR46_24,HR46,gscdb137,false,true,false,false,,3
HR46_25,HR46,gscdb137,false,true,false,false,,3
HR46_26,HR46,gscdb137,false,true,false,false,,3
HR46_27,HR46,gscdb137,false,true,false,false,,3
HR46_28,HR46,gscdb137,true,true,false,false,10000,3
HR46_29,HR46,gscdb137,false,true,false,false,,3
HR46_30,HR46,gscdb137,true,true,false,false,10000,3
HR46_31,HR46,gscdb137,false,true,false,false,,3
HR46_32,HR46,gscdb137,false,true,false,false,,3
HR46_33,HR46,gscdb137,false,true,false,false,,3
HR46_34,HR46,gscdb137,true,true,false,false,10000,3
HR46_35,HR46,gscdb137,false,true,false,false,,3
HR46_36,HR46,gscdb137,false,true,false,false,,3
HR46_37,HR46,gscdb137,true,true,false,false,10000,3
HR46_38,HR46,gscdb137,true,true,false,false,10000,3
HR46_39,HR46,gscdb137,false,true,false,false,,3
HR46_40,HR46,gscdb137,false,true,false,false,,3
HR46_41,HR46,gscdb137,false,true,false,false,,3
HR46_42,HR46,gscdb137,true,true,false,false,10000,3
HR46_43,HR46,gscdb137,false,true,false,false,,3
HR46_44,HR46,gscdb137,false,true,false,false,,3
HR46_45,HR46,gscdb137,true,true,false,false,10000,3
HR46_46,HR46,gscdb137,false,true,false,false,,3
HR46_47,HR46,gscdb137,false,true,false,false,,3
HR46_48,HR46,gscdb137,true,true,false,false,10000,3
HR46_49,HR46,gscdb137,false,true,false,false,,3
HR46_50,HR46,gscdb137,false,true,false,false,,3
HR46_51,HR46,gscdb137,true,true,false,false,10000,3
HR46_52,HR46,gscdb137,false,true,false,false,,3
HR46_53,HR46,gscdb137,true,true,false,false,10000,3
HR46_54,HR46,gscdb137,false,true,false,false,,3
HR46_55,HR46,gscdb137,false,true,false,false,,3
HR46_56,HR46,gscdb137,false,true,false,false,,3
HR46_57,HR46,gscdb137,true,true,false,false,10000,3
HR46_58,HR46,gscdb137,false,true,false,false,,3
HR46_59,HR46,gscdb137,true,true,false,false,10000,3
HR46_60,HR46,gscdb137,false,true,false,false,,3
HR46_61,HR46,gscdb137,false,true,false,false,,3
HR46_62,HR46,gscdb137,true,true,false,false,10000,3
HR46_63,HR46,gscdb137,false,true,false,false,,3
HR46_64,HR46,gscdb137,false,true,false,false,,3
HR46_65,HR46,gscdb137,false,true,false,false,,3
HR46_66,HR46,gscdb137,true,true,false,false,10000,3
HR46_67,HR46,gscdb137,false,true,false,false,,3
HR46_68,HR46,gscdb137,false,true,false,false,,3
HR46_69,HR46,gscdb137,false,true,false,false,,3
HR46_70,HR46,gscdb137,true,true,false,false,10000,3
HR46_71,HR46,gscdb137,true,true,false,false,10000,3
HR46_72,HR46,gscdb137,false,true,false,false,,3
HR46_73,HR46,gscdb137,false,true,false,false,,3
HR46_74,HR46,gscdb137,false,true,false,false,,3
HR46_75,HR46,gscdb137,true,true,false,false,10000,3
HR46_76,HR46,gscdb137,true,true,false,false,10000,3
HR46_77,HR46,gscdb137,false,true,false,false,,3
HR46_78,HR46,gscdb137,false,true,false,false,,3
HR46_79,HR46,gscdb137,false,true,false,false,,3
HR46_80,HR46,gscdb137,true,true,false,false,10000,3
HR46_81,HR46,gscdb137,false,true,false,false,,3
HR46_82,HR46,gscdb137,true,true,false,false,10000,3
HR46_83,HR46,gscdb137,false,true,false,false,,3
HR46_84,HR46,gscdb137,false,true,false,false,,3
HR46_85,HR46,gscdb137,false,true,false,false,,3
HR46_86,HR46,gscdb137,true,true,false,false,10000,3
HR46_87,HR46,gscdb137,true,true,false,false,10000,3
HR46_88,HR46,gscdb137,false,true,false,false,,3
HR46_89,HR46,gscdb137,false,true,false,false,,3
HR46_90,HR46,gscdb137,false,true,false,false,,3
HR46_91,HR46,gscdb137,true,true,false,false,10000,3
HR46_92,HR46,gscdb137,false,true,false,false,,3
HR46_93,HR46,gscdb137,false,true,false,false,,3
HR46_94,HR46,gscdb137,true,true,false,false,10000,3
HR46_95,HR46,gscdb137,false,true,false,false,,3
HR46_96,HR46,gscdb137,false,true,false,false,,3
HR46_97,HR46,gscdb137,true,true,false,false,10000,3
HR46_98,HR46,gscdb137,false,true,false,false,,3
HR46_99,HR46,gscdb137,true,true,false,false,10000,3
HR46_100,HR46,gscdb137,false,true,false,false,,3
HR46_101,HR46,gscdb137,false,true,false,false,,3
HR46_102,HR46,gscdb137,false,true,false,false,,3
HR46_103,HR46,gscdb137,false,true,false,false,,3
HR46_104,HR46,gscdb137,true,true,false,false,10000,3
HR46_105,HR46,gscdb137,true,true,false,false,10000,3
HR46_106,HR46,gscdb137,false,true,false,false,,3
HR46_107,HR46,gscdb137,false,true,false,false,,3
HR46_108,HR46,gscdb137,false,true,false,false,,3
HR46_109,HR46,gscdb137,false,true,false,false,,3
HR46_110,HR46,gscdb137,true,true,false,false,10000,3
HR46_111,HR46,gscdb137,false,true,false,false,,3
HR46_112,HR46,gscdb137,false,true,false,false,,3
HR46_113,HR46,gscdb137,true,true,false,false,10000,3
HR46_114,HR46,gscdb137,true,true,false,false,10000,3
HR46_115,HR46,gscdb137,false,true,false,false,,3
HR46_116,HR46,gscdb137,false,true,false,false,,3
HR46_117,HR46,gscdb137,false,true,false,false,,3
HR46_118,HR46,gscdb137,false,true,false,false,,3
HR46_119,HR46,gscdb137,true,true,false,false,10000,3
HR46_120,HR46,gscdb137,true,true,false,false,10000,3
HR46_121,HR46,gscdb137,false,true,false,false,,3
HR46_122,HR46,gscdb137,false,true,false,false,,3
HR46_123,HR46,gscdb137,true,true,false,false,10000,3
HR46_124,HR46,gscdb137,false,true,false,false,,3
HR46_125,HR46,gscdb137,false,true,false,false,,3
HR46_126,HR46,gscdb137,true,true,false,false,10000,3
HR46_127,HR46,gscdb137,false,true,false,false,,3
HR46_128,HR46,gscdb137,false,true,false,false,,3
HSG_1,HSG,gscdb137,true,true,false,false,150,3
HSG_2,HSG,gscdb137,true,true,false,false,150,3
HSG_3,HSG,gscdb137,true,true,false,false,150,3
HSG_4,HSG,gscdb137,true,true,false,false,150,3
HSG_5,HSG,gscdb137,true,true,false,false,150,3
HSG_6,HSG,gscdb137,true,true,false,false,150,3
HSG_7,HSG,gscdb137,true,true,false,false,150,3
HSG_8,HSG,gscdb137,true,true,false,false,150,3
HSG_9,HSG,gscdb137,true,true,false,false,150,3
HSG_10,HSG,gscdb137,true,true,false,false,150,3
HSG_11,HSG,gscdb137,true,true,false,false,150,3
HSG_12,HSG,gscdb137,true,true,false,false,150,3
HSG_13,HSG,gscdb137,true,true,false,false,150,3
HSG_14,HSG,gscdb137,true,true,false,false,150,3
HSG_15,HSG,gscdb137,true,true,false,false,150,3
HSG_16,HSG,gscdb137,true,true,false,false,150,3
HSG_17,HSG,gscdb137,true,true,false,false,150,3
HSG_18,HSG,gscdb137,true,true,false,false,150,3
HSG_19,HSG,gscdb137,true,true,false,false,150,3
HSG_20,HSG,gscdb137,true,true,false,false,150,3
HSG_21,HSG,gscdb137,true,true,false,false,150,3
HW30_1,HW30,gscdb137,false,true,false,false,,3
HW30_2,HW30,gscdb137,false,true,false,false,,3
HW30_3,HW30,gscdb137,false,true,false,false,,3
HW30_4,HW30,gscdb137,false,true,false,false,,3
HW30_5,HW30,gscdb137,false,true,false,false,,3
HW30_6,HW30,gscdb137,false,true,false,false,,3
HW30_7,HW30,gscdb137,false,true,false,false,,3
HW30_8,HW30,gscdb137,false,true,false,false,,3
HW30_9,HW30,gscdb137,false,true,false,false,,3
HW30_10,HW30,gscdb137,false,true,false,false,,3
HW30_11,HW30,gscdb137,false,true,false,false,,3
HW30_12,HW30,gscdb137,false,true,false,false,,3
HW30_13,HW30,gscdb137,false,true,false,false,,3
HW30_14,HW30,gscdb137,false,true,false,false,,3
HW30_15,HW30,gscdb137,false,true,false,false,,3
HW30_16,HW30,gscdb137,false,true,false,false,,3
HW30_17,HW30,gscdb137,false,true,false,false,,3
HW30_18,HW30,gscdb137,false,true,false,false,,3
HW30_19,HW30,gscdb137,false,true,false,false,,3
HW30_20,HW30,gscdb137,false,true,false,false,,3
HW30_21,HW30,gscdb137,false,true,false,false,,3
HW30_22,HW30,gscdb137,false,true,false,false,,3
HW30_23,HW30,gscdb137,false,true,false,false,,3
HW30_24,HW30,gscdb137,false,true,false,false,,3
HW30_25,HW30,gscdb137,false,true,false,false,,3
HW30_26,HW30,gscdb137,false,true,false,false,,3
HW30_27,HW30,gscdb137,false,true,false,false,,3
HW30_28,HW30,gscdb137,false,true,false,false,,3
HW30_29,HW30,gscdb137,false,true,false,false,,3
HW30_30,HW30,gscdb137,false,true,false,false,,3
HW6Cl_2,HW6Cl5,gscdb137,true,true,false,false,120,4
HW6Cl_3,HW6Cl5,gscdb137,true,true,false,false,120,5
HW6Cl_4,HW6Cl5,gscdb137,true,true,false,false,120,6
HW6Cl_5,HW6Cl5,gscdb137,true,true,false,false,120,7
HW6Cl_6,HW6Cl5,gscdb137,true,true,false,false,120,8
HW6F_1,HW6F,gscdb137,false,true,false,false,,3
HW6F_2,HW6F,gscdb137,false,true,false,false,,4
HW6F_3,HW6F,gscdb137,false,true,false,false,,5
HW6F_4,HW6F,gscdb137,false,true,false,false,,6
HW6F_5,HW6F,gscdb137,false,true,false,false,,7
HW6F_6,HW6F,gscdb137,false,true,false,false,,8
He3_1,He3,gscdb137,false,true,false,false,,5
He3_2,He3,gscdb137,false,true,false,false,,5
He3_3,He3,gscdb137,false,true,false,false,,5
He3_4,He3,gscdb137,false,true,false,false,,5
He3_5,He3,gscdb137,false,true,false,false,,5
He3_6,He3,gscdb137,false,true,false,false,,5
He3_7,He3,gscdb137,false,true,false,false,,5
He3_8,He3,gscdb137,false,true,false,false,,5
He3_9,He3,gscdb137,false,true,false,false,,5
He3_10,He3,gscdb137,false,true,false,false,,5
He3_11,He3,gscdb137,false,true,false,false,,5
He3_12,He3,gscdb137,false,true,false,false,,5
He3_13,He3,gscdb137,false,true,false,false,,5
He3_14,He3,gscdb137,false,true,false,false,,5
He3_15,He3,gscdb137,false,true,false,false,,5
He3_16,He3,gscdb137,false,true,false,false,,5
He3_17,He3,gscdb137,false,true,false,false,,5
He3_18,He3,gscdb137,false,true,false,false,,5
He3_19,He3,gscdb137,false,true,false,false,,5
He3_20,He3,gscdb137,false,true,false,false,,5
He3_21,He3,gscdb137,false,true,false,false,,5
He3_22,He3,gscdb137,false,true,false,false,,5
He3_23,He3,gscdb137,false,true,false,false,,5
He3_24,He3,gscdb137,false,true,false,false,,5
He3_25,He3,gscdb137,false,true,false,false,,5
He3_26,He3,gscdb137,false,true,false,false,,5
He3_27,He3,gscdb137,false,true,false,false,,5
He3_28,He3,gscdb137,false,true,false,false,,5
He3_29,He3,gscdb137,false,true,false,false,,5
He3_30,He3,gscdb137,false,true,false,false,,5
He3_31,He3,gscdb137,false,true,false,false,,5
He3_32,He3,gscdb137,false,true,false,false,,5
He3_33,He3,gscdb137,false,true,false,false,,5
He3_34,He3,gscdb137,false,true,false,false,,5
He3_35,He3,gscdb137,false,true,false,false,,5
He3_36,He3,gscdb137,false,true,false,false,,5
He3_37,He3,gscdb137,false,true,false,false,,5
He3_38,He3,gscdb137,false,true,false,false,,5
He3_39,He3,gscdb137,false,true,false,false,,5
He3_40,He3,gscdb137,false,true,false,false,,5
He3_41,He3,gscdb137,false,true,false,false,,5
He3_42,He3,gscdb137,false,true,false,false,,5
He3_43,He3,gscdb137,false,true,false,false,,5
He3_44,He3,gscdb137,false,true,false,false,,5
He3_45,He3,gscdb137,false,true,false,false,,5
He3_46,He3,gscdb137,false,true,false,false,,5
He3_47,He3,gscdb137,false,true,false,false,,5
He3_48,He3,gscdb137,false,true,false,false,,5
He3_49,He3,gscdb137,false,true,false,false,,5
ICONF_1,ICONF,gscdb137,false,true,false,false,,2
ICONF_2,ICONF,gscdb137,false,true,false,false,,2
ICONF_3,ICONF,gscdb137,false,true,false,false,,2
ICONF_4,ICONF,gscdb137,false,true,false,false,,2
ICONF_5,ICONF,gscdb137,false,true,false,false,,2
ICONF_6,ICONF,gscdb137,false,true,false,false,,2
ICONF_7,ICONF,gscdb137,false,true,false,false,,2
ICONF_8,ICONF,gscdb137,false,true,false,false,,2
ICONF_9,ICONF,gscdb137,false,true,false,false,,2
ICONF_10,ICONF,gscdb137,false,true,false,false,,2
ICONF_11,ICONF,gscdb137,false,true,false,false,,2
ICONF_12,ICONF,gscdb137,false,true,false,false,,2
ICONF_13,ICONF,gscdb137,false,true,false,false,,2
ICONF_14,ICONF,gscdb137,false,true,false,false,,2
ICONF_15,ICONF,gscdb137,false,true,false,false,,2
ICONF_16,ICONF,gscdb137,false,true,false,false,,2
ICONF_17,ICONF,gscdb137,false,true,false,false,,2
IDISP_1,IDISP,gscdb137,false,true,false,false,,2
IDISP_2,IDISP,gscdb137,false,true,false,false,,3
IDISP_3,IDISP,gscdb137,false,true,false,false,,2
IDISP_4,IDISP,gscdb137,false,true,false,false,,2
IDISP_5,IDISP,gscdb137,false,true,false,false,,2
IDISP_6,IDISP,gscdb137,false,true,false,false,,2
IHB100_1,IHB100,gscdb137,true,true,false,false,80,3
IHB100_2,IHB100,gscdb137,true,true,false,false,80,3
IHB100_3,IHB100,gscdb137,true,true,false,false,80,3
IHB100_4,IHB100,gscdb137,true,true,false,false,80,3
IHB100_5,IHB100,gscdb137,true,true,false,false,80,3
IHB100_6,IHB100,gscdb137,true,true,false,false,80,3
IHB100_7,IHB100,gscdb137,true,true,false,false,80,3
IHB100_8,IHB100,gscdb137,true,true,false,false,80,3
IHB100_9,IHB100,gscdb137,true,true,false,false,80,3
IHB100_10,IHB100,gscdb137,true,true,false,false,80,3
IHB100_11,IHB100,gscdb137,true,true,false,false,80,3
IHB100_12,IHB100,gscdb137,true,true,false,false,80,3
IHB100_13,IHB100,gscdb137,true,true,false,false,80,3
IHB100_14,IHB100,gscdb137,true,true,false,false,80,3
IHB100_15,IHB100,gscdb137,true,true,false,false,80,3
IHB100_16,IHB100,gscdb137,true,true,false,false,80,3
IHB100_17,IHB100,gscdb137,true,true,false,false,80,3
IHB100_18,IHB100,gscdb137,true,true,false,false,80,3
IHB100_19,IHB100,gscdb137,true,true,false,false,80,3
IHB100_20,IHB100,gscdb137,true,true,false,false,80,3
IHB100_21,IHB100,gscdb137,true,true,false,false,80,3
IHB100_22,IHB100,gscdb137,true,true,false,false,80,3
IHB100_23,IHB100,gscdb137,true,true,false,false,80,3
IHB100_24,IHB100,gscdb137,true,true,false,false,80,3
IHB100_25,IHB100,gscdb137,true,true,false,false,80,3
IHB100_26,IHB100,gscdb137,true,true,false,false,80,3
IHB100_27,IHB100,gscdb137,true,true,false,false,80,3
IHB100_28,IHB100,gscdb137,true,true,false,false,80,3
IHB100_29,IHB100,gscdb137,true,true,false,false,80,3
IHB100_30,IHB100,gscdb137,true,true,false,false,80,3
IHB100_31,IHB100,gscdb137,true,true,false,false,80,3
IHB100_32,IHB100,gscdb137,true,true,false,false,80,3
IHB100_33,IHB100,gscdb137,true,true,false,false,80,3
IHB100_34,IHB100,gscdb137,true,true,false,false,80,3
IHB100_35,IHB100,gscdb137,true,true,false,false,80,3
IHB100_36,IHB100,gscdb137,true,true,false,false,80,3
IHB100_37,IHB100,gscdb137,true,true,false,false,80,3
IHB100_38,IHB100,gscdb137,true,true,false,false,80,3
IHB100_39,IHB100,gscdb137,true,true,false,false,80,3
IHB100_40,IHB100,gscdb137,true,true,false,false,80,3
IHB100_41,IHB100,gscdb137,true,true,false,false,80,3
IHB100_42,IHB100,gscdb137,true,true,false,false,80,3
IHB100_43,IHB100,gscdb137,true,true,false,false,80,3
IHB100_44,IHB100,gscdb137,true,true,false,false,80,3
IHB100_45,IHB100,gscdb137,true,true,false,false,80,3
IHB100_46,IHB100,gscdb137,true,true,false,false,80,3
IHB100_47,IHB100,gscdb137,true,true,false,false,80,3
IHB100_48,IHB100,gscdb137,true,true,false,false,80,3
IHB100_49,IHB100,gscdb137,true,true,false,false,80,3
IHB100_50,IHB100,gscdb137,true,true,false,false,80,3
IHB100_51,IHB100,gscdb137,true,true,false,false,80,3
IHB100_52,IHB100,gscdb137,true,true,false,false,80,3
IHB100_53,IHB100,gscdb137,true,true,false,false,80,3
IHB100_54,IHB100,gscdb137,true,true,false,false,80,3
IHB100_55,IHB100,gscdb137,true,true,false,false,80,3
IHB100_56,IHB100,gscdb137,true,true,false,false,80,3
IHB100_57,IHB100,gscdb137,true,true,false,false,80,3
IHB100_58,IHB100,gscdb137,true,true,false,false,80,3
IHB100_59,IHB100,gscdb137,true,true,false,false,80,3
IHB100_60,IHB100,gscdb137,true,true,false,false,80,3
IHB100_61,IHB100,gscdb137,true,true,false,false,80,3
IHB100_62,IHB100,gscdb137,true,true,false,false,80,3
IHB100_63,IHB100,gscdb137,true,true,false,false,80,3
IHB100_64,IHB100,gscdb137,true,true,false,false,80,3
IHB100_65,IHB100,gscdb137,true,true,false,false,80,3
IHB100_66,IHB100,gscdb137,true,true,false,false,80,3
IHB100_67,IHB100,gscdb137,true,true,false,false,80,3
IHB100_68,IHB100,gscdb137,true,true,false,false,80,3
IHB100_69,IHB100,gscdb137,true,true,false,false,80,3
IHB100_70,IHB100,gscdb137,true,true,false,false,80,3
IHB100_71,IHB100,gscdb137,true,true,false,false,80,3
IHB100_72,IHB100,gscdb137,true,true,false,false,80,3
IHB100_73,IHB100,gscdb137,true,true,false,false,80,3
IHB100_74,IHB100,gscdb137,true,true,false,false,80,3
IHB100_75,IHB100,gscdb137,true,true,false,false,80,3
IHB100_76,IHB100,gscdb137,true,true,false,false,80,3
IHB100_77,IHB100,gscdb137,true,true,false,false,80,3
IHB100_78,IHB100,gscdb137,true,true,false,false,80,3
IHB100_79,IHB100,gscdb137,true,true,false,false,80,3
IHB100_80,IHB100,gscdb137,true,true,false,false,80,3
IHB100_81,IHB100,gscdb137,true,true,false,false,80,3
IHB100_82,IHB100,gscdb137,true,true,false,false,80,3
IHB100_83,IHB100,gscdb137,true,true,false,false,80,3
IHB100_84,IHB100,gscdb137,true,true,false,false,80,3
IHB100_85,IHB100,gscdb137,true,true,false,false,80,3
IHB100_86,IHB100,gscdb137,true,true,false,false,80,3
IHB100_87,IHB100,gscdb137,true,true,false,false,80,3
IHB100_88,IHB100,gscdb137,true,true,false,false,80,3
IHB100_89,IHB100,gscdb137,true,true,false,false,80,3
IHB100_90,IHB100,gscdb137,true,true,false,false,80,3
IHB100_91,IHB100,gscdb137,true,true,false,false,80,3
IHB100_92,IHB100,gscdb137,true,true,false,false,80,3
IHB100_93,IHB100,gscdb137,true,true,false,false,80,3
IHB100_94,IHB100,gscdb137,true,true,false,false,80,3
IHB100_95,IHB100,gscdb137,true,true,false,false,80,3
IHB100_96,IHB100,gscdb137,true,true,false,false,80,3
IHB100_97,IHB100,gscdb137,true,true,false,false,80,3
IHB100_98,IHB100,gscdb137,true,true,false,false,80,3
IHB100_99,IHB100,gscdb137,true,true,false,false,80,3
IHB100_100,IHB100,gscdb137,true,true,false,false,80,3
IHB100x2_1,IHB100x2,gscdb137,false,true,false,false,,3
IHB100x2_2,IHB100x2,gscdb137,false,true,false,false,,3
IHB100x2_3,IHB100x2,gscdb137,false,true,false,false,,3
IHB100x2_4,IHB100x2,gscdb137,false,true,false,false,,3
IHB100x2_5,IHB100x2,gscdb137,false,true,false,false,,3
IHB100x2_6,IHB100x2,gscdb137,false,true,false,false,,3
IHB100x2_7,IHB100x2,gscdb137,false,true,false,false,,3
IHB100x2_8,IHB100x2,gscdb137,false,true,false,false,,3
IHB100x2_9,IHB100x2,gscdb137,false,true,false,false,,3
IHB100x2_10,IHB100x2,gscdb137,false,true,false,false,,3
IHB100x2_11,IHB100x2,gscdb137,false,true,false,false,,3
IHB100x2_12,IHB100x2,gscdb137,false,true,false,false,,3
IHB100x2_13,IHB100x2,gscdb137,false,true,false,false,,3
IHB100x2_14,IHB100x2,gscdb137,false,true,false,false,,3
IHB100x2_15,IHB100x2,gscdb137,false,true,false,false,,3
IHB100x2_16,IHB100x2,gscdb137,false,true,false,false,,3
IHB100x2_17,IHB100x2,gscdb137,false,true,false,false,,3
IHB100x2_18,IHB100x2,gscdb137,false,true,false,false,,3
IHB100x2_19,IHB100x2,gscdb137,false,true,false,false,,3
IHB100x2_20,IHB100x2,gscdb137,false,true,false,false,,3
IHB100x2_21,IHB100x2,gscdb137,false,true,false,false,,3
IHB100x2_22,IHB100x2,gscdb137,false,true,false,false,,3
IHB100x2_23,IHB100x2,gscdb137,false,true,false,false,,3
IHB100x2_24,IHB100x2,gscdb137,false,true,false,false,,3
IHB100x2_25,IHB100x2,gscdb137,false,true,false,false,,3
IHB100x2_26,IHB100x2,gscdb137,false,true,false,false,,3
IHB100x2_27,IHB100x2,gscdb137,false,true,false,false,,3
IHB100x2_28,IHB100x2,gscdb137,false,true,false,false,,3
IHB100x2_29,IHB100x2,gscdb137,false,true,false,false,,3
IHB100x2_30,IHB100x2,gscdb137,false,true,false,false,,3
IHB100x2_31,IHB100x2,gscdb137,false,true,false,false,,3
IHB100x2_32,IHB100x2,gscdb137,false,true,false,false,,3
IHB100x2_33,IHB100x2,gscdb137,false,true,false,false,,3
IHB100x2_34,IHB100x2,gscdb137,false,true,false,false,,3
IHB100x2_35,IHB100x2,gscdb137,false,true,false,false,,3
IHB100x2_36,IHB100x2,gscdb137,false,true,false,false,,3
IHB100x2_37,IHB100x2,gscdb137,false,true,false,false,,3
IHB100x2_38,IHB100x2,gscdb137,false,true,false,false,,3
IHB100x2_39,IHB100x2,gscdb137,false,true,false,false,,3
IHB100x2_40,IHB100x2,gscdb137,false,true,false,false,,3
IHB100x2_41,IHB100x2,gscdb137,false,true,false,false,,3
IHB100x2_42,IHB100x2,gscdb137,false,true,false,false,,3
IHB100x2_43,IHB100x2,gscdb137,false,true,false,false,,3
IHB100x2_44,IHB100x2,gscdb137,false,true,false,false,,3
IHB100x2_45,IHB100x2,gscdb137,false,true,false,false,,3
IHB100x2_46,IHB100x2,gscdb137,false,true,false,false,,3
IHB100x2_47,IHB100x2,gscdb137,false,true,false,false,,3
IHB100x2_48,IHB100x2,gscdb137,false,true,false,false,,3
IHB100x2_49,IHB100x2,gscdb137,false,true,false,false,,3
IHB100x2_50,IHB100x2,gscdb137,false,true,false,false,,3
IHB100x2_51,IHB100x2,gscdb137,false,true,false,false,,3
IHB100x2_52,IHB100x2,gscdb137,false,true,false,false,,3
IHB100x2_53,IHB100x2,gscdb137,false,true,false,false,,3
IHB100x2_54,IHB100x2,gscdb137,false,true,false,false,,3
IHB100x2_55,IHB100x2,gscdb137,false,true,false,false,,3
IHB100x2_56,IHB100x2,gscdb137,false,true,false,false,,3
IHB100x2_57,IHB100x2,gscdb137,false,true,false,false,,3
IHB100x2_58,IHB100x2,gscdb137,false,true,false,false,,3
IHB100x2_59,IHB100x2,gscdb137,false,true,false,false,,3
IHB100x2_60,IHB100x2,gscdb137,false,true,false,false,,3
IHB100x2_61,IHB100x2,gscdb137,false,true,false,false,,3
IHB100x2_62,IHB100x2,gscdb137,false,true,false,false,,3
IHB100x2_63,IHB100x2,gscdb137,false,true,false,false,,3
IHB100x2_64,IHB100x2,gscdb137,false,true,false,false,,3
IHB100x2_65,IHB100x2,gscdb137,false,true,false,false,,3
IHB100x2_66,IHB100x2,gscdb137,false,true,false,false,,3
IHB100x2_67,IHB100x2,gscdb137,false,true,false,false,,3
IHB100x2_68,IHB100x2,gscdb137,false,true,false,false,,3
IHB100x2_69,IHB100x2,gscdb137,false,true,false,false,,3
IHB100x2_70,IHB100x2,gscdb137,false,true,false,false,,3
IHB100x2_71,IHB100x2,gscdb137,false,true,false,false,,3
IHB100x2_72,IHB100x2,gscdb137,false,true,false,false,,3
IHB100x2_73,IHB100x2,gscdb137,false,true,false,false,,3
IHB100x2_74,IHB100x2,gscdb137,false,true,false,false,,3
IHB100x2_75,IHB100x2,gscdb137,false,true,false,false,,3
IHB100x2_76,IHB100x2,gscdb137,false,true,false,false,,3
IHB100x2_77,IHB100x2,gscdb137,false,true,false,false,,3
IHB100x2_78,IHB100x2,gscdb137,false,true,false,false,,3
IHB100x2_79,IHB100x2,gscdb137,false,true,false,false,,3
IHB100x2_80,IHB100x2,gscdb137,false,true,false,false,,3
IHB100x2_81,IHB100x2,gscdb137,false,true,false,false,,3
IHB100x2_82,IHB100x2,gscdb137,false,true,false,false,,3
IHB100x2_83,IHB100x2,gscdb137,false,true,false,false,,3
IHB100x2_84,IHB100x2,gscdb137,false,true,false,false,,3
IHB100x2_85,IHB100x2,gscdb137,false,true,false,false,,3
IHB100x2_86,IHB100x2,gscdb137,false,true,false,false,,3
IHB100x2_87,IHB100x2,gscdb137,false,true,false,false,,3
IHB100x2_88,IHB100x2,gscdb137,false,true,false,false,,3
IHB100x2_89,IHB100x2,gscdb137,false,true,false,false,,3
IHB100x2_90,IHB100x2,gscdb137,false,true,false,false,,3
IHB100x2_91,IHB100x2,gscdb137,false,true,false,false,,3
IHB100x2_92,IHB100x2,gscdb137,false,true,false,false,,3
IHB100x2_93,IHB100x2,gscdb137,false,true,false,false,,3
IHB100x2_94,IHB100x2,gscdb137,false,true,false,false,,3
IHB100x2_95,IHB100x2,gscdb137,false,true,false,false,,3
IHB100x2_96,IHB100x2,gscdb137,false,true,false,false,,3
IHB100x2_97,IHB100x2,gscdb137,false,true,false,false,,3
IHB100x2_98,IHB100x2,gscdb137,false,true,false,false,,3
IHB100x2_99,IHB100x2,gscdb137,false,true,false,false,,3
IHB100x2_100,IHB100x2,gscdb137,false,true,false,false,,3
IHB100x2_101,IHB100x2,gscdb137,false,true,false,false,,3
IHB100x2_102,IHB100x2,gscdb137,false,true,false,false,,3
IHB100x2_103,IHB100x2,gscdb137,false,true,false,false,,3
IHB100x2_104,IHB100x2,gscdb137,false,true,false,false,,3
IHB100x2_105,IHB100x2,gscdb137,false,true,false,false,,3
IHB100x2_106,IHB100x2,gscdb137,false,true,false,false,,3
IHB100x2_107,IHB100x2,gscdb137,false,true,false,false,,3
IHB100x2_108,IHB100x2,gscdb137,false,true,false,false,,3
IHB100x2_109,IHB100x2,gscdb137,false,true,false,false,,3
IHB100x2_110,IHB100x2,gscdb137,false,true,false,false,,3
IHB100x2_111,IHB100x2,gscdb137,false,true,false,false,,3
IHB100x2_112,IHB100x2,gscdb137,false,true,false,false,,3
IHB100x2_113,IHB100x2,gscdb137,false,true,false,false,,3
IHB100x2_114,IHB100x2,gscdb137,false,true,false,false,,3
IHB100x2_115,IHB100x2,gscdb137,false,true,false,false,,3
IHB100x2_116,IHB100x2,gscdb137,false,true,false,false,,3
IHB100x2_117,IHB100x2,gscdb137,false,true,false,false,,3
IHB100x2_118,IHB100x2,gscdb137,false,true,false,false,,3
IHB100x2_119,IHB100x2,gscdb137,false,true,false,false,,3
IHB100x2_120,IHB100x2,gscdb137,false,true,false,false,,3
IHB100x2_121,IHB100x2,gscdb137,false,true,false,false,,3
IHB100x2_122,IHB100x2,gscdb137,false,true,false,false,,3
IHB100x2_123,IHB100x2,gscdb137,false,true,false,false,,3
IHB100x2_124,IHB100x2,gscdb137,false,true,false,false,,3
IHB100x2_125,IHB100x2,gscdb137,false,true,false,false,,3
IHB100x2_126,IHB100x2,gscdb137,false,true,false,false,,3
IHB100x2_127,IHB100x2,gscdb137,false,true,false,false,,3
IHB100x2_128,IHB100x2,gscdb137,false,true,false,false,,3
IHB100x2_129,IHB100x2,gscdb137,false,true,false,false,,3
IHB100x2_130,IHB100x2,gscdb137,false,true,false,false,,3
IHB100x2_131,IHB100x2,gscdb137,false,true,false,false,,3
IHB100x2_132,IHB100x2,gscdb137,false,true,false,false,,3
IHB100x2_133,IHB100x2,gscdb137,false,true,false,false,,3
IHB100x2_134,IHB100x2,gscdb137,false,true,false,false,,3
IHB100x2_135,IHB100x2,gscdb137,false,true,false,false,,3
IHB100x2_136,IHB100x2,gscdb137,false,true,false,false,,3
IHB100x2_137,IHB100x2,gscdb137,false,true,false,false,,3
IHB100x2_138,IHB100x2,gscdb137,false,true,false,false,,3
IHB100x2_139,IHB100x2,gscdb137,false,true,false,false,,3
IHB100x2_140,IHB100x2,gscdb137,false,true,false,false,,3
IHB100x2_141,IHB100x2,gscdb137,false,true,false,false,,3
IHB100x2_142,IHB100x2,gscdb137,false,true,false,false,,3
IHB100x2_143,IHB100x2,gscdb137,false,true,false,false,,3
IHB100x2_144,IHB100x2,gscdb137,false,true,false,false,,3
IHB100x2_145,IHB100x2,gscdb137,false,true,false,false,,3
IHB100x2_146,IHB100x2,gscdb137,false,true,false,false,,3
IHB100x2_147,IHB100x2,gscdb137,false,true,false,false,,3
IHB100x2_148,IHB100x2,gscdb137,false,true,false,false,,3
IHB100x2_149,IHB100x2,gscdb137,false,true,false,false,,3
IHB100x2_150,IHB100x2,gscdb137,false,true,false,false,,3
IHB100x2_151,IHB100x2,gscdb137,false,true,false,false,,3
IHB100x2_152,IHB100x2,gscdb137,false,true,false,false,,3
IHB100x2_153,IHB100x2,gscdb137,false,true,false,false,,3
IHB100x2_154,IHB100x2,gscdb137,false,true,false,false,,3
IHB100x2_155,IHB100x2,gscdb137,false,true,false,false,,3
IHB100x2_156,IHB100x2,gscdb137,false,true,false,false,,3
IHB100x2_157,IHB100x2,gscdb137,false,true,false,false,,3
IHB100x2_158,IHB100x2,gscdb137,false,true,false,false,,3
IHB100x2_159,IHB100x2,gscdb137,false,true,false,false,,3
IHB100x2_160,IHB100x2,gscdb137,false,true,false,false,,3
IHB100x2_161,IHB100x2,gscdb137,false,true,false,false,,3
IHB100x2_162,IHB100x2,gscdb137,false,true,false,false,,3
IHB100x2_163,IHB100x2,gscdb137,false,true,false,false,,3
IHB100x2_164,IHB100x2,gscdb137,false,true,false,false,,3
IHB100x2_165,IHB100x2,gscdb137,false,true,false,false,,3
IHB100x2_166,IHB100x2,gscdb137,false,true,false,false,,3
IHB100x2_167,IHB100x2,gscdb137,false,true,false,false,,3
IHB100x2_168,IHB100x2,gscdb137,false,true,false,false,,3
IHB100x2_169,IHB100x2,gscdb137,false,true,false,false,,3
IHB100x2_170,IHB100x2,gscdb137,false,true,false,false,,3
IHB100x2_171,IHB100x2,gscdb137,false,true,false,false,,3
IHB100x2_172,IHB100x2,gscdb137,false,true,false,false,,3
IHB100x2_173,IHB100x2,gscdb137,false,true,false,false,,3
IHB100x2_174,IHB100x2,gscdb137,false,true,false,false,,3
IHB100x2_175,IHB100x2,gscdb137,false,true,false,false,,3
IHB100x2_176,IHB100x2,gscdb137,false,true,false,false,,3
IHB100x2_177,IHB100x2,gscdb137,false,true,false,false,,3
IHB100x2_178,IHB100x2,gscdb137,false,true,false,false,,3
IHB100x2_179,IHB100x2,gscdb137,false,true,false,false,,3
IHB100x2_180,IHB100x2,gscdb137,false,true,false,false,,3
IHB100x2_181,IHB100x2,gscdb137,false,true,false,false,,3
IHB100x2_182,IHB100x2,gscdb137,false,true,false,false,,3
IHB100x2_183,IHB100x2,gscdb137,false,true,false,false,,3
IHB100x2_184,IHB100x2,gscdb137,false,true,false,false,,3
IHB100x2_185,IHB100x2,gscdb137,false,true,false,false,,3
IHB100x2_186,IHB100x2,gscdb137,false,true,false,false,,3
IHB100x2_187,IHB100x2,gscdb137,false,true,false,false,,3
IHB100x2_188,IHB100x2,gscdb137,false,true,false,false,,3
IHB100x2_189,IHB100x2,gscdb137,false,true,false,false,,3
IHB100x2_190,IHB100x2,gscdb137,false,true,false,false,,3
IHB100x2_191,IHB100x2,gscdb137,false,true,false,false,,3
IHB100x2_192,IHB100x2,gscdb137,false,true,false,false,,3
IHB100x2_193,IHB100x2,gscdb137,false,true,false,false,,3
IHB100x2_194,IHB100x2,gscdb137,false,true,false,false,,3
IHB100x2_195,IHB100x2,gscdb137,false,true,false,false,,3
IHB100x2_196,IHB100x2,gscdb137,false,true,false,false,,3
IHB100x2_197,IHB100x2,gscdb137,false,true,false,false,,3
IHB100x2_198,IHB100x2,gscdb137,false,true,false,false,,3
IHB100x2_199,IHB100x2,gscdb137,false,true,false,false,,3
IHB100x2_200,IHB100x2,gscdb137,false,true,false,false,,3
IL16_1,IL16,gscdb137,true,true,false,false,120,3
IL16_2,IL16,gscdb137,true,true,false,false,120,3
IL16_3,IL16,gscdb137,true,true,false,false,120,3
IL16_4,IL16,gscdb137,true,true,false,false,120,3
IL16_5,IL16,gscdb137,true,true,false,false,120,3
IL16_6,IL16,gscdb137,true,true,false,false,120,3
IL16_7,IL16,gscdb137,true,true,false,false,120,3
IL16_8,IL16,gscdb137,true,true,false,false,120,3
IL16_9,IL16,gscdb137,true,true,false,false,120,3
IL16_10,IL16,gscdb137,true,true,false,false,120,3
IL16_11,IL16,gscdb137,true,true,false,false,120,3
IL16_12,IL16,gscdb137,true,true,false,false,120,3
IL16_13,IL16,gscdb137,true,true,false,false,120,3
IL16_14,IL16,gscdb137,true,true,false,false,120,3
IL16_15,IL16,gscdb137,true,true,false,false,120,3
IL16_16,IL16,gscdb137,true,true,false,false,120,3
INV24_1,INV23,gscdb137,false,true,false,false,,2
INV24_2,INV23,gscdb137,false,true,false,false,,2
INV24_3,INV23,gscdb137,false,true,false,false,,2
INV24_4,INV23,gscdb137,false,true,false,false,,2
INV24_5,INV23,gscdb137,false,true,false,false,,2
INV24_6,INV23,gscdb137,false,true,false,false,,2
INV24_7,INV23,gscdb137,false,true,false,false,,2
INV24_8,INV23,gscdb137,false,true,false,false,,2
INV24_10,INV23,gscdb137,false,true,false,false,,2
INV24_11,INV23,gscdb137,false,true,false,false,,2
INV24_12,INV23,gscdb137,false,true,false,false,,2
INV24_13,INV23,gscdb137,false,true,false,false,,2
INV24_14,INV23,gscdb137,false,true,false,false,,2
INV24_15,INV23,gscdb137,false,true,false,false,,2
INV24_16,INV23,gscdb137,false,true,false,false,,2
INV24_17,INV23,gscdb137,false,true,false,false,,2
INV24_18,INV23,gscdb137,false,true,false,false,,2
INV24_19,INV23,gscdb137,false,true,false,false,,2
INV24_20,INV23,gscdb137,false,true,false,false,,2
INV24_21,INV23,gscdb137,false,true,false,false,,2
INV24_22,INV23,gscdb137,false,true,false,false,,2
INV24_23,INV23,gscdb137,false,true,false,false,,2
INV24_24,INV23,gscdb137,false,true,false,false,,2
IP23_1,IP23,gscdb137,false,true,false,false,,2
IP23_2,IP23,gscdb137,false,true,false,false,,2
IP23_3,IP23,gscdb137,false,true,false,false,,2
IP23_4,IP23,gscdb137,false,true,false,false,,2
IP23_5,IP23,gscdb137,false,true,false,false,,2
IP23_6,IP23,gscdb137,false,true,false,false,,2
IP23_7,IP23,gscdb137,false,true,false,false,,2
IP23_8,IP23,gscdb137,false,true,false,false,,2
IP23_9,IP23,gscdb137,false,true,false,false,,2
IP23_10,IP23,gscdb137,false,true,false,false,,2
IP23_11,IP23,gscdb137,false,true,false,false,,2
IP23_12,IP23,gscdb137,false,true,false,false,,2
IP23_13,IP23,gscdb137,false,true,false,false,,2
IP23_14,IP23,gscdb137,false,true,false,false,,2
IP23_15,IP23,gscdb137,false,true,false,false,,2
IP23_16,IP23,gscdb137,false,true,false,false,,2
IP23_17,IP23,gscdb137,false,true,false,false,,2
IP23_18,IP23,gscdb137,false,true,false,false,,2
IP23_19,IP23,gscdb137,false,true,false,false,,2
IP23_20,IP23,gscdb137,false,true,false,false,,2
IP23_21,IP23,gscdb137,false,true,false,false,,2
IP23_22,IP23,gscdb137,false,true,false,false,,2
IP23_23,IP23,gscdb137,false,true,false,false,,2
IP30_1,IP30,gscdb137,false,true,false,false,,2
IP30_2,IP30,gscdb137,false,true,false,false,,2
IP30_3,IP30,gscdb137,false,true,false,false,,2
IP30_4,IP30,gscdb137,false,true,false,false,,2
IP30_5,IP30,gscdb137,false,true,false,false,,2
IP30_6,IP30,gscdb137,false,true,false,false,,2
IP30_7,IP30,gscdb137,false,true,false,false,,2
IP30_8,IP30,gscdb137,false,true,false,false,,2
IP30_9,IP30,gscdb137,false,true,false,false,,2
IP30_10,IP30,gscdb137,false,true,false,false,,2
IP30_11,IP30,gscdb137,false,true,false,false,,2
IP30_12,IP30,gscdb137,false,true,false,false,,2
IP30_13,IP30,gscdb137,false,true,false,false,,2
IP30_14,IP30,gscdb137,false,true,false,false,,2
IP30_15,IP30,gscdb137,false,true,false,false,,2
IP30_16,IP30,gscdb137,false,true,false,false,,2
IP30_17,IP30,gscdb137,false,true,false,false,,2
IP30_18,IP30,gscdb137,false,true,false,false,,2
IP30_19,IP30,gscdb137,false,true,false,false,,2
IP30_20,IP30,gscdb137,false,true,false,false,,2
IP30_21,IP30,gscdb137,false,true,false,false,,2
IP30_22,IP30,gscdb137,false,true,false,false,,2
IP30_23,IP30,gscdb137,false,true,false,false,,2
IP30_24,IP30,gscdb137,false,true,false,false,,2
IP30_25,IP30,gscdb137,false,true,false,false,,2
IP30_26,IP30,gscdb137,false,true,false,false,,2
IP30_27,IP30,gscdb137,false,true,false,false,,2
IP30_28,IP30,gscdb137,false,true,false,false,,2
IP30_29,IP30,gscdb137,false,true,false,false,,2
IP30_30,IP30,gscdb137,false,true,false,false,,2
ISO34_1,ISO34,gscdb137,false,true,false,false,,2
ISO34_2,ISO34,gscdb137,false,true,false,false,,2
ISO34_3,ISO34,gscdb137,false,true,false,false,,2
ISO34_4,ISO34,gscdb137,false,true,false,false,,2
ISO34_5,ISO34,gscdb137,false,true,false,false,,2
ISO34_6,ISO34,gscdb137,false,true,false,false,,2
ISO34_7,ISO34,gscdb137,false,true,false,false,,2
ISO34_8,ISO34,gscdb137,false,true,false,false,,2
ISO34_9,ISO34,gscdb137,false,true,false,false,,2
ISO34_10,ISO34,gscdb137,false,true,false,false,,2
ISO34_11,ISO34,gscdb137,false,true,false,false,,2
ISO34_12,ISO34,gscdb137,false,true,false,false,,2
ISO34_13,ISO34,gscdb137,false,true,false,false,,2
ISO34_14,ISO34,gscdb137,false,true,false,false,,2
ISO34_15,ISO34,gscdb137,false,true,false,false,,2
ISO34_16,ISO34,gscdb137,false,true,false,false,,2
ISO34_17,ISO34,gscdb137,false,true,false,false,,2
ISO34_18,ISO34,gscdb137,false,true,false,false,,2
ISO34_19,ISO34,gscdb137,false,true,false,false,,2
ISO34_20,ISO34,gscdb137,false,true,false,false,,2
ISO34_21,ISO34,gscdb137,false,true,false,false,,2
ISO34_22,ISO34,gscdb137,false,true,false,false,,2
ISO34_23,ISO34,gscdb137,false,true,false,false,,2
ISO34_24,ISO34,gscdb137,false,true,false,false,,2
ISO34_25,ISO34,gscdb137,false,true,false,false,,2
ISO34_26,ISO34,gscdb137,false,true,false,false,,2
ISO34_27,ISO34,gscdb137,false,true,false,false,,2
ISO34_28,ISO34,gscdb137,false,true,false,false,,2
ISO34_29,ISO34,gscdb137,false,true,false,false,,2
ISO34_30,ISO34,gscdb137,false,true,false,false,,2
ISO34_31,ISO34,gscdb137,false,true,false,false,,2
ISO34_32,ISO34,gscdb137,false,true,false,false,,2
ISO34_33,ISO34,gscdb137,false,true,false,false,,2
ISO34_34,ISO34,gscdb137,false,true,false,false,,2
ISOL24_1,ISOL23,gscdb137,false,true,false,false,,2
ISOL24_2,ISOL23,gscdb137,false,true,false,false,,2
ISOL24_3,ISOL23,gscdb137,false,true,false,false,,2
ISOL24_4,ISOL23,gscdb137,false,true,false,false,,2
ISOL24_5,ISOL23,gscdb137,false,true,false,false,,2
ISOL24_6,ISOL23,gscdb137,false,true,false,false,,2
ISOL24_7,ISOL23,gscdb137,false,true,false,false,,2
ISOL24_8,ISOL23,gscdb137,false,true,false,false,,2
ISOL24_9,ISOL23,gscdb137,false,true,false,false,,2
ISOL24_10,ISOL23,gscdb137,false,true,false,false,,2
ISOL24_12,ISOL23,gscdb137,false,true,false,false,,2
ISOL24_13,ISOL23,gscdb137,false,true,false,false,,2
ISOL24_14,ISOL23,gscdb137,false,true,false,false,,2
ISOL24_15,ISOL23,gscdb137,false,true,false,false,,2
ISOL24_16,ISOL23,gscdb137,false,true,false,false,,2
ISOL24_17,ISOL23,gscdb137,false,true,false,false,,2
ISOL24_18,ISOL23,gscdb137,false,true,false,false,,2
ISOL24_19,ISOL23,gscdb137,false,true,false,false,,2
ISOL24_20,ISOL23,gscdb137,false,true,false,false,,2
ISOL24_21,ISOL23,gscdb137,false,true,false,false,,2
ISOL24_22,ISOL23,gscdb137,false,true,false,false,,2
ISOL24_23,ISOL23,gscdb137,false,true,false,false,,2
ISOL24_24,ISOL23,gscdb137,false,true,false,false,,2
ISOMERIZATION20_1,ISOMERIZATION20,gscdb137,false,true,false,false,,2
ISOMERIZATION20_2,ISOMERIZATION20,gscdb137,false,true,false,false,,2
ISOMERIZATION20_3,ISOMERIZATION20,gscdb137,false,true,false,false,,2
ISOMERIZATION20_4,ISOMERIZATION20,gscdb137,false,true,false,false,,2
ISOMERIZATION20_5,ISOMERIZATION20,gscdb137,false,true,false,false,,2
ISOMERIZATION20_6,ISOMERIZATION20,gscdb137,false,true,false,false,,2
ISOMERIZATION20_7,ISOMERIZATION20,gscdb137,false,true,false,false,,2
ISOMERIZATION20_8,ISOMERIZATION20,gscdb137,false,true,false,false,,2
ISOMERIZATION20_9,ISOMERIZATION20,gscdb137,false,true,false,false,,2
ISOMERIZATION20_10,ISOMERIZATION20,gscdb137,false,true,false,false,,2
ISOMERIZATION20_11,ISOMERIZATION20,gscdb137,false,true,false,false,,2
ISOMERIZATION20_12,ISOMERIZATION20,gscdb137,false,true,false,false,,2
ISOMERIZATION20_13,ISOMERIZATION20,gscdb137,false,true,false,false,,2
ISOMERIZATION20_14,ISOMERIZATION20,gscdb137,false,true,false,false,,2
ISOMERIZATION20_15,ISOMERIZATION20,gscdb137,false,true,false,false,,2
ISOMERIZATION20_16,ISOMERIZATION20,gscdb137,false,true,false,false,,2
ISOMERIZATION20_17,ISOMERIZATION20,gscdb137,false,true,false,false,,2
ISOMERIZATION20_18,ISOMERIZATION20,gscdb137,false,true,false,false,,2
ISOMERIZATION20_19,ISOMERIZATION20,gscdb137,false,true,false,false,,2
ISOMERIZATION20_20,ISOMERIZATION20,gscdb137,false,true,false,false,,2
MB08-165_1,MB08-165,gscdb137,false,true,true,false,,4
MB08-165_2,MB08-165,gscdb137,false,true,true,false,,5
MB08-165_3,MB08-165,gscdb137,false,true,true,false,,6
MB08-165_4,MB08-165,gscdb137,false,true,true,false,,4
MB08-165_5,MB08-165,gscdb137,false,true,true,false,,5
MB08-165_6,MB08-165,gscdb137,false,true,true,false,,6
MB08-165_7,MB08-165,gscdb137,false,true,true,false,,3
MB08-165_8,MB08-165,gscdb137,false,true,true,false,,4
MB08-165_9,MB08-165,gscdb137,false,true,true,false,,6
MB08-165_10,MB08-165,gscdb137,false,true,true,false,,4
MB08-165_11,MB08-165,gscdb137,false,true,true,false,,3
MB08-165_12,MB08-165,gscdb137,false,true,true,false,,3
MB08-165_13,MB08-165,gscdb137,false,true,true,false,,4
MB08-165_14,MB08-165,gscdb137,false,true,true,false,,4
MB08-165_15,MB08-165,gscdb137,false,true,true,false,,4
MB08-165_16,MB08-165,gscdb137,false,true,true,false,,4
MB08-165_17,MB08-165,gscdb137,false,true,true,false,,5
MB08-165_18,MB08-165,gscdb137,false,true,true,false,,3
MB08-165_19,MB08-165,gscdb137,false,true,true,false,,4
MB08-165_20,MB08-165,gscdb137,false,true,true,false,,5
MB08-165_21,MB08-165,gscdb137,false,true,true,false,,6
MB08-165_22,MB08-165,gscdb137,false,true,true,false,,4
MB08-165_23,MB08-165,gscdb137,false,true,true,false,,3
MB08-165_24,MB08-165,gscdb137,false,true,true,false,,4
MB08-165_25,MB08-165,gscdb137,false,true,true,false,,4
MB08-165_26,MB08-165,gscdb137,false,true,true,false,,4
MB08-165_27,MB08-165,gscdb137,false,true,true,false,,4
MB08-165_28,MB08-165,gscdb137,false,true,true,false,,5
MB08-165_29,MB08-165,gscdb137,false,true,true,false,,6
MB08-165_30,MB08-165,gscdb137,false,true,true,false,,4
MB08-165_31,MB08-165,gscdb137,false,true,true,false,,4
MB08-165_32,MB08-165,gscdb137,false,true,true,false,,7
MB08-165_33,MB08-165,gscdb137,false,true,true,false,,5
MB08-165_34,MB08-165,gscdb137,false,true,true,false,,4
MB08-165_35,MB08-165,gscdb137,false,true,true,false,,6
MB08-165_36,MB08-165,gscdb137,false,true,true,false,,5
MB08-165_37,MB08-165,gscdb137,false,true,true,false,,5
MB08-165_38,MB08-165,gscdb137,false,true,true,false,,6
MB08-165_39,MB08-165,gscdb137,false,true,true,false,,6
MB08-165_40,MB08-165,gscdb137,false,true,true,false,,6
MB08-165_41,MB08-165,gscdb137,false,true,true,false,,5
MB08-165_42,MB08-165,gscdb137,false,true,true,false,,5
MB08-165_43,MB08-165,gscdb137,false,true,true,false,,6
MB08-165_44,MB08-165,gscdb137,false,true,true,false,,3
MB08-165_45,MB08-165,gscdb137,false,true,true,false,,4
MB08-165_46,MB08-165,gscdb137,false,true,true,false,,6
MB08-165_47,MB08-165,gscdb137,false,true,true,false,,4
MB08-165_48,MB08-165,gscdb137,false,true,true,false,,5
MB08-165_49,MB08-165,gscdb137,false,true,true,false,,4
MB08-165_50,MB08-165,gscdb137,false,true,true,false,,4
MB08-165_51,MB08-165,gscdb137,false,true,true,false,,5
MB08-165_52,MB08-165,gscdb137,false,true,true,false,,5
MB08-165_53,MB08-165,gscdb137,false,true,true,false,,5
MB08-165_54,MB08-165,gscdb137,false,true,true,false,,4
MB08-165_55,MB08-165,gscdb137,false,true,true,false,,6
MB08-165_56,MB08-165,gscdb137,false,true,true,false,,4
MB08-165_57,MB08-165,gscdb137,false,true,true,false,,4
MB08-165_58,MB08-165,gscdb137,false,true,true,false,,4
MB08-165_59,MB08-165,gscdb137,false,true,true,false,,3
MB08-165_60,MB08-165,gscdb137,false,true,true,false,,5
MB08-165_61,MB08-165,gscdb137,false,true,true,false,,4
MB08-165_62,MB08-165,gscdb137,false,true,true,false,,3
MB08-165_63,MB08-165,gscdb137,false,true,true,false,,6
MB08-165_64,MB08-165,gscdb137,false,true,true,false,,5
MB08-165_65,MB08-165,gscdb137,false,true,true,false,,4
MB08-165_66,MB08-165,gscdb137,false,true,true,false,,4
MB08-165_67,MB08-165,gscdb137,false,true,true,false,,5
MB08-165_68,MB08-165,gscdb137,false,true,true,false,,4
MB08-165_69,MB08-165,gscdb137,false,true,true,false,,4
MB08-165_70,MB08-165,gscdb137,false,true,true,false,,5
MB08-165_71,MB08-165,gscdb137,false,true,true,false,,5
MB08-165_72,MB08-165,gscdb137,false,true,true,false,,4
MB08-165_73,MB08-165,gscdb137,false,true,true,false,,5
MB08-165_74,MB08-165,gscdb137,false,true,true,false,,6
MB08-165_75,MB08-165,gscdb137,false,true,true,false,,5
MB08-165_76,MB08-165,gscdb137,false,true,true,false,,4
MB08-165_77,MB08-165,gscdb137,false,true,true,false,,5
MB08-165_78,MB08-165,gscdb137,false,true,true,false,,4
MB08-165_79,MB08-165,gscdb137,false,true,true,false,,3
MB08-165_80,MB08-165,gscdb137,false,true,true,false,,6
MB08-165_81,MB08-165,gscdb137,false,true,true,false,,4
MB08-165_82,MB08-165,gscdb137,false,true,true,false,,4
MB08-165_83,MB08-165,gscdb137,false,true,true,false,,5
MB08-165_84,MB08-165,gscdb137,false,true,true,false,,3
MB08-165_85,MB08-165,gscdb137,false,true,true,false,,4
MB08-165_86,MB08-165,gscdb137,false,true,true,false,,3
MB08-165_87,MB08-165,gscdb137,false,true,true,false,,6
MB08-165_88,MB08-165,gscdb137,false,true,true,false,,5
MB08-165_89,MB08-165,gscdb137,false,true,true,false,,5
MB08-165_90,MB08-165,gscdb137,false,true,true,false,,3
MB08-165_91,MB08-165,gscdb137,false,true,true,false,,5
MB08-165_92,MB08-165,gscdb137,false,true,true,false,,3
MB08-165_93,MB08-165,gscdb137,false,true,true,false,,5
MB08-165_94,MB08-165,gscdb137,false,true,true,false,,5
MB08-165_95,MB08-165,gscdb137,false,true,true,false,,5
MB08-165_96,MB08-165,gscdb137,false,true,true,false,,4
MB08-165_97,MB08-165,gscdb137,false,true,true,false,,4
MB08-165_98,MB08-165,gscdb137,false,true,true,false,,4
MB08-165_99,MB08-165,gscdb137,false,true,true,false,,4
MB08-165_100,MB08-165,gscdb137,false,true,true,false,,4
MB08-165_101,MB08-165,gscdb137,false,true,true,false,,3
MB08-165_102,MB08-165,gscdb137,false,true,true,false,,5
MB08-165_103,MB08-165,gscdb137,false,true,true,false,,5
MB08-165_104,MB08-165,gscdb137,false,true,true,false,,5
MB08-165_105,MB08-165,gscdb137,false,true,true,false,,4
MB08-165_106,MB08-165,gscdb137,false,true,true,false,,5
MB08-165_107,MB08-165,gscdb137,false,true,true,false,,4
MB08-165_108,MB08-165,gscdb137,false,true,true,false,,5
MB08-165_109,MB08-165,gscdb137,false,true,true,false,,3
MB08-165_110,MB08-165,gscdb137,false,true,true,false,,4
MB08-165_111,MB08-165,gscdb137,false,true,true,false,,4
MB08-165_112,MB08-165,gscdb137,false,true,true,false,,5
MB08-165_113,MB08-165,gscdb137,false,true,true,false,,6
MB08-165_114,MB08-165,gscdb137,false,true,true,false,,5
MB08-165_115,MB08-165,gscdb137,false,true,true,false,,5
MB08-165_116,MB08-165,gscdb137,false,true,true,false,,6
MB08-165_117,MB08-165,gscdb137,false,true,true,false,,4
MB08-165_118,MB08-165,gscdb137,false,true,true,false,,4
MB08-165_119,MB08-165,gscdb137,false,true,true,false,,5
MB08-165_120,MB08-165,gscdb137,false,true,true,false,,4
MB08-165_121,MB08-165,gscdb137,false,true,true,false,,4
MB08-165_122,MB08-165,gscdb137,false,true,true,false,,6
MB08-165_123,MB08-165,gscdb137,false,true,true,false,,4
MB08-165_124,MB08-165,gscdb137,false,true,true,false,,5
MB08-165_125,MB08-165,gscdb137,false,true,true,false,,6
MB08-165_126,MB08-165,gscdb137,false,true,true,false,,5
MB08-165_127,MB08-165,gscdb137,false,true,true,false,,4
MB08-165_128,MB08-165,gscdb137,false,true,true,false,,5
MB08-165_129,MB08-165,gscdb137,false,true,true,false,,4
MB08-165_130,MB08-165,gscdb137,false,true,true,false,,5
MB08-165_131,MB08-165,gscdb137,false,true,true,false,,4
MB08-165_132,MB08-165,gscdb137,false,true,true,false,,5
MB08-165_133,MB08-165,gscdb137,false,true,true,false,,4
MB08-165_134,MB08-165,gscdb137,false,true,true,false,,5
MB08-165_135,MB08-165,gscdb137,false,true,true,false,,5
MB08-165_136,MB08-165,gscdb137,false,true,true,false,,5
MB08-165_137,MB08-165,gscdb137,false,true,true,false,,4
MB08-165_138,MB08-165,gscdb137,false,true,true,false,,4
MB08-165_139,MB08-165,gscdb137,false,true,true,false,,4
MB08-165_140,MB08-165,gscdb137,false,true,true,false,,5
MB08-165_141,MB08-165,gscdb137,false,true,true,false,,4
MB08-165_142,MB08-165,gscdb137,false,true,true,false,,5
MB08-165_143,MB08-165,gscdb137,false,true,true,false,,4
MB08-165_144,MB08-165,gscdb137,false,true,true,false,,5
MB08-165_145,MB08-165,gscdb137,false,true,true,false,,5
MB08-165_146,MB08-165,gscdb137,false,true,true,false,,5
MB08-165_147,MB08-165,gscdb137,false,true,true,false,,5
MB08-165_148,MB08-165,gscdb137,false,true,true,false,,6
MB08-165_149,MB08-165,gscdb137,false,true,true,false,,5
MB08-165_150,MB08-165,gscdb137,false,true,true,false,,5
MB08-165_151,MB08-165,gscdb137,false,true,true,false,,4
MB08-165_152,MB08-165,gscdb137,false,true,true,false,,5
MB08-165_153,MB08-165,gscdb137,false,true,true,false,,4
MB08-165_154,MB08-165,gscdb137,false,true,true,false,,5
MB08-165_155,MB08-165,gscdb137,false,true,true,false,,5
MB08-165_156,MB08-165,gscdb137,false,true,true,false,,4
MB08-165_157,MB08-165,gscdb137,false,true,true,false,,3
MB08-165_158,MB08-165,gscdb137,false,true,true,false,,5
MB08-165_159,MB08-165,gscdb137,false,true,true,false,,5
MB08-165_160,MB08-165,gscdb137,false,true,true,false,,4
MB08-165_161,MB08-165,gscdb137,false,true,true,false,,4
MB08-165_162,MB08-165,gscdb137,false,true,true,false,,4
MB08-165_163,MB08-165,gscdb137,false,true,true,false,,5
MB08-165_164,MB08-165,gscdb137,false,true,true,false,,5
MB08-165_165,MB08-165,gscdb137,false,true,true,false,,5
MB16-43_1,MB16-43,gscdb137,true,true,true,false,0.050000000000000003,9
MB16-43_2,MB16-43,gscdb137,true,true,true,false,0.050000000000000003,9
MB16-43_3,MB16-43,gscdb137,true,true,true,false,0.050000000000000003,10
MB16-43_4,MB16-43,gscdb137,true,true,true,false,0.050000000000000003,8
MB16-43_5,MB16-43,gscdb137,true,true,true,false,0.050000000000000003,7
MB16-43_6,MB16-43,gscdb137,true,true,true,false,0.050000000000000003,8
MB16-43_7,MB16-43,gscdb137,true,true,true,false,0.050000000000000003,10
MB16-43_8,MB16-43,gscdb137,true,true,true,false,0.050000000000000003,8
MB16-43_9,MB16-43,gscdb137,true,true,true,false,0.050000000000000003,8
MB16-43_10,MB16-43,gscdb137,true,true,true,false,0.050000000000000003,9
MB16-43_11,MB16-43,gscdb137,true,true,true,false,0.050000000000000003,9
MB16-43_12,MB16-43,gscdb137,true,true,true,false,0.050000000000000003,10
MB16-43_13,MB16-43,gscdb137,true,true,true,false,0.050000000000000003,7
MB16-43_14,MB16-43,gscdb137,true,true,true,false,0.050000000000000003,8
MB16-43_15,MB16-43,gscdb137,true,true,true,false,0.050000000000000003,9
MB16-43_16,MB16-43,gscdb137,true,true,true,false,0.050000000000000003,8
MB16-43_17,MB16-43,gscdb137,true,true,true,false,0.050000000000000003,8
MB16-43_18,MB16-43,gscdb137,true,true,true,false,0.050000000000000003,8
MB16-43_19,MB16-43,gscdb137,true,true,true,false,0.050000000000000003,9
MB16-43_20,MB16-43,gscdb137,true,true,true,false,0.050000000000000003,7
MB16-43_21,MB16-43,gscdb137,true,true,true,false,0.050000000000000003,8
MB16-43_22,MB16-43,gscdb137,true,true,true,false,0.050000000000000003,7
MB16-43_23,MB16-43,gscdb137,true,true,true,false,0.050000000000000003,8
MB16-43_24,MB16-43,gscdb137,true,true,true,false,0.050000000000000003,8
MB16-43_25,MB16-43,gscdb137,true,true,true,false,0.050000000000000003,7
MB16-43_26,MB16-43,gscdb137,true,true,true,false,0.050000000000000003,9
MB16-43_27,MB16-43,gscdb137,true,true,true,false,0.050000000000000003,9
MB16-43_28,MB16-43,gscdb137,true,true,true,false,0.050000000000000003,6
MB16-43_29,MB16-43,gscdb137,true,true,true,false,0.050000000000000003,9
MB16-43_30,MB16-43,gscdb137,true,true,true,false,0.050000000000000003,9
MB16-43_31,MB16-43,gscdb137,true,true,true,false,0.050000000000000003,9
MB16-43_32,MB16-43,gscdb137,true,true,true,false,0.050000000000000003,9
MB16-43_33,MB16-43,gscdb137,true,true,true,false,0.050000000000000003,8
MB16-43_34,MB16-43,gscdb137,true,true,true,false,0.050000000000000003,11
MB16-43_35,MB16-43,gscdb137,true,true,true,false,0.050000000000000003,10
MB16-43_36,MB16-43,gscdb137,true,true,true,false,0.050000000000000003,9
MB16-43_37,MB16-43,gscdb137,true,true,true,false,0.050000000000000003,9
MB16-43_38,MB16-43,gscdb137,true,true,true,false,0.050000000000000003,10
MB16-43_39,MB16-43,gscdb137,true,true,true,false,0.050000000000000003,8
MB16-43_40,MB16-43,gscdb137,true,true,true,false,0.050000000000000003,7
MB16-43_41,MB16-43,gscdb137,true,true,true,false,0.050000000000000003,8
MB16-43_42,MB16-43,gscdb137,true,true,true,false,0.050000000000000003,9
MB16-43_43,MB16-43,gscdb137,true,true,true,false,0.050000000000000003,8
MCONF_1,MCONF,gscdb137,false,true,false,false,,2
MCONF_2,MCONF,gscdb137,false,true,false,false,,2
MCONF_3,MCONF,gscdb137,false,true,false,false,,2
MCONF_4,MCONF,gscdb137,false,true,false,false,,2
MCONF_5,MCONF,gscdb137,false,true,false,false,,2
MCONF_6,MCONF,gscdb137,false,true,false,false,,2
MCONF_7,MCONF,gscdb137,false,true,false,false,,2
MCONF_8,MCONF,gscdb137,false,true,false,false,,2
MCONF_9,MCONF,gscdb137,false,true,false,false,,2
MCONF_10,MCONF,gscdb137,false,true,false,false,,2
MCONF_11,MCONF,gscdb137,false,true,false,false,,2
MCONF_12,MCONF,gscdb137,false,true,false,false,,2
MCONF_13,MCONF,gscdb137,false,true,false,false,,2
MCONF_14,MCONF,gscdb137,false,true,false,false,,2
MCONF_15,MCONF,gscdb137,false,true,false,false,,2
MCONF_16,MCONF,gscdb137,false,true,false,false,,2
MCONF_17,MCONF,gscdb137,false,true,false,false,,2
MCONF_18,MCONF,gscdb137,false,true,false,false,,2
MCONF_19,MCONF,gscdb137,false,true,false,false,,2
MCONF_20,MCONF,gscdb137,false,true,false,false,,2
MCONF_21,MCONF,gscdb137,false,true,false,false,,2
MCONF_22,MCONF,gscdb137,false,true,false,false,,2
MCONF_23,MCONF,gscdb137,false,true,false,false,,2
MCONF_24,MCONF,gscdb137,false,true,false,false,,2
MCONF_25,MCONF,gscdb137,false,true,false,false,,2
MCONF_26,MCONF,gscdb137,false,true,false,false,,2
MCONF_27,MCONF,gscdb137,false,true,false,false,,2
MCONF_28,MCONF,gscdb137,false,true,false,false,,2
MCONF_29,MCONF,gscdb137,false,true,false,false,,2
MCONF_30,MCONF,gscdb137,false,true,false,false,,2
MCONF_31,MCONF,gscdb137,false,true,false,false,,2
MCONF_32,MCONF,gscdb137,false,true,false,false,,2
MCONF_33,MCONF,gscdb137,false,true,false,false,,2
MCONF_34,MCONF,gscdb137,false,true,false,false,,2
MCONF_35,MCONF,gscdb137,false,true,false,false,,2
MCONF_36,MCONF,gscdb137,false,true,false,false,,2
MCONF_37,MCONF,gscdb137,false,true,false,false,,2
MCONF_38,MCONF,gscdb137,false,true,false,false,,2
MCONF_39,MCONF,gscdb137,false,true,false,false,,2
MCONF_40,MCONF,gscdb137,false,true,false,false,,2
MCONF_41,MCONF,gscdb137,false,true,false,false,,2
MCONF_42,MCONF,gscdb137,false,true,false,false,,2
MCONF_43,MCONF,gscdb137,false,true,false,false,,2
MCONF_44,MCONF,gscdb137,false,true,false,false,,2
MCONF_45,MCONF,gscdb137,false,true,false,false,,2
MCONF_46,MCONF,gscdb137,false,true,false,false,,2
MCONF_47,MCONF,gscdb137,false,true,false,false,,2
MCONF_48,MCONF,gscdb137,false,true,false,false,,2
MCONF_49,MCONF,gscdb137,false,true,false,false,,2
MCONF_50,MCONF,gscdb137,false,true,false,false,,2
MCONF_51,MCONF,gscdb137,false,true,false,false,,2
MME55_1,MME52,gscdb137,false,true,false,false,,2
MME55_2,MME52,gscdb137,false,true,false,false,,2
MME55_3,MME52,gscdb137,false,true,false,false,,2
MME55_4,MME52,gscdb137,false,true,false,false,,2
MME55_5,MME52,gscdb137,false,true,false,false,,2
MME55_6,MME52,gscdb137,false,true,false,false,,2
MME55_8,MME52,gscdb137,false,true,false,false,,2
MME55_9,MME52,gscdb137,false,true,false,false,,2
MME55_10,MME52,gscdb137,false,true,false,false,,2
MME55_11,MME52,gscdb137,false,true,false,false,,2
MME55_12,MME52,gscdb137,false,true,false,false,,2
MME55_13,MME52,gscdb137,false,true,false,false,,2
MME55_14,MME52,gscdb137,false,true,false,false,,2
MME55_15,MME52,gscdb137,false,true,false,false,,2
MME55_16,MME52,gscdb137,false,true,false,false,,2
MME55_17,MME52,gscdb137,false,true,false,false,,2
MME55_18,MME52,gscdb137,false,true,false,false,,2
MME55_19,MME52,gscdb137,false,true,false,false,,2
MME55_20,MME52,gscdb137,false,true,false,false,,2
MME55_23,MME52,gscdb137,false,true,false,false,,2
MME55_24,MME52,gscdb137,false,true,false,false,,2
MME55_25,MME52,gscdb137,false,true,false,false,,2
MME55_26,MME52,gscdb137,false,true,false,false,,2
MME55_27,MME52,gscdb137,false,true,false,false,,2
MME55_28,MME52,gscdb137,false,true,false,false,,2
MME55_29,MME52,gscdb137,false,true,false,false,,2
MME55_30,MME52,gscdb137,false,true,false,false,,2
MME55_31,MME52,gscdb137,false,true,false,false,,2
MME55_32,MME52,gscdb137,false,true,false,false,,2
MME55_33,MME52,gscdb137,false,true,false,false,,2
MME55_34,MME52,gscdb137,false,true,false,false,,2
MME55_35,MME52,gscdb137,false,true,false,false,,2
MME55_36,MME52,gscdb137,false,true,false,false,,2
MME55_37,MME52,gscdb137,false,true,false,false,,2
MME55_38,MME52,gscdb137,false,true,false,false,,2
MME55_39,MME52,gscdb137,false,true,false,false,,2
MME55_40,MME52,gscdb137,false,true,false,false,,2
MME55_41,MME52,gscdb137,false,true,false,false,,2
MME55_42,MME52,gscdb137,false,true,false,false,,2
MME55_43,MME52,gscdb137,false,true,false,false,,2
MME55_44,MME52,gscdb137,false,true,false,false,,2
MME55_45,MME52,gscdb137,false,true,false,false,,2
MME55_46,MME52,gscdb137,false,true,false,false,,2
MME55_47,MME52,gscdb137,false,true,false,false,,2
MME55_48,MME52,gscdb137,false,true,false,false,,2
MME55_49,MME52,gscdb137,false,true,false,false,,2
MME55_50,MME52,gscdb137,false,true,false,false,,2
MME55_51,MME52,gscdb137,false,true,false,false,,2
MME55_52,MME52,gscdb137,false,true,false,false,,2
MME55_53,MME52,gscdb137,false,true,false,false,,2
MME55_54,MME52,gscdb137,false,true,false,false,,2
MME55_55,MME52,gscdb137,false,true,false,false,,2
MOBH28_01,MOBH28,gscdb137,false,true,false,false,,2
MOBH28_02,MOBH28,gscdb137,false,true,false,false,,2
MOBH28_03,MOBH28,gscdb137,false,true,false,false,,2
MOBH28_04,MOBH28,gscdb137,false,true,false,false,,2
MOBH28_05,MOBH28,gscdb137,false,true,false,false,,2
MOBH28_06,MOBH28,gscdb137,false,true,false,false,,2
MOBH28_07,MOBH28,gscdb137,false,true,false,false,,2
MOBH28_08,MOBH28,gscdb137,false,true,false,false,,2
MOBH28_09,MOBH28,gscdb137,false,true,false,false,,2
MOBH28_10,MOBH28,gscdb137,false,true,false,false,,2
MOBH28_11,MOBH28,gscdb137,false,true,false,false,,2
MOBH28_12,MOBH28,gscdb137,false,true,false,false,,2
MOBH28_13,MOBH28,gscdb137,false,true,false,false,,2
MOBH28_14,MOBH28,gscdb137,false,true,false,false,,2
MOBH28_15,MOBH28,gscdb137,false,true,false,false,,2
MOBH28_16,MOBH28,gscdb137,false,true,false,false,,2
MOBH28_17,MOBH28,gscdb137,false,true,false,false,,2
MOBH28_18,MOBH28,gscdb137,false,true,false,false,,2
MOBH28_19,MOBH28,gscdb137,false,true,false,false,,2
MOBH28_20,MOBH28,gscdb137,false,true,false,false,,2
MOBH28_21,MOBH28,gscdb137,false,true,false,false,,2
MOBH28_22,MOBH28,gscdb137,false,true,false,false,,2
MOBH28_23,MOBH28,gscdb137,false,true,false,false,,2
MOBH28_24,MOBH28,gscdb137,false,true,false,false,,2
MOBH28_25,MOBH28,gscdb137,false,true,false,false,,2
MOBH28_26,MOBH28,gscdb137,false,true,false,false,,2
MOBH28_27,MOBH28,gscdb137,false,true,false,false,,2
MOBH28_28,MOBH28,gscdb137,false,true,false,false,,2
MOBH28_29,MOBH28,gscdb137,false,true,false,false,,2
MOBH28_30,MOBH28,gscdb137,false,true,false,false,,2
MOBH28_31,MOBH28,gscdb137,false,true,false,false,,2
MOBH28_32,MOBH28,gscdb137,false,true,false,false,,2
MOBH28_33,MOBH28,gscdb137,false,true,false,false,,2
MOBH28_34,MOBH28,gscdb137,false,true,false,false,,2
MOBH28_35,MOBH28,gscdb137,false,true,false,false,,2
MOBH28_36,MOBH28,gscdb137,false,true,false,false,,2
MOBH28_37,MOBH28,gscdb137,false,true,false,false,,3
MOBH28_38,MOBH28,gscdb137,false,true,false,false,,2
MOBH28_39,MOBH28,gscdb137,false,true,false,false,,2
MOBH28_40,MOBH28,gscdb137,false,true,false,false,,2
MOBH28_41,MOBH28,gscdb137,false,true,false,false,,2
MOBH28_42,MOBH28,gscdb137,false,true,false,false,,2
MOBH28_43,MOBH28,gscdb137,false,true,false,false,,2
MOBH28_44,MOBH28,gscdb137,false,true,false,false,,2
MOBH28_45,MOBH28,gscdb137,false,true,false,false,,2
MOBH28_46,MOBH28,gscdb137,false,true,false,false,,2
MOBH28_47,MOBH28,gscdb137,false,true,false,false,,2
MOBH28_48,MOBH28,gscdb137,false,true,false,false,,2
MOBH28_49,MOBH28,gscdb137,false,true,false,false,,2
MOBH28_50,MOBH28,gscdb137,false,true,false,false,,2
MOBH28_51,MOBH28,gscdb137,false,true,false,false,,2
MOBH28_52,MOBH28,gscdb137,false,true,false,false,,2
MOBH28_53,MOBH28,gscdb137,false,true,false,false,,2
MOBH28_54,MOBH28,gscdb137,false,true,false,false,,2
MOBH28_55,MOBH28,gscdb137,false,true,false,false,,2
MOBH28_56,MOBH28,gscdb137,false,true,false,false,,3
MX35_1,MX34,gscdb137,true,true,false,false,0.02,3
MX35_2,MX34,gscdb137,true,true,false,false,0.02,3
MX35_3,MX34,gscdb137,true,true,false,false,0.02,3
MX35_4,MX34,gscdb137,true,true,false,false,0.02,3
MX35_5,MX34,gscdb137,true,true,false,false,0.02,3
MX35_6,MX34,gscdb137,true,true,false,false,0.02,3
MX35_7,MX34,gscdb137,true,true,false,false,0.02,3
MX35_8,MX34,gscdb137,true,true,false,false,0.02,3
MX35_9,MX34,gscdb137,true,true,false,false,0.02,3
MX35_10,MX34,gscdb137,true,true,false,false,0.02,3
MX35_12,MX34,gscdb137,true,true,false,false,0.02,3
MX35_13,MX34,gscdb137,true,true,false,false,0.02,3
MX35_14,MX34,gscdb137,true,true,false,false,0.02,3
MX35_15,MX34,gscdb137,true,true,false,false,0.02,3
MX35_16,MX34,gscdb137,true,true,false,false,0.02,3
MX35_17,MX34,gscdb137,true,true,false,false,0.02,3
MX35_18,MX34,gscdb137,true,true,false,false,0.02,3
MX35_19,MX34,gscdb137,true,true,false,false,0.02,3
MX35_20,MX34,gscdb137,true,true,false,false,0.02,3
MX35_21,MX34,gscdb137,true,true,false,false,0.02,3
MX35_22,MX34,gscdb137,true,true,false,false,0.02,3
MX35_23,MX34,gscdb137,true,true,false,false,0.02,3
MX35_24,MX34,gscdb137,true,true,false,false,0.02,3
MX35_25,MX34,gscdb137,true,true,false,false,0.02,3
MX35_26,MX34,gscdb137,true,true,false,false,0.02,3
MX35_27,MX34,gscdb137,true,true,false,false,0.02,3
MX35_28,MX34,gscdb137,true,true,false,false,0.02,3
MX35_29,MX34,gscdb137,true,true,false,false,0.02,3
MX35_30,MX34,gscdb137,true,true,false,false,0.02,3
MX35_31,MX34,gscdb137,true,true,false,false,0.02,3
MX35_32,MX34,gscdb137,true,true,false,false,0.02,3
MX35_33,MX34,gscdb137,true,true,false,false,0.02,3
MX35_34,MX34,gscdb137,true,true,false,false,0.02,3
MX35_35,MX34,gscdb137,true,true,false,false,0.02,3
NBC10_1,NBC10,gscdb137,false,true,false,false,,3
NBC10_2,NBC10,gscdb137,false,true,false,false,,3
NBC10_3,NBC10,gscdb137,false,true,false,false,,3
NBC10_4,NBC10,gscdb137,false,true,false,false,,3
NBC10_5,NBC10,gscdb137,false,true,false,false,,3
NBC10_6,NBC10,gscdb137,false,true,false,false,,3
NBC10_7,NBC10,gscdb137,false,true,false,false,,3
NBC10_8,NBC10,gscdb137,false,true,false,false,,3
NBC10_9,NBC10,gscdb137,false,true,false,false,,3
NBC10_10,NBC10,gscdb137,false,true,false,false,,3
NBC10_11,NBC10,gscdb137,false,true,false,false,,3
NBC10_12,NBC10,gscdb137,false,true,false,false,,3
NBC10_13,NBC10,gscdb137,false,true,false,false,,3
NBC10_14,NBC10,gscdb137,false,true,false,false,,3
NBC10_15,NBC10,gscdb137,false,true,false,false,,3
NBC10_16,NBC10,gscdb137,false,true,false,false,,3
NBC10_17,NBC10,gscdb137,false,true,false,false,,3
NBC10_18,NBC10,gscdb137,false,true,false,false,,3
NBC10_19,NBC10,gscdb137,false,true,false,false,,3
NBC10_20,NBC10,gscdb137,false,true,false,false,,3
NBC10_21,NBC10,gscdb137,false,true,false,false,,3
NBC10_22,NBC10,gscdb137,false,true,false,false,,3
NBC10_23,NBC10,gscdb137,false,true,false,false,,3
NBC10_24,NBC10,gscdb137,false,true,false,false,,3
NBC10_25,NBC10,gscdb137,false,true,false,false,,3
NBC10_26,NBC10,gscdb137,false,true,false,false,,3
NBC10_27,NBC10,gscdb137,false,true,false,false,,3
NBC10_28,NBC10,gscdb137,false,true,false,false,,3
NBC10_29,NBC10,gscdb137,false,true,false,false,,3
NBC10_30,NBC10,gscdb137,false,true,false,false,,3
NBC10_31,NBC10,gscdb137,false,true,false,false,,3
NBC10_32,NBC10,gscdb137,false,true,false,false,,3
NBC10_33,NBC10,gscdb137,false,true,false,false,,3
NBC10_34,NBC10,gscdb137,false,true,false,false,,3
NBC10_35,NBC10,gscdb137,false,true,false,false,,3
NBC10_36,NBC10,gscdb137,false,true,false,false,,3
NBC10_37,NBC10,gscdb137,false,true,false,false,,3
NBC10_38,NBC10,gscdb137,false,true,false,false,,3
NBC10_39,NBC10,gscdb137,false,true,false,false,,3
NBC10_40,NBC10,gscdb137,false,true,false,false,,3
NBC10_41,NBC10,gscdb137,false,true,false,false,,3
NBC10_42,NBC10,gscdb137,false,true,false,false,,3
NBC10_43,NBC10,gscdb137,false,true,false,false,,3
NBC10_44,NBC10,gscdb137,false,true,false,false,,3
NBC10_45,NBC10,gscdb137,false,true,false,false,,3
NBC10_46,NBC10,gscdb137,false,true,false,false,,3
NBC10_47,NBC10,gscdb137,false,true,false,false,,3
NBC10_48,NBC10,gscdb137,false,true,false,false,,3
NBC10_49,NBC10,gscdb137,false,true,false,false,,3
NBC10_50,NBC10,gscdb137,false,true,false,false,,3
NBC10_51,NBC10,gscdb137,false,true,false,false,,3
NBC10_52,NBC10,gscdb137,false,true,false,false,,3
NBC10_53,NBC10,gscdb137,false,true,false,false,,3
NBC10_54,NBC10,gscdb137,false,true,false,false,,3
NBC10_55,NBC10,gscdb137,false,true,false,false,,3
NBC10_56,NBC10,gscdb137,false,true,false,false,,3
NBC10_57,NBC10,gscdb137,false,true,false,false,,3
NBC10_58,NBC10,gscdb137,false,true,false,false,,3
NBC10_59,NBC10,gscdb137,false,true,false,false,,3
NBC10_60,NBC10,gscdb137,false,true,false,false,,3
NBC10_61,NBC10,gscdb137,false,true,false,false,,3
NBC10_62,NBC10,gscdb137,false,true,false,false,,3
NBC10_63,NBC10,gscdb137,false,true,false,false,,3
NBC10_64,NBC10,gscdb137,false,true,false,false,,3
NBC10_65,NBC10,gscdb137,false,true,false,false,,3
NBC10_66,NBC10,gscdb137,false,true,false,false,,3
NBC10_67,NBC10,gscdb137,false,true,false,false,,3
NBC10_68,NBC10,gscdb137,false,true,false,false,,3
NBC10_69,NBC10,gscdb137,false,true,false,false,,3
NBC10_70,NBC10,gscdb137,false,true,false,false,,3
NBC10_71,NBC10,gscdb137,false,true,false,false,,3
NBC10_72,NBC10,gscdb137,false,true,false,false,,3
NBC10_73,NBC10,gscdb137,false,true,false,false,,3
NBC10_74,NBC10,gscdb137,false,true,false,false,,3
NBC10_75,NBC10,gscdb137,false,true,false,false,,3
NBC10_76,NBC10,gscdb137,false,true,false,false,,3
NBC10_77,NBC10,gscdb137,false,true,false,false,,3
NBC10_78,NBC10,gscdb137,false,true,false,false,,3
NBC10_79,NBC10,gscdb137,false,true,false,false,,3
NBC10_80,NBC10,gscdb137,false,true,false,false,,3
NBC10_81,NBC10,gscdb137,false,true,false,false,,3
NBC10_82,NBC10,gscdb137,false,true,false,false,,3
NBC10_83,NBC10,gscdb137,false,true,false,false,,3
NBC10_84,NBC10,gscdb137,false,true,false,false,,3
NBC10_85,NBC10,gscdb137,false,true,false,false,,3
NBC10_86,NBC10,gscdb137,false,true,false,false,,3
NBC10_87,NBC10,gscdb137,false,true,false,false,,3
NBC10_88,NBC10,gscdb137,false,true,false,false,,3
NBC10_89,NBC10,gscdb137,false,true,false,false,,3
NBC10_90,NBC10,gscdb137,false,true,false,false,,3
NBC10_91,NBC10,gscdb137,false,true,false,false,,3
NBC10_92,NBC10,gscdb137,false,true,false,false,,3
NBC10_93,NBC10,gscdb137,false,true,false,false,,3
NBC10_94,NBC10,gscdb137,false,true,false,false,,3
NBC10_95,NBC10,gscdb137,false,true,false,false,,3
NBC10_96,NBC10,gscdb137,false,true,false,false,,3
NBC10_97,NBC10,gscdb137,false,true,false,false,,3
NBC10_98,NBC10,gscdb137,false,true,false,false,,3
NBC10_99,NBC10,gscdb137,false,true,false,false,,3
NBC10_100,NBC10,gscdb137,false,true,false,false,,3
NBC10_101,NBC10,gscdb137,false,true,false,false,,3
NBC10_102,NBC10,gscdb137,false,true,false,false,,3
NBC10_103,NBC10,gscdb137,false,true,false,false,,3
NBC10_104,NBC10,gscdb137,false,true,false,false,,3
NBC10_105,NBC10,gscdb137,false,true,false,false,,3
NBC10_106,NBC10,gscdb137,false,true,false,false,,3
NBC10_107,NBC10,gscdb137,false,true,false,false,,3
NBC10_108,NBC10,gscdb137,false,true,false,false,,3
NBC10_109,NBC10,gscdb137,false,true,false,false,,3
NBC10_110,NBC10,gscdb137,false,true,false,false,,3
NBC10_111,NBC10,gscdb137,false,true,false,false,,3
NBC10_112,NBC10,gscdb137,false,true,false,false,,3
NBC10_113,NBC10,gscdb137,false,true,false,false,,3
NBC10_114,NBC10,gscdb137,false,true,false,false,,3
NBC10_115,NBC10,gscdb137,false,true,false,false,,3
NBC10_116,NBC10,gscdb137,false,true,false,false,,3
NBC10_117,NBC10,gscdb137,false,true,false,false,,3
NBC10_118,NBC10,gscdb137,false,true,false,false,,3
NBC10_119,NBC10,gscdb137,false,true,false,false,,3
NBC10_120,NBC10,gscdb137,false,true,false,false,,3
NBC10_121,NBC10,gscdb137,false,true,false,false,,3
NBC10_122,NBC10,gscdb137,false,true,false,false,,3
NBC10_123,NBC10,gscdb137,false,true,false,false,,3
NBC10_124,NBC10,gscdb137,false,true,false,false,,3
NBC10_125,NBC10,gscdb137,false,true,false,false,,3
NBC10_126,NBC10,gscdb137,false,true,false,false,,3
NBC10_127,NBC10,gscdb137,false,true,false,false,,3
NBC10_128,NBC10,gscdb137,false,true,false,false,,3
NBC10_129,NBC10,gscdb137,false,true,false,false,,3
NBC10_130,NBC10,gscdb137,false,true,false,false,,3
NBC10_131,NBC10,gscdb137,false,true,false,false,,3
NBC10_132,NBC10,gscdb137,false,true,false,false,,3
NBC10_133,NBC10,gscdb137,false,true,false,false,,3
NBC10_134,NBC10,gscdb137,false,true,false,false,,3
NBC10_135,NBC10,gscdb137,false,true,false,false,,3
NBC10_136,NBC10,gscdb137,false,true,false,false,,3
NBC10_137,NBC10,gscdb137,false,true,false,false,,3
NBC10_138,NBC10,gscdb137,false,true,false,false,,3
NBC10_139,NBC10,gscdb137,false,true,false,false,,3
NBC10_140,NBC10,gscdb137,false,true,false,false,,3
NBC10_141,NBC10,gscdb137,false,true,false,false,,3
NBC10_142,NBC10,gscdb137,false,true,false,false,,3
NBC10_143,NBC10,gscdb137,false,true,false,false,,3
NBC10_144,NBC10,gscdb137,false,true,false,false,,3
NBC10_145,NBC10,gscdb137,false,true,false,false,,3
NBC10_146,NBC10,gscdb137,false,true,false,false,,3
NBC10_147,NBC10,gscdb137,false,true,false,false,,3
NBC10_148,NBC10,gscdb137,false,true,false,false,,3
NBC10_149,NBC10,gscdb137,false,true,false,false,,3
NBC10_150,NBC10,gscdb137,false,true,false,false,,3
NBC10_151,NBC10,gscdb137,false,true,false,false,,3
NBC10_152,NBC10,gscdb137,false,true,false,false,,3
NBC10_153,NBC10,gscdb137,false,true,false,false,,3
NBC10_154,NBC10,gscdb137,false,true,false,false,,3
NBC10_155,NBC10,gscdb137,false,true,false,false,,3
NBC10_156,NBC10,gscdb137,false,true,false,false,,3
NBC10_157,NBC10,gscdb137,false,true,false,false,,3
NBC10_158,NBC10,gscdb137,false,true,false,false,,3
NBC10_159,NBC10,gscdb137,false,true,false,false,,3
NBC10_160,NBC10,gscdb137,false,true,false,false,,3
NBC10_161,NBC10,gscdb137,false,true,false,false,,3
NBC10_162,NBC10,gscdb137,false,true,false,false,,3
NBC10_163,NBC10,gscdb137,false,true,false,false,,3
NBC10_164,NBC10,gscdb137,false,true,false,false,,3
NBC10_165,NBC10,gscdb137,false,true,false,false,,3
NBC10_166,NBC10,gscdb137,false,true,false,false,,3
NBC10_167,NBC10,gscdb137,false,true,false,false,,3
NBC10_168,NBC10,gscdb137,false,true,false,false,,3
NBC10_169,NBC10,gscdb137,false,true,false,false,,3
NBC10_170,NBC10,gscdb137,false,true,false,false,,3
NBC10_171,NBC10,gscdb137,false,true,false,false,,3
NBC10_172,NBC10,gscdb137,false,true,false,false,,3
NBC10_173,NBC10,gscdb137,false,true,false,false,,3
NBC10_174,NBC10,gscdb137,false,true,false,false,,3
NBC10_175,NBC10,gscdb137,false,true,false,false,,3
NBC10_176,NBC10,gscdb137,false,true,false,false,,3
NBC10_177,NBC10,gscdb137,false,true,false,false,,3
NBC10_178,NBC10,gscdb137,false,true,false,false,,3
NBC10_179,NBC10,gscdb137,false,true,false,false,,3
NBC10_180,NBC10,gscdb137,false,true,false,false,,3
NBC10_181,NBC10,gscdb137,false,true,false,false,,3
NBC10_182,NBC10,gscdb137,false,true,false,false,,3
NBC10_183,NBC10,gscdb137,false,true,false,false,,3
NBC10_184,NBC10,gscdb137,false,true,false,false,,3
NBPRC_1,NBPRC,gscdb137,false,true,false,false,,3
NBPRC_2,NBPRC,gscdb137,false,true,false,false,,3
NBPRC_3,NBPRC,gscdb137,false,true,false,false,,3
NBPRC_4,NBPRC,gscdb137,false,true,false,false,,2
NBPRC_5,NBPRC,gscdb137,false,true,false,false,,3
NBPRC_6,NBPRC,gscdb137,false,true,false,false,,2
NBPRC_7,NBPRC,gscdb137,false,true,false,false,,3
NBPRC_8,NBPRC,gscdb137,false,true,false,false,,3
NBPRC_9,NBPRC,gscdb137,false,true,false,false,,3
NBPRC_10,NBPRC,gscdb137,false,true,false,false,,3
NBPRC_11,NBPRC,gscdb137,false,true,false,false,,3
NBPRC_12,NBPRC,gscdb137,false,true,false,false,,3
NC11_2,NC11,gscdb137,false,true,false,false,,3
NC11_3,NC11,gscdb137,false,true,false,false,,3
NC11_4,NC11,gscdb137,false,true,false,false,,3
NC11_5,NC11,gscdb137,false,true,false,false,,3
NC11_6,NC11,gscdb137,false,true,false,false,,3
NC11_7,NC11,gscdb137,false,true,false,false,,3
NC11_9,NC11,gscdb137,false,true,false,false,,3
NC11_11,NC11,gscdb137,false,true,false,false,,3
NC11_12,NC11,gscdb137,false,true,false,false,,3
NC11_13,NC11,gscdb137,false,true,false,false,,3
NC11_14,NC11,gscdb137,false,true,false,false,,3
O24_1,O24,gscdb137,false,true,false,false,,3
O24_2,O24,gscdb137,false,true,false,false,,3
O24_3,O24,gscdb137,false,true,false,false,,3
O24_4,O24,gscdb137,false,true,false,false,,3
O24_5,O24,gscdb137,false,true,false,false,,3
O24_6,O24,gscdb137,false,true,false,false,,3
O24_7,O24,gscdb137,false,true,false,false,,3
O24_8,O24,gscdb137,false,true,false,false,,3
O24_9,O24,gscdb137,false,true,false,false,,3
O24_10,O24,gscdb137,false,true,false,false,,3
O24_11,O24,gscdb137,false,true,false,false,,3
O24_12,O24,gscdb137,false,true,false,false,,3
O24_13,O24,gscdb137,false,true,false,false,,3
O24_14,O24,gscdb137,false,true,false,false,,3
O24_15,O24,gscdb137,false,true,false,false,,3
O24_16,O24,gscdb137,false,true,false,false,,3
O24_17,O24,gscdb137,false,true,false,false,,3
O24_18,O24,gscdb137,false,true,false,false,,3
O24_19,O24,gscdb137,false,true,false,false,,3
O24_20,O24,gscdb137,false,true,false,false,,3
O24_21,O24,gscdb137,false,true,false,false,,3
O24_22,O24,gscdb137,false,true,false,false,,3
O24_23,O24,gscdb137,false,true,false,false,,3
O24_24,O24,gscdb137,false,true,false,false,,3
O24x4_1,O24x4,gscdb137,false,true,false,false,,3
O24x4_2,O24x4,gscdb137,false,true,false,false,,3
O24x4_3,O24x4,gscdb137,false,true,false,false,,3
O24x4_4,O24x4,gscdb137,false,true,false,false,,3
O24x4_5,O24x4,gscdb137,false,true,false,false,,3
O24x4_6,O24x4,gscdb137,false,true,false,false,,3
O24x4_7,O24x4,gscdb137,false,true,false,false,,3
O24x4_8,O24x4,gscdb137,false,true,false,false,,3
O24x4_9,O24x4,gscdb137,false,true,false,false,,3
O24x4_10,O24x4,gscdb137,false,true,false,false,,3
O24x4_11,O24x4,gscdb137,false,true,false,false,,3
O24x4_12,O24x4,gscdb137,false,true,false,false,,3
O24x4_13,O24x4,gscdb137,false,true,false,false,,3
O24x4_14,O24x4,gscdb137,false,true,false,false,,3
O24x4_15,O24x4,gscdb137,false,true,false,false,,3
O24x4_16,O24x4,gscdb137,false,true,false,false,,3
O24x4_17,O24x4,gscdb137,false,true,false,false,,3
O24x4_18,O24x4,gscdb137,false,true,false,false,,3
O24x4_19,O24x4,gscdb137,false,true,false,false,,3
O24x4_20,O24x4,gscdb137,false,true,false,false,,3
O24x4_21,O24x4,gscdb137,false,true,false,false,,3
O24x4_22,O24x4,gscdb137,false,true,false,false,,3
O24x4_23,O24x4,gscdb137,false,true,false,false,,3
O24x4_24,O24x4,gscdb137,false,true,false,false,,3
O24x4_25,O24x4,gscdb137,false,true,false,false,,3
O24x4_26,O24x4,gscdb137,false,true,false,false,,3
O24x4_27,O24x4,gscdb137,false,true,false,false,,3
O24x4_28,O24x4,gscdb137,false,true,false,false,,3
O24x4_29,O24x4,gscdb137,false,true,false,false,,3
O24x4_30,O24x4,gscdb137,false,true,false,false,,3
O24x4_31,O24x4,gscdb137,false,true,false,false,,3
O24x4_32,O24x4,gscdb137,false,true,false,false,,3
O24x4_33,O24x4,gscdb137,false,true,false,false,,3
O24x4_34,O24x4,gscdb137,false,true,false,false,,3
O24x4_35,O24x4,gscdb137,false,true,false,false,,3
O24x4_36,O24x4,gscdb137,false,true,false,false,,3
O24x4_37,O24x4,gscdb137,false,true,false,false,,3
O24x4_38,O24x4,gscdb137,false,true,false,false,,3
O24x4_39,O24x4,gscdb137,false,true,false,false,,3
O24x4_40,O24x4,gscdb137,false,true,false,false,,3
O24x4_41,O24x4,gscdb137,false,true,false,false,,3
O24x4_42,O24x4,gscdb137,false,true,false,false,,3
O24x4_43,O24x4,gscdb137,false,true,false,false,,3
O24x4_44,O24x4,gscdb137,false,true,false,false,,3
O24x4_45,O24x4,gscdb137,false,true,false,false,,3
O24x4_46,O24x4,gscdb137,false,true,false,false,,3
O24x4_47,O24x4,gscdb137,false,true,false,false,,3
O24x4_48,O24x4,gscdb137,false,true,false,false,,3
O24x4_49,O24x4,gscdb137,false,true,false,false,,3
O24x4_50,O24x4,gscdb137,false,true,false,false,,3
O24x4_51,O24x4,gscdb137,false,true,false,false,,3
O24x4_52,O24x4,gscdb137,false,true,false,false,,3
O24x4_53,O24x4,gscdb137,false,true,false,false,,3
O24x4_54,O24x4,gscdb137,false,true,false,false,,3
O24x4_55,O24x4,gscdb137,false,true,false,false,,3
O24x4_56,O24x4,gscdb137,false,true,false,false,,3
O24x4_57,O24x4,gscdb137,false,true,false,false,,3
O24x4_58,O24x4,gscdb137,false,true,false,false,,3
O24x4_59,O24x4,gscdb137,false,true,false,false,,3
O24x4_60,O24x4,gscdb137,false,true,false,false,,3
O24x4_61,O24x4,gscdb137,false,true,false,false,,3
O24x4_62,O24x4,gscdb137,false,true,false,false,,3
O24x4_63,O24x4,gscdb137,false,true,false,false,,3
O24x4_64,O24x4,gscdb137,false,true,false,false,,3
O24x4_65,O24x4,gscdb137,false,true,false,false,,3
O24x4_66,O24x4,gscdb137,false,true,false,false,,3
O24x4_67,O24x4,gscdb137,false,true,false,false,,3
O24x4_68,O24x4,gscdb137,false,true,false,false,,3
O24x4_69,O24x4,gscdb137,false,true,false,false,,3
O24x4_70,O24x4,gscdb137,false,true,false,false,,3
O24x4_71,O24x4,gscdb137,false,true,false,false,,3
O24x4_72,O24x4,gscdb137,false,true,false,false,,3
O24x4_73,O24x4,gscdb137,false,true,false,false,,3
O24x4_74,O24x4,gscdb137,false,true,false,false,,3
O24x4_75,O24x4,gscdb137,false,true,false,false,,3
O24x4_76,O24x4,gscdb137,false,true,false,false,,3
O24x4_77,O24x4,gscdb137,false,true,false,false,,3
O24x4_78,O24x4,gscdb137,false,true,false,false,,3
O24x4_79,O24x4,gscdb137,false,true,false,false,,3
O24x4_80,O24x4,gscdb137,false,true,false,false,,3
O24x4_81,O24x4,gscdb137,false,true,false,false,,3
O24x4_82,O24x4,gscdb137,false,true,false,false,,3
O24x4_83,O24x4,gscdb137,false,true,false,false,,3
O24x4_84,O24x4,gscdb137,false,true,false,false,,3
O24x4_85,O24x4,gscdb137,false,true,false,false,,3
O24x4_86,O24x4,gscdb137,false,true,false,false,,3
O24x4_87,O24x4,gscdb137,false,true,false,false,,3
O24x4_88,O24x4,gscdb137,false,true,false,false,,3
O24x4_89,O24x4,gscdb137,false,true,false,false,,3
O24x4_90,O24x4,gscdb137,false,true,false,false,,3
O24x4_91,O24x4,gscdb137,false,true,false,false,,3
O24x4_92,O24x4,gscdb137,false,true,false,false,,3
O24x4_93,O24x4,gscdb137,false,true,false,false,,3
O24x4_94,O24x4,gscdb137,false,true,false,false,,3
O24x4_95,O24x4,gscdb137,false,true,false,false,,3
O24x4_96,O24x4,gscdb137,false,true,false,false,,3
OEEF_1,OEEF,gscdb137,false,true,false,false,,2
OEEF_2,OEEF,gscdb137,false,true,false,false,,2
OEEF_3,OEEF,gscdb137,false,true,false,false,,2
OEEF_4,OEEF,gscdb137,false,true,false,false,,2
OEEF_6,OEEF,gscdb137,false,true,false,false,,2
OEEF_7,OEEF,gscdb137,false,true,false,false,,2
OEEF_8,OEEF,gscdb137,false,true,false,false,,2
OEEF_9,OEEF,gscdb137,false,true,false,false,,2
OEEF_11,OEEF,gscdb137,false,true,false,false,,2
OEEF_12,OEEF,gscdb137,false,true,false,false,,2
OEEF_13,OEEF,gscdb137,false,true,false,false,,2
OEEF_14,OEEF,gscdb137,false,true,false,false,,2
OEEF_15,OEEF,gscdb137,false,true,false,false,,2
OEEF_16,OEEF,gscdb137,false,true,false,false,,2
OEEF_17,OEEF,gscdb137,false,true,false,false,,2
OEEF_18,OEEF,gscdb137,false,true,false,false,,2
OEEF_19,OEEF,gscdb137,false,true,false,false,,2
OEEF_20,OEEF,gscdb137,false,true,false,false,,2
OEEF_21,OEEF,gscdb137,false,true,false,false,,2
OEEF_22,OEEF,gscdb137,false,true,false,false,,2
OEEF_23,OEEF,gscdb137,false,true,false,false,,2
OEEF_24,OEEF,gscdb137,false,true,false,false,,2
OEEF_25,OEEF,gscdb137,false,true,false,false,,2
OEEF_26,OEEF,gscdb137,false,true,false,false,,2
OEEF_27,OEEF,gscdb137,false,true,false,false,,2
OEEF_28,OEEF,gscdb137,false,true,false,false,,2
OEEF_29,OEEF,gscdb137,false,true,false,false,,2
OEEF_30,OEEF,gscdb137,false,true,false,false,,2
OEEF_31,OEEF,gscdb137,false,true,false,false,,2
OEEF_32,OEEF,gscdb137,false,true,false,false,,2
OEEF_33,OEEF,gscdb137,false,true,false,false,,2
OEEF_34,OEEF,gscdb137,false,true,false,false,,2
OEEF_35,OEEF,gscdb137,false,true,false,false,,2
OEEF_36,OEEF,gscdb137,false,true,false,false,,2
OEEF_37,OEEF,gscdb137,false,true,false,false,,2
OEEF_38,OEEF,gscdb137,false,true,false,false,,2
OEEF_39,OEEF,gscdb137,false,true,false,false,,2
OEEF_40,OEEF,gscdb137,false,true,false,false,,2
OEEF_41,OEEF,gscdb137,false,true,false,false,,2
OEEF_42,OEEF,gscdb137,false,true,false,false,,2
OEEF_43,OEEF,gscdb137,false,true,false,false,,2
OEEF_44,OEEF,gscdb137,false,true,false,false,,2
OEEF_45,OEEF,gscdb137,false,true,false,false,,2
OEEF_46,OEEF,gscdb137,false,true,false,false,,2
OEEF_47,OEEF,gscdb137,false,true,false,false,,2
OEEF_48,OEEF,gscdb137,false,true,false,false,,2
OEEF_49,OEEF,gscdb137,false,true,false,false,,2
OEEF_50,OEEF,gscdb137,false,true,false,false,,2
OEEF_51,OEEF,gscdb137,false,true,false,false,,2
OEEF_52,OEEF,gscdb137,false,true,false,false,,2
OEEF_53,OEEF,gscdb137,false,true,false,false,,2
OEEF_54,OEEF,gscdb137,false,true,false,false,,2
OEEF_55,OEEF,gscdb137,false,true,false,false,,2
OEEF_56,OEEF,gscdb137,false,true,false,false,,2
OEEF_57,OEEF,gscdb137,false,true,false,false,,2
OEEF_58,OEEF,gscdb137,false,true,false,false,,2
OEEF_59,OEEF,gscdb137,false,true,false,false,,2
OEEF_60,OEEF,gscdb137,false,true,false,false,,2
OEEF_61,OEEF,gscdb137,false,true,false,false,,2
OEEF_62,OEEF,gscdb137,false,true,false,false,,2
OEEF_63,OEEF,gscdb137,false,true,false,false,,2
OEEF_64,OEEF,gscdb137,false,true,false,false,,2
OEEF_65,OEEF,gscdb137,false,true,false,false,,2
OEEF_66,OEEF,gscdb137,false,true,false,false,,2
OEEF_67,OEEF,gscdb137,false,true,false,false,,2
OEEF_68,OEEF,gscdb137,false,true,false,false,,2
OEEF_69,OEEF,gscdb137,false,true,false,false,,2
OEEF_70,OEEF,gscdb137,false,true,false,false,,2
OEEF_71,OEEF,gscdb137,false,true,false,false,,2
OEEF_72,OEEF,gscdb137,false,true,false,false,,2
OEEF_73,OEEF,gscdb137,false,true,false,false,,2
OEEF_74,OEEF,gscdb137,false,true,false,false,,2
OEEF_75,OEEF,gscdb137,false,true,false,false,,2
OEEF_76,OEEF,gscdb137,false,true,false,false,,2
OEEF_77,OEEF,gscdb137,false,true,false,false,,2
OEEF_78,OEEF,gscdb137,false,true,false,false,,2
OEEF_79,OEEF,gscdb137,false,true,false,false,,2
OEEF_80,OEEF,gscdb137,false,true,false,false,,2
OEEF_81,OEEF,gscdb137,false,true,false,false,,2
OEEF_82,OEEF,gscdb137,false,true,false,false,,2
OEEF_83,OEEF,gscdb137,false,true,false,false,,2
OEEF_84,OEEF,gscdb137,false,true,false,false,,2
OEEF_85,OEEF,gscdb137,false,true,false,false,,2
OEEF_86,OEEF,gscdb137,false,true,false,false,,2
OEEF_87,OEEF,gscdb137,false,true,false,false,,2
OEEF_88,OEEF,gscdb137,false,true,false,false,,2
OEEF_89,OEEF,gscdb137,false,true,false,false,,2
OEEF_90,OEEF,gscdb137,false,true,false,false,,2
OEEF_91,OEEF,gscdb137,false,true,false,false,,2
OEEF_92,OEEF,gscdb137,false,true,false,false,,2
OEEF_93,OEEF,gscdb137,false,true,false,false,,2
OEEF_94,OEEF,gscdb137,false,true,false,false,,2
OEEF_95,OEEF,gscdb137,false,true,false,false,,2
OEEF_96,OEEF,gscdb137,false,true,false,false,,2
OEEF_97,OEEF,gscdb137,false,true,false,false,,2
OEEF_98,OEEF,gscdb137,false,true,false,false,,2
OEEF_99,OEEF,gscdb137,false,true,false,false,,2
OEEF_100,OEEF,gscdb137,false,true,false,false,,2
OEEF_101,OEEF,gscdb137,false,true,false,false,,2
OEEF_102,OEEF,gscdb137,false,true,false,false,,2
OEEF_103,OEEF,gscdb137,false,true,false,false,,2
OEEF_104,OEEF,gscdb137,false,true,false,false,,2
OEEF_105,OEEF,gscdb137,false,true,false,false,,2
OEEF_106,OEEF,gscdb137,false,true,false,false,,2
OEEF_107,OEEF,gscdb137,false,true,false,false,,2
OEEF_108,OEEF,gscdb137,false,true,false,false,,2
OEEF_109,OEEF,gscdb137,false,true,false,false,,2
OEEF_110,OEEF,gscdb137,false,true,false,false,,2
OEEF_111,OEEF,gscdb137,false,true,false,false,,2
OEEF_112,OEEF,gscdb137,false,true,false,false,,2
OEEF_113,OEEF,gscdb137,false,true,false,false,,2
OEEF_114,OEEF,gscdb137,false,true,false,false,,2
OEEF_115,OEEF,gscdb137,false,true,false,false,,2
OEEF_116,OEEF,gscdb137,false,true,false,false,,2
OEEF_117,OEEF,gscdb137,false,true,false,false,,2
OEEF_118,OEEF,gscdb137,false,true,false,false,,2
OEEF_119,OEEF,gscdb137,false,true,false,false,,2
OEEF_120,OEEF,gscdb137,false,true,false,false,,2
OEEF_121,OEEF,gscdb137,false,true,false,false,,2
OEEF_122,OEEF,gscdb137,false,true,false,false,,2
OEEF_123,OEEF,gscdb137,false,true,false,false,,2
OEEF_124,OEEF,gscdb137,false,true,false,false,,2
OEEF_125,OEEF,gscdb137,false,true,false,false,,2
OEEF_126,OEEF,gscdb137,false,true,false,false,,2
OEEF_127,OEEF,gscdb137,false,true,false,false,,2
OEEF_128,OEEF,gscdb137,false,true,false,false,,2
OEEF_130,OEEF,gscdb137,false,true,false,false,,2
OEEF_131,OEEF,gscdb137,false,true,false,false,,2
OEEF_132,OEEF,gscdb137,false,true,false,false,,2
OEEF_133,OEEF,gscdb137,false,true,false,false,,2
OEEF_134,OEEF,gscdb137,false,true,false,false,,2
OEEF_135,OEEF,gscdb137,false,true,false,false,,2
OEEF_136,OEEF,gscdb137,false,true,false,false,,2
OEEF_137,OEEF,gscdb137,false,true,false,false,,2
OEEF_138,OEEF,gscdb137,false,true,false,false,,2
OEEF_139,OEEF,gscdb137,false,true,false,false,,2
ORBH35_VO_1,ORBH35,gscdb137,false,true,false,false,,2
ORBH35_VO_2,ORBH35,gscdb137,false,true,false,false,,2
ORBH35_VO_3,ORBH35,gscdb137,false,true,false,false,,2
ORBH35_VO_4,ORBH35,gscdb137,false,true,false,false,,2
ORBH35_VO_5,ORBH35,gscdb137,false,true,false,false,,2
ORBH35_VO_6,ORBH35,gscdb137,false,true,false,false,,2
ORBH35_VO_7,ORBH35,gscdb137,false,true,false,false,,2
ORBH35_VO_8,ORBH35,gscdb137,false,true,false,false,,2
ORBH35_VO_9,ORBH35,gscdb137,false,true,false,false,,2
ORBH35_VO_10,ORBH35,gscdb137,false,true,false,false,,2
ORBH35_VO_11,ORBH35,gscdb137,false,true,false,false,,2
ORBH35_VO_12,ORBH35,gscdb137,false,true,false,false,,2
ORBH35_VO_13,ORBH35,gscdb137,false,true,false,false,,2
ORBH35_VO_14,ORBH35,gscdb137,false,true,false,false,,2
ORBH35_VO_15,ORBH35,gscdb137,false,true,false,false,,2
ORBH35_VO_16,ORBH35,gscdb137,false,true,false,false,,2
ORBH35_CO3_17,ORBH35,gscdb137,false,true,false,false,,3
ORBH35_CO3_18,ORBH35,gscdb137,false,true,false,false,,3
ORBH35_CO3_19,ORBH35,gscdb137,false,true,false,false,,3
ORBH35_CO3_20,ORBH35,gscdb137,false,true,false,false,,2
ORBH35_CO3_21,ORBH35,gscdb137,false,true,false,false,,2
ORBH35_CO3_22,ORBH35,gscdb137,false,true,false,false,,2
ORBH35_CO3_23,ORBH35,gscdb137,false,true,false,false,,2
ORBH35_CO3_24,ORBH35,gscdb137,false,true,false,false,,3
ORBH35_CO3_25,ORBH35,gscdb137,false,true,false,false,,2
ORBH35_CO3_26,ORBH35,gscdb137,false,true,false,false,,2
ORBH35_CO3_27,ORBH35,gscdb137,false,true,false,false,,2
ORBH35_CO3_28,ORBH35,gscdb137,false,true,false,false,,2
ORBH35_CO3_29,ORBH35,gscdb137,false,true,false,false,,2
ORBH35_CO3_30,ORBH35,gscdb137,false,true,false,false,,3
ORBH35_CO3_31,ORBH35,gscdb137,false,true,false,false,,3
ORBH35_CO3_32,ORBH35,gscdb137,false,true,false,false,,2
ORBH35_CO3_33,ORBH35,gscdb137,false,true,false,false,,2
ORBH35_CO3_34,ORBH35,gscdb137,false,true,false,false,,2
ORBH35_CO3_35,ORBH35,gscdb137,false,true,false,false,,3
P34AE_1,P34AE,gscdb137,false,true,false,false,,2
P34AE_2,P34AE,gscdb137,false,true,false,false,,2
P34AE_3,P34AE,gscdb137,false,true,false,false,,2
P34AE_4,P34AE,gscdb137,false,true,false,false,,3
P34AE_5,P34AE,gscdb137,false,true,false,false,,3
P34AE_6,P34AE,gscdb137,false,true,false,false,,3
P34AE_7,P34AE,gscdb137,false,true,false,false,,3
P34AE_8,P34AE,gscdb137,false,true,false,false,,3
P34AE_9,P34AE,gscdb137,false,true,false,false,,3
P34AE_10,P34AE,gscdb137,false,true,false,false,,3
P34AE_11,P34AE,gscdb137,false,true,false,false,,3
P34AE_12,P34AE,gscdb137,false,true,false,false,,3
P34AE_13,P34AE,gscdb137,false,true,false,false,,3
P34AE_14,P34AE,gscdb137,false,true,false,false,,2
P34AE_15,P34AE,gscdb137,false,true,false,false,,3
P34AE_16,P34AE,gscdb137,false,true,false,false,,3
P34AE_17,P34AE,gscdb137,false,true,false,false,,3
P34AE_18,P34AE,gscdb137,false,true,false,false,,3
P34AE_19,P34AE,gscdb137,false,true,false,false,,4
P34AE_20,P34AE,gscdb137,false,true,false,false,,4
P34AE_21,P34AE,gscdb137,false,true,false,false,,4
P34AE_22,P34AE,gscdb137,false,true,false,false,,4
P34AE_23,P34AE,gscdb137,false,true,false,false,,4
P34AE_24,P34AE,gscdb137,false,true,false,false,,4
P34AE_25,P34AE,gscdb137,false,true,false,false,,5
P34AE_26,P34AE,gscdb137,false,true,false,false,,4
P34AE_27,P34AE,gscdb137,false,true,false,false,,3
P34AE_28,P34AE,gscdb137,false,true,false,false,,3
P34AE_29,P34AE,gscdb137,false,true,false,false,,3
P34AE_30,P34AE,gscdb137,false,true,false,false,,3
P34AE_31,P34AE,gscdb137,false,true,false,false,,3
P34AE_32,P34AE,gscdb137,false,true,false,false,,4
P34AE_33,P34AE,gscdb137,false,true,false,false,,4
P34AE_34,P34AE,gscdb137,false,true,false,false,,5
P34AE_35,P34AE,gscdb137,false,true,false,false,,5
P34AE_36,P34AE,gscdb137,false,true,false,false,,5
P34AE_37,P34AE,gscdb137,false,true,false,false,,5
P34AE_38,P34AE,gscdb137,false,true,false,false,,4
P34AE_39,P34AE,gscdb137,false,true,false,false,,4
P34AE_40,P34AE,gscdb137,false,true,false,false,,4
P34AE_41,P34AE,gscdb137,false,true,false,false,,4
P34AE_42,P34AE,gscdb137,false,true,false,false,,5
P34AE_43,P34AE,gscdb137,false,true,false,false,,5
P34AE_44,P34AE,gscdb137,false,true,false,false,,5
P34IP_1,P34IP,gscdb137,false,true,false,false,,2
P34IP_2,P34IP,gscdb137,false,true,false,false,,2
P34IP_3,P34IP,gscdb137,false,true,false,false,,2
P34IP_4,P34IP,gscdb137,false,true,false,false,,2
P34IP_5,P34IP,gscdb137,false,true,false,false,,2
P34IP_6,P34IP,gscdb137,false,true,false,false,,2
P34IP_7,P34IP,gscdb137,false,true,false,false,,2
P34IP_8,P34IP,gscdb137,false,true,false,false,,2
P34IP_9,P34IP,gscdb137,false,true,false,false,,2
P34IP_10,P34IP,gscdb137,false,true,false,false,,2
P34IP_11,P34IP,gscdb137,false,true,false,false,,2
P34IP_12,P34IP,gscdb137,false,true,false,false,,2
P34IP_13,P34IP,gscdb137,false,true,false,false,,2
P34IP_14,P34IP,gscdb137,false,true,false,false,,2
P34IP_15,P34IP,gscdb137,false,true,false,false,,2
P34EA_1,P34EA,gscdb137,false,true,false,false,,2
P34EA_2,P34EA,gscdb137,false,true,false,false,,2
P34EA_3,P34EA,gscdb137,false,true,false,false,,2
P34EA_4,P34EA,gscdb137,false,true,false,false,,2
P34EA_5,P34EA,gscdb137,false,true,false,false,,2
P34EA_6,P34EA,gscdb137,false,true,false,false,,2
P34EA_7,P34EA,gscdb137,false,true,false,false,,2
P34EA_8,P34EA,gscdb137,false,true,false,false,,2
P34EA_9,P34EA,gscdb137,false,true,false,false,,2
PA26_1,PA26,gscdb137,false,true,false,false,,2
PA26_2,PA26,gscdb137,false,true,false,false,,2
PA26_3,PA26,gscdb137,false,true,false,false,,2
PA26_4,PA26,gscdb137,false,true,false,false,,2
PA26_5,PA26,gscdb137,false,true,false,false,,2
PA26_6,PA26,gscdb137,false,true,false,false,,2
PA26_7,PA26,gscdb137,false,true,false,false,,2
PA26_8,PA26,gscdb137,false,true,false,false,,2
PA26_9,PA26,gscdb137,false,true,false,false,,2
PA26_10,PA26,gscdb137,false,true,false,false,,2
PA26_11,PA26,gscdb137,false,true,false,false,,2
PA26_12,PA26,gscdb137,false,true,false,false,,2
PA26_13,PA26,gscdb137,false,true,false,false,,2
PA26_14,PA26,gscdb137,false,true,false,false,,2
PA26_15,PA26,gscdb137,false,true,false,false,,2
PA26_16,PA26,gscdb137,false,true,false,false,,2
PA26_17,PA26,gscdb137,false,true,false,false,,2
PA26_18,PA26,gscdb137,false,true,false,false,,2
PA26_19,PA26,gscdb137,false,true,false,false,,2
PA26_20,PA26,gscdb137,false,true,false,false,,2
PA26_21,PA26,gscdb137,false,true,false,false,,2
PA26_22,PA26,gscdb137,false,true,false,false,,2
PA26_23,PA26,gscdb137,false,true,false,false,,2
PA26_24,PA26,gscdb137,false,true,false,false,,2
PA26_25,PA26,gscdb137,false,true,false,false,,2
PA26_26,PA26,gscdb137,false,true,false,false,,2
PArel_1,PArel,gscdb137,false,true,false,false,,2
PArel_2,PArel,gscdb137,false,true,false,false,,2
PArel_3,PArel,gscdb137,false,true,false,false,,2
PArel_4,PArel,gscdb137,false,true,false,false,,2
PArel_5,PArel,gscdb137,false,true,false,false,,2
PArel_6,PArel,gscdb137,false,true,false,false,,2
PArel_7,PArel,gscdb137,false,true,false,false,,2
PArel_8,PArel,gscdb137,false,true,false,false,,2
PArel_9,PArel,gscdb137,false,true,false,false,,2
PArel_10,PArel,gscdb137,false,true,false,false,,2
PArel_11,PArel,gscdb137,false,true,false,false,,2
PArel_12,PArel,gscdb137,false,true,false,false,,2
PArel_13,PArel,gscdb137,false,true,false,false,,2
PArel_14,PArel,gscdb137,false,true,false,false,,2
PArel_15,PArel,gscdb137,false,true,false,false,,2
PArel_16,PArel,gscdb137,false,true,false,false,,2
PArel_17,PArel,gscdb137,false,true,false,false,,2
PArel_18,PArel,gscdb137,false,true,false,false,,2
PArel_19,PArel,gscdb137,false,true,false,false,,2
PArel_20,PArel,gscdb137,false,true,false,false,,2
PCONF21_1,PCONF21,gscdb137,true,true,false,false,50,2
PCONF21_2,PCONF21,gscdb137,true,true,false,false,50,2
PCONF21_3,PCONF21,gscdb137,true,true,false,false,50,2
PCONF21_4,PCONF21,gscdb137,true,true,false,false,50,2
PCONF21_5,PCONF21,gscdb137,true,true,false,false,50,2
PCONF21_6,PCONF21,gscdb137,true,true,false,false,50,2
PCONF21_7,PCONF21,gscdb137,true,true,false,false,50,2
PCONF21_8,PCONF21,gscdb137,true,true,false,false,50,2
PCONF21_9,PCONF21,gscdb137,true,true,false,false,50,2
PCONF21_10,PCONF21,gscdb137,true,true,false,false,50,2
PCONF21_11,PCONF21,gscdb137,true,true,false,false,50,2
PCONF21_12,PCONF21,gscdb137,true,true,false,false,50,2
PCONF21_13,PCONF21,gscdb137,true,true,false,false,50,2
PCONF21_14,PCONF21,gscdb137,true,true,false,false,50,2
PCONF21_15,PCONF21,gscdb137,true,true,false,false,50,2
PCONF21_16,PCONF21,gscdb137,true,true,false,false,50,2
PCONF21_17,PCONF21,gscdb137,true,true,false,false,50,2
PCONF21_18,PCONF21,gscdb137,true,true,false,false,50,2
PNICO23_1,PNICO23,gscdb137,false,true,false,false,,3
PNICO23_2,PNICO23,gscdb137,false,true,false,false,,3
PNICO23_3,PNICO23,gscdb137,false,true,false,false,,3
PNICO23_4,PNICO23,gscdb137,false,true,false,false,,3
PNICO23_5,PNICO23,gscdb137,false,true,false,false,,3
PNICO23_6,PNICO23,gscdb137,false,true,false,false,,3
PNICO23_7,PNICO23,gscdb137,false,true,false,false,,3
PNICO23_8,PNICO23,gscdb137,false,true,false,false,,3
PNICO23_9,PNICO23,gscdb137,false,true,false,false,,3
PNICO23_10,PNICO23,gscdb137,false,true,false,false,,3
PNICO23_11,PNICO23,gscdb137,false,true,false,false,,3
PNICO23_12,PNICO23,gscdb137,false,true,false,false,,3
PNICO23_13,PNICO23,gscdb137,false,true,false,false,,3
PNICO23_14,PNICO23,gscdb137,false,true,false,false,,3
PNICO23_15,PNICO23,gscdb137,false,true,false,false,,3
PNICO23_16,PNICO23,gscdb137,false,true,false,false,,3
PNICO23_17,PNICO23,gscdb137,false,true,false,false,,3
PNICO23_18,PNICO23,gscdb137,false,true,false,false,,3
PNICO23_19,PNICO23,gscdb137,false,true,false,false,,3
PNICO23_20,PNICO23,gscdb137,false,true,false,false,,3
PNICO23_21,PNICO23,gscdb137,false,true,false,false,,3
PNICO23_22,PNICO23,gscdb137,false,true,false,false,,3
PNICO23_23,PNICO23,gscdb137,false,true,false,false,,3
PX13_1,PX9,gscdb137,true,true,false,false,20,2
PX13_2,PX9,gscdb137,true,true,false,false,20,2
PX13_4,PX9,gscdb137,true,true,false,false,20,2
PX13_5,PX9,gscdb137,true,true,false,false,20,2
PX13_7,PX9,gscdb137,true,true,false,false,20,2
PX13_8,PX9,gscdb137,true,true,false,false,20,2
PX13_9,PX9,gscdb137,true,true,false,false,20,2
PX13_10,PX9,gscdb137,true,true,false,false,20,2
PX13_13,PX9,gscdb137,true,true,false,false,20,2
Pentane14_1,Pentane13,gscdb137,false,true,false,false,,2
Pentane14_2,Pentane13,gscdb137,false,true,false,false,,2
Pentane14_3,Pentane13,gscdb137,false,true,false,false,,2
Pentane14_4,Pentane13,gscdb137,false,true,false,false,,2
Pentane14_5,Pentane13,gscdb137,false,true,false,false,,2
Pentane14_6,Pentane13,gscdb137,false,true,false,false,,2
Pentane14_7,Pentane13,gscdb137,false,true,false,false,,2
Pentane14_8,Pentane13,gscdb137,false,true,false,false,,2
Pentane14_9,Pentane13,gscdb137,false,true,false,false,,2
Pentane14_10,Pentane13,gscdb137,false,true,false,false,,2
Pentane14_11,Pentane13,gscdb137,false,true,false,false,,2
Pentane14_12,Pentane13,gscdb137,false,true,false,false,,2
Pentane14_13,Pentane13,gscdb137,false,true,false,false,,2
PlatonicHD6_1,PlatonicRE18,gscdb137,false,true,false,false,,3
PlatonicHD6_2,PlatonicRE18,gscdb137,false,true,false,false,,3
PlatonicHD6_3,PlatonicRE18,gscdb137,false,true,false,false,,3
PlatonicHD6_4,PlatonicRE18,gscdb137,false,true,false,false,,3
PlatonicHD6_5,PlatonicRE18,gscdb137,false,true,false,false,,3
PlatonicHD6_6,PlatonicRE18,gscdb137,false,true,false,false,,3
PlatonicID6_1,PlatonicRE18,gscdb137,false,true,false,false,,3
PlatonicID6_2,PlatonicRE18,gscdb137,false,true,false,false,,3
PlatonicID6_3,PlatonicRE18,gscdb137,false,true,false,false,,3
PlatonicID6_4,PlatonicRE18,gscdb137,false,true,false,false,,3
PlatonicID6_5,PlatonicRE18,gscdb137,false,true,false,false,,3
PlatonicID6_6,PlatonicRE18,gscdb137,false,true,false,false,,3
PlatonicIG6_1,PlatonicRE18,gscdb137,false,true,false,false,,3
PlatonicIG6_2,PlatonicRE18,gscdb137,false,true,false,false,,3
PlatonicIG6_3,PlatonicRE18,gscdb137,false,true,false,false,,3
PlatonicIG6_4,PlatonicRE18,gscdb137,false,true,false,false,,3
PlatonicIG6_5,PlatonicRE18,gscdb137,false,true,false,false,,3
PlatonicIG6_6,PlatonicRE18,gscdb137,false,true,false,false,,3
PlatonicTAE6_1,PlatonicTAE6,gscdb137,false,true,false,false,,3
PlatonicTAE6_2,PlatonicTAE6,gscdb137,false,true,false,false,,3
PlatonicTAE6_3,PlatonicTAE6,gscdb137,false,true,false,false,,3
PlatonicTAE6_4,PlatonicTAE6,gscdb137,false,true,false,false,,3
PlatonicTAE6_5,PlatonicTAE6,gscdb137,false,true,false,false,,3
PlatonicTAE6_6,PlatonicTAE6,gscdb137,false,true,false,false,,3
Pol130_1,Pol130,gscdb137,true,true,false,false,6400,3
Pol130_2,Pol130,gscdb137,false,true,false,false,,3
Pol130_3,Pol130,gscdb137,false,true,false,false,,3
Pol130_4,Pol130,gscdb137,true,true,false,false,6400,3
Pol130_5,Pol130,gscdb137,false,true,false,false,,3
Pol130_6,Pol130,gscdb137,false,true,false,false,,3
Pol130_7,Pol130,gscdb137,false,true,false,false,,3
Pol130_8,Pol130,gscdb137,false,true,false,false,,3
Pol130_9,Pol130,gscdb137,false,true,false,false,,3
Pol130_10,Pol130,gscdb137,false,true,false,false,,3
Pol130_11,Pol130,gscdb137,true,true,false,false,6400,3
Pol130_12,Pol130,gscdb137,true,true,false,false,6400,3
Pol130_13,Pol130,gscdb137,false,true,false,false,,3
Pol130_14,Pol130,gscdb137,false,true,false,false,,3
Pol130_15,Pol130,gscdb137,false,true,false,false,,3
Pol130_16,Pol130,gscdb137,true,true,false,false,6400,3
Pol130_17,Pol130,gscdb137,false,true,false,false,,3
Pol130_18,Pol130,gscdb137,false,true,false,false,,3
Pol130_19,Pol130,gscdb137,false,true,false,false,,3
Pol130_20,Pol130,gscdb137,true,true,false,false,6400,3
Pol130_21,Pol130,gscdb137,false,true,false,false,,3
Pol130_22,Pol130,gscdb137,true,true,false,false,6400,3
Pol130_23,Pol130,gscdb137,false,true,false,false,,3
Pol130_24,Pol130,gscdb137,true,true,false,false,6400,3
Pol130_25,Pol130,gscdb137,false,true,false,false,,3
Pol130_26,Pol130,gscdb137,true,true,false,false,6400,3
Pol130_27,Pol130,gscdb137,false,true,false,false,,3
Pol130_28,Pol130,gscdb137,true,true,false,false,6400,3
Pol130_29,Pol130,gscdb137,false,true,false,false,,3
Pol130_30,Pol130,gscdb137,false,true,false,false,,3
Pol130_31,Pol130,gscdb137,false,true,false,false,,3
Pol130_32,Pol130,gscdb137,false,true,false,false,,3
Pol130_33,Pol130,gscdb137,true,true,false,false,6400,3
Pol130_34,Pol130,gscdb137,false,true,false,false,,3
Pol130_35,Pol130,gscdb137,false,true,false,false,,3
Pol130_36,Pol130,gscdb137,true,true,false,false,6400,3
Pol130_37,Pol130,gscdb137,false,true,false,false,,3
Pol130_38,Pol130,gscdb137,false,true,false,false,,3
Pol130_39,Pol130,gscdb137,true,true,false,false,6400,3
Pol130_40,Pol130,gscdb137,false,true,false,false,,3
Pol130_41,Pol130,gscdb137,false,true,false,false,,3
Pol130_42,Pol130,gscdb137,true,true,false,false,6400,3
Pol130_43,Pol130,gscdb137,false,true,false,false,,3
Pol130_44,Pol130,gscdb137,true,true,false,false,6400,3
Pol130_45,Pol130,gscdb137,false,true,false,false,,3
Pol130_46,Pol130,gscdb137,false,true,false,false,,3
Pol130_47,Pol130,gscdb137,false,true,false,false,,3
Pol130_48,Pol130,gscdb137,true,true,false,false,6400,3
Pol130_49,Pol130,gscdb137,false,true,false,false,,3
Pol130_50,Pol130,gscdb137,false,true,false,false,,3
Pol130_51,Pol130,gscdb137,true,true,false,false,6400,3
Pol130_52,Pol130,gscdb137,false,true,false,false,,3
Pol130_53,Pol130,gscdb137,false,true,false,false,,3
Pol130_54,Pol130,gscdb137,true,true,false,false,6400,3
Pol130_55,Pol130,gscdb137,false,true,false,false,,3
Pol130_56,Pol130,gscdb137,true,true,false,false,6400,3
Pol130_57,Pol130,gscdb137,false,true,false,false,,3
Pol130_58,Pol130,gscdb137,false,true,false,false,,3
Pol130_59,Pol130,gscdb137,true,true,false,false,6400,3
Pol130_60,Pol130,gscdb137,false,true,false,false,,3
Pol130_61,Pol130,gscdb137,false,true,false,false,,3
Pol130_62,Pol130,gscdb137,true,true,false,false,6400,3
Pol130_63,Pol130,gscdb137,false,true,false,false,,3
Pol130_64,Pol130,gscdb137,false,true,false,false,,3
Pol130_65,Pol130,gscdb137,false,true,false,false,,3
Pol130_66,Pol130,gscdb137,true,true,false,false,6400,3
Pol130_67,Pol130,gscdb137,false,true,false,false,,3
Pol130_68,Pol130,gscdb137,true,true,false,false,6400,3
Pol130_69,Pol130,gscdb137,false,true,false,false,,3
Pol130_70,Pol130,gscdb137,true,true,false,false,6400,3
Pol130_71,Pol130,gscdb137,false,true,false,false,,3
Pol130_72,Pol130,gscdb137,false,true,false,false,,3
Pol130_73,Pol130,gscdb137,false,true,false,false,,3
Pol130_74,Pol130,gscdb137,true,true,false,false,6400,3
Pol130_75,Pol130,gscdb137,false,true,false,false,,3
Pol130_76,Pol130,gscdb137,false,true,false,false,,3
Pol130_77,Pol130,gscdb137,false,true,false,false,,3
Pol130_78,Pol130,gscdb137,false,true,false,false,,3
Pol130_79,Pol130,gscdb137,false,true,false,false,,3
Pol130_80,Pol130,gscdb137,false,true,false,false,,3
Pol130_81,Pol130,gscdb137,true,true,false,false,6400,3
Pol130_82,Pol130,gscdb137,false,true,false,false,,3
Pol130_83,Pol130,gscdb137,false,true,false,false,,3
Pol130_84,Pol130,gscdb137,false,true,false,false,,3
Pol130_85,Pol130,gscdb137,true,true,false,false,6400,3
Pol130_86,Pol130,gscdb137,false,true,false,false,,3
Pol130_87,Pol130,gscdb137,false,true,false,false,,3
Pol130_88,Pol130,gscdb137,false,true,false,false,,3
Pol130_89,Pol130,gscdb137,false,true,false,false,,3
Pol130_90,Pol130,gscdb137,false,true,false,false,,3
Pol130_91,Pol130,gscdb137,true,true,false,false,6400,3
Pol130_92,Pol130,gscdb137,false,true,false,false,,3
Pol130_93,Pol130,gscdb137,false,true,false,false,,3
Pol130_94,Pol130,gscdb137,false,true,false,false,,3
Pol130_95,Pol130,gscdb137,true,true,false,false,6400,3
Pol130_96,Pol130,gscdb137,false,true,false,false,,3
Pol130_97,Pol130,gscdb137,false,true,false,false,,3
Pol130_98,Pol130,gscdb137,true,true,false,false,6400,3
Pol130_99,Pol130,gscdb137,false,true,false,false,,3
Pol130_100,Pol130,gscdb137,false,true,false,false,,3
Pol130_101,Pol130,gscdb137,true,true,false,false,6400,3
Pol130_102,Pol130,gscdb137,true,true,false,false,6400,3
Pol130_103,Pol130,gscdb137,false,true,false,false,,3
Pol130_104,Pol130,gscdb137,false,true,false,false,,3
Pol130_105,Pol130,gscdb137,true,true,false,false,6400,3
Pol130_106,Pol130,gscdb137,false,true,false,false,,3
Pol130_107,Pol130,gscdb137,true,true,false,false,6400,3
Pol130_108,Pol130,gscdb137,false,true,false,false,,3
Pol130_109,Pol130,gscdb137,false,true,false,false,,3
Pol130_110,Pol130,gscdb137,false,true,false,false,,3
Pol130_111,Pol130,gscdb137,true,true,false,false,6400,3
Pol130_112,Pol130,gscdb137,false,true,false,false,,3
Pol130_113,Pol130,gscdb137,false,true,false,false,,3
Pol130_114,Pol130,gscdb137,false,true,false,false,,3
Pol130_115,Pol130,gscdb137,true,true,false,false,6400,3
Pol130_116,Pol130,gscdb137,true,true,false,false,6400,3
Pol130_117,Pol130,gscdb137,false,true,false,false,,3
Pol130_118,Pol130,gscdb137,false,true,false,false,,3
Pol130_119,Pol130,gscdb137,false,true,false,false,,3
Pol130_120,Pol130,gscdb137,false,true,false,false,,3
Pol130_121,Pol130,gscdb137,true,true,false,false,6400,3
Pol130_122,Pol130,gscdb137,false,true,false,false,,3
Pol130_123,Pol130,gscdb137,true,true,false,false,6400,3
Pol130_124,Pol130,gscdb137,false,true,false,false,,3
Pol130_125,Pol130,gscdb137,false,true,false,false,,3
Pol130_126,Pol130,gscdb137,true,true,false,false,6400,3
Pol130_127,Pol130,gscdb137,false,true,false,false,,3
Pol130_128,Pol130,gscdb137,true,true,false,false,6400,3
Pol130_129,Pol130,gscdb137,false,true,false,false,,3
Pol130_130,Pol130,gscdb137,true,true,false,false,6400,3
Pol130_131,Pol130,gscdb137,false,true,false,false,,3
Pol130_132,Pol130,gscdb137,true,true,false,false,6400,3
Pol130_133,Pol130,gscdb137,false,true,false,false,,3
Pol130_134,Pol130,gscdb137,false,true,false,false,,3
Pol130_135,Pol130,gscdb137,false,true,false,false,,3
Pol130_136,Pol130,gscdb137,false,true,false,false,,3
Pol130_137,Pol130,gscdb137,true,true,false,false,6400,3
Pol130_138,Pol130,gscdb137,false,true,false,false,,3
Pol130_139,Pol130,gscdb137,false,true,false,false,,3
Pol130_140,Pol130,gscdb137,false,true,false,false,,3
Pol130_141,Pol130,gscdb137,false,true,false,false,,3
Pol130_142,Pol130,gscdb137,true,true,false,false,6400,3
Pol130_143,Pol130,gscdb137,false,true,false,false,,3
Pol130_144,Pol130,gscdb137,true,true,false,false,6400,3
Pol130_145,Pol130,gscdb137,true,true,false,false,6400,3
Pol130_146,Pol130,gscdb137,false,true,false,false,,3
Pol130_147,Pol130,gscdb137,true,true,false,false,6400,3
Pol130_148,Pol130,gscdb137,false,true,false,false,,3
Pol130_149,Pol130,gscdb137,true,true,false,false,6400,3
Pol130_150,Pol130,gscdb137,false,true,false,false,,3
Pol130_151,Pol130,gscdb137,false,true,false,false,,3
Pol130_152,Pol130,gscdb137,false,true,false,false,,3
Pol130_153,Pol130,gscdb137,true,true,false,false,6400,3
Pol130_154,Pol130,gscdb137,false,true,false,false,,3
Pol130_155,Pol130,gscdb137,false,true,false,false,,3
Pol130_156,Pol130,gscdb137,false,true,false,false,,3
Pol130_157,Pol130,gscdb137,true,true,false,false,6400,3
Pol130_158,Pol130,gscdb137,true,true,false,false,6400,3
Pol130_159,Pol130,gscdb137,false,true,false,false,,3
Pol130_160,Pol130,gscdb137,false,true,false,false,,3
Pol130_161,Pol130,gscdb137,true,true,false,false,6400,3
Pol130_162,Pol130,gscdb137,false,true,false,false,,3
Pol130_163,Pol130,gscdb137,false,true,false,false,,3
Pol130_164,Pol130,gscdb137,false,true,false,false,,3
Pol130_165,Pol130,gscdb137,true,true,false,false,6400,3
Pol130_166,Pol130,gscdb137,false,true,false,false,,3
Pol130_167,Pol130,gscdb137,true,true,false,false,6400,3
Pol130_168,Pol130,gscdb137,false,true,false,false,,3
Pol130_169,Pol130,gscdb137,false,true,false,false,,3
Pol130_170,Pol130,gscdb137,true,true,false,false,6400,3
Pol130_171,Pol130,gscdb137,true,true,false,false,6400,3
Pol130_172,Pol130,gscdb137,false,true,false,false,,3
Pol130_173,Pol130,gscdb137,true,true,false,false,6400,3
Pol130_174,Pol130,gscdb137,false,true,false,false,,3
Pol130_175,Pol130,gscdb137,false,true,false,false,,3
Pol130_176,Pol130,gscdb137,true,true,false,false,6400,3
Pol130_177,Pol130,gscdb137,false,true,false,false,,3
Pol130_178,Pol130,gscdb137,false,true,false,false,,3
Pol130_179,Pol130,gscdb137,false,true,false,false,,3
Pol130_180,Pol130,gscdb137,true,true,false,false,6400,3
Pol130_181,Pol130,gscdb137,false,true,false,false,,3
Pol130_182,Pol130,gscdb137,true,true,false,false,6400,3
Pol130_183,Pol130,gscdb137,false,true,false,false,,3
Pol130_184,Pol130,gscdb137,false,true,false,false,,3
Pol130_185,Pol130,gscdb137,true,true,false,false,6400,3
Pol130_186,Pol130,gscdb137,false,true,false,false,,3
Pol130_187,Pol130,gscdb137,false,true,false,false,,3
Pol130_188,Pol130,gscdb137,true,true,false,false,6400,3
Pol130_189,Pol130,gscdb137,false,true,false,false,,3
Pol130_190,Pol130,gscdb137,false,true,false,false,,3
Pol130_191,Pol130,gscdb137,false,true,false,false,,3
Pol130_192,Pol130,gscdb137,true,true,false,false,6400,3
Pol130_193,Pol130,gscdb137,false,true,false,false,,3
Pol130_194,Pol130,gscdb137,false,true,false,false,,3
Pol130_195,Pol130,gscdb137,false,true,false,false,,3
Pol130_196,Pol130,gscdb137,false,true,false,false,,3
Pol130_197,Pol130,gscdb137,true,true,false,false,6400,3
Pol130_198,Pol130,gscdb137,false,true,false,false,,3
Pol130_199,Pol130,gscdb137,false,true,false,false,,3
Pol130_200,Pol130,gscdb137,true,true,false,false,6400,3
Pol130_201,Pol130,gscdb137,false,true,false,false,,3
Pol130_202,Pol130,gscdb137,false,true,false,false,,3
Pol130_203,Pol130,gscdb137,true,true,false,false,6400,3
Pol130_204,Pol130,gscdb137,true,true,false,false,6400,3
Pol130_205,Pol130,gscdb137,false,true,false,false,,3
Pol130_206,Pol130,gscdb137,false,true,false,false,,3
Pol130_207,Pol130,gscdb137,false,true,false,false,,3
Pol130_208,Pol130,gscdb137,false,true,false,false,,3
Pol130_209,Pol130,gscdb137,true,true,false,false,6400,3
Pol130_210,Pol130,gscdb137,false,true,false,false,,3
Pol130_211,Pol130,gscdb137,true,true,false,false,6400,3
Pol130_212,Pol130,gscdb137,false,true,false,false,,3
Pol130_213,Pol130,gscdb137,false,true,false,false,,3
Pol130_214,Pol130,gscdb137,true,true,false,false,6400,3
Pol130_215,Pol130,gscdb137,false,true,false,false,,3
Pol130_216,Pol130,gscdb137,false,true,false,false,,3
Pol130_217,Pol130,gscdb137,true,true,false,false,6400,3
Pol130_218,Pol130,gscdb137,false,true,false,false,,3
Pol130_219,Pol130,gscdb137,false,true,false,false,,3
Pol130_220,Pol130,gscdb137,false,true,false,false,,3
Pol130_221,Pol130,gscdb137,false,true,false,false,,3
Pol130_222,Pol130,gscdb137,false,true,false,false,,3
Pol130_223,Pol130,gscdb137,true,true,false,false,6400,3
Pol130_224,Pol130,gscdb137,false,true,false,false,,3
Pol130_225,Pol130,gscdb137,false,true,false,false,,3
Pol130_226,Pol130,gscdb137,false,true,false,false,,3
Pol130_227,Pol130,gscdb137,true,true,false,false,6400,3
Pol130_228,Pol130,gscdb137,false,true,false,false,,3
Pol130_229,Pol130,gscdb137,true,true,false,false,6400,3
Pol130_230,Pol130,gscdb137,false,true,false,false,,3
Pol130_231,Pol130,gscdb137,true,true,false,false,6400,3
Pol130_232,Pol130,gscdb137,false,true,false,false,,3
Pol130_233,Pol130,gscdb137,false,true,false,false,,3
Pol130_234,Pol130,gscdb137,true,true,false,false,6400,3
Pol130_235,Pol130,gscdb137,false,true,false,false,,3
Pol130_236,Pol130,gscdb137,false,true,false,false,,3
Pol130_237,Pol130,gscdb137,true,true,false,false,6400,3
Pol130_238,Pol130,gscdb137,false,true,false,false,,3
Pol130_239,Pol130,gscdb137,false,true,false,false,,3
Pol130_240,Pol130,gscdb137,false,true,false,false,,3
Pol130_241,Pol130,gscdb137,false,true,false,false,,3
Pol130_242,Pol130,gscdb137,true,true,false,false,6400,3
Pol130_243,Pol130,gscdb137,false,true,false,false,,3
Pol130_244,Pol130,gscdb137,false,true,false,false,,3
Pol130_245,Pol130,gscdb137,true,true,false,false,6400,3
Pol130_246,Pol130,gscdb137,false,true,false,false,,3
Pol130_247,Pol130,gscdb137,false,true,false,false,,3
Pol130_248,Pol130,gscdb137,true,true,false,false,6400,3
Pol130_249,Pol130,gscdb137,false,true,false,false,,3
Pol130_250,Pol130,gscdb137,true,true,false,false,6400,3
Pol130_251,Pol130,gscdb137,false,true,false,false,,3
Pol130_252,Pol130,gscdb137,false,true,false,false,,3
Pol130_253,Pol130,gscdb137,false,true,false,false,,3
Pol130_254,Pol130,gscdb137,true,true,false,false,6400,3
Pol130_255,Pol130,gscdb137,false,true,false,false,,3
Pol130_256,Pol130,gscdb137,false,true,false,false,,3
Pol130_257,Pol130,gscdb137,true,true,false,false,6400,3
Pol130_258,Pol130,gscdb137,false,true,false,false,,3
Pol130_259,Pol130,gscdb137,false,true,false,false,,3
Pol130_260,Pol130,gscdb137,false,true,false,false,,3
Pol130_261,Pol130,gscdb137,true,true,false,false,6400,3
Pol130_262,Pol130,gscdb137,true,true,false,false,6400,3
Pol130_263,Pol130,gscdb137,false,true,false,false,,3
Pol130_264,Pol130,gscdb137,false,true,false,false,,3
Pol130_265,Pol130,gscdb137,false,true,false,false,,3
Pol130_266,Pol130,gscdb137,false,true,false,false,,3
Pol130_267,Pol130,gscdb137,true,true,false,false,6400,3
Pol130_268,Pol130,gscdb137,false,true,false,false,,3
Pol130_269,Pol130,gscdb137,false,true,false,false,,3
Pol130_270,Pol130,gscdb137,false,true,false,false,,3
Pol130_271,Pol130,gscdb137,false,true,false,false,,3
Pol130_272,Pol130,gscdb137,false,true,false,false,,3
Pol130_273,Pol130,gscdb137,true,true,false,false,6400,3
Pol130_274,Pol130,gscdb137,false,true,false,false,,3
Pol130_275,Pol130,gscdb137,false,true,false,false,,3
Pol130_276,Pol130,gscdb137,true,true,false,false,6400,3
Pol130_277,Pol130,gscdb137,false,true,false,false,,3
Pol130_278,Pol130,gscdb137,false,true,false,false,,3
Pol130_279,Pol130,gscdb137,true,true,false,false,6400,3
Pol130_280,Pol130,gscdb137,false,true,false,false,,3
Pol130_281,Pol130,gscdb137,false,true,false,false,,3
Pol130_282,Pol130,gscdb137,true,true,false,false,6400,3
Pol130_283,Pol130,gscdb137,false,true,false,false,,3
Pol130_284,Pol130,gscdb137,true,true,false,false,6400,3
Pol130_285,Pol130,gscdb137,false,true,false,false,,3
Pol130_286,Pol130,gscdb137,false,true,false,false,,3
Pol130_287,Pol130,gscdb137,false,true,false,false,,3
Pol130_288,Pol130,gscdb137,false,true,false,false,,3
Pol130_289,Pol130,gscdb137,false,true,false,false,,3
Pol130_290,Pol130,gscdb137,true,true,false,false,6400,3
Pol130_291,Pol130,gscdb137,false,true,false,false,,3
Pol130_292,Pol130,gscdb137,false,true,false,false,,3
Pol130_293,Pol130,gscdb137,false,true,false,false,,3
Pol130_294,Pol130,gscdb137,true,true,false,false,6400,3
Pol130_295,Pol130,gscdb137,false,true,false,false,,3
Pol130_296,Pol130,gscdb137,true,true,false,false,6400,3
RC21_1,RC21,gscdb137,false,true,false,false,,3
RC21_2,RC21,gscdb137,false,true,false,false,,3
RC21_3,RC21,gscdb137,false,true,false,false,,3
RC21_4,RC21,gscdb137,false,true,false,false,,3
RC21_5,RC21,gscdb137,false,true,false,false,,3
RC21_6,RC21,gscdb137,false,true,false,false,,2
RC21_7,RC21,gscdb137,false,true,false,false,,2
RC21_8,RC21,gscdb137,false,true,false,false,,2
RC21_9,RC21,gscdb137,false,true,false,false,,3
RC21_10,RC21,gscdb137,false,true,false,false,,3
RC21_11,RC21,gscdb137,false,true,false,false,,3
RC21_12,RC21,gscdb137,false,true,false,false,,2
RC21_13,RC21,gscdb137,false,true,false,false,,3
RC21_14,RC21,gscdb137,false,true,false,false,,3
RC21_15,RC21,gscdb137,false,true,false,false,,3
RC21_16,RC21,gscdb137,false,true,false,false,,3
RC21_17,RC21,gscdb137,false,true,false,false,,3
RC21_18,RC21,gscdb137,false,true,false,false,,3
RC21_19,RC21,gscdb137,false,true,false,false,,3
RC21_20,RC21,gscdb137,false,true,false,false,,3
RC21_21,RC21,gscdb137,false,true,false,false,,3
RG10N_1,RG10N,gscdb137,true,true,false,false,25,3
RG10N_2,RG10N,gscdb137,false,true,false,false,,3
RG10N_3,RG10N,gscdb137,true,true,false,false,800,3
RG10N_4,RG10N,gscdb137,false,true,false,false,,3
RG10N_5,RG10N,gscdb137,false,true,false,false,,3
RG10N_6,RG10N,gscdb137,false,true,false,false,,3
RG10N_7,RG10N,gscdb137,false,true,false,false,,3
RG10N_8,RG10N,gscdb137,true,true,false,false,25,3
RG10N_9,RG10N,gscdb137,true,true,false,false,800,3
RG10N_10,RG10N,gscdb137,false,true,false,false,,3
RG10N_11,RG10N,gscdb137,true,true,false,false,800,3
RG10N_12,RG10N,gscdb137,false,true,false,false,,3
RG10N_13,RG10N,gscdb137,false,true,false,false,,3
RG10N_14,RG10N,gscdb137,false,true,false,false,,3
RG10N_15,RG10N,gscdb137,false,true,false,false,,3
RG10N_16,RG10N,gscdb137,false,true,false,false,,3
RG10N_17,RG10N,gscdb137,false,true,false,false,,3
RG10N_18,RG10N,gscdb137,false,true,false,false,,3
RG10N_19,RG10N,gscdb137,false,true,false,false,,3
RG10N_20,RG10N,gscdb137,false,true,false,false,,3
RG10N_21,RG10N,gscdb137,false,true,false,false,,3
RG10N_22,RG10N,gscdb137,false,true,false,false,,3
RG10N_23,RG10N,gscdb137,false,true,false,false,,3
RG10N_24,RG10N,gscdb137,false,true,false,false,,3
RG10N_25,RG10N,gscdb137,false,true,false,false,,3
RG10N_26,RG10N,gscdb137,false,true,false,false,,3
RG10N_27,RG10N,gscdb137,false,true,false,false,,3
RG10N_28,RG10N,gscdb137,false,true,false,false,,3
RG10N_29,RG10N,gscdb137,false,true,false,false,,3
RG10N_30,RG10N,gscdb137,false,true,false,false,,3
RG10N_31,RG10N,gscdb137,true,true,false,false,25,3
RG10N_32,RG10N,gscdb137,false,true,false,false,,3
RG10N_33,RG10N,gscdb137,true,true,false,false,25,3
RG10N_34,RG10N,gscdb137,false,true,false,false,,3
RG10N_35,RG10N,gscdb137,false,true,false,false,,3
RG10N_36,RG10N,gscdb137,false,true,false,false,,3
RG10N_37,RG10N,gscdb137,false,true,false,false,,3
RG10N_38,RG10N,gscdb137,false,true,false,false,,3
RG10N_39,RG10N,gscdb137,false,true,false,false,,3
RG10N_40,RG10N,gscdb137,true,true,false,false,800,3
RG10N_41,RG10N,gscdb137,false,true,false,false,,3
RG10N_42,RG10N,gscdb137,false,true,false,false,,3
RG10N_43,RG10N,gscdb137,false,true,false,false,,3
RG10N_44,RG10N,gscdb137,false,true,false,false,,3
RG10N_45,RG10N,gscdb137,false,true,false,false,,3
RG10N_46,RG10N,gscdb137,false,true,false,false,,3
RG10N_47,RG10N,gscdb137,false,true,false,false,,3
RG10N_48,RG10N,gscdb137,false,true,false,false,,3
RG10N_49,RG10N,gscdb137,false,true,false,false,,3
RG10N_50,RG10N,gscdb137,false,true,false,false,,3
RG10N_51,RG10N,gscdb137,false,true,false,false,,3
RG10N_52,RG10N,gscdb137,false,true,false,false,,3
RG10N_53,RG10N,gscdb137,false,true,false,false,,3
RG10N_54,RG10N,gscdb137,false,true,false,false,,3
RG10N_55,RG10N,gscdb137,false,true,false,false,,3
RG10N_56,RG10N,gscdb137,false,true,false,false,,3
RG10N_57,RG10N,gscdb137,false,true,false,false,,3
RG10N_58,RG10N,gscdb137,true,true,false,false,25,3
RG10N_59,RG10N,gscdb137,true,true,false,false,25,3
RG10N_60,RG10N,gscdb137,false,true,false,false,,3
RG10N_61,RG10N,gscdb137,true,true,false,false,25,3
RG10N_62,RG10N,gscdb137,false,true,false,false,,3
RG10N_63,RG10N,gscdb137,true,true,false,false,25,3
RG10N_64,RG10N,gscdb137,false,true,false,false,,3
RG10N_65,RG10N,gscdb137,false,true,false,false,,3
RG10N_66,RG10N,gscdb137,false,true,false,false,,3
RG10N_67,RG10N,gscdb137,false,true,false,false,,3
RG10N_68,RG10N,gscdb137,false,true,false,false,,3
RG10N_69,RG10N,gscdb137,false,true,false,false,,3
RG10N_70,RG10N,gscdb137,false,true,false,false,,3
RG10N_71,RG10N,gscdb137,true,true,false,false,800,3
RG10N_72,RG10N,gscdb137,false,true,false,false,,3
RG10N_73,RG10N,gscdb137,false,true,false,false,,3
RG10N_74,RG10N,gscdb137,false,true,false,false,,3
RG10N_75,RG10N,gscdb137,false,true,false,false,,3
RG10N_76,RG10N,gscdb137,false,true,false,false,,3
RG10N_77,RG10N,gscdb137,false,true,false,false,,3
RG10N_78,RG10N,gscdb137,false,true,false,false,,3
RG10N_79,RG10N,gscdb137,false,true,false,false,,3
RG10N_80,RG10N,gscdb137,false,true,false,false,,3
RG10N_81,RG10N,gscdb137,false,true,false,false,,3
RG10N_82,RG10N,gscdb137,false,true,false,false,,3
RG10N_83,RG10N,gscdb137,false,true,false,false,,3
RG10N_84,RG10N,gscdb137,false,true,false,false,,3
RG10N_85,RG10N,gscdb137,false,true,false,false,,3
RG10N_86,RG10N,gscdb137,false,true,false,false,,3
RG10N_87,RG10N,gscdb137,false,true,false,false,,3
RG10N_88,RG10N,gscdb137,false,true,false,false,,3
RG10N_89,RG10N,gscdb137,false,true,false,false,,3
RG10N_90,RG10N,gscdb137,false,true,false,false,,3
RG10N_91,RG10N,gscdb137,false,true,false,false,,3
RG10N_92,RG10N,gscdb137,true,true,false,false,25,3
RG10N_93,RG10N,gscdb137,true,true,false,false,25,3
RG10N_94,RG10N,gscdb137,false,true,false,false,,3
RG10N_95,RG10N,gscdb137,true,true,false,false,25,3
RG10N_96,RG10N,gscdb137,false,true,false,false,,3
RG10N_97,RG10N,gscdb137,false,true,false,false,,3
RG10N_98,RG10N,gscdb137,false,true,false,false,,3
RG10N_99,RG10N,gscdb137,false,true,false,false,,3
RG10N_100,RG10N,gscdb137,false,true,false,false,,3
RG10N_101,RG10N,gscdb137,false,true,false,false,,3
RG10N_102,RG10N,gscdb137,true,true,false,false,800,3
RG10N_103,RG10N,gscdb137,false,true,false,false,,3
RG10N_104,RG10N,gscdb137,false,true,false,false,,3
RG10N_105,RG10N,gscdb137,true,true,false,false,800,3
RG10N_106,RG10N,gscdb137,false,true,false,false,,3
RG10N_107,RG10N,gscdb137,false,true,false,false,,3
RG10N_108,RG10N,gscdb137,false,true,false,false,,3
RG10N_109,RG10N,gscdb137,false,true,false,false,,3
RG10N_110,RG10N,gscdb137,false,true,false,false,,3
RG10N_111,RG10N,gscdb137,false,true,false,false,,3
RG10N_112,RG10N,gscdb137,false,true,false,false,,3
RG10N_113,RG10N,gscdb137,false,true,false,false,,3
RG10N_114,RG10N,gscdb137,false,true,false,false,,3
RG10N_115,RG10N,gscdb137,false,true,false,false,,3
RG10N_116,RG10N,gscdb137,false,true,false,false,,3
RG10N_117,RG10N,gscdb137,false,true,false,false,,3
RG10N_118,RG10N,gscdb137,false,true,false,false,,3
RG10N_119,RG10N,gscdb137,false,true,false,false,,3
RG10N_120,RG10N,gscdb137,false,true,false,false,,3
RG10N_121,RG10N,gscdb137,false,true,false,false,,3
RG10N_122,RG10N,gscdb137,false,true,false,false,,3
RG10N_123,RG10N,gscdb137,false,true,false,false,,3
RG10N_124,RG10N,gscdb137,false,true,false,false,,3
RG10N_125,RG10N,gscdb137,true,true,false,false,25,3
RG10N_126,RG10N,gscdb137,false,true,false,false,,3
RG10N_127,RG10N,gscdb137,false,true,false,false,,3
RG10N_128,RG10N,gscdb137,true,true,false,false,800,3
RG10N_129,RG10N,gscdb137,false,true,false,false,,3
RG10N_130,RG10N,gscdb137,false,true,false,false,,3
RG10N_131,RG10N,gscdb137,true,true,false,false,800,3
RG10N_132,RG10N,gscdb137,false,true,false,false,,3
RG10N_133,RG10N,gscdb137,false,true,false,false,,3
RG10N_134,RG10N,gscdb137,false,true,false,false,,3
RG10N_135,RG10N,gscdb137,false,true,false,false,,3
RG10N_136,RG10N,gscdb137,false,true,false,false,,3
RG10N_137,RG10N,gscdb137,false,true,false,false,,3
RG10N_138,RG10N,gscdb137,false,true,false,false,,3
RG10N_139,RG10N,gscdb137,false,true,false,false,,3
RG10N_140,RG10N,gscdb137,false,true,false,false,,3
RG10N_141,RG10N,gscdb137,false,true,false,false,,3
RG10N_142,RG10N,gscdb137,false,true,false,false,,3
RG10N_143,RG10N,gscdb137,false,true,false,false,,3
RG10N_144,RG10N,gscdb137,false,true,false,false,,3
RG10N_145,RG10N,gscdb137,false,true,false,false,,3
RG10N_146,RG10N,gscdb137,false,true,false,false,,3
RG10N_147,RG10N,gscdb137,true,true,false,false,25,3
RG10N_148,RG10N,gscdb137,false,true,false,false,,3
RG10N_149,RG10N,gscdb137,true,true,false,false,25,3
RG10N_150,RG10N,gscdb137,false,true,false,false,,3
RG10N_151,RG10N,gscdb137,true,true,false,false,800,3
RG10N_152,RG10N,gscdb137,false,true,false,false,,3
RG10N_153,RG10N,gscdb137,true,true,false,false,800,3
RG10N_154,RG10N,gscdb137,false,true,false,false,,3
RG10N_155,RG10N,gscdb137,false,true,false,false,,3
RG10N_156,RG10N,gscdb137,false,true,false,false,,3
RG10N_157,RG10N,gscdb137,false,true,false,false,,3
RG10N_158,RG10N,gscdb137,false,true,false,false,,3
RG10N_159,RG10N,gscdb137,false,true,false,false,,3
RG10N_160,RG10N,gscdb137,false,true,false,false,,3
RG10N_161,RG10N,gscdb137,false,true,false,false,,3
RG10N_162,RG10N,gscdb137,false,true,false,false,,3
RG10N_163,RG10N,gscdb137,false,true,false,false,,3
RG10N_164,RG10N,gscdb137,false,true,false,false,,3
RG10N_165,RG10N,gscdb137,false,true,false,false,,3
RG10N_166,RG10N,gscdb137,false,true,false,false,,3
RG10N_167,RG10N,gscdb137,false,true,false,false,,3
RG10N_168,RG10N,gscdb137,false,true,false,false,,3
RG10N_169,RG10N,gscdb137,false,true,false,false,,3
RG10N_170,RG10N,gscdb137,false,true,false,false,,3
RG10N_171,RG10N,gscdb137,false,true,false,false,,3
RG10N_172,RG10N,gscdb137,false,true,false,false,,3
RG10N_173,RG10N,gscdb137,false,true,false,false,,3
RG10N_174,RG10N,gscdb137,false,true,false,false,,3
RG10N_175,RG10N,gscdb137,false,true,false,false,,3
RG10N_176,RG10N,gscdb137,true,true,false,false,25,3
RG10N_177,RG10N,gscdb137,true,true,false,false,25,3
RG10N_178,RG10N,gscdb137,false,true,false,false,,3
RG10N_179,RG10N,gscdb137,true,true,false,false,25,3
RG10N_180,RG10N,gscdb137,false,true,false,false,,3
RG10N_181,RG10N,gscdb137,true,true,false,false,25,3
RG10N_182,RG10N,gscdb137,false,true,false,false,,3
RG10N_183,RG10N,gscdb137,false,true,false,false,,3
RG10N_184,RG10N,gscdb137,true,true,false,false,800,3
RG10N_185,RG10N,gscdb137,false,true,false,false,,3
RG10N_186,RG10N,gscdb137,false,true,false,false,,3
RG10N_187,RG10N,gscdb137,false,true,false,false,,3
RG10N_188,RG10N,gscdb137,false,true,false,false,,3
RG10N_189,RG10N,gscdb137,true,true,false,false,800,3
RG10N_190,RG10N,gscdb137,false,true,false,false,,3
RG10N_191,RG10N,gscdb137,false,true,false,false,,3
RG10N_192,RG10N,gscdb137,false,true,false,false,,3
RG10N_193,RG10N,gscdb137,false,true,false,false,,3
RG10N_194,RG10N,gscdb137,false,true,false,false,,3
RG10N_195,RG10N,gscdb137,false,true,false,false,,3
RG10N_196,RG10N,gscdb137,false,true,false,false,,3
RG10N_197,RG10N,gscdb137,false,true,false,false,,3
RG10N_198,RG10N,gscdb137,false,true,false,false,,3
RG10N_199,RG10N,gscdb137,false,true,false,false,,3
RG10N_200,RG10N,gscdb137,false,true,false,false,,3
RG10N_201,RG10N,gscdb137,false,true,false,false,,3
RG10N_202,RG10N,gscdb137,false,true,false,false,,3
RG10N_203,RG10N,gscdb137,false,true,false,false,,3
RG10N_204,RG10N,gscdb137,false,true,false,false,,3
RG10N_205,RG10N,gscdb137,false,true,false,false,,3
RG10N_206,RG10N,gscdb137,false,true,false,false,,3
RG10N_207,RG10N,gscdb137,false,true,false,false,,3
RG10N_208,RG10N,gscdb137,false,true,false,false,,3
RG10N_209,RG10N,gscdb137,false,true,false,false,,3
RG10N_210,RG10N,gscdb137,true,true,false,false,25,3
RG10N_211,RG10N,gscdb137,false,true,false,false,,3
RG10N_212,RG10N,gscdb137,true,true,false,false,25,3
RG10N_213,RG10N,gscdb137,false,true,false,false,,3
RG10N_214,RG10N,gscdb137,false,true,false,false,,3
RG10N_215,RG10N,gscdb137,false,true,false,false,,3
RG10N_216,RG10N,gscdb137,true,true,false,false,800,3
RG10N_217,RG10N,gscdb137,false,true,false,false,,3
RG10N_218,RG10N,gscdb137,true,true,false,false,800,3
RG10N_219,RG10N,gscdb137,false,true,false,false,,3
RG10N_220,RG10N,gscdb137,false,true,false,false,,3
RG10N_221,RG10N,gscdb137,false,true,false,false,,3
RG10N_222,RG10N,gscdb137,false,true,false,false,,3
RG10N_223,RG10N,gscdb137,false,true,false,false,,3
RG10N_224,RG10N,gscdb137,false,true,false,false,,3
RG10N_225,RG10N,gscdb137,false,true,false,false,,3
RG10N_226,RG10N,gscdb137,false,true,false,false,,3
RG10N_227,RG10N,gscdb137,false,true,false,false,,3
RG10N_228,RG10N,gscdb137,false,true,false,false,,3
RG10N_229,RG10N,gscdb137,false,true,false,false,,3
RG10N_230,RG10N,gscdb137,false,true,false,false,,3
RG10N_231,RG10N,gscdb137,false,true,false,false,,3
RG10N_232,RG10N,gscdb137,false,true,false,false,,3
RG10N_233,RG10N,gscdb137,false,true,false,false,,3
RG10N_234,RG10N,gscdb137,false,true,false,false,,3
RG10N_235,RG10N,gscdb137,false,true,false,false,,3
RG10N_236,RG10N,gscdb137,false,true,false,false,,3
RG10N_237,RG10N,gscdb137,false,true,false,false,,3
RG10N_238,RG10N,gscdb137,false,true,false,false,,3
RG10N_239,RG10N,gscdb137,false,true,false,false,,3
RG10N_240,RG10N,gscdb137,true,true,false,false,25,3
RG10N_241,RG10N,gscdb137,false,true,false,false,,3
RG10N_242,RG10N,gscdb137,true,true,false,false,25,3
RG10N_243,RG10N,gscdb137,false,true,false,false,,3
RG10N_244,RG10N,gscdb137,true,true,false,false,25,3
RG10N_245,RG10N,gscdb137,false,true,false,false,,3
RG10N_246,RG10N,gscdb137,false,true,false,false,,3
RG10N_247,RG10N,gscdb137,false,true,false,false,,3
RG10N_248,RG10N,gscdb137,false,true,false,false,,3
RG10N_249,RG10N,gscdb137,true,true,false,false,800,3
RG10N_250,RG10N,gscdb137,false,true,false,false,,3
RG10N_251,RG10N,gscdb137,false,true,false,false,,3
RG10N_252,RG10N,gscdb137,false,true,false,false,,3
RG10N_253,RG10N,gscdb137,true,true,false,false,800,3
RG10N_254,RG10N,gscdb137,false,true,false,false,,3
RG10N_255,RG10N,gscdb137,false,true,false,false,,3
RG10N_256,RG10N,gscdb137,false,true,false,false,,3
RG10N_257,RG10N,gscdb137,false,true,false,false,,3
RG10N_258,RG10N,gscdb137,false,true,false,false,,3
RG10N_259,RG10N,gscdb137,false,true,false,false,,3
RG10N_260,RG10N,gscdb137,false,true,false,false,,3
RG10N_261,RG10N,gscdb137,false,true,false,false,,3
RG10N_262,RG10N,gscdb137,false,true,false,false,,3
RG10N_263,RG10N,gscdb137,false,true,false,false,,3
RG10N_264,RG10N,gscdb137,false,true,false,false,,3
RG10N_265,RG10N,gscdb137,false,true,false,false,,3
RG10N_266,RG10N,gscdb137,false,true,false,false,,3
RG10N_267,RG10N,gscdb137,false,true,false,false,,3
RG10N_268,RG10N,gscdb137,false,true,false,false,,3
RG10N_269,RG10N,gscdb137,false,true,false,false,,3
RG10N_270,RG10N,gscdb137,false,true,false,false,,3
RG10N_271,RG10N,gscdb137,false,true,false,false,,3
RG10N_272,RG10N,gscdb137,false,true,false,false,,3
RG10N_273,RG10N,gscdb137,false,true,false,false,,3
RG10N_274,RG10N,gscdb137,false,true,false,false,,3
RG10N_275,RG10N,gscdb137,false,true,false,false,,3
RG18_1,RG18,gscdb137,false,true,false,false,,2
RG18_2,RG18,gscdb137,false,true,false,false,,2
RG18_3,RG18,gscdb137,false,true,false,false,,2
RG18_4,RG18,gscdb137,false,true,false,false,,2
RG18_5,RG18,gscdb137,false,true,false,false,,2
RG18_6,RG18,gscdb137,false,true,false,false,,2
RG18_7,RG18,gscdb137,false,true,false,false,,2
RG18_8,RG18,gscdb137,false,true,false,false,,2
RG18_9,RG18,gscdb137,false,true,false,false,,2
RG18_10,RG18,gscdb137,false,true,false,false,,3
RG18_11,RG18,gscdb137,false,true,false,false,,3
RG18_12,RG18,gscdb137,false,true,false,false,,3
RG18_13,RG18,gscdb137,false,true,false,false,,3
RG18_14,RG18,gscdb137,false,true,false,false,,3
RG18_15,RG18,gscdb137,false,true,false,false,,3
RG18_16,RG18,gscdb137,false,true,false,false,,3
RG18_17,RG18,gscdb137,false,true,false,false,,3
RG18_18,RG18,gscdb137,false,true,false,false,,3
ROST61_1,ROST61,gscdb137,false,true,false,false,,3
ROST61_2,ROST61,gscdb137,false,true,false,false,,2
ROST61_3,ROST61,gscdb137,false,true,false,false,,4
ROST61_4,ROST61,gscdb137,false,true,false,false,,3
ROST61_5,ROST61,gscdb137,false,true,false,false,,3
ROST61_6,ROST61,gscdb137,false,true,false,false,,2
ROST61_7,ROST61,gscdb137,false,true,false,false,,3
ROST61_8,ROST61,gscdb137,false,true,false,false,,2
ROST61_9,ROST61,gscdb137,false,true,false,false,,2
ROST61_10,ROST61,gscdb137,false,true,false,false,,2
ROST61_11,ROST61,gscdb137,false,true,false,false,,2
ROST61_12,ROST61,gscdb137,false,true,false,false,,4
ROST61_13,ROST61,gscdb137,false,true,false,false,,5
ROST61_14,ROST61,gscdb137,false,true,false,false,,3
ROST61_15,ROST61,gscdb137,false,true,false,false,,4
ROST61_16,ROST61,gscdb137,false,true,false,false,,3
ROST61_17,ROST61,gscdb137,false,true,false,false,,3
ROST61_18,ROST61,gscdb137,false,true,false,false,,3
ROST61_19,ROST61,gscdb137,false,true,false,false,,3
ROST61_20,ROST61,gscdb137,false,true,false,false,,3
ROST61_21,ROST61,gscdb137,false,true,false,false,,4
ROST61_22,ROST61,gscdb137,false,true,false,false,,3
ROST61_23,ROST61,gscdb137,false,true,false,false,,3
ROST61_24,ROST61,gscdb137,false,true,false,false,,3
ROST61_25,ROST61,gscdb137,false,true,false,false,,5
ROST61_26,ROST61,gscdb137,false,true,false,false,,5
ROST61_27,ROST61,gscdb137,false,true,false,false,,4
ROST61_28,ROST61,gscdb137,false,true,false,false,,4
ROST61_29,ROST61,gscdb137,false,true,false,false,,2
ROST61_30,ROST61,gscdb137,false,true,false,false,,3
ROST61_31,ROST61,gscdb137,false,true,false,false,,3
ROST61_32,ROST61,gscdb137,false,true,false,false,,4
ROST61_33,ROST61,gscdb137,false,true,false,false,,3
ROST61_34,ROST61,gscdb137,false,true,false,false,,4
ROST61_35,ROST61,gscdb137,false,true,false,false,,2
ROST61_36,ROST61,gscdb137,false,true,false,false,,4
ROST61_37,ROST61,gscdb137,false,true,false,false,,3
ROST61_38,ROST61,gscdb137,false,true,false,false,,3
ROST61_39,ROST61,gscdb137,false,true,false,false,,4
ROST61_40,ROST61,gscdb137,false,true,false,false,,4
ROST61_41,ROST61,gscdb137,false,true,false,false,,4
ROST61_42,ROST61,gscdb137,false,true,false,false,,4
ROST61_43,ROST61,gscdb137,false,true,false,false,,7
ROST61_44,ROST61,gscdb137,false,true,false,false,,7
ROST61_45,ROST61,gscdb137,false,true,false,false,,3
ROST61_46,ROST61,gscdb137,false,true,false,false,,3
ROST61_47,ROST61,gscdb137,false,true,false,false,,5
ROST61_48,ROST61,gscdb137,false,true,false,false,,3
ROST61_49,ROST61,gscdb137,false,true,false,false,,4
ROST61_50,ROST61,gscdb137,false,true,false,false,,3
ROST61_51,ROST61,gscdb137,false,true,false,false,,3
ROST61_52,ROST61,gscdb137,false,true,false,false,,2
ROST61_53,ROST61,gscdb137,false,true,false,false,,4
ROST61_54,ROST61,gscdb137,false,true,false,false,,3
ROST61_55,ROST61,gscdb137,false,true,false,false,,2
ROST61_56,ROST61,gscdb137,false,true,false,false,,4
ROST61_57,ROST61,gscdb137,false,true,false,false,,2
ROST61_58,ROST61,gscdb137,false,true,false,false,,2
ROST61_59,ROST61,gscdb137,false,true,false,false,,3
ROST61_60,ROST61,gscdb137,false,true,false,false,,3
ROST61_61,ROST61,gscdb137,false,true,false,false,,3
RSE43_1,RSE43,gscdb137,true,true,false,false,2,4
RSE43_2,RSE43,gscdb137,true,true,false,false,2,4
RSE43_3,RSE43,gscdb137,true,true,false,false,2,4
RSE43_4,RSE43,gscdb137,true,true,false,false,2,4
RSE43_5,RSE43,gscdb137,true,true,false,false,2,4
RSE43_6,RSE43,gscdb137,true,true,false,false,2,4
RSE43_7,RSE43,gscdb137,true,true,false,false,2,4
RSE43_8,RSE43,gscdb137,true,true,false,false,2,4
RSE43_9,RSE43,gscdb137,true,true,false,false,2,4
RSE43_10,RSE43,gscdb137,true,true,false,false,2,4
RSE43_11,RSE43,gscdb137,true,true,false,false,2,4
RSE43_12,RSE43,gscdb137,true,true,false,false,2,4
RSE43_13,RSE43,gscdb137,true,true,false,false,2,4
RSE43_14,RSE43,gscdb137,true,true,false,false,2,4
RSE43_15,RSE43,gscdb137,true,true,false,false,2,4
RSE43_16,RSE43,gscdb137,true,true,false,false,2,4
RSE43_17,RSE43,gscdb137,true,true,false,false,2,4
RSE43_18,RSE43,gscdb137,true,true,false,false,2,4
RSE43_19,RSE43,gscdb137,true,true,false,false,2,4
RSE43_20,RSE43,gscdb137,true,true,false,false,2,4
RSE43_21,RSE43,gscdb137,true,true,false,false,2,4
RSE43_22,RSE43,gscdb137,true,true,false,false,2,4
RSE43_23,RSE43,gscdb137,true,true,false,false,2,4
RSE43_24,RSE43,gscdb137,true,true,false,false,2,4
RSE43_25,RSE43,gscdb137,true,true,false,false,2,4
RSE43_26,RSE43,gscdb137,true,true,false,false,2,4
RSE43_27,RSE43,gscdb137,true,true,false,false,2,4
RSE43_28,RSE43,gscdb137,true,true,false,false,2,4
RSE43_29,RSE43,gscdb137,true,true,false,false,2,4
RSE43_30,RSE43,gscdb137,true,true,false,false,2,4
RSE43_31,RSE43,gscdb137,true,true,false,false,2,4
RSE43_32,RSE43,gscdb137,true,true,false,false,2,4
RSE43_33,RSE43,gscdb137,true,true,false,false,2,4
RSE43_34,RSE43,gscdb137,true,true,false,false,2,4
RSE43_35,RSE43,gscdb137,true,true,false,false,2,4
RSE43_36,RSE43,gscdb137,true,true,false,false,2,4
RSE43_37,RSE43,gscdb137,true,true,false,false,2,4
RSE43_38,RSE43,gscdb137,true,true,false,false,2,4
RSE43_39,RSE43,gscdb137,true,true,false,false,2,4
RSE43_40,RSE43,gscdb137,true,true,false,false,2,4
RSE43_41,RSE43,gscdb137,true,true,false,false,2,4
RSE43_42,RSE43,gscdb137,true,true,false,false,2,4
RSE43_43,RSE43,gscdb137,true,true,false,false,2,4
S22_1,S22,gscdb137,true,true,false,false,120,2
S22_2,S22,gscdb137,true,true,false,false,120,3
S22_3,S22,gscdb137,true,true,false,false,120,2
S22_4,S22,gscdb137,true,true,false,false,120,2
S22_5,S22,gscdb137,true,true,false,false,120,2
S22_6,S22,gscdb137,true,true,false,false,120,3
S22_7,S22,gscdb137,true,true,false,false,120,3
S22_8,S22,gscdb137,true,true,false,false,120,2
S22_9,S22,gscdb137,true,true,false,false,120,2
S22_10,S22,gscdb137,true,true,false,false,120,3
S22_11,S22,gscdb137,true,true,false,false,120,2
S22_12,S22,gscdb137,true,true,false,false,120,2
S22_13,S22,gscdb137,true,true,false,false,120,2
S22_14,S22,gscdb137,true,true,false,false,120,3
S22_15,S22,gscdb137,true,true,false,false,120,3
S22_16,S22,gscdb137,true,true,false,false,120,3
S22_17,S22,gscdb137,true,true,false,false,120,3
S22_18,S22,gscdb137,true,true,false,false,120,3
S22_19,S22,gscdb137,true,true,false,false,120,3
S22_20,S22,gscdb137,true,true,false,false,120,3
S22_21,S22,gscdb137,true,true,false,false,120,3
S22_22,S22,gscdb137,true,true,false,false,120,3
S66_1,S66,gscdb137,false,true,false,false,,3
S66_2,S66,gscdb137,false,true,false,false,,3
S66_3,S66,gscdb137,false,true,false,false,,3
S66_4,S66,gscdb137,false,true,false,false,,3
S66_5,S66,gscdb137,false,true,false,false,,3
S66_6,S66,gscdb137,false,true,false,false,,3
S66_7,S66,gscdb137,false,true,false,false,,3
S66_8,S66,gscdb137,false,true,false,false,,3
S66_9,S66,gscdb137,false,true,false,false,,3
S66_10,S66,gscdb137,false,true,false,false,,3
S66_11,S66,gscdb137,false,true,false,false,,3
S66_12,S66,gscdb137,false,true,false,false,,3
S66_13,S66,gscdb137,false,true,false,false,,3
S66_14,S66,gscdb137,false,true,false,false,,3
S66_15,S66,gscdb137,false,true,false,false,,3
S66_16,S66,gscdb137,false,true,false,false,,3
S66_17,S66,gscdb137,false,true,false,false,,3
S66_18,S66,gscdb137,false,true,false,false,,3
S66_19,S66,gscdb137,false,true,false,false,,3
S66_20,S66,gscdb137,false,true,false,false,,3
S66_21,S66,gscdb137,false,true,false,false,,3
S66_22,S66,gscdb137,false,true,false,false,,3
S66_23,S66,gscdb137,false,true,false,false,,3
S66_24,S66,gscdb137,false,true,false,false,,3
S66_25,S66,gscdb137,false,true,false,false,,3
S66_26,S66,gscdb137,false,true,false,false,,3
S66_27,S66,gscdb137,false,true,false,false,,3
S66_28,S66,gscdb137,false,true,false,false,,3
S66_29,S66,gscdb137,false,true,false,false,,3
S66_30,S66,gscdb137,false,true,false,false,,3
S66_31,S66,gscdb137,false,true,false,false,,3
S66_32,S66,gscdb137,false,true,false,false,,3
S66_33,S66,gscdb137,false,true,false,false,,3
S66_34,S66,gscdb137,false,true,false,false,,3
S66_35,S66,gscdb137,false,true,false,false,,3
S66_36,S66,gscdb137,false,true,false,false,,3
S66_37,S66,gscdb137,false,true,false,false,,3
S66_38,S66,gscdb137,false,true,false,false,,3
S66_39,S66,gscdb137,false,true,false,false,,3
S66_40,S66,gscdb137,false,true,false,false,,3
S66_41,S66,gscdb137,false,true,false,false,,3
S66_42,S66,gscdb137,false,true,false,false,,3
S66_43,S66,gscdb137,false,true,false,false,,3
S66_44,S66,gscdb137,false,true,false,false,,3
S66_45,S66,gscdb137,false,true,false,false,,3
S66_46,S66,gscdb137,false,true,false,false,,3
S66_47,S66,gscdb137,false,true,false,false,,3
S66_48,S66,gscdb137,false,true,false,false,,3
S66_49,S66,gscdb137,false,true,false,false,,3
S66_50,S66,gscdb137,false,true,false,false,,3
S66_51,S66,gscdb137,false,true,false,false,,3
S66_52,S66,gscdb137,false,true,false,false,,3
S66_53,S66,gscdb137,false,true,false,false,,3
S66_54,S66,gscdb137,false,true,false,false,,3
S66_55,S66,gscdb137,false,true,false,false,,3
S66_56,S66,gscdb137,false,true,false,false,,3
S66_57,S66,gscdb137,false,true,false,false,,3
S66_58,S66,gscdb137,false,true,false,false,,3
S66_59,S66,gscdb137,false,true,false,false,,3
S66_60,S66,gscdb137,false,true,false,false,,3
S66_61,S66,gscdb137,false,true,false,false,,3
S66_62,S66,gscdb137,false,true,false,false,,3
S66_63,S66,gscdb137,false,true,false,false,,3
S66_64,S66,gscdb137,false,true,false,false,,3
S66_65,S66,gscdb137,false,true,false,false,,3
S66_66,S66,gscdb137,false,true,false,false,,3
S66Rel7_1,S66Rel7,gscdb137,true,true,false,false,60,2
S66Rel7_2,S66Rel7,gscdb137,false,true,false,false,,2
S66Rel7_3,S66Rel7,gscdb137,false,true,false,false,,2
S66Rel7_4,S66Rel7,gscdb137,false,true,false,false,,2
S66Rel7_5,S66Rel7,gscdb137,false,true,false,false,,2
S66Rel7_6,S66Rel7,gscdb137,false,true,false,false,,2
S66Rel7_7,S66Rel7,gscdb137,false,true,false,false,,2
S66Rel7_8,S66Rel7,gscdb137,true,true,false,false,60,2
S66Rel7_9,S66Rel7,gscdb137,false,true,false,false,,2
S66Rel7_10,S66Rel7,gscdb137,false,true,false,false,,2
S66Rel7_11,S66Rel7,gscdb137,false,true,false,false,,2
S66Rel7_12,S66Rel7,gscdb137,false,true,false,false,,2
S66Rel7_13,S66Rel7,gscdb137,false,true,false,false,,2
S66Rel7_14,S66Rel7,gscdb137,false,true,false,false,,2
S66Rel7_15,S66Rel7,gscdb137,true,true,false,false,60,2
S66Rel7_16,S66Rel7,gscdb137,false,true,false,false,,2
S66Rel7_17,S66Rel7,gscdb137,false,true,false,false,,2
S66Rel7_18,S66Rel7,gscdb137,false,true,false,false,,2
S66Rel7_19,S66Rel7,gscdb137,false,true,false,false,,2
S66Rel7_20,S66Rel7,gscdb137,false,true,false,false,,2
S66Rel7_21,S66Rel7,gscdb137,false,true,false,false,,2
S66Rel7_22,S66Rel7,gscdb137,true,true,false,false,60,2
S66Rel7_23,S66Rel7,gscdb137,false,true,false,false,,2
S66Rel7_24,S66Rel7,gscdb137,false,true,false,false,,2
S66Rel7_25,S66Rel7,gscdb137,false,true,false,false,,2
S66Rel7_26,S66Rel7,gscdb137,false,true,false,false,,2
S66Rel7_27,S66Rel7,gscdb137,false,true,false,false,,2
S66Rel7_28,S66Rel7,gscdb137,false,true,false,false,,2
S66Rel7_29,S66Rel7,gscdb137,true,true,false,false,60,2
S66Rel7_30,S66Rel7,gscdb137,false,true,false,false,,2
S66Rel7_31,S66Rel7,gscdb137,false,true,false,false,,2
S66Rel7_32,S66Rel7,gscdb137,false,true,false,false,,2
S66Rel7_33,S66Rel7,gscdb137,false,true,false,false,,2
S66Rel7_34,S66Rel7,gscdb137,false,true,false,false,,2
S66Rel7_35,S66Rel7,gscdb137,false,true,false,false,,2
S66Rel7_36,S66Rel7,gscdb137,true,true,false,false,60,2
S66Rel7_37,S66Rel7,gscdb137,false,true,false,false,,2
S66Rel7_38,S66Rel7,gscdb137,false,true,false,false,,2
S66Rel7_39,S66Rel7,gscdb137,false,true,false,false,,2
S66Rel7_40,S66Rel7,gscdb137,false,true,false,false,,2
S66Rel7_41,S66Rel7,gscdb137,false,true,false,false,,2
S66Rel7_42,S66Rel7,gscdb137,false,true,false,false,,2
S66Rel7_43,S66Rel7,gscdb137,true,true,false,false,60,2
S66Rel7_44,S66Rel7,gscdb137,false,true,false,false,,2
S66Rel7_45,S66Rel7,gscdb137,false,true,false,false,,2
S66Rel7_46,S66Rel7,gscdb137,false,true,false,false,,2
S66Rel7_47,S66Rel7,gscdb137,false,true,false,false,,2
S66Rel7_48,S66Rel7,gscdb137,false,true,false,false,,2
S66Rel7_49,S66Rel7,gscdb137,false,true,false,false,,2
S66Rel7_50,S66Rel7,gscdb137,true,true,false,false,60,2
S66Rel7_51,S66Rel7,gscdb137,false,true,false,false,,2
S66Rel7_52,S66Rel7,gscdb137,false,true,false,false,,2
S66Rel7_53,S66Rel7,gscdb137,false,true,false,false,,2
S66Rel7_54,S66Rel7,gscdb137,false,true,false,false,,2
S66Rel7_55,S66Rel7,gscdb137,false,true,false,false,,2
S66Rel7_56,S66Rel7,gscdb137,false,true,false,false,,2
S66Rel7_57,S66Rel7,gscdb137,true,true,false,false,60,2
S66Rel7_58,S66Rel7,gscdb137,false,true,false,false,,2
S66Rel7_59,S66Rel7,gscdb137,false,true,false,false,,2
S66Rel7_60,S66Rel7,gscdb137,false,true,false,false,,2
S66Rel7_61,S66Rel7,gscdb137,false,true,false,false,,2
S66Rel7_62,S66Rel7,gscdb137,false,true,false,false,,2
S66Rel7_63,S66Rel7,gscdb137,false,true,false,false,,2
S66Rel7_64,S66Rel7,gscdb137,true,true,false,false,60,2
S66Rel7_65,S66Rel7,gscdb137,false,true,false,false,,2
S66Rel7_66,S66Rel7,gscdb137,false,true,false,false,,2
S66Rel7_67,S66Rel7,gscdb137,false,true,false,false,,2
S66Rel7_68,S66Rel7,gscdb137,false,true,false,false,,2
S66Rel7_69,S66Rel7,gscdb137,false,true,false,false,,2
S66Rel7_70,S66Rel7,gscdb137,false,true,false,false,,2
S66Rel7_71,S66Rel7,gscdb137,true,true,false,false,60,2
S66Rel7_72,S66Rel7,gscdb137,false,true,false,false,,2
S66Rel7_73,S66Rel7,gscdb137,false,true,false,false,,2
S66Rel7_74,S66Rel7,gscdb137,false,true,false,false,,2
S66Rel7_75,S66Rel7,gscdb137,false,true,false,false,,2
S66Rel7_76,S66Rel7,gscdb137,false,true,false,false,,2
S66Rel7_77,S66Rel7,gscdb137,false,true,false,false,,2
S66Rel7_78,S66Rel7,gscdb137,true,true,false,false,60,2
S66Rel7_79,S66Rel7,gscdb137,false,true,false,false,,2
S66Rel7_80,S66Rel7,gscdb137,false,true,false,false,,2
S66Rel7_81,S66Rel7,gscdb137,false,true,false,false,,2
S66Rel7_82,S66Rel7,gscdb137,false,true,false,false,,2
S66Rel7_83,S66Rel7,gscdb137,false,true,false,false,,2
S66Rel7_84,S66Rel7,gscdb137,false,true,false,false,,2
S66Rel7_85,S66Rel7,gscdb137,true,true,false,false,60,2
S66Rel7_86,S66Rel7,gscdb137,false,true,false,false,,2
S66Rel7_87,S66Rel7,gscdb137,false,true,false,false,,2
S66Rel7_88,S66Rel7,gscdb137,false,true,false,false,,2
S66Rel7_89,S66Rel7,gscdb137,false,true,false,false,,2
S66Rel7_90,S66Rel7,gscdb137,false,true,false,false,,2
S66Rel7_91,S66Rel7,gscdb137,false,true,false,false,,2
S66Rel7_92,S66Rel7,gscdb137,true,true,false,false,60,2
S66Rel7_93,S66Rel7,gscdb137,false,true,false,false,,2
S66Rel7_94,S66Rel7,gscdb137,false,true,false,false,,2
S66Rel7_95,S66Rel7,gscdb137,false,true,false,false,,2
S66Rel7_96,S66Rel7,gscdb137,false,true,false,false,,2
S66Rel7_97,S66Rel7,gscdb137,true,true,false,false,60,2
S66Rel7_98,S66Rel7,gscdb137,false,true,false,false,,2
S66Rel7_99,S66Rel7,gscdb137,true,true,false,false,60,2
S66Rel7_100,S66Rel7,gscdb137,false,true,false,false,,2
S66Rel7_101,S66Rel7,gscdb137,false,true,false,false,,2
S66Rel7_102,S66Rel7,gscdb137,false,true,false,false,,2
S66Rel7_103,S66Rel7,gscdb137,false,true,false,false,,2
S66Rel7_104,S66Rel7,gscdb137,false,true,false,false,,2
S66Rel7_105,S66Rel7,gscdb137,false,true,false,false,,2
S66Rel7_106,S66Rel7,gscdb137,false,true,false,false,,2
S66Rel7_107,S66Rel7,gscdb137,false,true,false,false,,2
S66Rel7_108,S66Rel7,gscdb137,false,true,false,false,,2
S66Rel7_109,S66Rel7,gscdb137,false,true,false,false,,2
S66Rel7_110,S66Rel7,gscdb137,false,true,false,false,,2
S66Rel7_111,S66Rel7,gscdb137,false,true,false,false,,2
S66Rel7_112,S66Rel7,gscdb137,false,true,false,false,,2
S66Rel7_113,S66Rel7,gscdb137,true,true,false,false,60,2
S66Rel7_114,S66Rel7,gscdb137,false,true,false,false,,2
S66Rel7_115,S66Rel7,gscdb137,false,true,false,false,,2
S66Rel7_116,S66Rel7,gscdb137,false,true,false,false,,2
S66Rel7_117,S66Rel7,gscdb137,false,true,false,false,,2
S66Rel7_118,S66Rel7,gscdb137,true,true,false,false,60,2
S66Rel7_119,S66Rel7,gscdb137,false,true,false,false,,2
S66Rel7_120,S66Rel7,gscdb137,true,true,false,false,60,2
S66Rel7_121,S66Rel7,gscdb137,false,true,false,false,,2
S66Rel7_122,S66Rel7,gscdb137,false,true,false,false,,2
S66Rel7_123,S66Rel7,gscdb137,false,true,false,false,,2
S66Rel7_124,S66Rel7,gscdb137,false,true,false,false,,2
S66Rel7_125,S66Rel7,gscdb137,false,true,false,false,,2
S66Rel7_126,S66Rel7,gscdb137,false,true,false,false,,2
S66Rel7_127,S66Rel7,gscdb137,true,true,false,false,60,2
S66Rel7_128,S66Rel7,gscdb137,false,true,false,false,,2
S66Rel7_129,S66Rel7,gscdb137,false,true,false,false,,2
S66Rel7_130,S66Rel7,gscdb137,false,true,false,false,,2
S66Rel7_131,S66Rel7,gscdb137,false,true,false,false,,2
S66Rel7_132,S66Rel7,gscdb137,false,true,false,false,,2
S66Rel7_133,S66Rel7,gscdb137,false,true,false,false,,2
S66Rel7_134,S66Rel7,gscdb137,true,true,false,false,60,2
S66Rel7_135,S66Rel7,gscdb137,false,true,false,false,,2
S66Rel7_136,S66Rel7,gscdb137,false,true,false,false,,2
S66Rel7_137,S66Rel7,gscdb137,false,true,false,false,,2
S66Rel7_138,S66Rel7,gscdb137,false,true,false,false,,2
S66Rel7_139,S66Rel7,gscdb137,true,true,false,false,60,2
S66Rel7_140,S66Rel7,gscdb137,false,true,false,false,,2
S66Rel7_141,S66Rel7,gscdb137,true,true,false,false,60,2
S66Rel7_142,S66Rel7,gscdb137,false,true,false,false,,2
S66Rel7_143,S66Rel7,gscdb137,false,true,false,false,,2
S66Rel7_144,S66Rel7,gscdb137,false,true,false,false,,2
S66Rel7_145,S66Rel7,gscdb137,false,true,false,false,,2
S66Rel7_146,S66Rel7,gscdb137,true,true,false,false,60,2
S66Rel7_147,S66Rel7,gscdb137,false,true,false,false,,2
S66Rel7_148,S66Rel7,gscdb137,true,true,false,false,60,2
S66Rel7_149,S66Rel7,gscdb137,false,true,false,false,,2
S66Rel7_150,S66Rel7,gscdb137,false,true,false,false,,2
S66Rel7_151,S66Rel7,gscdb137,false,true,false,false,,2
S66Rel7_152,S66Rel7,gscdb137,false,true,false,false,,2
S66Rel7_153,S66Rel7,gscdb137,true,true,false,false,60,2
S66Rel7_154,S66Rel7,gscdb137,false,true,false,false,,2
S66Rel7_155,S66Rel7,gscdb137,true,true,false,false,60,2
S66Rel7_156,S66Rel7,gscdb137,false,true,false,false,,2
S66Rel7_157,S66Rel7,gscdb137,false,true,false,false,,2
S66Rel7_158,S66Rel7,gscdb137,false,true,false,false,,2
S66Rel7_159,S66Rel7,gscdb137,false,true,false,false,,2
S66Rel7_160,S66Rel7,gscdb137,true,true,false,false,60,2
S66Rel7_161,S66Rel7,gscdb137,false,true,false,false,,2
S66Rel7_162,S66Rel7,gscdb137,true,true,false,false,60,2
S66Rel7_163,S66Rel7,gscdb137,false,true,false,false,,2
S66Rel7_164,S66Rel7,gscdb137,false,true,false,false,,2
S66Rel7_165,S66Rel7,gscdb137,false,true,false,false,,2
S66Rel7_166,S66Rel7,gscdb137,false,true,false,false,,2
S66Rel7_167,S66Rel7,gscdb137,true,true,false,false,60,2
S66Rel7_168,S66Rel7,gscdb137,false,true,false,false,,2
S66Rel7_169,S66Rel7,gscdb137,true,true,false,false,60,2
S66Rel7_170,S66Rel7,gscdb137,false,true,false,false,,2
S66Rel7_171,S66Rel7,gscdb137,false,true,false,false,,2
S66Rel7_172,S66Rel7,gscdb137,false,true,false,false,,2
S66Rel7_173,S66Rel7,gscdb137,false,true,false,false,,2
S66Rel7_174,S66Rel7,gscdb137,false,true,false,false,,2
S66Rel7_175,S66Rel7,gscdb137,false,true,false,false,,2
S66Rel7_176,S66Rel7,gscdb137,true,true,false,false,60,2
S66Rel7_177,S66Rel7,gscdb137,false,true,false,false,,2
S66Rel7_178,S66Rel7,gscdb137,false,true,false,false,,2
S66Rel7_179,S66Rel7,gscdb137,false,true,false,false,,2
S66Rel7_180,S66Rel7,gscdb137,false,true,false,false,,2
S66Rel7_181,S66Rel7,gscdb137,false,true,false,false,,2
S66Rel7_182,S66Rel7,gscdb137,false,true,false,false,,2
S66Rel7_183,S66Rel7,gscdb137,true,true,false,false,60,2
S66Rel7_184,S66Rel7,gscdb137,false,true,false,false,,2
S66Rel7_185,S66Rel7,gscdb137,false,true,false,false,,2
S66Rel7_186,S66Rel7,gscdb137,false,true,false,false,,2
S66Rel7_187,S66Rel7,gscdb137,false,true,false,false,,2
S66Rel7_188,S66Rel7,gscdb137,true,true,false,false,60,2
S66Rel7_189,S66Rel7,gscdb137,false,true,false,false,,2
S66Rel7_190,S66Rel7,gscdb137,true,true,false,false,60,2
S66Rel7_191,S66Rel7,gscdb137,false,true,false,false,,2
S66Rel7_192,S66Rel7,gscdb137,false,true,false,false,,2
S66Rel7_193,S66Rel7,gscdb137,false,true,false,false,,2
S66Rel7_194,S66Rel7,gscdb137,false,true,false,false,,2
S66Rel7_195,S66Rel7,gscdb137,false,true,false,false,,2
S66Rel7_196,S66Rel7,gscdb137,false,true,false,false,,2
S66Rel7_197,S66Rel7,gscdb137,true,true,false,false,60,2
S66Rel7_198,S66Rel7,gscdb137,false,true,false,false,,2
S66Rel7_199,S66Rel7,gscdb137,false,true,false,false,,2
S66Rel7_200,S66Rel7,gscdb137,false,true,false,false,,2
S66Rel7_201,S66Rel7,gscdb137,false,true,false,false,,2
S66Rel7_202,S66Rel7,gscdb137,false,true,false,false,,2
S66Rel7_203,S66Rel7,gscdb137,false,true,false,false,,2
S66Rel7_204,S66Rel7,gscdb137,true,true,false,false,60,2
S66Rel7_205,S66Rel7,gscdb137,false,true,false,false,,2
S66Rel7_206,S66Rel7,gscdb137,false,true,false,false,,2
S66Rel7_207,S66Rel7,gscdb137,false,true,false,false,,2
S66Rel7_208,S66Rel7,gscdb137,false,true,false,false,,2
S66Rel7_209,S66Rel7,gscdb137,true,true,false,false,60,2
S66Rel7_210,S66Rel7,gscdb137,false,true,false,false,,2
S66Rel7_211,S66Rel7,gscdb137,true,true,false,false,60,2
S66Rel7_212,S66Rel7,gscdb137,false,true,false,false,,2
S66Rel7_213,S66Rel7,gscdb137,false,true,false,false,,2
S66Rel7_214,S66Rel7,gscdb137,false,true,false,false,,2
S66Rel7_215,S66Rel7,gscdb137,false,true,false,false,,2
S66Rel7_216,S66Rel7,gscdb137,false,true,false,false,,2
S66Rel7_217,S66Rel7,gscdb137,false,true,false,false,,2
S66Rel7_218,S66Rel7,gscdb137,true,true,false,false,60,2
S66Rel7_219,S66Rel7,gscdb137,false,true,false,false,,2
S66Rel7_220,S66Rel7,gscdb137,false,true,false,false,,2
S66Rel7_221,S66Rel7,gscdb137,false,true,false,false,,2
S66Rel7_222,S66Rel7,gscdb137,false,true,false,false,,2
S66Rel7_223,S66Rel7,gscdb137,true,true,false,false,60,2
S66Rel7_224,S66Rel7,gscdb137,false,true,false,false,,2
S66Rel7_225,S66Rel7,gscdb137,true,true,false,false,60,2
S66Rel7_226,S66Rel7,gscdb137,false,true,false,false,,2
S66Rel7_227,S66Rel7,gscdb137,false,true,false,false,,2
S66Rel7_228,S66Rel7,gscdb137,false,true,false,false,,2
S66Rel7_229,S66Rel7,gscdb137,false,true,false,false,,2
S66Rel7_230,S66Rel7,gscdb137,true,true,false,false,60,2
S66Rel7_231,S66Rel7,gscdb137,false,true,false,false,,2
S66Rel7_232,S66Rel7,gscdb137,true,true,false,false,60,2
S66Rel7_233,S66Rel7,gscdb137,false,true,false,false,,2
S66Rel7_234,S66Rel7,gscdb137,false,true,false,false,,2
S66Rel7_235,S66Rel7,gscdb137,false,true,false,false,,2
S66Rel7_236,S66Rel7,gscdb137,false,true,false,false,,2
S66Rel7_237,S66Rel7,gscdb137,false,true,false,false,,2
S66Rel7_238,S66Rel7,gscdb137,false,true,false,false,,2
S66Rel7_239,S66Rel7,gscdb137,true,true,false,false,60,2
S66Rel7_240,S66Rel7,gscdb137,false,true,false,false,,2
S66Rel7_241,S66Rel7,gscdb137,false,true,false,false,,2
S66Rel7_242,S66Rel7,gscdb137,false,true,false,false,,2
S66Rel7_243,S66Rel7,gscdb137,false,true,false,false,,2
S66Rel7_244,S66Rel7,gscdb137,false,true,false,false,,2
S66Rel7_245,S66Rel7,gscdb137,false,true,false,false,,2
S66Rel7_246,S66Rel7,gscdb137,true,true,false,false,60,2
S66Rel7_247,S66Rel7,gscdb137,false,true,false,false,,2
S66Rel7_248,S66Rel7,gscdb137,false,true,false,false,,2
S66Rel7_249,S66Rel7,gscdb137,false,true,false,false,,2
S66Rel7_250,S66Rel7,gscdb137,false,true,false,false,,2
S66Rel7_251,S66Rel7,gscdb137,false,true,false,false,,2
S66Rel7_252,S66Rel7,gscdb137,false,true,false,false,,2
S66Rel7_253,S66Rel7,gscdb137,true,true,false,false,60,2
S66Rel7_254,S66Rel7,gscdb137,false,true,false,false,,2
S66Rel7_255,S66Rel7,gscdb137,false,true,false,false,,2
S66Rel7_256,S66Rel7,gscdb137,false,true,false,false,,2
S66Rel7_257,S66Rel7,gscdb137,false,true,false,false,,2
S66Rel7_258,S66Rel7,gscdb137,false,true,false,false,,2
S66Rel7_259,S66Rel7,gscdb137,false,true,false,false,,2
S66Rel7_260,S66Rel7,gscdb137,false,true,false,false,,2
S66Rel7_261,S66Rel7,gscdb137,false,true,false,false,,2
S66Rel7_262,S66Rel7,gscdb137,false,true,false,false,,2
S66Rel7_263,S66Rel7,gscdb137,false,true,false,false,,2
S66Rel7_264,S66Rel7,gscdb137,false,true,false,false,,2
S66Rel7_265,S66Rel7,gscdb137,false,true,false,false,,2
S66Rel7_266,S66Rel7,gscdb137,false,true,false,false,,2
S66Rel7_267,S66Rel7,gscdb137,true,true,false,false,60,2
S66Rel7_268,S66Rel7,gscdb137,false,true,false,false,,2
S66Rel7_269,S66Rel7,gscdb137,false,true,false,false,,2
S66Rel7_270,S66Rel7,gscdb137,false,true,false,false,,2
S66Rel7_271,S66Rel7,gscdb137,false,true,false,false,,2
S66Rel7_272,S66Rel7,gscdb137,false,true,false,false,,2
S66Rel7_273,S66Rel7,gscdb137,false,true,false,false,,2
S66Rel7_274,S66Rel7,gscdb137,true,true,false,false,60,2
S66Rel7_275,S66Rel7,gscdb137,false,true,false,false,,2
S66Rel7_276,S66Rel7,gscdb137,false,true,false,false,,2
S66Rel7_277,S66Rel7,gscdb137,false,true,false,false,,2
S66Rel7_278,S66Rel7,gscdb137,false,true,false,false,,2
S66Rel7_279,S66Rel7,gscdb137,true,true,false,false,60,2
S66Rel7_280,S66Rel7,gscdb137,false,true,false,false,,2
S66Rel7_281,S66Rel7,gscdb137,true,true,false,false,60,2
S66Rel7_282,S66Rel7,gscdb137,false,true,false,false,,2
S66Rel7_283,S66Rel7,gscdb137,false,true,false,false,,2
S66Rel7_284,S66Rel7,gscdb137,false,true,false,false,,2
S66Rel7_285,S66Rel7,gscdb137,false,true,false,false,,2
S66Rel7_286,S66Rel7,gscdb137,false,true,false,false,,2
S66Rel7_287,S66Rel7,gscdb137,false,true,false,false,,2
S66Rel7_288,S66Rel7,gscdb137,true,true,false,false,60,2
S66Rel7_289,S66Rel7,gscdb137,false,true,false,false,,2
S66Rel7_290,S66Rel7,gscdb137,false,true,false,false,,2
S66Rel7_291,S66Rel7,gscdb137,false,true,false,false,,2
S66Rel7_292,S66Rel7,gscdb137,false,true,false,false,,2
S66Rel7_293,S66Rel7,gscdb137,false,true,false,false,,2
S66Rel7_294,S66Rel7,gscdb137,false,true,false,false,,2
S66Rel7_295,S66Rel7,gscdb137,true,true,false,false,60,2
S66Rel7_296,S66Rel7,gscdb137,false,true,false,false,,2
S66Rel7_297,S66Rel7,gscdb137,false,true,false,false,,2
S66Rel7_298,S66Rel7,gscdb137,false,true,false,false,,2
S66Rel7_299,S66Rel7,gscdb137,false,true,false,false,,2
S66Rel7_300,S66Rel7,gscdb137,false,true,false,false,,2
S66Rel7_301,S66Rel7,gscdb137,false,true,false,false,,2
S66Rel7_302,S66Rel7,gscdb137,false,true,false,false,,2
S66Rel7_303,S66Rel7,gscdb137,false,true,false,false,,2
S66Rel7_304,S66Rel7,gscdb137,false,true,false,false,,2
S66Rel7_305,S66Rel7,gscdb137,false,true,false,false,,2
S66Rel7_306,S66Rel7,gscdb137,false,true,false,false,,2
S66Rel7_307,S66Rel7,gscdb137,false,true,false,false,,2
S66Rel7_308,S66Rel7,gscdb137,false,true,false,false,,2
S66Rel7_309,S66Rel7,gscdb137,true,true,false,false,60,2
S66Rel7_310,S66Rel7,gscdb137,false,true,false,false,,2
S66Rel7_311,S66Rel7,gscdb137,false,true,false,false,,2
S66Rel7_312,S66Rel7,gscdb137,false,true,false,false,,2
S66Rel7_313,S66Rel7,gscdb137,false,true,false,false,,2
S66Rel7_314,S66Rel7,gscdb137,false,true,false,false,,2
S66Rel7_315,S66Rel7,gscdb137,false,true,false,false,,2
S66Rel7_316,S66Rel7,gscdb137,true,true,false,false,60,2
S66Rel7_317,S66Rel7,gscdb137,false,true,false,false,,2
S66Rel7_318,S66Rel7,gscdb137,false,true,false,false,,2
S66Rel7_319,S66Rel7,gscdb137,false,true,false,false,,2
S66Rel7_320,S66Rel7,gscdb137,false,true,false,false,,2
S66Rel7_321,S66Rel7,gscdb137,false,true,false,false,,2
S66Rel7_322,S66Rel7,gscdb137,false,true,false,false,,2
S66Rel7_323,S66Rel7,gscdb137,true,true,false,false,60,2
S66Rel7_324,S66Rel7,gscdb137,false,true,false,false,,2
S66Rel7_325,S66Rel7,gscdb137,false,true,false,false,,2
S66Rel7_326,S66Rel7,gscdb137,false,true,false,false,,2
S66Rel7_327,S66Rel7,gscdb137,false,true,false,false,,2
S66Rel7_328,S66Rel7,gscdb137,false,true,false,false,,2
S66Rel7_329,S66Rel7,gscdb137,false,true,false,false,,2
S66Rel7_330,S66Rel7,gscdb137,true,true,false,false,60,2
S66Rel7_331,S66Rel7,gscdb137,false,true,false,false,,2
S66Rel7_332,S66Rel7,gscdb137,false,true,false,false,,2
S66Rel7_333,S66Rel7,gscdb137,false,true,false,false,,2
S66Rel7_334,S66Rel7,gscdb137,false,true,false,false,,2
S66Rel7_335,S66Rel7,gscdb137,false,true,false,false,,2
S66Rel7_336,S66Rel7,gscdb137,false,true,false,false,,2
S66Rel7_337,S66Rel7,gscdb137,true,true,false,false,60,2
S66Rel7_338,S66Rel7,gscdb137,false,true,false,false,,2
S66Rel7_339,S66Rel7,gscdb137,false,true,false,false,,2
S66Rel7_340,S66Rel7,gscdb137,false,true,false,false,,2
S66Rel7_341,S66Rel7,gscdb137,false,true,false,false,,2
S66Rel7_342,S66Rel7,gscdb137,false,true,false,false,,2
S66Rel7_343,S66Rel7,gscdb137,false,true,false,false,,2
S66Rel7_344,S66Rel7,gscdb137,true,true,false,false,60,2
S66Rel7_345,S66Rel7,gscdb137,false,true,false,false,,2
S66Rel7_346,S66Rel7,gscdb137,false,true,false,false,,2
S66Rel7_347,S66Rel7,gscdb137,false,true,false,false,,2
S66Rel7_348,S66Rel7,gscdb137,false,true,false,false,,2
S66Rel7_349,S66Rel7,gscdb137,false,true,false,false,,2
S66Rel7_350,S66Rel7,gscdb137,false,true,false,false,,2
S66Rel7_351,S66Rel7,gscdb137,true,true,false,false,60,2
S66Rel7_352,S66Rel7,gscdb137,false,true,false,false,,2
S66Rel7_353,S66Rel7,gscdb137,false,true,false,false,,2
S66Rel7_354,S66Rel7,gscdb137,false,true,false,false,,2
S66Rel7_355,S66Rel7,gscdb137,false,true,false,false,,2
S66Rel7_356,S66Rel7,gscdb137,false,true,false,false,,2
S66Rel7_357,S66Rel7,gscdb137,false,true,false,false,,2
S66Rel7_358,S66Rel7,gscdb137,true,true,false,false,60,2
S66Rel7_359,S66Rel7,gscdb137,false,true,false,false,,2
S66Rel7_360,S66Rel7,gscdb137,false,true,false,false,,2
S66Rel7_361,S66Rel7,gscdb137,false,true,false,false,,2
S66Rel7_362,S66Rel7,gscdb137,false,true,false,false,,2
S66Rel7_363,S66Rel7,gscdb137,false,true,false,false,,2
S66Rel7_364,S66Rel7,gscdb137,false,true,false,false,,2
S66Rel7_365,S66Rel7,gscdb137,true,true,false,false,60,2
S66Rel7_366,S66Rel7,gscdb137,false,true,false,false,,2
S66Rel7_367,S66Rel7,gscdb137,false,true,false,false,,2
S66Rel7_368,S66Rel7,gscdb137,false,true,false,false,,2
S66Rel7_369,S66Rel7,gscdb137,false,true,false,false,,2
S66Rel7_370,S66Rel7,gscdb137,false,true,false,false,,2
S66Rel7_371,S66Rel7,gscdb137,false,true,false,false,,2
S66Rel7_372,S66Rel7,gscdb137,true,true,false,false,60,2
S66Rel7_373,S66Rel7,gscdb137,false,true,false,false,,2
S66Rel7_374,S66Rel7,gscdb137,false,true,false,false,,2
S66Rel7_375,S66Rel7,gscdb137,false,true,false,false,,2
S66Rel7_376,S66Rel7,gscdb137,false,true,false,false,,2
S66Rel7_377,S66Rel7,gscdb137,true,true,false,false,60,2
S66Rel7_378,S66Rel7,gscdb137,false,true,false,false,,2
S66Rel7_379,S66Rel7,gscdb137,true,true,false,false,60,2
S66Rel7_380,S66Rel7,gscdb137,false,true,false,false,,2
S66Rel7_381,S66Rel7,gscdb137,false,true,false,false,,2
S66Rel7_382,S66Rel7,gscdb137,false,true,false,false,,2
S66Rel7_383,S66Rel7,gscdb137,false,true,false,false,,2
S66Rel7_384,S66Rel7,gscdb137,false,true,false,false,,2
S66Rel7_385,S66Rel7,gscdb137,false,true,false,false,,2
S66Rel7_386,S66Rel7,gscdb137,false,true,false,false,,2
S66Rel7_387,S66Rel7,gscdb137,false,true,false,false,,2
S66Rel7_388,S66Rel7,gscdb137,false,true,false,false,,2
S66Rel7_389,S66Rel7,gscdb137,false,true,false,false,,2
S66Rel7_390,S66Rel7,gscdb137,false,true,false,false,,2
S66Rel7_391,S66Rel7,gscdb137,false,true,false,false,,2
S66Rel7_392,S66Rel7,gscdb137,false,true,false,false,,2
S66Rel7_393,S66Rel7,gscdb137,true,true,false,false,60,2
S66Rel7_394,S66Rel7,gscdb137,false,true,false,false,,2
S66Rel7_395,S66Rel7,gscdb137,false,true,false,false,,2
S66Rel7_396,S66Rel7,gscdb137,false,true,false,false,,2
S66Rel7_397,S66Rel7,gscdb137,false,true,false,false,,2
S66Rel7_398,S66Rel7,gscdb137,false,true,false,false,,2
S66Rel7_399,S66Rel7,gscdb137,false,true,false,false,,2
S66Rel7_400,S66Rel7,gscdb137,false,true,false,false,,2
S66Rel7_401,S66Rel7,gscdb137,false,true,false,false,,2
S66Rel7_402,S66Rel7,gscdb137,false,true,false,false,,2
S66Rel7_403,S66Rel7,gscdb137,false,true,false,false,,2
S66Rel7_404,S66Rel7,gscdb137,false,true,false,false,,2
S66Rel7_405,S66Rel7,gscdb137,true,true,false,false,60,2
S66Rel7_406,S66Rel7,gscdb137,false,true,false,false,,2
S66Rel7_407,S66Rel7,gscdb137,true,true,false,false,60,2
S66Rel7_408,S66Rel7,gscdb137,false,true,false,false,,2
S66Rel7_409,S66Rel7,gscdb137,false,true,false,false,,2
S66Rel7_410,S66Rel7,gscdb137,false,true,false,false,,2
S66Rel7_411,S66Rel7,gscdb137,false,true,false,false,,2
S66Rel7_412,S66Rel7,gscdb137,false,true,false,false,,2
S66Rel7_413,S66Rel7,gscdb137,false,true,false,false,,2
S66Rel7_414,S66Rel7,gscdb137,true,true,false,false,60,2
S66Rel7_415,S66Rel7,gscdb137,false,true,false,false,,2
S66Rel7_416,S66Rel7,gscdb137,false,true,false,false,,2
S66Rel7_417,S66Rel7,gscdb137,false,true,false,false,,2
S66Rel7_418,S66Rel7,gscdb137,false,true,false,false,,2
S66Rel7_419,S66Rel7,gscdb137,true,true,false,false,60,2
S66Rel7_420,S66Rel7,gscdb137,false,true,false,false,,2
S66Rel7_421,S66Rel7,gscdb137,true,true,false,false,60,2
S66Rel7_422,S66Rel7,gscdb137,false,true,false,false,,2
S66Rel7_423,S66Rel7,gscdb137,false,true,false,false,,2
S66Rel7_424,S66Rel7,gscdb137,false,true,false,false,,2
S66Rel7_425,S66Rel7,gscdb137,false,true,false,false,,2
S66Rel7_426,S66Rel7,gscdb137,false,true,false,false,,2
S66Rel7_427,S66Rel7,gscdb137,false,true,false,false,,2
S66Rel7_428,S66Rel7,gscdb137,false,true,false,false,,2
S66Rel7_429,S66Rel7,gscdb137,false,true,false,false,,2
S66Rel7_430,S66Rel7,gscdb137,false,true,false,false,,2
S66Rel7_431,S66Rel7,gscdb137,false,true,false,false,,2
S66Rel7_432,S66Rel7,gscdb137,false,true,false,false,,2
S66Rel7_433,S66Rel7,gscdb137,false,true,false,false,,2
S66Rel7_434,S66Rel7,gscdb137,false,true,false,false,,2
S66Rel7_435,S66Rel7,gscdb137,true,true,false,false,60,2
S66Rel7_436,S66Rel7,gscdb137,false,true,false,false,,2
S66Rel7_437,S66Rel7,gscdb137,false,true,false,false,,2
S66Rel7_438,S66Rel7,gscdb137,false,true,false,false,,2
S66Rel7_439,S66Rel7,gscdb137,false,true,false,false,,2
S66Rel7_440,S66Rel7,gscdb137,false,true,false,false,,2
S66Rel7_441,S66Rel7,gscdb137,false,true,false,false,,2
S66Rel7_442,S66Rel7,gscdb137,true,true,false,false,60,2
S66Rel7_443,S66Rel7,gscdb137,false,true,false,false,,2
S66Rel7_444,S66Rel7,gscdb137,false,true,false,false,,2
S66Rel7_445,S66Rel7,gscdb137,false,true,false,false,,2
S66Rel7_446,S66Rel7,gscdb137,false,true,false,false,,2
S66Rel7_447,S66Rel7,gscdb137,false,true,false,false,,2
S66Rel7_448,S66Rel7,gscdb137,false,true,false,false,,2
S66Rel7_449,S66Rel7,gscdb137,true,true,false,false,60,2
S66Rel7_450,S66Rel7,gscdb137,false,true,false,false,,2
S66Rel7_451,S66Rel7,gscdb137,false,true,false,false,,2
S66Rel7_452,S66Rel7,gscdb137,false,true,false,false,,2
S66Rel7_453,S66Rel7,gscdb137,false,true,false,false,,2
S66Rel7_454,S66Rel7,gscdb137,false,true,false,false,,2
S66Rel7_455,S66Rel7,gscdb137,false,true,false,false,,2
S66Rel7_456,S66Rel7,gscdb137,false,true,false,false,,2
S66Rel7_457,S66Rel7,gscdb137,false,true,false,false,,2
S66Rel7_458,S66Rel7,gscdb137,false,true,false,false,,2
S66Rel7_459,S66Rel7,gscdb137,false,true,false,false,,2
S66Rel7_460,S66Rel7,gscdb137,false,true,false,false,,2
S66Rel7_461,S66Rel7,gscdb137,false,true,false,false,,2
S66Rel7_462,S66Rel7,gscdb137,false,true,false,false,,2
SCONF_1,SCONF,gscdb137,false,true,false,false,,2
SCONF_2,SCONF,gscdb137,false,true,false,false,,2
SCONF_3,SCONF,gscdb137,false,true,false,false,,2
SCONF_4,SCONF,gscdb137,false,true,false,false,,2
SCONF_5,SCONF,gscdb137,false,true,false,false,,2
SCONF_6,SCONF,gscdb137,false,true,false,false,,2
SCONF_7,SCONF,gscdb137,false,true,false,false,,2
SCONF_8,SCONF,gscdb137,false,true,false,false,,2
SCONF_9,SCONF,gscdb137,false,true,false,false,,2
SCONF_10,SCONF,gscdb137,false,true,false,false,,2
SCONF_11,SCONF,gscdb137,false,true,false,false,,2
SCONF_12,SCONF,gscdb137,false,true,false,false,,2
SCONF_13,SCONF,gscdb137,false,true,false,false,,2
SCONF_14,SCONF,gscdb137,false,true,false,false,,2
SCONF_15,SCONF,gscdb137,false,true,false,false,,2
SCONF_16,SCONF,gscdb137,false,true,false,false,,2
SCONF_17,SCONF,gscdb137,false,true,false,false,,2
SIE4x4_1,SIE4x4,gscdb137,false,true,false,false,,2
SIE4x4_2,SIE4x4,gscdb137,false,true,false,false,,2
SIE4x4_3,SIE4x4,gscdb137,false,true,false,false,,2
SIE4x4_4,SIE4x4,gscdb137,false,true,false,false,,2
SIE4x4_5,SIE4x4,gscdb137,false,true,false,false,,3
SIE4x4_6,SIE4x4,gscdb137,false,true,false,false,,3
SIE4x4_7,SIE4x4,gscdb137,false,true,false,false,,3
SIE4x4_8,SIE4x4,gscdb137,false,true,false,false,,3
SIE4x4_9,SIE4x4,gscdb137,false,true,false,false,,3
SIE4x4_10,SIE4x4,gscdb137,false,true,false,false,,3
SIE4x4_11,SIE4x4,gscdb137,false,true,false,false,,3
SIE4x4_12,SIE4x4,gscdb137,false,true,false,false,,3
SIE4x4_13,SIE4x4,gscdb137,false,true,false,false,,3
SIE4x4_14,SIE4x4,gscdb137,false,true,false,false,,3
SIE4x4_15,SIE4x4,gscdb137,false,true,false,false,,3
SIE4x4_16,SIE4x4,gscdb137,false,true,false,false,,3
SN13_1,SN13,gscdb137,false,true,false,false,,4
SN13_2,SN13,gscdb137,false,true,false,false,,4
SN13_3,SN13,gscdb137,false,true,false,false,,4
SN13_4,SN13,gscdb137,false,true,false,false,,4
SN13_5,SN13,gscdb137,false,true,false,false,,4
SN13_6,SN13,gscdb137,false,true,false,false,,4
SN13_7,SN13,gscdb137,false,true,false,false,,4
SN13_8,SN13,gscdb137,false,true,false,false,,4
SN13_9,SN13,gscdb137,false,true,false,false,,4
SN13_10,SN13,gscdb137,false,true,false,false,,4
SN13_11,SN13,gscdb137,false,true,false,false,,4
SN13_12,SN13,gscdb137,false,true,false,false,,4
SN13_13,SN13,gscdb137,false,true,false,false,,4
SW49Bind345_10,SW49Bind22,gscdb137,false,true,false,false,,3
SW49Bind345_11,SW49Bind22,gscdb137,false,true,false,false,,3
SW49Bind345_12,SW49Bind22,gscdb137,false,true,false,false,,3
SW49Bind345_13,SW49Bind22,gscdb137,false,true,false,false,,3
SW49Bind345_14,SW49Bind22,gscdb137,false,true,false,false,,3
SW49Bind345_15,SW49Bind22,gscdb137,false,true,false,false,,3
SW49Bind345_16,SW49Bind22,gscdb137,false,true,false,false,,3
SW49Bind345_17,SW49Bind22,gscdb137,false,true,false,false,,3
SW49Bind345_18,SW49Bind22,gscdb137,false,true,false,false,,3
SW49Bind345_19,SW49Bind22,gscdb137,false,true,false,false,,3
SW49Bind345_20,SW49Bind22,gscdb137,false,true,false,false,,3
SW49Bind345_21,SW49Bind22,gscdb137,false,true,false,false,,3
SW49Bind345_22,SW49Bind22,gscdb137,false,true,false,false,,3
SW49Bind345_23,SW49Bind22,gscdb137,false,true,false,false,,3
SW49Bind345_24,SW49Bind22,gscdb137,false,true,false,false,,3
SW49Bind345_25,SW49Bind22,gscdb137,false,true,false,false,,3
SW49Bind345_26,SW49Bind22,gscdb137,false,true,false,false,,3
SW49Bind345_27,SW49Bind22,gscdb137,false,true,false,false,,3
SW49Bind345_28,SW49Bind22,gscdb137,false,true,false,false,,3
SW49Bind345_29,SW49Bind22,gscdb137,false,true,false,false,,3
SW49Bind345_30,SW49Bind22,gscdb137,false,true,false,false,,3
SW49Bind345_31,SW49Bind22,gscdb137,false,true,false,false,,3
SW49Rel345_1,SW49Rel28,gscdb137,false,true,false,false,,2
SW49Rel345_2,SW49Rel28,gscdb137,false,true,false,false,,2
SW49Rel345_3,SW49Rel28,gscdb137,false,true,false,false,,2
SW49Rel345_4,SW49Rel28,gscdb137,false,true,false,false,,2
SW49Rel345_5,SW49Rel28,gscdb137,false,true,false,false,,2
SW49Rel345_6,SW49Rel28,gscdb137,false,true,false,false,,2
SW49Rel345_7,SW49Rel28,gscdb137,false,true,false,false,,2
SW49Rel345_8,SW49Rel28,gscdb137,false,true,false,false,,2
SW49Rel345_9,SW49Rel28,gscdb137,false,true,false,false,,2
SW49Rel345_10,SW49Rel28,gscdb137,false,true,false,false,,2
SW49Rel345_11,SW49Rel28,gscdb137,false,true,false,false,,2
SW49Rel345_12,SW49Rel28,gscdb137,false,true,false,false,,2
SW49Rel345_13,SW49Rel28,gscdb137,false,true,false,false,,2
SW49Rel345_14,SW49Rel28,gscdb137,false,true,false,false,,2
SW49Rel345_15,SW49Rel28,gscdb137,false,true,false,false,,2
SW49Rel345_16,SW49Rel28,gscdb137,false,true,false,false,,2
SW49Rel345_17,SW49Rel28,gscdb137,false,true,false,false,,2
SW49Rel345_18,SW49Rel28,gscdb137,false,true,false,false,,2
SW49Rel345_19,SW49Rel28,gscdb137,false,true,false,false,,2
SW49Rel345_20,SW49Rel28,gscdb137,false,true,false,false,,2
SW49Rel345_21,SW49Rel28,gscdb137,false,true,false,false,,2
SW49Rel345_22,SW49Rel28,gscdb137,false,true,false,false,,2
SW49Rel345_23,SW49Rel28,gscdb137,false,true,false,false,,2
SW49Rel345_24,SW49Rel28,gscdb137,false,true,false,false,,2
SW49Rel345_25,SW49Rel28,gscdb137,false,true,false,false,,2
SW49Rel345_26,SW49Rel28,gscdb137,false,true,false,false,,2
SW49Rel345_27,SW49Rel28,gscdb137,false,true,false,false,,2
SW49Rel345_28,SW49Rel28,gscdb137,false,true,false,false,,2
Shields38_1,Shields38,gscdb137,false,true,false,false,,2
Shields38_2,Shields38,gscdb137,false,true,false,false,,2
Shields38_3,Shields38,gscdb137,false,true,false,false,,2
Shields38_4,Shields38,gscdb137,false,true,false,false,,2
Shields38_5,Shields38,gscdb137,false,true,false,false,,2
Shields38_6,Shields38,gscdb137,false,true,false,false,,2
Shields38_7,Shields38,gscdb137,false,true,false,false,,2
Shields38_8,Shields38,gscdb137,false,true,false,false,,2
Shields38_9,Shields38,gscdb137,false,true,false,false,,2
Shields38_10,Shields38,gscdb137,false,true,false,false,,2
Shields38_11,Shields38,gscdb137,false,true,false,false,,2
Shields38_12,Shields38,gscdb137,false,true,false,false,,2
Shields38_13,Shields38,gscdb137,false,true,false,false,,2
Shields38_14,Shields38,gscdb137,true,true,false,false,100,2
Shields38_15,Shields38,gscdb137,true,true,false,false,100,2
Shields38_16,Shields38,gscdb137,true,true,false,false,100,2
Shields38_17,Shields38,gscdb137,true,true,false,false,100,2
Shields38_18,Shields38,gscdb137,true,true,false,false,100,2
Shields38_19,Shields38,gscdb137,true,true,false,false,100,2
Shields38_20,Shields38,gscdb137,true,true,false,false,100,2
Shields38_21,Shields38,gscdb137,true,true,false,false,100,2
Shields38_22,Shields38,gscdb137,false,true,false,false,,2
Shields38_23,Shields38,gscdb137,false,true,false,false,,2
Shields38_24,Shields38,gscdb137,false,true,false,false,,2
Shields38_25,Shields38,gscdb137,false,true,false,false,,2
Shields38_26,Shields38,gscdb137,false,true,false,false,,2
Shields38_27,Shields38,gscdb137,false,true,false,false,,2
Shields38_28,Shields38,gscdb137,false,true,false,false,,2
Shields38_29,Shields38,gscdb137,false,true,false,false,,2
Shields38_30,Shields38,gscdb137,false,true,false,false,,2
Shields38_31,Shields38,gscdb137,false,true,false,false,,2
Shields38_32,Shields38,gscdb137,false,true,false,false,,2
Shields38_33,Shields38,gscdb137,false,true,false,false,,2
Shields38_34,Shields38,gscdb137,false,true,false,false,,2
Shields38_35,Shields38,gscdb137,false,true,false,false,,2
Shields38_36,Shields38,gscdb137,false,true,false,false,,2
Shields38_37,Shields38,gscdb137,false,true,false,false,,2
Shields38_38,Shields38,gscdb137,false,true,false,false,,2
Styrene45_2,Styrene42,gscdb137,true,true,false,false,5,2
Styrene45_3,Styrene42,gscdb137,true,true,false,false,5,2
Styrene45_4,Styrene42,gscdb137,true,true,false,false,5,2
Styrene45_5,Styrene42,gscdb137,true,true,false,false,5,2
Styrene45_6,Styrene42,gscdb137,true,true,false,false,5,2
Styrene45_7,Styrene42,gscdb137,true,true,false,false,5,2
Styrene45_8,Styrene42,gscdb137,true,true,false,false,5,2
Styrene45_9,Styrene42,gscdb137,true,true,false,false,5,2
Styrene45_10,Styrene42,gscdb137,true,true,false,false,5,2
Styrene45_11,Styrene42,gscdb137,true,true,false,false,5,2
Styrene45_12,Styrene42,gscdb137,true,true,false,false,5,2
Styrene45_13,Styrene42,gscdb137,true,true,false,false,5,2
Styrene45_14,Styrene42,gscdb137,true,true,false,false,5,2
Styrene45_15,Styrene42,gscdb137,true,true,false,false,5,2
Styrene45_16,Styrene42,gscdb137,true,true,false,false,5,2
Styrene45_17,Styrene42,gscdb137,true,true,false,false,5,2
Styrene45_18,Styrene42,gscdb137,true,true,false,false,5,2
Styrene45_19,Styrene42,gscdb137,true,true,false,false,5,2
Styrene45_20,Styrene42,gscdb137,true,true,false,false,5,2
Styrene45_21,Styrene42,gscdb137,true,true,false,false,5,2
Styrene45_22,Styrene42,gscdb137,true,true,false,false,5,2
Styrene45_23,Styrene42,gscdb137,true,true,false,false,5,2
Styrene45_24,Styrene42,gscdb137,true,true,false,false,5,2
Styrene45_25,Styrene42,gscdb137,true,true,false,false,5,2
Styrene45_26,Styrene42,gscdb137,true,true,false,false,5,2
Styrene45_27,Styrene42,gscdb137,true,true,false,false,5,2
Styrene45_28,Styrene42,gscdb137,true,true,false,false,5,2
Styrene45_29,Styrene42,gscdb137,true,true,false,false,5,2
Styrene45_30,Styrene42,gscdb137,true,true,false,false,5,2
Styrene45_31,Styrene42,gscdb137,true,true,false,false,5,2
Styrene45_32,Styrene42,gscdb137,true,true,false,false,5,2
Styrene45_33,Styrene42,gscdb137,true,true,false,false,5,2
Styrene45_34,Styrene42,gscdb137,true,true,false,false,5,2
Styrene45_35,Styrene42,gscdb137,true,true,false,false,5,2
Styrene45_36,Styrene42,gscdb137,true,true,false,false,5,2
Styrene45_37,Styrene42,gscdb137,true,true,false,false,5,2
Styrene45_39,Styrene42,gscdb137,true,true,false,false,5,2
Styrene45_40,Styrene42,gscdb137,true,true,false,false,5,2
Styrene45_42,Styrene42,gscdb137,true,true,false,false,5,2
Styrene45_43,Styrene42,gscdb137,true,true,false,false,5,2
Styrene45_44,Styrene42,gscdb137,true,true,false,false,5,2
Styrene45_45,Styrene42,gscdb137,true,true,false,false,5,2
T144_1,T144,gscdb137,false,true,false,false,,3
T144_2,T144,gscdb137,false,true,false,false,,3
T144_3,T144,gscdb137,false,true,false,false,,3
T144_4,T144,gscdb137,false,true,false,false,,3
T144_5,T144,gscdb137,false,true,false,false,,3
T144_6,T144,gscdb137,false,true,false,false,,3
T144_7,T144,gscdb137,false,true,false,false,,3
T144_8,T144,gscdb137,false,true,false,false,,3
T144_9,T144,gscdb137,false,true,false,false,,3
T144_10,T144,gscdb137,false,true,false,false,,3
T144_11,T144,gscdb137,false,true,false,false,,3
T144_12,T144,gscdb137,false,true,false,false,,3
T144_13,T144,gscdb137,false,true,false,false,,3
T144_14,T144,gscdb137,false,true,false,false,,3
T144_15,T144,gscdb137,false,true,false,false,,3
T144_16,T144,gscdb137,false,true,false,false,,3
T144_17,T144,gscdb137,false,true,false,false,,3
T144_18,T144,gscdb137,false,true,false,false,,3
T144_19,T144,gscdb137,false,true,false,false,,3
T144_20,T144,gscdb137,false,true,false,false,,3
T144_21,T144,gscdb137,false,true,false,false,,3
T144_22,T144,gscdb137,false,true,false,false,,3
T144_23,T144,gscdb137,false,true,false,false,,3
T144_24,T144,gscdb137,false,true,false,false,,3
T144_25,T144,gscdb137,false,true,false,false,,3
T144_26,T144,gscdb137,false,true,false,false,,3
T144_27,T144,gscdb137,false,true,false,false,,3
T144_28,T144,gscdb137,false,true,false,false,,3
T144_29,T144,gscdb137,false,true,false,false,,3
T144_30,T144,gscdb137,false,true,false,false,,3
T144_31,T144,gscdb137,false,true,false,false,,3
T144_32,T144,gscdb137,false,true,false,false,,3
T144_33,T144,gscdb137,false,true,false,false,,3
T144_34,T144,gscdb137,false,true,false,false,,3
T144_35,T144,gscdb137,false,true,false,false,,3
T144_36,T144,gscdb137,false,true,false,false,,3
T144_37,T144,gscdb137,false,true,false,false,,3
T144_38,T144,gscdb137,false,true,false,false,,3
T144_39,T144,gscdb137,false,true,false,false,,3
T144_40,T144,gscdb137,false,true,false,false,,3
T144_41,T144,gscdb137,false,true,false,false,,3
T144_42,T144,gscdb137,false,true,false,false,,3
T144_43,T144,gscdb137,false,true,false,false,,3
T144_44,T144,gscdb137,false,true,false,false,,3
T144_45,T144,gscdb137,false,true,false,false,,3
T144_46,T144,gscdb137,false,true,false,false,,3
T144_47,T144,gscdb137,false,true,false,false,,3
T144_48,T144,gscdb137,false,true,false,false,,3
T144_49,T144,gscdb137,false,true,false,false,,3
T144_50,T144,gscdb137,false,true,false,false,,3
T144_51,T144,gscdb137,false,true,false,false,,3
T144_52,T144,gscdb137,false,true,false,false,,3
T144_53,T144,gscdb137,false,true,false,false,,3
T144_54,T144,gscdb137,false,true,false,false,,3
T144_55,T144,gscdb137,false,true,false,false,,3
T144_56,T144,gscdb137,false,true,false,false,,3
T144_57,T144,gscdb137,false,true,false,false,,3
T144_58,T144,gscdb137,false,true,false,false,,3
T144_59,T144,gscdb137,false,true,false,false,,3
T144_60,T144,gscdb137,false,true,false,false,,3
T144_61,T144,gscdb137,false,true,false,false,,3
T144_62,T144,gscdb137,false,true,false,false,,3
T144_63,T144,gscdb137,false,true,false,false,,3
T144_64,T144,gscdb137,false,true,false,false,,3
T144_65,T144,gscdb137,false,true,false,false,,3
T144_66,T144,gscdb137,false,true,false,false,,3
T144_67,T144,gscdb137,false,true,false,false,,3
T144_68,T144,gscdb137,false,true,false,false,,3
T144_69,T144,gscdb137,false,true,false,false,,3
T144_70,T144,gscdb137,false,true,false,false,,3
T144_71,T144,gscdb137,false,true,false,false,,3
T144_72,T144,gscdb137,false,true,false,false,,3
T144_73,T144,gscdb137,false,true,false,false,,3
T144_74,T144,gscdb137,false,true,false,false,,3
T144_75,T144,gscdb137,false,true,false,false,,3
T144_76,T144,gscdb137,false,true,false,false,,3
T144_77,T144,gscdb137,false,true,false,false,,3
T144_78,T144,gscdb137,false,true,false,false,,3
T144_79,T144,gscdb137,false,true,false,false,,3
T144_80,T144,gscdb137,false,true,false,false,,3
T144_81,T144,gscdb137,false,true,false,false,,3
T144_82,T144,gscdb137,false,true,false,false,,3
T144_83,T144,gscdb137,false,true,false,false,,3
T144_84,T144,gscdb137,false,true,false,false,,3
T144_85,T144,gscdb137,false,true,false,false,,3
T144_86,T144,gscdb137,false,true,false,false,,3
T144_87,T144,gscdb137,false,true,false,false,,3
T144_88,T144,gscdb137,false,true,false,false,,3
T144_89,T144,gscdb137,false,true,false,false,,3
T144_90,T144,gscdb137,false,true,false,false,,3
T144_91,T144,gscdb137,false,true,false,false,,3
T144_92,T144,gscdb137,false,true,false,false,,3
T144_93,T144,gscdb137,false,true,false,false,,3
T144_94,T144,gscdb137,false,true,false,false,,3
T144_95,T144,gscdb137,false,true,false,false,,3
T144_96,T144,gscdb137,false,true,false,false,,3
T144_97,T144,gscdb137,false,true,false,false,,3
T144_98,T144,gscdb137,false,true,false,false,,3
T144_99,T144,gscdb137,false,true,false,false,,3
T144_100,T144,gscdb137,false,true,false,false,,3
T144_101,T144,gscdb137,false,true,false,false,,3
T144_102,T144,gscdb137,false,true,false,false,,3
T144_103,T144,gscdb137,false,true,false,false,,3
T144_104,T144,gscdb137,false,true,false,false,,3
T144_105,T144,gscdb137,false,true,false,false,,3
T144_106,T144,gscdb137,false,true,false,false,,3
T144_107,T144,gscdb137,false,true,false,false,,3
T144_108,T144,gscdb137,false,true,false,false,,3
T144_109,T144,gscdb137,false,true,false,false,,3
T144_110,T144,gscdb137,false,true,false,false,,3
T144_111,T144,gscdb137,false,true,false,false,,3
T144_112,T144,gscdb137,false,true,false,false,,3
T144_113,T144,gscdb137,false,true,false,false,,3
T144_114,T144,gscdb137,false,true,false,false,,3
T144_115,T144,gscdb137,false,true,false,false,,3
T144_116,T144,gscdb137,false,true,false,false,,3
T144_117,T144,gscdb137,false,true,false,false,,3
T144_118,T144,gscdb137,false,true,false,false,,3
T144_119,T144,gscdb137,false,true,false,false,,3
T144_120,T144,gscdb137,false,true,false,false,,3
T144_121,T144,gscdb137,false,true,false,false,,3
T144_122,T144,gscdb137,false,true,false,false,,3
T144_123,T144,gscdb137,false,true,false,false,,3
T144_124,T144,gscdb137,false,true,false,false,,3
T144_125,T144,gscdb137,false,true,false,false,,3
T144_126,T144,gscdb137,false,true,false,false,,3
T144_127,T144,gscdb137,false,true,false,false,,3
T144_128,T144,gscdb137,false,true,false,false,,3
T144_129,T144,gscdb137,false,true,false,false,,3
T144_130,T144,gscdb137,false,true,false,false,,3
T144_131,T144,gscdb137,false,true,false,false,,3
T144_132,T144,gscdb137,false,true,false,false,,3
T144_133,T144,gscdb137,false,true,false,false,,3
T144_134,T144,gscdb137,false,true,false,false,,3
T144_135,T144,gscdb137,false,true,false,false,,3
T144_136,T144,gscdb137,false,true,false,false,,3
T144_137,T144,gscdb137,false,true,false,false,,3
T144_138,T144,gscdb137,false,true,false,false,,3
T144_139,T144,gscdb137,false,true,false,false,,3
T144_140,T144,gscdb137,false,true,false,false,,3
T144_141,T144,gscdb137,false,true,false,false,,3
T144_142,T144,gscdb137,false,true,false,false,,3
T144_143,T144,gscdb137,false,true,false,false,,3
T144_144,T144,gscdb137,false,true,false,false,,3
T144_145,T144,gscdb137,false,true,false,false,,3
T144_146,T144,gscdb137,false,true,false,false,,3
T144_147,T144,gscdb137,false,true,false,false,,3
T144_148,T144,gscdb137,false,true,false,false,,3
T144_149,T144,gscdb137,false,true,false,false,,3
T144_150,T144,gscdb137,false,true,false,false,,3
T144_151,T144,gscdb137,false,true,false,false,,3
T144_152,T144,gscdb137,false,true,false,false,,3
T144_153,T144,gscdb137,false,true,false,false,,3
T144_154,T144,gscdb137,false,true,false,false,,3
T144_155,T144,gscdb137,false,true,false,false,,3
T144_156,T144,gscdb137,false,true,false,false,,3
T144_157,T144,gscdb137,false,true,false,false,,3
T144_158,T144,gscdb137,false,true,false,false,,3
T144_159,T144,gscdb137,false,true,false,false,,3
T144_160,T144,gscdb137,false,true,false,false,,3
T144_161,T144,gscdb137,false,true,false,false,,3
T144_162,T144,gscdb137,false,true,false,false,,3
T144_163,T144,gscdb137,false,true,false,false,,3
T144_164,T144,gscdb137,false,true,false,false,,3
T144_165,T144,gscdb137,false,true,false,false,,3
T144_166,T144,gscdb137,false,true,false,false,,3
T144_167,T144,gscdb137,false,true,false,false,,3
T144_168,T144,gscdb137,false,true,false,false,,3
T144_169,T144,gscdb137,false,true,false,false,,3
T144_170,T144,gscdb137,false,true,false,false,,3
T144_171,T144,gscdb137,false,true,false,false,,3
T144_172,T144,gscdb137,false,true,false,false,,3
T144_173,T144,gscdb137,false,true,false,false,,3
T144_174,T144,gscdb137,false,true,false,false,,3
T144_175,T144,gscdb137,false,true,false,false,,3
T144_176,T144,gscdb137,false,true,false,false,,3
T144_177,T144,gscdb137,false,true,false,false,,3
T144_178,T144,gscdb137,false,true,false,false,,3
T144_179,T144,gscdb137,false,true,false,false,,3
T144_180,T144,gscdb137,false,true,false,false,,3
T144_181,T144,gscdb137,false,true,false,false,,3
T144_182,T144,gscdb137,false,true,false,false,,3
T144_183,T144,gscdb137,false,true,false,false,,3
T144_184,T144,gscdb137,false,true,false,false,,3
T144_185,T144,gscdb137,false,true,false,false,,3
T144_186,T144,gscdb137,false,true,false,false,,3
T144_187,T144,gscdb137,false,true,false,false,,3
T144_188,T144,gscdb137,false,true,false,false,,3
T144_189,T144,gscdb137,false,true,false,false,,3
T144_190,T144,gscdb137,false,true,false,false,,3
T144_191,T144,gscdb137,false,true,false,false,,3
T144_192,T144,gscdb137,false,true,false,false,,3
T144_193,T144,gscdb137,false,true,false,false,,3
T144_194,T144,gscdb137,false,true,false,false,,3
T144_195,T144,gscdb137,false,true,false,false,,3
T144_196,T144,gscdb137,false,true,false,false,,3
T144_197,T144,gscdb137,false,true,false,false,,3
T144_198,T144,gscdb137,false,true,false,false,,3
T144_199,T144,gscdb137,false,true,false,false,,3
T144_200,T144,gscdb137,false,true,false,false,,3
T144_201,T144,gscdb137,false,true,false,false,,3
T144_202,T144,gscdb137,false,true,false,false,,3
T144_203,T144,gscdb137,false,true,false,false,,3
T144_204,T144,gscdb137,false,true,false,false,,3
T144_205,T144,gscdb137,false,true,false,false,,3
T144_206,T144,gscdb137,false,true,false,false,,3
T144_207,T144,gscdb137,false,true,false,false,,3
T144_208,T144,gscdb137,false,true,false,false,,3
T144_209,T144,gscdb137,false,true,false,false,,3
T144_210,T144,gscdb137,false,true,false,false,,3
T144_211,T144,gscdb137,false,true,false,false,,3
T144_212,T144,gscdb137,false,true,false,false,,3
T144_213,T144,gscdb137,false,true,false,false,,3
T144_214,T144,gscdb137,false,true,false,false,,3
T144_215,T144,gscdb137,false,true,false,false,,3
T144_216,T144,gscdb137,false,true,false,false,,3
T144_217,T144,gscdb137,false,true,false,false,,3
T144_218,T144,gscdb137,false,true,false,false,,3
T144_219,T144,gscdb137,false,true,false,false,,3
T144_220,T144,gscdb137,false,true,false,false,,3
T144_221,T144,gscdb137,false,true,false,false,,3
T144_222,T144,gscdb137,false,true,false,false,,3
T144_223,T144,gscdb137,false,true,false,false,,3
T144_224,T144,gscdb137,false,true,false,false,,3
T144_225,T144,gscdb137,false,true,false,false,,3
T144_226,T144,gscdb137,false,true,false,false,,3
T144_227,T144,gscdb137,false,true,false,false,,3
T144_228,T144,gscdb137,false,true,false,false,,3
T144_229,T144,gscdb137,false,true,false,false,,3
T144_230,T144,gscdb137,false,true,false,false,,3
T144_231,T144,gscdb137,false,true,false,false,,3
T144_232,T144,gscdb137,false,true,false,false,,3
T144_233,T144,gscdb137,false,true,false,false,,3
T144_234,T144,gscdb137,false,true,false,false,,3
T144_235,T144,gscdb137,false,true,false,false,,3
T144_236,T144,gscdb137,false,true,false,false,,3
T144_237,T144,gscdb137,false,true,false,false,,3
T144_238,T144,gscdb137,false,true,false,false,,3
T144_239,T144,gscdb137,false,true,false,false,,3
T144_240,T144,gscdb137,false,true,false,false,,3
T144_241,T144,gscdb137,false,true,false,false,,3
T144_242,T144,gscdb137,false,true,false,false,,3
T144_243,T144,gscdb137,false,true,false,false,,3
T144_244,T144,gscdb137,false,true,false,false,,3
T144_245,T144,gscdb137,false,true,false,false,,3
T144_246,T144,gscdb137,false,true,false,false,,3
T144_247,T144,gscdb137,false,true,false,false,,3
T144_248,T144,gscdb137,false,true,false,false,,3
T144_249,T144,gscdb137,false,true,false,false,,3
T144_250,T144,gscdb137,false,true,false,false,,3
T144_251,T144,gscdb137,false,true,false,false,,3
T144_252,T144,gscdb137,false,true,false,false,,3
T144_253,T144,gscdb137,false,true,false,false,,3
T144_254,T144,gscdb137,false,true,false,false,,3
T144_255,T144,gscdb137,false,true,false,false,,3
T144_256,T144,gscdb137,false,true,false,false,,3
T144_257,T144,gscdb137,false,true,false,false,,3
T144_258,T144,gscdb137,false,true,false,false,,3
T144_259,T144,gscdb137,false,true,false,false,,3
T144_260,T144,gscdb137,false,true,false,false,,3
T144_261,T144,gscdb137,false,true,false,false,,3
T144_262,T144,gscdb137,false,true,false,false,,3
T144_263,T144,gscdb137,false,true,false,false,,3
T144_264,T144,gscdb137,false,true,false,false,,3
T144_265,T144,gscdb137,false,true,false,false,,3
T144_266,T144,gscdb137,false,true,false,false,,3
T144_267,T144,gscdb137,false,true,false,false,,3
T144_268,T144,gscdb137,false,true,false,false,,3
T144_269,T144,gscdb137,false,true,false,false,,3
T144_270,T144,gscdb137,false,true,false,false,,3
T144_271,T144,gscdb137,false,true,false,false,,3
T144_272,T144,gscdb137,false,true,false,false,,3
T144_273,T144,gscdb137,false,true,false,false,,3
T144_274,T144,gscdb137,false,true,false,false,,3
T144_275,T144,gscdb137,false,true,false,false,,3
T144_276,T144,gscdb137,false,true,false,false,,3
T144_277,T144,gscdb137,false,true,false,false,,3
T144_278,T144,gscdb137,false,true,false,false,,3
T144_279,T144,gscdb137,false,true,false,false,,3
T144_280,T144,gscdb137,false,true,false,false,,3
T144_281,T144,gscdb137,false,true,false,false,,3
T144_282,T144,gscdb137,false,true,false,false,,3
T144_283,T144,gscdb137,false,true,false,false,,3
T144_284,T144,gscdb137,false,true,false,false,,3
T144_285,T144,gscdb137,false,true,false,false,,3
T144_286,T144,gscdb137,false,true,false,false,,3
T144_287,T144,gscdb137,false,true,false,false,,3
T144_288,T144,gscdb137,false,true,false,false,,3
T144_289,T144,gscdb137,false,true,false,false,,3
T144_290,T144,gscdb137,false,true,false,false,,3
T144_291,T144,gscdb137,false,true,false,false,,3
T144_292,T144,gscdb137,false,true,false,false,,3
T144_293,T144,gscdb137,false,true,false,false,,3
T144_294,T144,gscdb137,false,true,false,false,,3
T144_295,T144,gscdb137,false,true,false,false,,3
T144_296,T144,gscdb137,false,true,false,false,,3
T144_297,T144,gscdb137,false,true,false,false,,3
T144_298,T144,gscdb137,false,true,false,false,,3
T144_299,T144,gscdb137,false,true,false,false,,3
T144_300,T144,gscdb137,false,true,false,false,,3
T144_301,T144,gscdb137,false,true,false,false,,3
T144_302,T144,gscdb137,false,true,false,false,,3
T144_303,T144,gscdb137,false,true,false,false,,3
T144_304,T144,gscdb137,false,true,false,false,,3
T144_305,T144,gscdb137,false,true,false,false,,3
T144_306,T144,gscdb137,false,true,false,false,,3
T144_307,T144,gscdb137,false,true,false,false,,3
T144_308,T144,gscdb137,false,true,false,false,,3
T144_309,T144,gscdb137,false,true,false,false,,3
T144_310,T144,gscdb137,false,true,false,false,,3
T144_311,T144,gscdb137,false,true,false,false,,3
T144_312,T144,gscdb137,false,true,false,false,,3
T144_313,T144,gscdb137,false,true,false,false,,3
T144_314,T144,gscdb137,false,true,false,false,,3
T144_315,T144,gscdb137,false,true,false,false,,3
T144_316,T144,gscdb137,false,true,false,false,,3
T144_317,T144,gscdb137,false,true,false,false,,3
T144_318,T144,gscdb137,false,true,false,false,,3
T144_319,T144,gscdb137,false,true,false,false,,3
T144_320,T144,gscdb137,false,true,false,false,,3
T144_321,T144,gscdb137,false,true,false,false,,3
T144_322,T144,gscdb137,false,true,false,false,,3
T144_323,T144,gscdb137,false,true,false,false,,3
T144_324,T144,gscdb137,false,true,false,false,,3
T144_325,T144,gscdb137,false,true,false,false,,3
T144_326,T144,gscdb137,false,true,false,false,,3
T144_327,T144,gscdb137,false,true,false,false,,3
T144_328,T144,gscdb137,false,true,false,false,,3
T144_329,T144,gscdb137,false,true,false,false,,3
T144_330,T144,gscdb137,false,true,false,false,,3
T144_331,T144,gscdb137,false,true,false,false,,3
T144_332,T144,gscdb137,false,true,false,false,,3
T144_333,T144,gscdb137,false,true,false,false,,3
T144_334,T144,gscdb137,false,true,false,false,,3
T144_335,T144,gscdb137,false,true,false,false,,3
T144_336,T144,gscdb137,false,true,false,false,,3
T144_337,T144,gscdb137,false,true,false,false,,3
T144_338,T144,gscdb137,false,true,false,false,,3
T144_339,T144,gscdb137,false,true,false,false,,3
T144_340,T144,gscdb137,false,true,false,false,,3
T144_341,T144,gscdb137,false,true,false,false,,3
T144_342,T144,gscdb137,false,true,false,false,,3
T144_343,T144,gscdb137,false,true,false,false,,3
T144_344,T144,gscdb137,false,true,false,false,,3
T144_345,T144,gscdb137,false,true,false,false,,3
T144_346,T144,gscdb137,false,true,false,false,,3
T144_347,T144,gscdb137,false,true,false,false,,3
T144_348,T144,gscdb137,false,true,false,false,,3
T144_349,T144,gscdb137,false,true,false,false,,3
T144_350,T144,gscdb137,false,true,false,false,,3
T144_351,T144,gscdb137,false,true,false,false,,3
T144_352,T144,gscdb137,false,true,false,false,,3
T144_353,T144,gscdb137,false,true,false,false,,3
T144_354,T144,gscdb137,false,true,false,false,,3
T144_355,T144,gscdb137,false,true,false,false,,3
T144_356,T144,gscdb137,false,true,false,false,,3
T144_357,T144,gscdb137,false,true,false,false,,3
T144_358,T144,gscdb137,false,true,false,false,,3
T144_359,T144,gscdb137,false,true,false,false,,3
T144_360,T144,gscdb137,false,true,false,false,,3
T144_361,T144,gscdb137,false,true,false,false,,3
T144_362,T144,gscdb137,false,true,false,false,,3
T144_363,T144,gscdb137,false,true,false,false,,3
T144_364,T144,gscdb137,false,true,false,false,,3
T144_365,T144,gscdb137,false,true,false,false,,3
T144_366,T144,gscdb137,false,true,false,false,,3
T144_367,T144,gscdb137,false,true,false,false,,3
T144_368,T144,gscdb137,false,true,false,false,,3
T144_369,T144,gscdb137,false,true,false,false,,3
T144_370,T144,gscdb137,false,true,false,false,,3
T144_371,T144,gscdb137,false,true,false,false,,3
T144_372,T144,gscdb137,false,true,false,false,,3
T144_373,T144,gscdb137,false,true,false,false,,3
T144_374,T144,gscdb137,false,true,false,false,,3
T144_375,T144,gscdb137,false,true,false,false,,3
T144_376,T144,gscdb137,false,true,false,false,,3
T144_377,T144,gscdb137,false,true,false,false,,3
T144_378,T144,gscdb137,false,true,false,false,,3
T144_379,T144,gscdb137,false,true,false,false,,3
T144_380,T144,gscdb137,false,true,false,false,,3
T144_381,T144,gscdb137,false,true,false,false,,3
T144_382,T144,gscdb137,false,true,false,false,,3
T144_383,T144,gscdb137,false,true,false,false,,3
T144_384,T144,gscdb137,false,true,false,false,,3
T144_385,T144,gscdb137,false,true,false,false,,3
T144_386,T144,gscdb137,false,true,false,false,,3
T144_387,T144,gscdb137,false,true,false,false,,3
T144_388,T144,gscdb137,false,true,false,false,,3
T144_389,T144,gscdb137,false,true,false,false,,3
T144_390,T144,gscdb137,false,true,false,false,,3
T144_391,T144,gscdb137,false,true,false,false,,3
T144_392,T144,gscdb137,false,true,false,false,,3
T144_393,T144,gscdb137,false,true,false,false,,3
T144_394,T144,gscdb137,false,true,false,false,,3
T144_395,T144,gscdb137,false,true,false,false,,3
T144_396,T144,gscdb137,false,true,false,false,,3
T144_397,T144,gscdb137,false,true,false,false,,3
T144_398,T144,gscdb137,false,true,false,false,,3
T144_399,T144,gscdb137,false,true,false,false,,3
T144_400,T144,gscdb137,false,true,false,false,,3
T144_401,T144,gscdb137,false,true,false,false,,3
T144_402,T144,gscdb137,false,true,false,false,,3
T144_403,T144,gscdb137,false,true,false,false,,3
T144_404,T144,gscdb137,false,true,false,false,,3
T144_405,T144,gscdb137,false,true,false,false,,3
T144_406,T144,gscdb137,false,true,false,false,,3
T144_407,T144,gscdb137,false,true,false,false,,3
T144_408,T144,gscdb137,false,true,false,false,,3
T144_409,T144,gscdb137,false,true,false,false,,3
T144_410,T144,gscdb137,false,true,false,false,,3
T144_411,T144,gscdb137,false,true,false,false,,3
T144_412,T144,gscdb137,false,true,false,false,,3
T144_413,T144,gscdb137,false,true,false,false,,3
T144_414,T144,gscdb137,false,true,false,false,,3
T144_415,T144,gscdb137,false,true,false,false,,3
T144_416,T144,gscdb137,false,true,false,false,,3
T144_417,T144,gscdb137,false,true,false,false,,3
T144_418,T144,gscdb137,false,true,false,false,,3
T144_419,T144,gscdb137,false,true,false,false,,3
T144_420,T144,gscdb137,false,true,false,false,,3
T144_421,T144,gscdb137,false,true,false,false,,3
TA13_1,TA13,gscdb137,true,true,false,false,8,3
TA13_2,TA13,gscdb137,true,true,false,false,8,3
TA13_3,TA13,gscdb137,true,true,false,false,8,3
TA13_4,TA13,gscdb137,true,true,false,false,8,3
TA13_5,TA13,gscdb137,true,true,false,false,8,3
TA13_6,TA13,gscdb137,true,true,false,false,8,3
TA13_7,TA13,gscdb137,true,true,false,false,8,3
TA13_8,TA13,gscdb137,true,true,false,false,8,3
TA13_9,TA13,gscdb137,true,true,false,false,8,3
TA13_10,TA13,gscdb137,true,true,false,false,8,3
TA13_11,TA13,gscdb137,true,true,false,false,8,3
TA13_12,TA13,gscdb137,true,true,false,false,8,3
TA13_13,TA13,gscdb137,true,true,false,false,8,3
TAE_W4-17_11,TAE_W4-17MR,gscdb137,false,true,false,false,,2
TAE_W4-17_20,TAE_W4-17MR,gscdb137,false,true,false,false,,3
TAE_W4-17_27,TAE_W4-17MR,gscdb137,false,true,false,false,,2
TAE_W4-17_70,TAE_W4-17MR,gscdb137,false,true,false,false,,3
TAE_W4-17_74,TAE_W4-17MR,gscdb137,false,true,false,false,,3
TAE_W4-17_75,TAE_W4-17MR,gscdb137,false,true,false,false,,3
TAE_W4-17_78,TAE_W4-17MR,gscdb137,false,true,false,false,,3
TAE_W4-17_79,TAE_W4-17MR,gscdb137,false,true,false,false,,3
TAE_W4-17_80,TAE_W4-17MR,gscdb137,false,true,false,false,,3
TAE_W4-17_100,TAE_W4-17MR,gscdb137,false,true,false,false,,3
TAE_W4-17_103,TAE_W4-17MR,gscdb137,false,true,false,false,,3
TAE_W4-17_104,TAE_W4-17MR,gscdb137,false,true,false,false,,3
TAE_W4-17_158,TAE_W4-17MR,gscdb137,false,true,false,false,,2
TAE_W4-17_159,TAE_W4-17MR,gscdb137,false,true,false,false,,3
TAE_W4-17_161,TAE_W4-17MR,gscdb137,false,true,false,false,,3
TAE_W4-17_178,TAE_W4-17MR,gscdb137,false,true,false,false,,2
TAE_W4-17_179,TAE_W4-17MR,gscdb137,false,true,false,false,,2
TAE_W4-17_1,TAE_W4-17nonMR,gscdb137,true,true,false,false,0.80000000000000004,4
TAE_W4-17_2,TAE_W4-17nonMR,gscdb137,true,true,false,false,0.80000000000000004,4
TAE_W4-17_3,TAE_W4-17nonMR,gscdb137,true,true,false,false,0.80000000000000004,3
TAE_W4-17_4,TAE_W4-17nonMR,gscdb137,true,true,false,false,0.80000000000000004,3
TAE_W4-17_5,TAE_W4-17nonMR,gscdb137,true,true,false,false,0.80000000000000004,3
TAE_W4-17_6,TAE_W4-17nonMR,gscdb137,true,true,false,false,0.80000000000000004,3
TAE_W4-17_7,TAE_W4-17nonMR,gscdb137,true,true,false,false,0.80000000000000004,3
TAE_W4-17_8,TAE_W4-17nonMR,gscdb137,true,true,false,false,0.80000000000000004,3
TAE_W4-17_9,TAE_W4-17nonMR,gscdb137,true,true,false,false,0.80000000000000004,3
TAE_W4-17_10,TAE_W4-17nonMR,gscdb137,true,true,false,false,0.80000000000000004,3
TAE_W4-17_12,TAE_W4-17nonMR,gscdb137,true,true,false,false,0.80000000000000004,3
TAE_W4-17_13,TAE_W4-17nonMR,gscdb137,true,true,false,false,0.80000000000000004,3
TAE_W4-17_14,TAE_W4-17nonMR,gscdb137,true,true,false,false,0.80000000000000004,5
TAE_W4-17_15,TAE_W4-17nonMR,gscdb137,true,true,false,false,0.80000000000000004,3
TAE_W4-17_16,TAE_W4-17nonMR,gscdb137,true,true,false,false,0.80000000000000004,3
TAE_W4-17_17,TAE_W4-17nonMR,gscdb137,true,true,false,false,0.80000000000000004,3
TAE_W4-17_18,TAE_W4-17nonMR,gscdb137,true,true,false,false,0.80000000000000004,3
TAE_W4-17_19,TAE_W4-17nonMR,gscdb137,true,true,false,false,0.80000000000000004,4
TAE_W4-17_21,TAE_W4-17nonMR,gscdb137,true,true,false,false,0.80000000000000004,3
TAE_W4-17_22,TAE_W4-17nonMR,gscdb137,true,true,false,false,0.80000000000000004,4
TAE_W4-17_23,TAE_W4-17nonMR,gscdb137,true,true,false,false,0.80000000000000004,4
TAE_W4-17_24,TAE_W4-17nonMR,gscdb137,true,true,false,false,0.80000000000000004,4
TAE_W4-17_25,TAE_W4-17nonMR,gscdb137,true,true,false,false,0.80000000000000004,3
TAE_W4-17_26,TAE_W4-17nonMR,gscdb137,true,true,false,false,0.80000000000000004,3
TAE_W4-17_28,TAE_W4-17nonMR,gscdb137,true,true,false,false,0.80000000000000004,3
TAE_W4-17_29,TAE_W4-17nonMR,gscdb137,true,true,false,false,0.80000000000000004,3
TAE_W4-17_30,TAE_W4-17nonMR,gscdb137,true,true,false,false,0.80000000000000004,3
TAE_W4-17_31,TAE_W4-17nonMR,gscdb137,true,true,false,false,0.80000000000000004,4
TAE_W4-17_32,TAE_W4-17nonMR,gscdb137,true,true,false,false,0.80000000000000004,4
TAE_W4-17_33,TAE_W4-17nonMR,gscdb137,true,true,false,false,0.80000000000000004,4
TAE_W4-17_34,TAE_W4-17nonMR,gscdb137,true,true,false,false,0.80000000000000004,3
TAE_W4-17_35,TAE_W4-17nonMR,gscdb137,true,true,false,false,0.80000000000000004,3
TAE_W4-17_36,TAE_W4-17nonMR,gscdb137,true,true,false,false,0.80000000000000004,3
TAE_W4-17_37,TAE_W4-17nonMR,gscdb137,true,true,false,false,0.80000000000000004,4
TAE_W4-17_38,TAE_W4-17nonMR,gscdb137,true,true,false,false,0.80000000000000004,3
TAE_W4-17_39,TAE_W4-17nonMR,gscdb137,true,true,false,false,0.80000000000000004,4
TAE_W4-17_40,TAE_W4-17nonMR,gscdb137,true,true,false,false,0.80000000000000004,3
TAE_W4-17_41,TAE_W4-17nonMR,gscdb137,true,true,false,false,0.80000000000000004,3
TAE_W4-17_42,TAE_W4-17nonMR,gscdb137,true,true,false,false,0.80000000000000004,3
TAE_W4-17_43,TAE_W4-17nonMR,gscdb137,true,true,false,false,0.80000000000000004,4
TAE_W4-17_44,TAE_W4-17nonMR,gscdb137,true,true,false,false,0.80000000000000004,4
TAE_W4-17_45,TAE_W4-17nonMR,gscdb137,true,true,false,false,0.80000000000000004,4
TAE_W4-17_46,TAE_W4-17nonMR,gscdb137,true,true,false,false,0.80000000000000004,3
TAE_W4-17_47,TAE_W4-17nonMR,gscdb137,true,true,false,false,0.80000000000000004,4
TAE_W4-17_48,TAE_W4-17nonMR,gscdb137,true,true,false,false,0.80000000000000004,3
TAE_W4-17_49,TAE_W4-17nonMR,gscdb137,true,true,false,false,0.80000000000000004,3
TAE_W4-17_50,TAE_W4-17nonMR,gscdb137,true,true,false,false,0.80000000000000004,4
TAE_W4-17_51,TAE_W4-17nonMR,gscdb137,true,true,false,false,0.80000000000000004,3
TAE_W4-17_52,TAE_W4-17nonMR,gscdb137,true,true,false,false,0.80000000000000004,3
TAE_W4-17_53,TAE_W4-17nonMR,gscdb137,true,true,false,false,0.80000000000000004,3
TAE_W4-17_54,TAE_W4-17nonMR,gscdb137,true,true,false,false,0.80000000000000004,3
TAE_W4-17_55,TAE_W4-17nonMR,gscdb137,true,true,false,false,0.80000000000000004,3
TAE_W4-17_56,TAE_W4-17nonMR,gscdb137,true,true,false,false,0.80000000000000004,3
TAE_W4-17_57,TAE_W4-17nonMR,gscdb137,true,true,false,false,0.80000000000000004,5
TAE_W4-17_58,TAE_W4-17nonMR,gscdb137,true,true,false,false,0.80000000000000004,4
TAE_W4-17_59,TAE_W4-17nonMR,gscdb137,true,true,false,false,0.80000000000000004,4
TAE_W4-17_60,TAE_W4-17nonMR,gscdb137,true,true,false,false,0.80000000000000004,4
TAE_W4-17_61,TAE_W4-17nonMR,gscdb137,true,true,false,false,0.80000000000000004,3
TAE_W4-17_62,TAE_W4-17nonMR,gscdb137,true,true,false,false,0.80000000000000004,4
TAE_W4-17_63,TAE_W4-17nonMR,gscdb137,true,true,false,false,0.80000000000000004,4
TAE_W4-17_64,TAE_W4-17nonMR,gscdb137,true,true,false,false,0.80000000000000004,4
TAE_W4-17_65,TAE_W4-17nonMR,gscdb137,true,true,false,false,0.80000000000000004,4
TAE_W4-17_66,TAE_W4-17nonMR,gscdb137,true,true,false,false,0.80000000000000004,3
TAE_W4-17_67,TAE_W4-17nonMR,gscdb137,true,true,false,false,0.80000000000000004,4
TAE_W4-17_68,TAE_W4-17nonMR,gscdb137,true,true,false,false,0.80000000000000004,4
TAE_W4-17_69,TAE_W4-17nonMR,gscdb137,true,true,false,false,0.80000000000000004,2
TAE_W4-17_71,TAE_W4-17nonMR,gscdb137,true,true,false,false,0.80000000000000004,4
TAE_W4-17_72,TAE_W4-17nonMR,gscdb137,true,true,false,false,0.80000000000000004,5
TAE_W4-17_73,TAE_W4-17nonMR,gscdb137,true,true,false,false,0.80000000000000004,3
TAE_W4-17_76,TAE_W4-17nonMR,gscdb137,true,true,false,false,0.80000000000000004,4
TAE_W4-17_77,TAE_W4-17nonMR,gscdb137,true,true,false,false,0.80000000000000004,3
TAE_W4-17_81,TAE_W4-17nonMR,gscdb137,true,true,false,false,0.80000000000000004,3
TAE_W4-17_82,TAE_W4-17nonMR,gscdb137,true,true,false,false,0.80000000000000004,3
TAE_W4-17_83,TAE_W4-17nonMR,gscdb137,true,true,false,false,0.80000000000000004,3
TAE_W4-17_84,TAE_W4-17nonMR,gscdb137,true,true,false,false,0.80000000000000004,3
TAE_W4-17_85,TAE_W4-17nonMR,gscdb137,true,true,false,false,0.80000000000000004,3
TAE_W4-17_86,TAE_W4-17nonMR,gscdb137,true,true,false,false,0.80000000000000004,3
TAE_W4-17_87,TAE_W4-17nonMR,gscdb137,true,true,false,false,0.80000000000000004,3
TAE_W4-17_88,TAE_W4-17nonMR,gscdb137,true,true,false,false,0.80000000000000004,3
TAE_W4-17_89,TAE_W4-17nonMR,gscdb137,true,true,false,false,0.80000000000000004,3
TAE_W4-17_90,TAE_W4-17nonMR,gscdb137,true,true,false,false,0.80000000000000004,3
TAE_W4-17_91,TAE_W4-17nonMR,gscdb137,true,true,false,false,0.80000000000000004,3
TAE_W4-17_92,TAE_W4-17nonMR,gscdb137,true,true,false,false,0.80000000000000004,3
TAE_W4-17_93,TAE_W4-17nonMR,gscdb137,true,true,false,false,0.80000000000000004,4
TAE_W4-17_94,TAE_W4-17nonMR,gscdb137,true,true,false,false,0.80000000000000004,4
TAE_W4-17_95,TAE_W4-17nonMR,gscdb137,true,true,false,false,0.80000000000000004,4
TAE_W4-17_96,TAE_W4-17nonMR,gscdb137,true,true,false,false,0.80000000000000004,4
TAE_W4-17_97,TAE_W4-17nonMR,gscdb137,true,true,false,false,0.80000000000000004,4
TAE_W4-17_98,TAE_W4-17nonMR,gscdb137,true,true,false,false,0.80000000000000004,2
TAE_W4-17_99,TAE_W4-17nonMR,gscdb137,true,true,false,false,0.80000000000000004,4
TAE_W4-17_101,TAE_W4-17nonMR,gscdb137,true,true,false,false,0.80000000000000004,3
TAE_W4-17_102,TAE_W4-17nonMR,gscdb137,true,true,false,false,0.80000000000000004,4
TAE_W4-17_105,TAE_W4-17nonMR,gscdb137,true,true,false,false,0.80000000000000004,5
TAE_W4-17_106,TAE_W4-17nonMR,gscdb137,true,true,false,false,0.80000000000000004,4
TAE_W4-17_107,TAE_W4-17nonMR,gscdb137,true,true,false,false,0.80000000000000004,4
TAE_W4-17_108,TAE_W4-17nonMR,gscdb137,true,true,false,false,0.80000000000000004,4
TAE_W4-17_109,TAE_W4-17nonMR,gscdb137,true,true,false,false,0.80000000000000004,4
TAE_W4-17_110,TAE_W4-17nonMR,gscdb137,true,true,false,false,0.80000000000000004,2
TAE_W4-17_111,TAE_W4-17nonMR,gscdb137,true,true,false,false,0.80000000000000004,4
TAE_W4-17_112,TAE_W4-17nonMR,gscdb137,true,true,false,false,0.80000000000000004,4
TAE_W4-17_113,TAE_W4-17nonMR,gscdb137,true,true,false,false,0.80000000000000004,4
TAE_W4-17_114,TAE_W4-17nonMR,gscdb137,true,true,false,false,0.80000000000000004,4
TAE_W4-17_115,TAE_W4-17nonMR,gscdb137,true,true,false,false,0.80000000000000004,3
TAE_W4-17_116,TAE_W4-17nonMR,gscdb137,true,true,false,false,0.80000000000000004,3
TAE_W4-17_117,TAE_W4-17nonMR,gscdb137,true,true,false,false,0.80000000000000004,4
TAE_W4-17_118,TAE_W4-17nonMR,gscdb137,true,true,false,false,0.80000000000000004,3
TAE_W4-17_119,TAE_W4-17nonMR,gscdb137,true,true,false,false,0.80000000000000004,4
TAE_W4-17_120,TAE_W4-17nonMR,gscdb137,true,true,false,false,0.80000000000000004,4
TAE_W4-17_121,TAE_W4-17nonMR,gscdb137,true,true,false,false,0.80000000000000004,4
TAE_W4-17_122,TAE_W4-17nonMR,gscdb137,true,true,false,false,0.80000000000000004,5
TAE_W4-17_123,TAE_W4-17nonMR,gscdb137,true,true,false,false,0.80000000000000004,4
TAE_W4-17_124,TAE_W4-17nonMR,gscdb137,true,true,false,false,0.80000000000000004,5
TAE_W4-17_125,TAE_W4-17nonMR,gscdb137,true,true,false,false,0.80000000000000004,3
TAE_W4-17_126,TAE_W4-17nonMR,gscdb137,true,true,false,false,0.80000000000000004,4
TAE_W4-17_127,TAE_W4-17nonMR,gscdb137,true,true,false,false,0.80000000000000004,5
TAE_W4-17_128,TAE_W4-17nonMR,gscdb137,true,true,false,false,0.80000000000000004,3
TAE_W4-17_129,TAE_W4-17nonMR,gscdb137,true,true,false,false,0.80000000000000004,4
TAE_W4-17_130,TAE_W4-17nonMR,gscdb137,true,true,false,false,0.80000000000000004,4
TAE_W4-17_131,TAE_W4-17nonMR,gscdb137,true,true,false,false,0.80000000000000004,4
TAE_W4-17_132,TAE_W4-17nonMR,gscdb137,true,true,false,false,0.80000000000000004,4
TAE_W4-17_133,TAE_W4-17nonMR,gscdb137,true,true,false,false,0.80000000000000004,5
TAE_W4-17_134,TAE_W4-17nonMR,gscdb137,true,true,false,false,0.80000000000000004,4
TAE_W4-17_135,TAE_W4-17nonMR,gscdb137,true,true,false,false,0.80000000000000004,5
TAE_W4-17_136,TAE_W4-17nonMR,gscdb137,true,true,false,false,0.80000000000000004,3
TAE_W4-17_137,TAE_W4-17nonMR,gscdb137,true,true,false,false,0.80000000000000004,3
TAE_W4-17_138,TAE_W4-17nonMR,gscdb137,true,true,false,false,0.80000000000000004,3
TAE_W4-17_139,TAE_W4-17nonMR,gscdb137,true,true,false,false,0.80000000000000004,4
TAE_W4-17_140,TAE_W4-17nonMR,gscdb137,true,true,false,false,0.80000000000000004,4
TAE_W4-17_141,TAE_W4-17nonMR,gscdb137,true,true,false,false,0.80000000000000004,3
TAE_W4-17_142,TAE_W4-17nonMR,gscdb137,true,true,false,false,0.80000000000000004,3
TAE_W4-17_143,TAE_W4-17nonMR,gscdb137,true,true,false,false,0.80000000000000004,2
TAE_W4-17_144,TAE_W4-17nonMR,gscdb137,true,true,false,false,0.80000000000000004,3
TAE_W4-17_145,TAE_W4-17nonMR,gscdb137,true,true,false,false,0.80000000000000004,3
TAE_W4-17_146,TAE_W4-17nonMR,gscdb137,true,true,false,false,0.80000000000000004,3
TAE_W4-17_147,TAE_W4-17nonMR,gscdb137,true,true,false,false,0.80000000000000004,3
TAE_W4-17_148,TAE_W4-17nonMR,gscdb137,true,true,false,false,0.80000000000000004,3
TAE_W4-17_149,TAE_W4-17nonMR,gscdb137,true,true,false,false,0.80000000000000004,3
TAE_W4-17_150,TAE_W4-17nonMR,gscdb137,true,true,false,false,0.80000000000000004,3
TAE_W4-17_151,TAE_W4-17nonMR,gscdb137,true,true,false,false,0.80000000000000004,4
TAE_W4-17_152,TAE_W4-17nonMR,gscdb137,true,true,false,false,0.80000000000000004,4
TAE_W4-17_153,TAE_W4-17nonMR,gscdb137,true,true,false,false,0.80000000000000004,4
TAE_W4-17_154,TAE_W4-17nonMR,gscdb137,true,true,false,false,0.80000000000000004,3
TAE_W4-17_155,TAE_W4-17nonMR,gscdb137,true,true,false,false,0.80000000000000004,3
TAE_W4-17_156,TAE_W4-17nonMR,gscdb137,true,true,false,false,0.80000000000000004,3
TAE_W4-17_157,TAE_W4-17nonMR,gscdb137,true,true,false,false,0.80000000000000004,2
TAE_W4-17_160,TAE_W4-17nonMR,gscdb137,true,true,false,false,0.80000000000000004,4
TAE_W4-17_162,TAE_W4-17nonMR,gscdb137,true,true,false,false,0.80000000000000004,3
TAE_W4-17_163,TAE_W4-17nonMR,gscdb137,true,true,false,false,0.80000000000000004,5
TAE_W4-17_164,TAE_W4-17nonMR,gscdb137,true,true,false,false,0.80000000000000004,4
TAE_W4-17_165,TAE_W4-17nonMR,gscdb137,true,true,false,false,0.80000000000000004,4
TAE_W4-17_166,TAE_W4-17nonMR,gscdb137,true,true,false,false,0.80000000000000004,4
TAE_W4-17_167,TAE_W4-17nonMR,gscdb137,true,true,false,false,0.80000000000000004,2
TAE_W4-17_168,TAE_W4-17nonMR,gscdb137,true,true,false,false,0.80000000000000004,2
TAE_W4-17_169,TAE_W4-17nonMR,gscdb137,true,true,false,false,0.80000000000000004,3
TAE_W4-17_170,TAE_W4-17nonMR,gscdb137,true,true,false,false,0.80000000000000004,3
TAE_W4-17_171,TAE_W4-17nonMR,gscdb137,true,true,false,false,0.80000000000000004,3
TAE_W4-17_172,TAE_W4-17nonMR,gscdb137,true,true,false,false,0.80000000000000004,3
TAE_W4-17_173,TAE_W4-17nonMR,gscdb137,true,true,false,false,0.80000000000000004,3
TAE_W4-17_174,TAE_W4-17nonMR,gscdb137,true,true,false,false,0.80000000000000004,3
TAE_W4-17_175,TAE_W4-17nonMR,gscdb137,true,true,false,false,0.80000000000000004,4
TAE_W4-17_176,TAE_W4-17nonMR,gscdb137,true,true,false,false,0.80000000000000004,2
TAE_W4-17_177,TAE_W4-17nonMR,gscdb137,true,true,false,false,0.80000000000000004,3
TAE_W4-17_180,TAE_W4-17nonMR,gscdb137,true,true,false,false,0.80000000000000004,3
TAE_W4-17_181,TAE_W4-17nonMR,gscdb137,true,true,false,false,0.80000000000000004,3
TAE_W4-17_182,TAE_W4-17nonMR,gscdb137,true,true,false,false,0.80000000000000004,3
TAE_W4-17_183,TAE_W4-17nonMR,gscdb137,true,true,false,false,0.80000000000000004,3
TAE_W4-17_184,TAE_W4-17nonMR,gscdb137,true,true,false,false,0.80000000000000004,3
TAE_W4-17_185,TAE_W4-17nonMR,gscdb137,true,true,false,false,0.80000000000000004,4
TAE_W4-17_186,TAE_W4-17nonMR,gscdb137,true,true,false,false,0.80000000000000004,3
TAE_W4-17_187,TAE_W4-17nonMR,gscdb137,true,true,false,false,0.80000000000000004,4
TAE_W4-17_188,TAE_W4-17nonMR,gscdb137,true,true,false,false,0.80000000000000004,3
TAE_W4-17_189,TAE_W4-17nonMR,gscdb137,true,true,false,false,0.80000000000000004,3
TAE_W4-17_190,TAE_W4-17nonMR,gscdb137,true,true,false,false,0.80000000000000004,3
TAE_W4-17_191,TAE_W4-17nonMR,gscdb137,true,true,false,false,0.80000000000000004,3
TAE_W4-17_192,TAE_W4-17nonMR,gscdb137,true,true,false,false,0.80000000000000004,3
TAE_W4-17_193,TAE_W4-17nonMR,gscdb137,true,true,false,false,0.80000000000000004,3
TAE_W4-17_194,TAE_W4-17nonMR,gscdb137,true,true,false,false,0.80000000000000004,4
TAE_W4-17_195,TAE_W4-17nonMR,gscdb137,true,true,false,false,0.80000000000000004,4
TAE_W4-17_196,TAE_W4-17nonMR,gscdb137,true,true,false,false,0.80000000000000004,3
TAE_W4-17_197,TAE_W4-17nonMR,gscdb137,true,true,false,false,0.80000000000000004,3
TAE_W4-17_198,TAE_W4-17nonMR,gscdb137,true,true,false,false,0.80000000000000004,3
TAE_W4-17_199,TAE_W4-17nonMR,gscdb137,true,true,false,false,0.80000000000000004,4
TAE_W4-17_200,TAE_W4-17nonMR,gscdb137,true,true,false,false,0.80000000000000004,4
TAUT15_1,TAUT15,gscdb137,false,true,false,false,,2
TAUT15_2,TAUT15,gscdb137,false,true,false,false,,2
TAUT15_3,TAUT15,gscdb137,false,true,false,false,,2
TAUT15_4,TAUT15,gscdb137,false,true,false,false,,2
TAUT15_5,TAUT15,gscdb137,false,true,false,false,,2
TAUT15_6,TAUT15,gscdb137,false,true,false,false,,2
TAUT15_7,TAUT15,gscdb137,false,true,false,false,,2
TAUT15_8,TAUT15,gscdb137,false,true,false,false,,2
TAUT15_9,TAUT15,gscdb137,false,true,false,false,,2
TAUT15_10,TAUT15,gscdb137,false,true,false,false,,2
TAUT15_11,TAUT15,gscdb137,false,true,false,false,,2
TAUT15_12,TAUT15,gscdb137,false,true,false,false,,2
TAUT15_13,TAUT15,gscdb137,false,true,false,false,,2
TAUT15_14,TAUT15,gscdb137,false,true,false,false,,2
TAUT15_15,TAUT15,gscdb137,false,true,false,false,,2
TMD10_1,TMD10,gscdb137,true,true,false,false,10,3
TMD10_2,TMD10,gscdb137,true,true,false,false,10,3
TMD10_3,TMD10,gscdb137,true,true,false,false,10,3
TMD10_4,TMD10,gscdb137,true,true,false,false,10,3
TMD10_5,TMD10,gscdb137,true,true,false,false,10,3
TMD10_6,TMD10,gscdb137,true,true,false,false,10,3
TMD10_7,TMD10,gscdb137,true,true,false,false,10,3
TMD10_8,TMD10,gscdb137,true,true,false,false,10,3
TMD10_9,TMD10,gscdb137,true,true,false,false,10,3
TMD10_10,TMD10,gscdb137,true,true,false,false,10,3
MOR13_1,MOR13,gscdb137,true,true,false,false,10,3
MOR13_2,MOR13,gscdb137,true,true,false,false,10,3
MOR13_3,MOR13,gscdb137,true,true,false,false,10,3
MOR13_4,MOR13,gscdb137,true,true,false,false,10,3
MOR13_5,MOR13,gscdb137,true,true,false,false,10,3
MOR13_6,MOR13,gscdb137,true,true,false,false,10,3
MOR13_7,MOR13,gscdb137,true,true,false,false,10,3
MOR13_8,MOR13,gscdb137,true,true,false,false,10,3
MOR13_9,MOR13,gscdb137,true,true,false,false,10,4
MOR13_10,MOR13,gscdb137,true,true,false,false,10,4
MOR13_11,MOR13,gscdb137,true,true,false,false,10,4
MOR13_12,MOR13,gscdb137,true,true,false,false,10,4
MOR13_13,MOR13,gscdb137,true,true,false,false,10,4
TMB11_1,TMB11,gscdb137,true,true,false,false,10,3
TMB11_2,TMB11,gscdb137,true,true,false,false,10,2
TMB11_3,TMB11,gscdb137,true,true,false,false,10,2
TMB11_4,TMB11,gscdb137,true,true,false,false,10,2
TMB11_5,TMB11,gscdb137,true,true,false,false,10,2
TMB11_6,TMB11,gscdb137,true,true,false,false,10,2
TMB11_7,TMB11,gscdb137,true,true,false,false,10,2
TMB11_8,TMB11,gscdb137,true,true,false,false,10,2
TMB11_9,TMB11,gscdb137,true,true,false,false,10,2
TMB11_10,TMB11,gscdb137,true,true,false,false,10,2
TMB11_11,TMB11,gscdb137,true,true,false,false,10,2
UPU23_1,UPU23,gscdb137,false,true,false,false,,2
UPU23_2,UPU23,gscdb137,false,true,false,false,,2
UPU23_3,UPU23,gscdb137,false,true,false,false,,2
UPU23_4,UPU23,gscdb137,false,true,false,false,,2
UPU23_5,UPU23,gscdb137,false,true,false,false,,2
UPU23_6,UPU23,gscdb137,false,true,false,false,,2
UPU23_7,UPU23,gscdb137,false,true,false,false,,2
UPU23_8,UPU23,gscdb137,false,true,false,false,,2
UPU23_9,UPU23,gscdb137,false,true,false,false,,2
UPU23_10,UPU23,gscdb137,false,true,false,false,,2
UPU23_11,UPU23,gscdb137,false,true,false,false,,2
UPU23_12,UPU23,gscdb137,false,true,false,false,,2
UPU23_13,UPU23,gscdb137,false,true,false,false,,2
UPU23_14,UPU23,gscdb137,false,true,false,false,,2
UPU23_15,UPU23,gscdb137,false,true,false,false,,2
UPU23_16,UPU23,gscdb137,false,true,false,false,,2
UPU23_17,UPU23,gscdb137,false,true,false,false,,2
UPU23_18,UPU23,gscdb137,false,true,false,false,,2
UPU23_19,UPU23,gscdb137,false,true,false,false,,2
UPU23_20,UPU23,gscdb137,false,true,false,false,,2
UPU23_21,UPU23,gscdb137,false,true,false,false,,2
UPU23_22,UPU23,gscdb137,false,true,false,false,,2
UPU23_23,UPU23,gscdb137,false,true,false,false,,2
V30_1,V30,gscdb137,false,true,false,false,,3
V30_2,V30,gscdb137,false,true,false,false,,3
V30_3,V30,gscdb137,false,true,false,false,,3
V30_4,V30,gscdb137,false,true,false,false,,3
V30_5,V30,gscdb137,false,true,false,false,,3
V30_6,V30,gscdb137,false,true,false,false,,3
V30_7,V30,gscdb137,false,true,false,false,,3
V30_8,V30,gscdb137,false,true,false,false,,3
V30_9,V30,gscdb137,false,true,false,false,,3
V30_10,V30,gscdb137,false,true,false,false,,3
V30_11,V30,gscdb137,false,true,false,false,,3
V30_12,V30,gscdb137,false,true,false,false,,3
V30_13,V30,gscdb137,false,true,false,false,,3
V30_14,V30,gscdb137,false,true,false,false,,3
V30_15,V30,gscdb137,false,true,false,false,,3
V30_16,V30,gscdb137,false,true,false,false,,3
V30_17,V30,gscdb137,false,true,false,false,,3
V30_18,V30,gscdb137,false,true,false,false,,3
V30_19,V30,gscdb137,false,true,false,false,,3
V30_20,V30,gscdb137,false,true,false,false,,3
V30_21,V30,gscdb137,false,true,false,false,,3
V30_22,V30,gscdb137,false,true,false,false,,3
V30_23,V30,gscdb137,false,true,false,false,,3
V30_24,V30,gscdb137,false,true,false,false,,3
V30_25,V30,gscdb137,false,true,false,false,,3
V30_26,V30,gscdb137,false,true,false,false,,3
V30_27,V30,gscdb137,false,true,false,false,,3
V30_28,V30,gscdb137,false,true,false,false,,3
V30_29,V30,gscdb137,false,true,false,false,,3
V30_30,V30,gscdb137,false,true,false,false,,3
V30_31,V30,gscdb137,false,true,false,false,,3
V30_32,V30,gscdb137,false,true,false,false,,3
V30_33,V30,gscdb137,false,true,false,false,,3
V30_34,V30,gscdb137,false,true,false,false,,3
V30_35,V30,gscdb137,false,true,false,false,,3
V30_36,V30,gscdb137,false,true,false,false,,3
V30_37,V30,gscdb137,false,true,false,false,,3
V30_38,V30,gscdb137,false,true,false,false,,3
V30_39,V30,gscdb137,false,true,false,false,,3
V30_40,V30,gscdb137,false,true,false,false,,3
V30_41,V30,gscdb137,false,true,false,false,,3
V30_42,V30,gscdb137,false,true,false,false,,3
V30_43,V30,gscdb137,false,true,false,false,,3
V30_44,V30,gscdb137,false,true,false,false,,3
V30_45,V30,gscdb137,false,true,false,false,,3
V30_46,V30,gscdb137,false,true,false,false,,3
V30_47,V30,gscdb137,false,true,false,false,,3
V30_48,V30,gscdb137,false,true,false,false,,3
V30_49,V30,gscdb137,false,true,false,false,,3
V30_50,V30,gscdb137,false,true,false,false,,3
V30_51,V30,gscdb137,false,true,false,false,,3
V30_52,V30,gscdb137,false,true,false,false,,3
V30_53,V30,gscdb137,false,true,false,false,,3
V30_54,V30,gscdb137,false,true,false,false,,3
V30_55,V30,gscdb137,false,true,false,false,,3
V30_56,V30,gscdb137,false,true,false,false,,3
V30_57,V30,gscdb137,false,true,false,false,,3
V30_58,V30,gscdb137,false,true,false,false,,3
V30_59,V30,gscdb137,false,true,false,false,,3
V30_60,V30,gscdb137,false,true,false,false,,3
V30_61,V30,gscdb137,false,true,false,false,,3
V30_62,V30,gscdb137,false,true,false,false,,3
V30_63,V30,gscdb137,false,true,false,false,,3
V30_64,V30,gscdb137,false,true,false,false,,3
V30_65,V30,gscdb137,false,true,false,false,,3
V30_66,V30,gscdb137,false,true,false,false,,3
V30_67,V30,gscdb137,false,true,false,false,,3
V30_68,V30,gscdb137,false,true,false,false,,3
V30_69,V30,gscdb137,false,true,false,false,,3
V30_70,V30,gscdb137,false,true,false,false,,3
V30_71,V30,gscdb137,false,true,false,false,,3
V30_72,V30,gscdb137,false,true,false,false,,3
V30_73,V30,gscdb137,false,true,false,false,,3
V30_74,V30,gscdb137,false,true,false,false,,3
V30_75,V30,gscdb137,false,true,false,false,,3
V30_76,V30,gscdb137,false,true,false,false,,3
V30_77,V30,gscdb137,false,true,false,false,,3
V30_78,V30,gscdb137,false,true,false,false,,3
V30_79,V30,gscdb137,false,true,false,false,,3
V30_80,V30,gscdb137,false,true,false,false,,3
V30_81,V30,gscdb137,false,true,false,false,,3
V30_82,V30,gscdb137,false,true,false,false,,3
V30_83,V30,gscdb137,false,true,false,false,,3
V30_84,V30,gscdb137,false,true,false,false,,3
V30_85,V30,gscdb137,false,true,false,false,,3
V30_86,V30,gscdb137,false,true,false,false,,3
V30_87,V30,gscdb137,false,true,false,false,,3
V30_88,V30,gscdb137,false,true,false,false,,3
V30_89,V30,gscdb137,false,true,false,false,,3
V30_90,V30,gscdb137,false,true,false,false,,3
V30_91,V30,gscdb137,false,true,false,false,,3
V30_92,V30,gscdb137,false,true,false,false,,3
V30_93,V30,gscdb137,false,true,false,false,,3
V30_94,V30,gscdb137,false,true,false,false,,3
V30_95,V30,gscdb137,false,true,false,false,,3
V30_96,V30,gscdb137,false,true,false,false,,3
V30_97,V30,gscdb137,false,true,false,false,,3
V30_98,V30,gscdb137,false,true,false,false,,3
V30_99,V30,gscdb137,false,true,false,false,,3
V30_100,V30,gscdb137,false,true,false,false,,3
V30_101,V30,gscdb137,false,true,false,false,,3
V30_102,V30,gscdb137,false,true,false,false,,3
V30_103,V30,gscdb137,false,true,false,false,,3
V30_104,V30,gscdb137,false,true,false,false,,3
V30_105,V30,gscdb137,false,true,false,false,,3
V30_106,V30,gscdb137,false,true,false,false,,3
V30_107,V30,gscdb137,false,true,false,false,,3
V30_108,V30,gscdb137,false,true,false,false,,3
V30_109,V30,gscdb137,false,true,false,false,,3
V30_110,V30,gscdb137,false,true,false,false,,3
V30_111,V30,gscdb137,false,true,false,false,,3
V30_112,V30,gscdb137,false,true,false,false,,3
V30_113,V30,gscdb137,false,true,false,false,,3
V30_114,V30,gscdb137,false,true,false,false,,3
V30_115,V30,gscdb137,false,true,false,false,,3
V30_116,V30,gscdb137,false,true,false,false,,3
V30_117,V30,gscdb137,false,true,false,false,,3
V30_118,V30,gscdb137,false,true,false,false,,3
V30_119,V30,gscdb137,false,true,false,false,,3
V30_120,V30,gscdb137,false,true,false,false,,3
V30_121,V30,gscdb137,false,true,false,false,,3
V30_122,V30,gscdb137,false,true,false,false,,3
V30_123,V30,gscdb137,false,true,false,false,,3
V30_124,V30,gscdb137,false,true,false,false,,3
V30_125,V30,gscdb137,false,true,false,false,,3
V30_126,V30,gscdb137,false,true,false,false,,3
V30_127,V30,gscdb137,false,true,false,false,,3
V30_128,V30,gscdb137,false,true,false,false,,3
V30_129,V30,gscdb137,false,true,false,false,,3
V30_130,V30,gscdb137,false,true,false,false,,3
V30_131,V30,gscdb137,false,true,false,false,,3
V30_132,V30,gscdb137,false,true,false,false,,3
V30_133,V30,gscdb137,false,true,false,false,,3
V30_134,V30,gscdb137,false,true,false,false,,3
V30_135,V30,gscdb137,false,true,false,false,,3
V30_136,V30,gscdb137,false,true,false,false,,3
V30_137,V30,gscdb137,false,true,false,false,,3
V30_138,V30,gscdb137,false,true,false,false,,3
V30_139,V30,gscdb137,false,true,false,false,,3
V30_140,V30,gscdb137,false,true,false,false,,3
V30_141,V30,gscdb137,false,true,false,false,,3
V30_142,V30,gscdb137,false,true,false,false,,3
V30_143,V30,gscdb137,false,true,false,false,,3
V30_144,V30,gscdb137,false,true,false,false,,3
V30_145,V30,gscdb137,false,true,false,false,,3
V30_146,V30,gscdb137,false,true,false,false,,3
V30_147,V30,gscdb137,false,true,false,false,,3
V30_148,V30,gscdb137,false,true,false,false,,3
V30_149,V30,gscdb137,false,true,false,false,,3
V30_150,V30,gscdb137,false,true,false,false,,3
V30_151,V30,gscdb137,false,true,false,false,,3
V30_152,V30,gscdb137,false,true,false,false,,3
V30_153,V30,gscdb137,false,true,false,false,,3
V30_154,V30,gscdb137,false,true,false,false,,3
V30_155,V30,gscdb137,false,true,false,false,,3
V30_156,V30,gscdb137,false,true,false,false,,3
V30_157,V30,gscdb137,false,true,false,false,,3
V30_158,V30,gscdb137,false,true,false,false,,3
V30_159,V30,gscdb137,false,true,false,false,,3
V30_160,V30,gscdb137,false,true,false,false,,3
V30_161,V30,gscdb137,false,true,false,false,,3
V30_162,V30,gscdb137,false,true,false,false,,3
V30_163,V30,gscdb137,false,true,false,false,,3
V30_164,V30,gscdb137,false,true,false,false,,3
V30_165,V30,gscdb137,false,true,false,false,,3
V30_166,V30,gscdb137,false,true,false,false,,3
V30_167,V30,gscdb137,false,true,false,false,,3
V30_168,V30,gscdb137,false,true,false,false,,3
V30_169,V30,gscdb137,false,true,false,false,,3
V30_170,V30,gscdb137,false,true,false,false,,3
V30_171,V30,gscdb137,false,true,false,false,,3
V30_172,V30,gscdb137,false,true,false,false,,3
V30_173,V30,gscdb137,false,true,false,false,,3
V30_174,V30,gscdb137,false,true,false,false,,3
V30_175,V30,gscdb137,false,true,false,false,,3
V30_176,V30,gscdb137,false,true,false,false,,3
V30_177,V30,gscdb137,false,true,false,false,,3
V30_178,V30,gscdb137,false,true,false,false,,3
V30_179,V30,gscdb137,false,true,false,false,,3
V30_180,V30,gscdb137,false,true,false,false,,3
V30_181,V30,gscdb137,false,true,false,false,,3
V30_182,V30,gscdb137,false,true,false,false,,3
V30_183,V30,gscdb137,false,true,false,false,,3
V30_184,V30,gscdb137,false,true,false,false,,3
V30_185,V30,gscdb137,false,true,false,false,,3
V30_186,V30,gscdb137,false,true,false,false,,3
V30_187,V30,gscdb137,false,true,false,false,,3
V30_188,V30,gscdb137,false,true,false,false,,3
V30_189,V30,gscdb137,false,true,false,false,,3
V30_190,V30,gscdb137,false,true,false,false,,3
V30_191,V30,gscdb137,false,true,false,false,,3
V30_192,V30,gscdb137,false,true,false,false,,3
V30_193,V30,gscdb137,false,true,false,false,,3
V30_194,V30,gscdb137,false,true,false,false,,3
V30_195,V30,gscdb137,false,true,false,false,,3
V30_196,V30,gscdb137,false,true,false,false,,3
V30_197,V30,gscdb137,false,true,false,false,,3
V30_198,V30,gscdb137,false,true,false,false,,3
V30_199,V30,gscdb137,false,true,false,false,,3
V30_200,V30,gscdb137,false,true,false,false,,3
V30_201,V30,gscdb137,false,true,false,false,,3
V30_202,V30,gscdb137,false,true,false,false,,3
V30_203,V30,gscdb137,false,true,false,false,,3
V30_204,V30,gscdb137,false,true,false,false,,3
V30_205,V30,gscdb137,false,true,false,false,,3
V30_206,V30,gscdb137,false,true,false,false,,3
V30_207,V30,gscdb137,false,true,false,false,,3
V30_208,V30,gscdb137,false,true,false,false,,3
V30_209,V30,gscdb137,false,true,false,false,,3
V30_210,V30,gscdb137,false,true,false,false,,3
V30_211,V30,gscdb137,false,true,false,false,,3
V30_212,V30,gscdb137,false,true,false,false,,3
V30_213,V30,gscdb137,false,true,false,false,,3
V30_214,V30,gscdb137,false,true,false,false,,3
V30_215,V30,gscdb137,false,true,false,false,,3
V30_216,V30,gscdb137,false,true,false,false,,3
V30_217,V30,gscdb137,false,true,false,false,,3
V30_218,V30,gscdb137,false,true,false,false,,3
V30_219,V30,gscdb137,false,true,false,false,,3
V30_220,V30,gscdb137,false,true,false,false,,3
V30_221,V30,gscdb137,false,true,false,false,,3
V30_222,V30,gscdb137,false,true,false,false,,3
V30_223,V30,gscdb137,false,true,false,false,,3
V30_224,V30,gscdb137,false,true,false,false,,3
V30_225,V30,gscdb137,false,true,false,false,,3
V30_226,V30,gscdb137,false,true,false,false,,3
V30_227,V30,gscdb137,false,true,false,false,,3
V30_228,V30,gscdb137,false,true,false,false,,3
V30_229,V30,gscdb137,false,true,false,false,,3
V30_230,V30,gscdb137,false,true,false,false,,3
V30_231,V30,gscdb137,false,true,false,false,,3
V30_232,V30,gscdb137,false,true,false,false,,3
V30_233,V30,gscdb137,false,true,false,false,,3
V30_234,V30,gscdb137,false,true,false,false,,3
V30_235,V30,gscdb137,false,true,false,false,,3
V30_236,V30,gscdb137,false,true,false,false,,3
V30_237,V30,gscdb137,false,true,false,false,,3
V30_238,V30,gscdb137,false,true,false,false,,3
V30_239,V30,gscdb137,false,true,false,false,,3
V30_240,V30,gscdb137,false,true,false,false,,3
V30_241,V30,gscdb137,false,true,false,false,,3
V30_242,V30,gscdb137,false,true,false,false,,3
V30_243,V30,gscdb137,false,true,false,false,,3
V30_244,V30,gscdb137,false,true,false,false,,3
V30_245,V30,gscdb137,false,true,false,false,,3
V30_246,V30,gscdb137,false,true,false,false,,3
V30_247,V30,gscdb137,false,true,false,false,,3
V30_248,V30,gscdb137,false,true,false,false,,3
V30_249,V30,gscdb137,false,true,false,false,,3
V30_250,V30,gscdb137,false,true,false,false,,3
V30_251,V30,gscdb137,false,true,false,false,,3
V30_252,V30,gscdb137,false,true,false,false,,3
V30_253,V30,gscdb137,false,true,false,false,,3
V30_254,V30,gscdb137,false,true,false,false,,3
V30_255,V30,gscdb137,false,true,false,false,,3
V30_256,V30,gscdb137,false,true,false,false,,3
V30_257,V30,gscdb137,false,true,false,false,,3
V30_258,V30,gscdb137,false,true,false,false,,3
V30_259,V30,gscdb137,false,true,false,false,,3
V30_260,V30,gscdb137,false,true,false,false,,3
V30_261,V30,gscdb137,false,true,false,false,,3
V30_262,V30,gscdb137,false,true,false,false,,3
V30_263,V30,gscdb137,false,true,false,false,,3
V30_264,V30,gscdb137,false,true,false,false,,3
V30_265,V30,gscdb137,false,true,false,false,,3
V30_266,V30,gscdb137,false,true,false,false,,3
V30_267,V30,gscdb137,false,true,false,false,,3
V30_268,V30,gscdb137,false,true,false,false,,3
V30_269,V30,gscdb137,false,true,false,false,,3
V30_270,V30,gscdb137,false,true,false,false,,3
V30_271,V30,gscdb137,false,true,false,false,,3
V30_272,V30,gscdb137,false,true,false,false,,3
V30_273,V30,gscdb137,false,true,false,false,,3
V30_274,V30,gscdb137,false,true,false,false,,3
V30_275,V30,gscdb137,false,true,false,false,,3
WATER27_1,WATER27,gscdb137,false,true,false,false,,2
WATER27_2,WATER27,gscdb137,false,true,false,false,,2
WATER27_3,WATER27,gscdb137,false,true,false,false,,2
WATER27_4,WATER27,gscdb137,false,true,false,false,,2
WATER27_5,WATER27,gscdb137,false,true,false,false,,2
WATER27_6,WATER27,gscdb137,false,true,false,false,,2
WATER27_7,WATER27,gscdb137,false,true,false,false,,2
WATER27_8,WATER27,gscdb137,false,true,false,false,,2
WATER27_9,WATER27,gscdb137,false,true,false,false,,2
WATER27_10,WATER27,gscdb137,false,true,false,false,,2
WATER27_11,WATER27,gscdb137,false,true,false,false,,2
WATER27_12,WATER27,gscdb137,false,true,false,false,,2
WATER27_13,WATER27,gscdb137,false,true,false,false,,2
WATER27_14,WATER27,gscdb137,false,true,false,false,,2
WATER27_15,WATER27,gscdb137,false,true,false,false,,3
WATER27_16,WATER27,gscdb137,false,true,false,false,,3
WATER27_17,WATER27,gscdb137,false,true,false,false,,3
WATER27_18,WATER27,gscdb137,false,true,false,false,,3
WATER27_19,WATER27,gscdb137,false,true,false,false,,3
WATER27_20,WATER27,gscdb137,false,true,false,false,,3
WATER27_21,WATER27,gscdb137,false,true,false,false,,3
WATER27_22,WATER27,gscdb137,false,true,false,false,,3
WATER27_23,WATER27,gscdb137,false,true,false,false,,3
WATER27_24,WATER27,gscdb137,false,true,false,false,,3
WATER27_25,WATER27,gscdb137,false,true,false,false,,3
WATER27_26,WATER27,gscdb137,false,true,false,false,,3
WATER27_27,WATER27,gscdb137,false,true,false,false,,2
WCPT27_1,WCPT26,gscdb137,false,true,false,false,,2
WCPT27_2,WCPT26,gscdb137,false,true,false,false,,2
WCPT27_3,WCPT26,gscdb137,false,true,false,false,,2
WCPT27_4,WCPT26,gscdb137,false,true,false,false,,2
WCPT27_5,WCPT26,gscdb137,false,true,false,false,,2
WCPT27_7,WCPT26,gscdb137,false,true,false,false,,2
WCPT27_8,WCPT26,gscdb137,false,true,false,false,,2
WCPT27_9,WCPT26,gscdb137,false,true,false,false,,2
WCPT27_10,WCPT26,gscdb137,false,true,false,false,,3
WCPT27_11,WCPT26,gscdb137,false,true,false,false,,3
WCPT27_12,WCPT26,gscdb137,false,true,false,false,,3
WCPT27_13,WCPT26,gscdb137,false,true,false,false,,3
WCPT27_14,WCPT26,gscdb137,false,true,false,false,,3
WCPT27_15,WCPT26,gscdb137,false,true,false,false,,3
WCPT27_16,WCPT26,gscdb137,false,true,false,false,,3
WCPT27_17,WCPT26,gscdb137,false,true,false,false,,3
WCPT27_18,WCPT26,gscdb137,false,true,false,false,,3
WCPT27_19,WCPT26,gscdb137,false,true,false,false,,3
WCPT27_20,WCPT26,gscdb137,false,true,false,false,,3
WCPT27_21,WCPT26,gscdb137,false,true,false,false,,3
WCPT27_22,WCPT26,gscdb137,false,true,false,false,,3
WCPT27_23,WCPT26,gscdb137,false,true,false,false,,3
WCPT27_24,WCPT26,gscdb137,false,true,false,false,,3
WCPT27_25,WCPT26,gscdb137,false,true,false,false,,3
WCPT27_26,WCPT26,gscdb137,false,true,false,false,,3
WCPT27_27,WCPT26,gscdb137,false,true,false,false,,3
WCPT6_1,WCPT6,gscdb137,false,true,false,false,,2
WCPT6_2,WCPT6,gscdb137,false,true,false,false,,2
WCPT6_3,WCPT6,gscdb137,false,true,false,false,,2
WCPT6_4,WCPT6,gscdb137,false,true,false,false,,2
WCPT6_5,WCPT6,gscdb137,false,true,false,false,,2
WCPT6_6,WCPT6,gscdb137,false,true,false,false,,2
X40_1,X40,gscdb137,false,true,false,false,,3
X40_2,X40,gscdb137,false,true,false,false,,3
X40_3,X40,gscdb137,false,true,false,false,,3
X40_4,X40,gscdb137,false,true,false,false,,3
X40_5,X40,gscdb137,false,true,false,false,,3
X40_6,X40,gscdb137,false,true,false,false,,3
X40_7,X40,gscdb137,false,true,false,false,,3
X40_8,X40,gscdb137,false,true,false,false,,3
X40_9,X40,gscdb137,false,true,false,false,,3
X40_10,X40,gscdb137,false,true,false,false,,3
X40_11,X40,gscdb137,false,true,false,false,,3
X40_12,X40,gscdb137,false,true,false,false,,3
X40_13,X40,gscdb137,false,true,false,false,,3
X40_14,X40,gscdb137,false,true,false,false,,3
X40_15,X40,gscdb137,false,true,false,false,,3
X40_16,X40,gscdb137,false,true,false,false,,3
X40_17,X40,gscdb137,false,true,false,false,,3
X40_18,X40,gscdb137,false,true,false,false,,3
X40_19,X40,gscdb137,false,true,false,false,,3
X40_20,X40,gscdb137,false,true,false,false,,3
X40_21,X40,gscdb137,false,true,false,false,,3
X40_22,X40,gscdb137,false,true,false,false,,3
X40_23,X40,gscdb137,false,true,false,false,,3
X40_24,X40,gscdb137,false,true,false,false,,3
X40_25,X40,gscdb137,false,true,false,false,,3
X40_26,X40,gscdb137,false,true,false,false,,3
X40_27,X40,gscdb137,false,true,false,false,,3
X40_28,X40,gscdb137,false,true,false,false,,3
X40_29,X40,gscdb137,false,true,false,false,,3
X40_30,X40,gscdb137,false,true,false,false,,3
X40_31,X40,gscdb137,false,true,false,false,,3
X40_32,X40,gscdb137,false,true,false,false,,3
X40_33,X40,gscdb137,false,true,false,false,,3
X40_34,X40,gscdb137,false,true,false,false,,3
X40_35,X40,gscdb137,false,true,false,false,,3
X40_36,X40,gscdb137,false,true,false,false,,3
X40_37,X40,gscdb137,false,true,false,false,,3
X40_38,X40,gscdb137,false,true,false,false,,3
X40_39,X40,gscdb137,false,true,false,false,,3
X40_40,X40,gscdb137,false,true,false,false,,3
X40x5_1,X40x5,gscdb137,false,true,false,false,,3
X40x5_2,X40x5,gscdb137,false,true,false,false,,3
X40x5_3,X40x5,gscdb137,false,true,false,false,,3
X40x5_4,X40x5,gscdb137,false,true,false,false,,3
X40x5_5,X40x5,gscdb137,false,true,false,false,,3
X40x5_6,X40x5,gscdb137,false,true,false,false,,3
X40x5_7,X40x5,gscdb137,false,true,false,false,,3
X40x5_8,X40x5,gscdb137,false,true,false,false,,3
X40x5_9,X40x5,gscdb137,false,true,false,false,,3
X40x5_10,X40x5,gscdb137,false,true,false,false,,3
X40x5_11,X40x5,gscdb137,false,true,false,false,,3
X40x5_12,X40x5,gscdb137,false,true,false,false,,3
X40x5_13,X40x5,gscdb137,false,true,false,false,,3
X40x5_14,X40x5,gscdb137,false,true,false,false,,3
X40x5_15,X40x5,gscdb137,false,true,false,false,,3
X40x5_16,X40x5,gscdb137,false,true,false,false,,3
X40x5_17,X40x5,gscdb137,false,true,false,false,,3
X40x5_18,X40x5,gscdb137,false,true,false,false,,3
X40x5_19,X40x5,gscdb137,false,true,false,false,,3
X40x5_20,X40x5,gscdb137,false,true,false,false,,3
X40x5_21,X40x5,gscdb137,false,true,false,false,,3
X40x5_22,X40x5,gscdb137,false,true,false,false,,3
X40x5_23,X40x5,gscdb137,false,true,false,false,,3
X40x5_24,X40x5,gscdb137,false,true,false,false,,3
X40x5_25,X40x5,gscdb137,false,true,false,false,,3
X40x5_26,X40x5,gscdb137,false,true,false,false,,3
X40x5_27,X40x5,gscdb137,false,true,false,false,,3
X40x5_28,X40x5,gscdb137,false,true,false,false,,3
X40x5_29,X40x5,gscdb137,false,true,false,false,,3
X40x5_30,X40x5,gscdb137,false,true,false,false,,3
X40x5_31,X40x5,gscdb137,false,true,false,false,,3
X40x5_32,X40x5,gscdb137,false,true,false,false,,3
X40x5_33,X40x5,gscdb137,false,true,false,false,,3
X40x5_34,X40x5,gscdb137,false,true,false,false,,3
X40x5_35,X40x5,gscdb137,false,true,false,false,,3
X40x5_36,X40x5,gscdb137,false,true,false,false,,3
X40x5_37,X40x5,gscdb137,false,true,false,false,,3
X40x5_38,X40x5,gscdb137,false,true,false,false,,3
X40x5_39,X40x5,gscdb137,false,true,false,false,,3
X40x5_40,X40x5,gscdb137,false,true,false,false,,3
X40x5_41,X40x5,gscdb137,false,true,false,false,,3
X40x5_42,X40x5,gscdb137,false,true,false,false,,3
X40x5_43,X40x5,gscdb137,false,true,false,false,,3
X40x5_44,X40x5,gscdb137,false,true,false,false,,3
X40x5_45,X40x5,gscdb137,false,true,false,false,,3
X40x5_46,X40x5,gscdb137,false,true,false,false,,3
X40x5_47,X40x5,gscdb137,false,true,false,false,,3
X40x5_48,X40x5,gscdb137,false,true,false,false,,3
X40x5_49,X40x5,gscdb137,false,true,false,false,,3
X40x5_50,X40x5,gscdb137,false,true,false,false,,3
X40x5_51,X40x5,gscdb137,false,true,false,false,,3
X40x5_52,X40x5,gscdb137,false,true,false,false,,3
X40x5_53,X40x5,gscdb137,false,true,false,false,,3
X40x5_54,X40x5,gscdb137,false,true,false,false,,3
X40x5_55,X40x5,gscdb137,false,true,false,false,,3
X40x5_56,X40x5,gscdb137,false,true,false,false,,3
X40x5_57,X40x5,gscdb137,false,true,false,false,,3
X40x5_58,X40x5,gscdb137,false,true,false,false,,3
X40x5_59,X40x5,gscdb137,false,true,false,false,,3
X40x5_60,X40x5,gscdb137,false,true,false,false,,3
X40x5_61,X40x5,gscdb137,false,true,false,false,,3
X40x5_62,X40x5,gscdb137,false,true,false,false,,3
X40x5_63,X40x5,gscdb137,false,true,false,false,,3
X40x5_64,X40x5,gscdb137,false,true,false,false,,3
X40x5_65,X40x5,gscdb137,false,true,false,false,,3
X40x5_66,X40x5,gscdb137,false,true,false,false,,3
X40x5_67,X40x5,gscdb137,false,true,false,false,,3
X40x5_68,X40x5,gscdb137,false,true,false,false,,3
X40x5_69,X40x5,gscdb137,false,true,false,false,,3
X40x5_70,X40x5,gscdb137,false,true,false,false,,3
X40x5_71,X40x5,gscdb137,false,true,false,false,,3
X40x5_72,X40x5,gscdb137,false,true,false,false,,3
X40x5_73,X40x5,gscdb137,false,true,false,false,,3
X40x5_74,X40x5,gscdb137,false,true,false,false,,3
X40x5_75,X40x5,gscdb137,false,true,false,false,,3
X40x5_76,X40x5,gscdb137,false,true,false,false,,3
X40x5_77,X40x5,gscdb137,false,true,false,false,,3
X40x5_78,X40x5,gscdb137,false,true,false,false,,3
X40x5_79,X40x5,gscdb137,false,true,false,false,,3
X40x5_80,X40x5,gscdb137,false,true,false,false,,3
X40x5_81,X40x5,gscdb137,false,true,false,false,,3
X40x5_82,X40x5,gscdb137,false,true,false,false,,3
X40x5_83,X40x5,gscdb137,false,true,false,false,,3
X40x5_84,X40x5,gscdb137,false,true,false,false,,3
X40x5_85,X40x5,gscdb137,false,true,false,false,,3
X40x5_86,X40x5,gscdb137,false,true,false,false,,3
X40x5_87,X40x5,gscdb137,false,true,false,false,,3
X40x5_88,X40x5,gscdb137,false,true,false,false,,3
X40x5_89,X40x5,gscdb137,false,true,false,false,,3
X40x5_90,X40x5,gscdb137,false,true,false,false,,3
X40x5_91,X40x5,gscdb137,false,true,false,false,,3
X40x5_92,X40x5,gscdb137,false,true,false,false,,3
X40x5_93,X40x5,gscdb137,false,true,false,false,,3
X40x5_94,X40x5,gscdb137,false,true,false,false,,3
X40x5_95,X40x5,gscdb137,false,true,false,false,,3
X40x5_96,X40x5,gscdb137,false,true,false,false,,3
X40x5_97,X40x5,gscdb137,false,true,false,false,,3
X40x5_98,X40x5,gscdb137,false,true,false,false,,3
X40x5_99,X40x5,gscdb137,false,true,false,false,,3
X40x5_100,X40x5,gscdb137,false,true,false,false,,3
X40x5_101,X40x5,gscdb137,false,true,false,false,,3
X40x5_102,X40x5,gscdb137,false,true,false,false,,3
X40x5_103,X40x5,gscdb137,false,true,false,false,,3
X40x5_104,X40x5,gscdb137,false,true,false,false,,3
X40x5_105,X40x5,gscdb137,false,true,false,false,,3
X40x5_106,X40x5,gscdb137,false,true,false,false,,3
X40x5_107,X40x5,gscdb137,false,true,false,false,,3
X40x5_108,X40x5,gscdb137,false,true,false,false,,3
X40x5_109,X40x5,gscdb137,false,true,false,false,,3
X40x5_110,X40x5,gscdb137,false,true,false,false,,3
X40x5_111,X40x5,gscdb137,false,true,false,false,,3
X40x5_112,X40x5,gscdb137,false,true,false,false,,3
X40x5_113,X40x5,gscdb137,false,true,false,false,,3
X40x5_114,X40x5,gscdb137,false,true,false,false,,3
X40x5_115,X40x5,gscdb137,false,true,false,false,,3
X40x5_116,X40x5,gscdb137,false,true,false,false,,3
X40x5_117,X40x5,gscdb137,false,true,false,false,,3
X40x5_118,X40x5,gscdb137,false,true,false,false,,3
X40x5_119,X40x5,gscdb137,false,true,false,false,,3
X40x5_120,X40x5,gscdb137,false,true,false,false,,3
X40x5_121,X40x5,gscdb137,false,true,false,false,,3
X40x5_122,X40x5,gscdb137,false,true,false,false,,3
X40x5_123,X40x5,gscdb137,false,true,false,false,,3
X40x5_124,X40x5,gscdb137,false,true,false,false,,3
X40x5_125,X40x5,gscdb137,false,true,false,false,,3
X40x5_126,X40x5,gscdb137,false,true,false,false,,3
X40x5_127,X40x5,gscdb137,false,true,false,false,,3
X40x5_128,X40x5,gscdb137,false,true,false,false,,3
X40x5_129,X40x5,gscdb137,false,true,false,false,,3
X40x5_130,X40x5,gscdb137,false,true,false,false,,3
X40x5_131,X40x5,gscdb137,false,true,false,false,,3
X40x5_132,X40x5,gscdb137,false,true,false,false,,3
X40x5_133,X40x5,gscdb137,false,true,false,false,,3
X40x5_134,X40x5,gscdb137,false,true,false,false,,3
X40x5_135,X40x5,gscdb137,false,true,false,false,,3
X40x5_136,X40x5,gscdb137,false,true,false,false,,3
X40x5_137,X40x5,gscdb137,false,true,false,false,,3
X40x5_138,X40x5,gscdb137,false,true,false,false,,3
X40x5_139,X40x5,gscdb137,false,true,false,false,,3
X40x5_140,X40x5,gscdb137,false,true,false,false,,3
X40x5_141,X40x5,gscdb137,false,true,false,false,,3
X40x5_142,X40x5,gscdb137,false,true,false,false,,3
X40x5_143,X40x5,gscdb137,false,true,false,false,,3
X40x5_144,X40x5,gscdb137,false,true,false,false,,3
X40x5_145,X40x5,gscdb137,false,true,false,false,,3
X40x5_146,X40x5,gscdb137,false,true,false,false,,3
X40x5_147,X40x5,gscdb137,false,true,false,false,,3
X40x5_148,X40x5,gscdb137,false,true,false,false,,3
X40x5_149,X40x5,gscdb137,false,true,false,false,,3
X40x5_150,X40x5,gscdb137,false,true,false,false,,3
X40x5_151,X40x5,gscdb137,false,true,false,false,,3
X40x5_152,X40x5,gscdb137,false,true,false,false,,3
X40x5_153,X40x5,gscdb137,false,true,false,false,,3
X40x5_154,X40x5,gscdb137,false,true,false,false,,3
X40x5_155,X40x5,gscdb137,false,true,false,false,,3
X40x5_156,X40x5,gscdb137,false,true,false,false,,3
X40x5_157,X40x5,gscdb137,false,true,false,false,,3
X40x5_158,X40x5,gscdb137,false,true,false,false,,3
X40x5_159,X40x5,gscdb137,false,true,false,false,,3
X40x5_160,X40x5,gscdb137,false,true,false,false,,3
X40x5_161,X40x5,gscdb137,false,true,false,false,,3
X40x5_162,X40x5,gscdb137,false,true,false,false,,3
X40x5_163,X40x5,gscdb137,false,true,false,false,,3
X40x5_164,X40x5,gscdb137,false,true,false,false,,3
X40x5_165,X40x5,gscdb137,false,true,false,false,,3
X40x5_166,X40x5,gscdb137,false,true,false,false,,3
X40x5_167,X40x5,gscdb137,false,true,false,false,,3
X40x5_168,X40x5,gscdb137,false,true,false,false,,3
X40x5_169,X40x5,gscdb137,false,true,false,false,,3
X40x5_170,X40x5,gscdb137,false,true,false,false,,3
X40x5_171,X40x5,gscdb137,false,true,false,false,,3
X40x5_172,X40x5,gscdb137,false,true,false,false,,3
X40x5_173,X40x5,gscdb137,false,true,false,false,,3
X40x5_174,X40x5,gscdb137,false,true,false,false,,3
X40x5_175,X40x5,gscdb137,false,true,false,false,,3
X40x5_176,X40x5,gscdb137,false,true,false,false,,3
X40x5_177,X40x5,gscdb137,false,true,false,false,,3
X40x5_178,X40x5,gscdb137,false,true,false,false,,3
X40x5_179,X40x5,gscdb137,false,true,false,false,,3
X40x5_180,X40x5,gscdb137,false,true,false,false,,3
X40x5_181,X40x5,gscdb137,false,true,false,false,,3
X40x5_182,X40x5,gscdb137,false,true,false,false,,3
X40x5_183,X40x5,gscdb137,false,true,false,false,,3
X40x5_184,X40x5,gscdb137,false,true,false,false,,3
X40x5_185,X40x5,gscdb137,false,true,false,false,,3
X40x5_186,X40x5,gscdb137,false,true,false,false,,3
X40x5_187,X40x5,gscdb137,false,true,false,false,,3
X40x5_188,X40x5,gscdb137,false,true,false,false,,3
X40x5_189,X40x5,gscdb137,false,true,false,false,,3
X40x5_190,X40x5,gscdb137,false,true,false,false,,3
X40x5_191,X40x5,gscdb137,false,true,false,false,,3
X40x5_192,X40x5,gscdb137,false,true,false,false,,3
X40x5_193,X40x5,gscdb137,false,true,false,false,,3
X40x5_194,X40x5,gscdb137,false,true,false,false,,3
X40x5_195,X40x5,gscdb137,false,true,false,false,,3
X40x5_196,X40x5,gscdb137,false,true,false,false,,3
X40x5_197,X40x5,gscdb137,false,true,false,false,,3
X40x5_198,X40x5,gscdb137,false,true,false,false,,3
X40x5_199,X40x5,gscdb137,false,true,false,false,,3
X40x5_200,X40x5,gscdb137,false,true,false,false,,3
XB25_1,XB25,gscdb137,true,true,false,false,200,3
XB25_2,XB25,gscdb137,true,true,false,false,200,3
XB25_3,XB25,gscdb137,true,true,false,false,200,3
XB25_4,XB25,gscdb137,true,true,false,false,200,3
XB25_5,XB25,gscdb137,true,true,false,false,200,3
XB25_6,XB25,gscdb137,true,true,false,false,200,3
XB25_7,XB25,gscdb137,true,true,false,false,200,3
XB25_8,XB25,gscdb137,true,true,false,false,200,3
XB25_9,XB25,gscdb137,false,true,false,false,,3
XB25_10,XB25,gscdb137,false,true,false,false,,3
XB25_11,XB25,gscdb137,false,true,false,false,,3
XB25_12,XB25,gscdb137,false,true,false,false,,3
XB25_13,XB25,gscdb137,false,true,false,false,,3
XB25_14,XB25,gscdb137,false,true,false,false,,3
XB25_15,XB25,gscdb137,false,true,false,false,,3
XB25_16,XB25,gscdb137,false,true,false,false,,3
XB25_17,XB25,gscdb137,false,true,false,false,,3
XB25_18,XB25,gscdb137,false,true,false,false,,3
XB25_19,XB25,gscdb137,false,true,false,false,,3
XB25_20,XB25,gscdb137,false,true,false,false,,3
XB25_21,XB25,gscdb137,false,true,false,false,,3
XB25_22,XB25,gscdb137,false,true,false,false,,3
XB25_23,XB25,gscdb137,false,true,false,false,,3
XB25_24,XB25,gscdb137,false,true,false,false,,3
XB25_25,XB25,gscdb137,false,true,false,false,,3
YBDE18_1,YBDE18,gscdb137,false,true,false,false,,3
YBDE18_2,YBDE18,gscdb137,false,true,false,false,,3
YBDE18_3,YBDE18,gscdb137,false,true,false,false,,3
YBDE18_4,YBDE18,gscdb137,false,true,false,false,,3
YBDE18_5,YBDE18,gscdb137,false,true,false,false,,3
YBDE18_6,YBDE18,gscdb137,false,true,false,false,,3
YBDE18_7,YBDE18,gscdb137,false,true,false,false,,3
YBDE18_8,YBDE18,gscdb137,false,true,false,false,,3
YBDE18_9,YBDE18,gscdb137,false,true,false,false,,3
YBDE18_10,YBDE18,gscdb137,false,true,false,false,,3
YBDE18_11,YBDE18,gscdb137,false,true,false,false,,3
YBDE18_12,YBDE18,gscdb137,false,true,false,false,,3
YBDE18_13,YBDE18,gscdb137,false,true,false,false,,3
YBDE18_14,YBDE18,gscdb137,false,true,false,false,,3
YBDE18_15,YBDE18,gscdb137,false,true,false,false,,3
YBDE18_16,YBDE18,gscdb137,false,true,false,false,,3
YBDE18_17,YBDE18,gscdb137,false,true,false,false,,3
YBDE18_18,YBDE18,gscdb137,false,true,false,false,,3
BH9_661,SC74,appended_external,false,false,false,true,,3
BH9_662,SC74,appended_external,false,false,false,true,,3
BH9_665,SC74,appended_external,false,false,false,true,,3
BH9_666,SC74,appended_external,false,false,false,true,,3
BH9_671,SC74,appended_external,false,false,false,true,,3
BH9_672,SC74,appended_external,false,false,false,true,,3
BH9_697,SC74,appended_external,false,false,false,true,,3
BH9_698,SC74,appended_external,false,false,false,true,,3
BH9_699,SC74,appended_external,false,false,false,true,,3
BH9_700,SC74,appended_external,false,false,false,true,,3
BH9_715,SC74,appended_external,false,false,false,true,,3
BH9_716,SC74,appended_external,false,false,false,true,,3
C60ISO_4,SC74,appended_external,false,false,false,true,,2
C60ISO_7,SC74,appended_external,false,false,false,true,,2
CARBHB12_1,SC74,appended_external,false,false,false,true,,3
CARBHB12_5,SC74,appended_external,false,false,false,true,,3
CARBHB12_9,SC74,appended_external,false,false,false,true,,3
CARBHB12_10,SC74,appended_external,false,false,false,true,,3
CUAGAU_6,SC74,appended_external,false,false,false,true,,2
CUAGAU_7,SC74,appended_external,false,false,false,true,,2
CUAGAU_20,SC74,appended_external,false,false,false,true,,2
CUAGAU_21,SC74,appended_external,false,false,false,true,,2
CUAGAU_34,SC74,appended_external,false,false,false,true,,2
CUAGAU_35,SC74,appended_external,false,false,false,true,,2
CUAGAU2_22,SC74,appended_external,false,false,false,true,,2
CUAGAU2_23,SC74,appended_external,false,false,false,true,,2
CUAGAU2_24,SC74,appended_external,false,false,false,true,,2
CUAGAU2_37,SC74,appended_external,false,false,false,true,,2
CUAGAU2_38,SC74,appended_external,false,false,false,true,,2
CUAGAU2_39,SC74,appended_external,false,false,false,true,,2
CUAGAU2_40,SC74,appended_external,false,false,false,true,,2
CUAGAU2_41,SC74,appended_external,false,false,false,true,,2
CUAGAU2_42,SC74,appended_external,false,false,false,true,,2
CUAGAU2_49,SC74,appended_external,false,false,false,true,,2
CUAGAU2_50,SC74,appended_external,false,false,false,true,,2
CUAGAU2_51,SC74,appended_external,false,false,false,true,,2
CUAGAU2_55,SC74,appended_external,false,false,false,true,,2
CUAGAU2_56,SC74,appended_external,false,false,false,true,,2
CUAGAU2_57,SC74,appended_external,false,false,false,true,,2
CUAGAU2_64,SC74,appended_external,false,false,false,true,,2
CUAGAU2_65,SC74,appended_external,false,false,false,true,,2
CUAGAU2_66,SC74,appended_external,false,false,false,true,,2
CUAGAU2_73,SC74,appended_external,false,false,false,true,,2
CUAGAU2_74,SC74,appended_external,false,false,false,true,,2
CUAGAU2_76,SC74,appended_external,false,false,false,true,,2
CUAGAU2_77,SC74,appended_external,false,false,false,true,,2
CUAGAU2_94,SC74,appended_external,false,false,false,true,,3
CUAGAU2_95,SC74,appended_external,false,false,false,true,,3
CUAGAU2_96,SC74,appended_external,false,false,false,true,,3
CUAGAU2_103,SC74,appended_external,false,false,false,true,,3
CUAGAU2_104,SC74,appended_external,false,false,false,true,,3
CUAGAU2_105,SC74,appended_external,false,false,false,true,,3
CUAGAU2_112,SC74,appended_external,false,false,false,true,,3
CUAGAU2_113,SC74,appended_external,false,false,false,true,,3
CUAGAU2_114,SC74,appended_external,false,false,false,true,,3
CUAGAU2_121,SC74,appended_external,false,false,false,true,,3
CUAGAU2_122,SC74,appended_external,false,false,false,true,,3
CUAGAU2_123,SC74,appended_external,false,false,false,true,,3
DIPCS10_7,SC74,appended_external,false,false,false,true,,2
G2RC_22,SC74,appended_external,false,false,false,true,,3
INV24_9,SC74,appended_external,false,false,false,true,,2
ISOL24_11,SC74,appended_external,false,false,false,true,,2
MME55_7,SC74,appended_external,false,false,false,true,,2
MME55_21,SC74,appended_external,false,false,false,true,,2
MME55_22,SC74,appended_external,false,false,false,true,,2
MX35_11,SC74,appended_external,false,false,false,true,,3
Styrene45_38,SC74,appended_external,false,false,false,true,,2
WCPT27_6,SC74,appended_external,false,false,false,true,,2
OEEF_5,OEEFD,appended_external,false,false,false,true,,2
OEEF_10,OEEFD,appended_external,false,false,false,true,,2
OEEF_129,OEEFD,appended_external,false,false,false,true,,2
L14_1,L14,BigNC_external,false,false,false,true,,3
L14_2,L14,BigNC_external,false,false,false,true,,3
L14_3,L14,BigNC_external,false,false,false,true,,3
L14_4,L14,BigNC_external,false,false,false,true,,3
L14_5,L14,BigNC_external,false,false,false,true,,3
L14_6,L14,BigNC_external,false,false,false,true,,3
L14_7,L14,BigNC_external,false,false,false,true,,3
L14_8,L14,BigNC_external,false,false,false,true,,3
L14_9,L14,BigNC_external,false,false,false,true,,3
L14_10,L14,BigNC_external,false,false,false,true,,3
L14_11,L14,BigNC_external,false,false,false,true,,3
L14_12,L14,BigNC_external,false,false,false,true,,3
L14_13,L14,BigNC_external,false,false,false,true,,3
L14_14,L14,BigNC_external,false,false,false,true,,3
vL11_1,vL11,BigNC_external,false,false,false,true,,3
vL11_2,vL11,BigNC_external,false,false,false,true,,3
vL11_3,vL11,BigNC_external,false,false,false,true,,3
vL11_4,vL11,BigNC_external,false,false,false,true,,3
vL11_5,vL11,BigNC_external,false,false,false,true,,3
vL11_6,vL11,BigNC_external,false,false,false,true,,3
vL11_7,vL11,BigNC_external,false,false,false,true,,3
vL11_8,vL11,BigNC_external,false,false,false,true,,3
vL11_9,vL11,BigNC_external,false,false,false,true,,3
vL11_10,vL11,BigNC_external,false,false,false,true,,3
vL11_11,vL11,BigNC_external,false,false,false,true,,3
GDB_W1-F12_1,GDB_W1-F12,GDB9_W1_F12_external,false,false,false,true,,4
GDB_W1-F12_2,GDB_W1-F12,GDB9_W1_F12_external,false,false,false,true,,5
GDB_W1-F12_3,GDB_W1-F12,GDB9_W1_F12_external,false,false,false,true,,5
GDB_W1-F12_4,GDB_W1-F12,GDB9_W1_F12_external,false,false,false,true,,3
GDB_W1-F12_5,GDB_W1-F12,GDB9_W1_F12_external,false,false,false,true,,4
GDB_W1-F12_6,GDB_W1-F12,GDB9_W1_F12_external,false,false,false,true,,3
GDB_W1-F12_7,GDB_W1-F12,GDB9_W1_F12_external,false,false,false,true,,4
GDB_W1-F12_8,GDB_W1-F12,GDB9_W1_F12_external,false,false,false,true,,3
GDB_W1-F12_9,GDB_W1-F12,GDB9_W1_F12_external,false,false,false,true,,4
GDB_W1-F12_10,GDB_W1-F12,GDB9_W1_F12_external,false,false,false,true,,5
GDB_W1-F12_11,GDB_W1-F12,GDB9_W1_F12_external,false,false,false,true,,3
GDB_W1-F12_12,GDB_W1-F12,GDB9_W1_F12_external,false,false,false,true,,3
GDB_W1-F12_13,GDB_W1-F12,GDB9_W1_F12_external,false,false,false,true,,4
GDB_W1-F12_14,GDB_W1-F12,GDB9_W1_F12_external,false,false,false,true,,4
GDB_W1-F12_15,GDB_W1-F12,GDB9_W1_F12_external,false,false,false,true,,4
GDB_W1-F12_16,GDB_W1-F12,GDB9_W1_F12_external,false,false,false,true,,5
GDB_W1-F12_17,GDB_W1-F12,GDB9_W1_F12_external,false,false,false,true,,4
GDB_W1-F12_18,GDB_W1-F12,GDB9_W1_F12_external,false,false,false,true,,5
GDB_W1-F12_19,GDB_W1-F12,GDB9_W1_F12_external,false,false,false,true,,4
GDB_W1-F12_20,GDB_W1-F12,GDB9_W1_F12_external,false,false,false,true,,4
GDB_W1-F12_21,GDB_W1-F12,GDB9_W1_F12_external,false,false,false,true,,3
GDB_W1-F12_22,GDB_W1-F12,GDB9_W1_F12_external,false,false,false,true,,4
GDB_W1-F12_23,GDB_W1-F12,GDB9_W1_F12_external,false,false,false,true,,4
GDB_W1-F12_24,GDB_W1-F12,GDB9_W1_F12_external,false,false,false,true,,4
GDB_W1-F12_25,GDB_W1-F12,GDB9_W1_F12_external,false,false,false,true,,3
GDB_W1-F12_26,GDB_W1-F12,GDB9_W1_F12_external,false,false,false,true,,4
GDB_W1-F12_27,GDB_W1-F12,GDB9_W1_F12_external,false,false,false,true,,4
GDB_W1-F12_28,GDB_W1-F12,GDB9_W1_F12_external,false,false,false,true,,4
GDB_W1-F12_29,GDB_W1-F12,GDB9_W1_F12_external,false,false,false,true,,3
GDB_W1-F12_30,GDB_W1-F12,GDB9_W1_F12_external,false,false,false,true,,4
GDB_W1-F12_31,GDB_W1-F12,GDB9_W1_F12_external,false,false,false,true,,5
GDB_W1-F12_32,GDB_W1-F12,GDB9_W1_F12_external,false,false,false,true,,4
GDB_W1-F12_33,GDB_W1-F12,GDB9_W1_F12_external,false,false,false,true,,4
GDB_W1-F12_34,GDB_W1-F12,GDB9_W1_F12_external,false,false,false,true,,5
GDB_W1-F12_35,GDB_W1-F12,GDB9_W1_F12_external,false,false,false,true,,3
GDB_W1-F12_36,GDB_W1-F12,GDB9_W1_F12_external,false,false,false,true,,4
GDB_W1-F12_37,GDB_W1-F12,GDB9_W1_F12_external,false,false,false,true,,4
GDB_W1-F12_38,GDB_W1-F12,GDB9_W1_F12_external,false,false,false,true,,5
GDB_W1-F12_39,GDB_W1-F12,GDB9_W1_F12_external,false,false,false,true,,4
GDB_W1-F12_40,GDB_W1-F12,GDB9_W1_F12_external,false,false,false,true,,4
GDB_W1-F12_41,GDB_W1-F12,GDB9_W1_F12_external,false,false,false,true,,5
GDB_W1-F12_42,GDB_W1-F12,GDB9_W1_F12_external,false,false,false,true,,5
GDB_W1-F12_43,GDB_W1-F12,GDB9_W1_F12_external,false,false,false,true,,3
GDB_W1-F12_44,GDB_W1-F12,GDB9_W1_F12_external,false,false,false,true,,4
GDB_W1-F12_45,GDB_W1-F12,GDB9_W1_F12_external,false,false,false,true,,4
GDB_W1-F12_46,GDB_W1-F12,GDB9_W1_F12_external,false,false,false,true,,4
GDB_W1-F12_47,GDB_W1-F12,GDB9_W1_F12_external,false,false,false,true,,5
GDB_W1-F12_48,GDB_W1-F12,GDB9_W1_F12_external,false,false,false,true,,4
GDB_W1-F12_49,GDB_W1-F12,GDB9_W1_F12_external,false,false,false,true,,4
GDB_W1-F12_50,GDB_W1-F12,GDB9_W1_F12_external,false,false,false,true,,5
GDB_W1-F12_51,GDB_W1-F12,GDB9_W1_F12_external,false,false,false,true,,4
GDB_W1-F12_52,GDB_W1-F12,GDB9_W1_F12_external,false,false,false,true,,4
GDB_W1-F12_53,GDB_W1-F12,GDB9_W1_F12_external,false,false,false,true,,5
GDB_W1-F12_54,GDB_W1-F12,GDB9_W1_F12_external,false,false,false,true,,5
GDB_W1-F12_55,GDB_W1-F12,GDB9_W1_F12_external,false,false,false,true,,5
GDB_W1-F12_56,GDB_W1-F12,GDB9_W1_F12_external,false,false,false,true,,4
GDB_W1-F12_57,GDB_W1-F12,GDB9_W1_F12_external,false,false,false,true,,5
GDB_W1-F12_58,GDB_W1-F12,GDB9_W1_F12_external,false,false,false,true,,5
GDB_W1-F12_59,GDB_W1-F12,GDB9_W1_F12_external,false,false,false,true,,5
GDB_W1-F12_60,GDB_W1-F12,GDB9_W1_F12_external,false,false,false,true,,4
GDB_W1-F12_61,GDB_W1-F12,GDB9_W1_F12_external,false,false,false,true,,4
GDB_W1-F12_62,GDB_W1-F12,GDB9_W1_F12_external,false,false,false,true,,3
GDB_W1-F12_63,GDB_W1-F12,GDB9_W1_F12_external,false,false,false,true,,4
GDB_W1-F12_64,GDB_W1-F12,GDB9_W1_F12_external,false,false,false,true,,4
GDB_W1-F12_65,GDB_W1-F12,GDB9_W1_F12_external,false,false,false,true,,3
GDB_W1-F12_66,GDB_W1-F12,GDB9_W1_F12_external,false,false,false,true,,4
GDB_W1-F12_67,GDB_W1-F12,GDB9_W1_F12_external,false,false,false,true,,4
GDB_W1-F12_68,GDB_W1-F12,GDB9_W1_F12_external,false,false,false,true,,5
GDB_W1-F12_69,GDB_W1-F12,GDB9_W1_F12_external,false,false,false,true,,4
GDB_W1-F12_70,GDB_W1-F12,GDB9_W1_F12_external,false,false,false,true,,5
GDB_W1-F12_71,GDB_W1-F12,GDB9_W1_F12_external,false,false,false,true,,4
GDB_W1-F12_72,GDB_W1-F12,GDB9_W1_F12_external,false,false,false,true,,5
GDB_W1-F12_73,GDB_W1-F12,GDB9_W1_F12_external,false,false,false,true,,4
GDB_W1-F12_74,GDB_W1-F12,GDB9_W1_F12_external,false,false,false,true,,3
GDB_W1-F12_75,GDB_W1-F12,GDB9_W1_F12_external,false,false,false,true,,4
GDB_W1-F12_76,GDB_W1-F12,GDB9_W1_F12_external,false,false,false,true,,4
GDB_W1-F12_77,GDB_W1-F12,GDB9_W1_F12_external,false,false,false,true,,4
GDB_W1-F12_78,GDB_W1-F12,GDB9_W1_F12_external,false,false,false,true,,3
GDB_W1-F12_79,GDB_W1-F12,GDB9_W1_F12_external,false,false,false,true,,4
GDB_W1-F12_80,GDB_W1-F12,GDB9_W1_F12_external,false,false,false,true,,4
GDB_W1-F12_81,GDB_W1-F12,GDB9_W1_F12_external,false,false,false,true,,4
GDB_W1-F12_82,GDB_W1-F12,GDB9_W1_F12_external,false,false,false,true,,4
GDB_W1-F12_83,GDB_W1-F12,GDB9_W1_F12_external,false,false,false,true,,4
GDB_W1-F12_84,GDB_W1-F12,GDB9_W1_F12_external,false,false,false,true,,3
GDB_W1-F12_85,GDB_W1-F12,GDB9_W1_F12_external,false,false,false,true,,4
GDB_W1-F12_86,GDB_W1-F12,GDB9_W1_F12_external,false,false,false,true,,4
GDB_W1-F12_87,GDB_W1-F12,GDB9_W1_F12_external,false,false,false,true,,4
GDB_W1-F12_88,GDB_W1-F12,GDB9_W1_F12_external,false,false,false,true,,5
GDB_W1-F12_89,GDB_W1-F12,GDB9_W1_F12_external,false,false,false,true,,5
GDB_W1-F12_90,GDB_W1-F12,GDB9_W1_F12_external,false,false,false,true,,5
GDB_W1-F12_91,GDB_W1-F12,GDB9_W1_F12_external,false,false,false,true,,5
GDB_W1-F12_92,GDB_W1-F12,GDB9_W1_F12_external,false,false,false,true,,3
GDB_W1-F12_93,GDB_W1-F12,GDB9_W1_F12_external,false,false,false,true,,4
GDB_W1-F12_94,GDB_W1-F12,GDB9_W1_F12_external,false,false,false,true,,4
GDB_W1-F12_95,GDB_W1-F12,GDB9_W1_F12_external,false,false,false,true,,4
GDB_W1-F12_96,GDB_W1-F12,GDB9_W1_F12_external,false,false,false,true,,3
GDB_W1-F12_97,GDB_W1-F12,GDB9_W1_F12_external,false,false,false,true,,5
GDB_W1-F12_98,GDB_W1-F12,GDB9_W1_F12_external,false,false,false,true,,3
GDB_W1-F12_99,GDB_W1-F12,GDB9_W1_F12_external,false,false,false,true,,4
GDB_W1-F12_100,GDB_W1-F12,GDB9_W1_F12_external,false,false,false,true,,4
GDB_W1-F12_101,GDB_W1-F12,GDB9_W1_F12_external,false,false,false,true,,4
GDB_W1-F12_102,GDB_W1-F12,GDB9_W1_F12_external,false,false,false,true,,5
GDB_W1-F12_103,GDB_W1-F12,GDB9_W1_F12_external,false,false,false,true,,4
GDB_W1-F12_104,GDB_W1-F12,GDB9_W1_F12_external,false,false,false,true,,5
GDB_W1-F12_105,GDB_W1-F12,GDB9_W1_F12_external,false,false,false,true,,4
GDB_W1-F12_106,GDB_W1-F12,GDB9_W1_F12_external,false,false,false,true,,5
GDB_W1-F12_107,GDB_W1-F12,GDB9_W1_F12_external,false,false,false,true,,4
GDB_W1-F12_108,GDB_W1-F12,GDB9_W1_F12_external,false,false,false,true,,4
GDB_W1-F12_109,GDB_W1-F12,GDB9_W1_F12_external,false,false,false,true,,4
GDB_W1-F12_110,GDB_W1-F12,GDB9_W1_F12_external,false,false,false,true,,3
GDB_W1-F12_111,GDB_W1-F12,GDB9_W1_F12_external,false,false,false,true,,4
GDB_W1-F12_112,GDB_W1-F12,GDB9_W1_F12_external,false,false,false,true,,4
GDB_W1-F12_113,GDB_W1-F12,GDB9_W1_F12_external,false,false,false,true,,4
GDB_W1-F12_114,GDB_W1-F12,GDB9_W1_F12_external,false,false,false,true,,4
GDB_W1-F12_115,GDB_W1-F12,GDB9_W1_F12_external,false,false,false,true,,4
GDB_W1-F12_116,GDB_W1-F12,GDB9_W1_F12_external,false,false,false,true,,3
GDB_W1-F12_117,GDB_W1-F12,GDB9_W1_F12_external,false,false,false,true,,4
GDB_W1-F12_118,GDB_W1-F12,GDB9_W1_F12_external,false,false,false,true,,4
GDB_W1-F12_119,GDB_W1-F12,GDB9_W1_F12_external,false,false,false,true,,4
GDB_W1-F12_120,GDB_W1-F12,GDB9_W1_F12_external,false,false,false,true,,4
GDB_W1-F12_121,GDB_W1-F12,GDB9_W1_F12_external,false,false,false,true,,5
GDB_W1-F12_122,GDB_W1-F12,GDB9_W1_F12_external,false,false,false,true,,5
GDB_W1-F12_123,GDB_W1-F12,GDB9_W1_F12_external,false,false,false,true,,4
GDB_W1-F12_124,GDB_W1-F12,GDB9_W1_F12_external,false,false,false,true,,5
GDB_W1-F12_125,GDB_W1-F12,GDB9_W1_F12_external,false,false,false,true,,3
GDB_W1-F12_126,GDB_W1-F12,GDB9_W1_F12_external,false,false,false,true,,4
GDB_W1-F12_127,GDB_W1-F12,GDB9_W1_F12_external,false,false,false,true,,4
GDB_W1-F12_128,GDB_W1-F12,GDB9_W1_F12_external,false,false,false,true,,4
GDB_W1-F12_129,GDB_W1-F12,GDB9_W1_F12_external,false,false,false,true,,5
GDB_W1-F12_130,GDB_W1-F12,GDB9_W1_F12_external,false,false,false,true,,4
GDB_W1-F12_131,GDB_W1-F12,GDB9_W1_F12_external,false,false,false,true,,3
GDB_W1-F12_132,GDB_W1-F12,GDB9_W1_F12_external,false,false,false,true,,5
GDB_W1-F12_133,GDB_W1-F12,GDB9_W1_F12_external,false,false,false,true,,4
GDB_W1-F12_134,GDB_W1-F12,GDB9_W1_F12_external,false,false,false,true,,4
GDB_W1-F12_135,GDB_W1-F12,GDB9_W1_F12_external,false,false,false,true,,4
GDB_W1-F12_136,GDB_W1-F12,GDB9_W1_F12_external,false,false,false,true,,3
GDB_W1-F12_137,GDB_W1-F12,GDB9_W1_F12_external,false,false,false,true,,4
GDB_W1-F12_138,GDB_W1-F12,GDB9_W1_F12_external,false,false,false,true,,4
GDB_W1-F12_139,GDB_W1-F12,GDB9_W1_F12_external,false,false,false,true,,4
GDB_W1-F12_140,GDB_W1-F12,GDB9_W1_F12_external,false,false,false,true,,4
GDB_W1-F12_141,GDB_W1-F12,GDB9_W1_F12_external,false,false,false,true,,4
GDB_W1-F12_142,GDB_W1-F12,GDB9_W1_F12_external,false,false,false,true,,4
GDB_W1-F12_143,GDB_W1-F12,GDB9_W1_F12_external,false,false,false,true,,4
GDB_W1-F12_144,GDB_W1-F12,GDB9_W1_F12_external,false,false,false,true,,5
GDB_W1-F12_145,GDB_W1-F12,GDB9_W1_F12_external,false,false,false,true,,5
GDB_W1-F12_146,GDB_W1-F12,GDB9_W1_F12_external,false,false,false,true,,5
GDB_W1-F12_147,GDB_W1-F12,GDB9_W1_F12_external,false,false,false,true,,5
GDB_W1-F12_148,GDB_W1-F12,GDB9_W1_F12_external,false,false,false,true,,5
GDB_W1-F12_149,GDB_W1-F12,GDB9_W1_F12_external,false,false,false,true,,5
GDB_W1-F12_150,GDB_W1-F12,GDB9_W1_F12_external,false,false,false,true,,5
GDB_W1-F12_151,GDB_W1-F12,GDB9_W1_F12_external,false,false,false,true,,5
GDB_W1-F12_152,GDB_W1-F12,GDB9_W1_F12_external,false,false,false,true,,5
GDB_W1-F12_153,GDB_W1-F12,GDB9_W1_F12_external,false,false,false,true,,5
GDB_W1-F12_154,GDB_W1-F12,GDB9_W1_F12_external,false,false,false,true,,5
GDB_W1-F12_155,GDB_W1-F12,GDB9_W1_F12_external,false,false,false,true,,3
GDB_W1-F12_156,GDB_W1-F12,GDB9_W1_F12_external,false,false,false,true,,5
GDB_W1-F12_157,GDB_W1-F12,GDB9_W1_F12_external,false,false,false,true,,5
GDB_W1-F12_158,GDB_W1-F12,GDB9_W1_F12_external,false,false,false,true,,5
GDB_W1-F12_159,GDB_W1-F12,GDB9_W1_F12_external,false,false,false,true,,5
GDB_W1-F12_160,GDB_W1-F12,GDB9_W1_F12_external,false,false,false,true,,4
GDB_W1-F12_161,GDB_W1-F12,GDB9_W1_F12_external,false,false,false,true,,4
GDB_W1-F12_162,GDB_W1-F12,GDB9_W1_F12_external,false,false,false,true,,4
GDB_W1-F12_163,GDB_W1-F12,GDB9_W1_F12_external,false,false,false,true,,5
GDB_W1-F12_164,GDB_W1-F12,GDB9_W1_F12_external,false,false,false,true,,5
GDB_W1-F12_165,GDB_W1-F12,GDB9_W1_F12_external,false,false,false,true,,4
GDB_W1-F12_166,GDB_W1-F12,GDB9_W1_F12_external,false,false,false,true,,5
GDB_W1-F12_167,GDB_W1-F12,GDB9_W1_F12_external,false,false,false,true,,5
GDB_W1-F12_168,GDB_W1-F12,GDB9_W1_F12_external,false,false,false,true,,5
GDB_W1-F12_169,GDB_W1-F12,GDB9_W1_F12_external,false,false,false,true,,5
GDB_W1-F12_170,GDB_W1-F12,GDB9_W1_F12_external,false,false,false,true,,5
GDB_W1-F12_171,GDB_W1-F12,GDB9_W1_F12_external,false,false,false,true,,5
GDB_W1-F12_172,GDB_W1-F12,GDB9_W1_F12_external,false,false,false,true,,4
GDB_W1-F12_173,GDB_W1-F12,GDB9_W1_F12_external,false,false,false,true,,4
GDB_W1-F12_174,GDB_W1-F12,GDB9_W1_F12_external,false,false,false,true,,4
GDB_W1-F12_175,GDB_W1-F12,GDB9_W1_F12_external,false,false,false,true,,5
GDB_W1-F12_176,GDB_W1-F12,GDB9_W1_F12_external,false,false,false,true,,4
GDB_W1-F12_177,GDB_W1-F12,GDB9_W1_F12_external,false,false,false,true,,4
GDB_W1-F12_178,GDB_W1-F12,GDB9_W1_F12_external,false,false,false,true,,5
GDB_W1-F12_179,GDB_W1-F12,GDB9_W1_F12_external,false,false,false,true,,5
GDB_W1-F12_180,GDB_W1-F12,GDB9_W1_F12_external,false,false,false,true,,5
GDB_W1-F12_181,GDB_W1-F12,GDB9_W1_F12_external,false,false,false,true,,5
GDB_W1-F12_182,GDB_W1-F12,GDB9_W1_F12_external,false,false,false,true,,5
GDB_W1-F12_183,GDB_W1-F12,GDB9_W1_F12_external,false,false,false,true,,4
GDB_W1-F12_184,GDB_W1-F12,GDB9_W1_F12_external,false,false,false,true,,3
GDB_W1-F12_185,GDB_W1-F12,GDB9_W1_F12_external,false,false,false,true,,4
GDB_W1-F12_186,GDB_W1-F12,GDB9_W1_F12_external,false,false,false,true,,4
GDB_W1-F12_187,GDB_W1-F12,GDB9_W1_F12_external,false,false,false,true,,4
GDB_W1-F12_188,GDB_W1-F12,GDB9_W1_F12_external,false,false,false,true,,4
GDB_W1-F12_189,GDB_W1-F12,GDB9_W1_F12_external,false,false,false,true,,3
GDB_W1-F12_190,GDB_W1-F12,GDB9_W1_F12_external,false,false,false,true,,4
GDB_W1-F12_191,GDB_W1-F12,GDB9_W1_F12_external,false,false,false,true,,4
GDB_W1-F12_192,GDB_W1-F12,GDB9_W1_F12_external,false,false,false,true,,4
GDB_W1-F12_193,GDB_W1-F12,GDB9_W1_F12_external,false,false,false,true,,5
GDB_W1-F12_194,GDB_W1-F12,GDB9_W1_F12_external,false,false,false,true,,4
GDB_W1-F12_195,GDB_W1-F12,GDB9_W1_F12_external,false,false,false,true,,4
GDB_W1-F12_196,GDB_W1-F12,GDB9_W1_F12_external,false,false,false,true,,4
GDB_W1-F12_197,GDB_W1-F12,GDB9_W1_F12_external,false,false,false,true,,4
GDB_W1-F12_198,GDB_W1-F12,GDB9_W1_F12_external,false,false,false,true,,3
GDB_W1-F12_199,GDB_W1-F12,GDB9_W1_F12_external,false,false,false,true,,4
GDB_W1-F12_200,GDB_W1-F12,GDB9_W1_F12_external,false,false,false,true,,4
GDB_W1-F12_201,GDB_W1-F12,GDB9_W1_F12_external,false,false,false,true,,4
GDB_W1-F12_202,GDB_W1-F12,GDB9_W1_F12_external,false,false,false,true,,5
GDB_W1-F12_203,GDB_W1-F12,GDB9_W1_F12_external,false,false,false,true,,3
GDB_W1-F12_204,GDB_W1-F12,GDB9_W1_F12_external,false,false,false,true,,4
GDB_W1-F12_205,GDB_W1-F12,GDB9_W1_F12_external,false,false,false,true,,4
GDB_W1-F12_206,GDB_W1-F12,GDB9_W1_F12_external,false,false,false,true,,5
GDB_W1-F12_207,GDB_W1-F12,GDB9_W1_F12_external,false,false,false,true,,5
GDB_W1-F12_208,GDB_W1-F12,GDB9_W1_F12_external,false,false,false,true,,5
GDB_W1-F12_209,GDB_W1-F12,GDB9_W1_F12_external,false,false,false,true,,5
GDB_W1-F12_210,GDB_W1-F12,GDB9_W1_F12_external,false,false,false,true,,5
GDB_W1-F12_211,GDB_W1-F12,GDB9_W1_F12_external,false,false,false,true,,4
GDB_W1-F12_212,GDB_W1-F12,GDB9_W1_F12_external,false,false,false,true,,5
GDB_W1-F12_213,GDB_W1-F12,GDB9_W1_F12_external,false,false,false,true,,5
GDB_W1-F12_214,GDB_W1-F12,GDB9_W1_F12_external,false,false,false,true,,5
GDB_W1-F12_215,GDB_W1-F12,GDB9_W1_F12_external,false,false,false,true,,5
GDB_W1-F12_216,GDB_W1-F12,GDB9_W1_F12_external,false,false,false,true,,5
GDB_W1-F12_217,GDB_W1-F12,GDB9_W1_F12_external,false,false,false,true,,5
GDB_W1-F12_218,GDB_W1-F12,GDB9_W1_F12_external,false,false,false,true,,5
GDB_W1-F12_219,GDB_W1-F12,GDB9_W1_F12_external,false,false,false,true,,5
GDB_W1-F12_220,GDB_W1-F12,GDB9_W1_F12_external,false,false,false,true,,3
GDB_W1-F12_221,GDB_W1-F12,GDB9_W1_F12_external,false,false,false,true,,4
GDB_W1-F12_222,GDB_W1-F12,GDB9_W1_F12_external,false,false,false,true,,4
GDB_W1-F12_223,GDB_W1-F12,GDB9_W1_F12_external,false,false,false,true,,5
GDB_W1-F12_224,GDB_W1-F12,GDB9_W1_F12_external,false,false,false,true,,4
GDB_W1-F12_225,GDB_W1-F12,GDB9_W1_F12_external,false,false,false,true,,4
GDB_W1-F12_226,GDB_W1-F12,GDB9_W1_F12_external,false,false,false,true,,5
GDB_W1-F12_227,GDB_W1-F12,GDB9_W1_F12_external,false,false,false,true,,4
GDB_W1-F12_228,GDB_W1-F12,GDB9_W1_F12_external,false,false,false,true,,4
GDB_W1-F12_229,GDB_W1-F12,GDB9_W1_F12_external,false,false,false,true,,5
GDB_W1-F12_230,GDB_W1-F12,GDB9_W1_F12_external,false,false,false,true,,4
GDB_W1-F12_231,GDB_W1-F12,GDB9_W1_F12_external,false,false,false,true,,4
GDB_W1-F12_232,GDB_W1-F12,GDB9_W1_F12_external,false,false,false,true,,5
GDB_W1-F12_233,GDB_W1-F12,GDB9_W1_F12_external,false,false,false,true,,5
GDB_W1-F12_234,GDB_W1-F12,GDB9_W1_F12_external,false,false,false,true,,5
GDB_W1-F12_235,GDB_W1-F12,GDB9_W1_F12_external,false,false,false,true,,4
GDB_W1-F12_236,GDB_W1-F12,GDB9_W1_F12_external,false,false,false,true,,5
GDB_W1-F12_237,GDB_W1-F12,GDB9_W1_F12_external,false,false,false,true,,5
GDB_W1-F12_238,GDB_W1-F12,GDB9_W1_F12_external,false,false,false,true,,4
GDB_W1-F12_239,GDB_W1-F12,GDB9_W1_F12_external,false,false,false,true,,5
GDB_W1-F12_240,GDB_W1-F12,GDB9_W1_F12_external,false,false,false,true,,5
GDB_W1-F12_241,GDB_W1-F12,GDB9_W1_F12_external,false,false,false,true,,5
GDB_W1-F12_242,GDB_W1-F12,GDB9_W1_F12_external,false,false,false,true,,4
GDB_W1-F12_243,GDB_W1-F12,GDB9_W1_F12_external,false,false,false,true,,4
GDB_W1-F12_244,GDB_W1-F12,GDB9_W1_F12_external,false,false,false,true,,3
GDB_W1-F12_245,GDB_W1-F12,GDB9_W1_F12_external,false,false,false,true,,4
GDB_W1-F12_246,GDB_W1-F12,GDB9_W1_F12_external,false,false,false,true,,4
GDB_W1-F12_247,GDB_W1-F12,GDB9_W1_F12_external,false,false,false,true,,4
GDB_W1-F12_248,GDB_W1-F12,GDB9_W1_F12_external,false,false,false,true,,4
GDB_W1-F12_249,GDB_W1-F12,GDB9_W1_F12_external,false,false,false,true,,4
GDB_W1-F12_250,GDB_W1-F12,GDB9_W1_F12_external,false,false,false,true,,5
GDB_W1-F12_251,GDB_W1-F12,GDB9_W1_F12_external,false,false,false,true,,5
GDB_W1-F12_252,GDB_W1-F12,GDB9_W1_F12_external,false,false,false,true,,5
GDB_W1-F12_253,GDB_W1-F12,GDB9_W1_F12_external,false,false,false,true,,5
GDB_W1-F12_254,GDB_W1-F12,GDB9_W1_F12_external,false,false,false,true,,4
GDB_W1-F12_255,GDB_W1-F12,GDB9_W1_F12_external,false,false,false,true,,5
GDB_W1-F12_256,GDB_W1-F12,GDB9_W1_F12_external,false,false,false,true,,5
GDB_W1-F12_257,GDB_W1-F12,GDB9_W1_F12_external,false,false,false,true,,4
GDB_W1-F12_258,GDB_W1-F12,GDB9_W1_F12_external,false,false,false,true,,5
GDB_W1-F12_259,GDB_W1-F12,GDB9_W1_F12_external,false,false,false,true,,5
GDB_W1-F12_260,GDB_W1-F12,GDB9_W1_F12_external,false,false,false,true,,5
GDB_W1-F12_261,GDB_W1-F12,GDB9_W1_F12_external,false,false,false,true,,3
GDB_W1-F12_262,GDB_W1-F12,GDB9_W1_F12_external,false,false,false,true,,4
GDB_W1-F12_263,GDB_W1-F12,GDB9_W1_F12_external,false,false,false,true,,4
GDB_W1-F12_264,GDB_W1-F12,GDB9_W1_F12_external,false,false,false,true,,3
GDB_W1-F12_265,GDB_W1-F12,GDB9_W1_F12_external,false,false,false,true,,4
GDB_W1-F12_266,GDB_W1-F12,GDB9_W1_F12_external,false,false,false,true,,4
GDB_W1-F12_267,GDB_W1-F12,GDB9_W1_F12_external,false,false,false,true,,4
GDB_W1-F12_268,GDB_W1-F12,GDB9_W1_F12_external,false,false,false,true,,4
GDB_W1-F12_269,GDB_W1-F12,GDB9_W1_F12_external,false,false,false,true,,4
GDB_W1-F12_270,GDB_W1-F12,GDB9_W1_F12_external,false,false,false,true,,4
GDB_W1-F12_271,GDB_W1-F12,GDB9_W1_F12_external,false,false,false,true,,3
GDB_W1-F12_272,GDB_W1-F12,GDB9_W1_F12_external,false,false,false,true,,4
GDB_W1-F12_273,GDB_W1-F12,GDB9_W1_F12_external,false,false,false,true,,4
GDB_W1-F12_274,GDB_W1-F12,GDB9_W1_F12_external,false,false,false,true,,4
GDB_W1-F12_275,GDB_W1-F12,GDB9_W1_F12_external,false,false,false,true,,4
GDB_W1-F12_276,GDB_W1-F12,GDB9_W1_F12_external,false,false,false,true,,5
GDB_W1-F12_277,GDB_W1-F12,GDB9_W1_F12_external,false,false,false,true,,4
GDB_W1-F12_278,GDB_W1-F12,GDB9_W1_F12_external,false,false,false,true,,5
GDB_W1-F12_279,GDB_W1-F12,GDB9_W1_F12_external,false,false,false,true,,4
GDB_W1-F12_280,GDB_W1-F12,GDB9_W1_F12_external,false,false,false,true,,3
GDB_W1-F12_281,GDB_W1-F12,GDB9_W1_F12_external,false,false,false,true,,4
GDB_W1-F12_282,GDB_W1-F12,GDB9_W1_F12_external,false,false,false,true,,4
GDB_W1-F12_283,GDB_W1-F12,GDB9_W1_F12_external,false,false,false,true,,5
GDB_W1-F12_284,GDB_W1-F12,GDB9_W1_F12_external,false,false,false,true,,4
GDB_W1-F12_285,GDB_W1-F12,GDB9_W1_F12_external,false,false,false,true,,3
GDB_W1-F12_286,GDB_W1-F12,GDB9_W1_F12_external,false,false,false,true,,4
GDB_W1-F12_287,GDB_W1-F12,GDB9_W1_F12_external,false,false,false,true,,4
GDB_W1-F12_288,GDB_W1-F12,GDB9_W1_F12_external,false,false,false,true,,4
GDB_W1-F12_289,GDB_W1-F12,GDB9_W1_F12_external,false,false,false,true,,5
GDB_W1-F12_290,GDB_W1-F12,GDB9_W1_F12_external,false,false,false,true,,4
GDB_W1-F12_291,GDB_W1-F12,GDB9_W1_F12_external,false,false,false,true,,5
GDB_W1-F12_292,GDB_W1-F12,GDB9_W1_F12_external,false,false,false,true,,4
GDB_W1-F12_293,GDB_W1-F12,GDB9_W1_F12_external,false,false,false,true,,4
GDB_W1-F12_294,GDB_W1-F12,GDB9_W1_F12_external,false,false,false,true,,5
GDB_W1-F12_295,GDB_W1-F12,GDB9_W1_F12_external,false,false,false,true,,4
GDB_W1-F12_296,GDB_W1-F12,GDB9_W1_F12_external,false,false,false,true,,3
GDB_W1-F12_297,GDB_W1-F12,GDB9_W1_F12_external,false,false,false,true,,4
GDB_W1-F12_298,GDB_W1-F12,GDB9_W1_F12_external,false,false,false,true,,4
GDB_W1-F12_299,GDB_W1-F12,GDB9_W1_F12_external,false,false,false,true,,4
GDB_W1-F12_300,GDB_W1-F12,GDB9_W1_F12_external,false,false,false,true,,4
GDB_W1-F12_301,GDB_W1-F12,GDB9_W1_F12_external,false,false,false,true,,4
GDB_W1-F12_302,GDB_W1-F12,GDB9_W1_F12_external,false,false,false,true,,5
GDB_W1-F12_303,GDB_W1-F12,GDB9_W1_F12_external,false,false,false,true,,5
GDB_W1-F12_304,GDB_W1-F12,GDB9_W1_F12_external,false,false,false,true,,4
GDB_W1-F12_305,GDB_W1-F12,GDB9_W1_F12_external,false,false,false,true,,5
GDB_W1-F12_306,GDB_W1-F12,GDB9_W1_F12_external,false,false,false,true,,4
GDB_W1-F12_307,GDB_W1-F12,GDB9_W1_F12_external,false,false,false,true,,5
GDB_W1-F12_308,GDB_W1-F12,GDB9_W1_F12_external,false,false,false,true,,4
GDB_W1-F12_309,GDB_W1-F12,GDB9_W1_F12_external,false,false,false,true,,5
GDB_W1-F12_310,GDB_W1-F12,GDB9_W1_F12_external,false,false,false,true,,5
GDB_W1-F12_311,GDB_W1-F12,GDB9_W1_F12_external,false,false,false,true,,4
GDB_W1-F12_312,GDB_W1-F12,GDB9_W1_F12_external,false,false,false,true,,4
GDB_W1-F12_313,GDB_W1-F12,GDB9_W1_F12_external,false,false,false,true,,5
GDB_W1-F12_314,GDB_W1-F12,GDB9_W1_F12_external,false,false,false,true,,4
GDB_W1-F12_315,GDB_W1-F12,GDB9_W1_F12_external,false,false,false,true,,5
GDB_W1-F12_316,GDB_W1-F12,GDB9_W1_F12_external,false,false,false,true,,4
GDB_W1-F12_317,GDB_W1-F12,GDB9_W1_F12_external,false,false,false,true,,5
GDB_W1-F12_318,GDB_W1-F12,GDB9_W1_F12_external,false,false,false,true,,4
GDB_W1-F12_319,GDB_W1-F12,GDB9_W1_F12_external,false,false,false,true,,5
GDB_W1-F12_320,GDB_W1-F12,GDB9_W1_F12_external,false,false,false,true,,4
GDB_W1-F12_321,GDB_W1-F12,GDB9_W1_F12_external,false,false,false,true,,5
GDB_W1-F12_322,GDB_W1-F12,GDB9_W1_F12_external,false,false,false,true,,5
GDB_W1-F12_323,GDB_W1-F12,GDB9_W1_F12_external,false,false,false,true,,5
GDB_W1-F12_324,GDB_W1-F12,GDB9_W1_F12_external,false,false,false,true,,4
GDB_W1-F12_325,GDB_W1-F12,GDB9_W1_F12_external,false,false,false,true,,4
GDB_W1-F12_326,GDB_W1-F12,GDB9_W1_F12_external,false,false,false,true,,4
GDB_W1-F12_327,GDB_W1-F12,GDB9_W1_F12_external,false,false,false,true,,4
GDB_W1-F12_328,GDB_W1-F12,GDB9_W1_F12_external,false,false,false,true,,5
GDB_W1-F12_329,GDB_W1-F12,GDB9_W1_F12_external,false,false,false,true,,4
GDB_W1-F12_330,GDB_W1-F12,GDB9_W1_F12_external,false,false,false,true,,5
GDB_W1-F12_331,GDB_W1-F12,GDB9_W1_F12_external,false,false,false,true,,5
GDB_W1-F12_332,GDB_W1-F12,GDB9_W1_F12_external,false,false,false,true,,5
GDB_W1-F12_333,GDB_W1-F12,GDB9_W1_F12_external,false,false,false,true,,5
GDB_W1-F12_334,GDB_W1-F12,GDB9_W1_F12_external,false,false,false,true,,4
GDB_W1-F12_335,GDB_W1-F12,GDB9_W1_F12_external,false,false,false,true,,4
GDB_W1-F12_336,GDB_W1-F12,GDB9_W1_F12_external,false,false,false,true,,4
GDB_W1-F12_337,GDB_W1-F12,GDB9_W1_F12_external,false,false,false,true,,5
GDB_W1-F12_338,GDB_W1-F12,GDB9_W1_F12_external,false,false,false,true,,3
GDB_W1-F12_339,GDB_W1-F12,GDB9_W1_F12_external,false,false,false,true,,4
GDB_W1-F12_340,GDB_W1-F12,GDB9_W1_F12_external,false,false,false,true,,4
GDB_W1-F12_341,GDB_W1-F12,GDB9_W1_F12_external,false,false,false,true,,4
GDB_W1-F12_342,GDB_W1-F12,GDB9_W1_F12_external,false,false,false,true,,4
GDB_W1-F12_343,GDB_W1-F12,GDB9_W1_F12_external,false,false,false,true,,4
GDB_W1-F12_344,GDB_W1-F12,GDB9_W1_F12_external,false,false,false,true,,5
GDB_W1-F12_345,GDB_W1-F12,GDB9_W1_F12_external,false,false,false,true,,5
GDB_W1-F12_346,GDB_W1-F12,GDB9_W1_F12_external,false,false,false,true,,4
GDB_W1-F12_347,GDB_W1-F12,GDB9_W1_F12_external,false,false,false,true,,5
GDB_W1-F12_348,GDB_W1-F12,GDB9_W1_F12_external,false,false,false,true,,4
GDB_W1-F12_349,GDB_W1-F12,GDB9_W1_F12_external,false,false,false,true,,5
GDB_W1-F12_350,GDB_W1-F12,GDB9_W1_F12_external,false,false,false,true,,4
GDB_W1-F12_351,GDB_W1-F12,GDB9_W1_F12_external,false,false,false,true,,4
GDB_W1-F12_352,GDB_W1-F12,GDB9_W1_F12_external,false,false,false,true,,4
GDB_W1-F12_353,GDB_W1-F12,GDB9_W1_F12_external,false,false,false,true,,5
GDB_W1-F12_354,GDB_W1-F12,GDB9_W1_F12_external,false,false,false,true,,4
GDB_W1-F12_355,GDB_W1-F12,GDB9_W1_F12_external,false,false,false,true,,4
GDB_W1-F12_356,GDB_W1-F12,GDB9_W1_F12_external,false,false,false,true,,4
GDB_W1-F12_357,GDB_W1-F12,GDB9_W1_F12_external,false,false,false,true,,3
GDB_W1-F12_358,GDB_W1-F12,GDB9_W1_F12_external,false,false,false,true,,4
GDB_W1-F12_359,GDB_W1-F12,GDB9_W1_F12_external,false,false,false,true,,4
GDB_W1-F12_360,GDB_W1-F12,GDB9_W1_F12_external,false,false,false,true,,4
GDB_W1-F12_361,GDB_W1-F12,GDB9_W1_F12_external,false,false,false,true,,4
GDB_W1-F12_362,GDB_W1-F12,GDB9_W1_F12_external,false,false,false,true,,4
GDB_W1-F12_363,GDB_W1-F12,GDB9_W1_F12_external,false,false,false,true,,3
GDB_W1-F12_364,GDB_W1-F12,GDB9_W1_F12_external,false,false,false,true,,4
GDB_W1-F12_365,GDB_W1-F12,GDB9_W1_F12_external,false,false,false,true,,4
GDB_W1-F12_366,GDB_W1-F12,GDB9_W1_F12_external,false,false,false,true,,4
GDB_W1-F12_367,GDB_W1-F12,GDB9_W1_F12_external,false,false,false,true,,4
GDB_W1-F12_368,GDB_W1-F12,GDB9_W1_F12_external,false,false,false,true,,5
GDB_W1-F12_369,GDB_W1-F12,GDB9_W1_F12_external,false,false,false,true,,4
GDB_W1-F12_370,GDB_W1-F12,GDB9_W1_F12_external,false,false,false,true,,4
GDB_W1-F12_371,GDB_W1-F12,GDB9_W1_F12_external,false,false,false,true,,5
GDB_W1-F12_372,GDB_W1-F12,GDB9_W1_F12_external,false,false,false,true,,4
GDB_W1-F12_373,GDB_W1-F12,GDB9_W1_F12_external,false,false,false,true,,5
GDB_W1-F12_374,GDB_W1-F12,GDB9_W1_F12_external,false,false,false,true,,4
GDB_W1-F12_375,GDB_W1-F12,GDB9_W1_F12_external,false,false,false,true,,4
GDB_W1-F12_376,GDB_W1-F12,GDB9_W1_F12_external,false,false,false,true,,4
GDB_W1-F12_377,GDB_W1-F12,GDB9_W1_F12_external,false,false,false,true,,5
GDB_W1-F12_378,GDB_W1-F12,GDB9_W1_F12_external,false,false,false,true,,4
GDB_W1-F12_379,GDB_W1-F12,GDB9_W1_F12_external,false,false,false,true,,3
GDB_W1-F12_380,GDB_W1-F12,GDB9_W1_F12_external,false,false,false,true,,4
GDB_W1-F12_381,GDB_W1-F12,GDB9_W1_F12_external,false,false,false,true,,4
GDB_W1-F12_382,GDB_W1-F12,GDB9_W1_F12_external,false,false,false,true,,4
GDB_W1-F12_383,GDB_W1-F12,GDB9_W1_F12_external,false,false,false,true,,4
GDB_W1-F12_384,GDB_W1-F12,GDB9_W1_F12_external,false,false,false,true,,4
GDB_W1-F12_385,GDB_W1-F12,GDB9_W1_F12_external,false,false,false,true,,5
GDB_W1-F12_386,GDB_W1-F12,GDB9_W1_F12_external,false,false,false,true,,5
GDB_W1-F12_387,GDB_W1-F12,GDB9_W1_F12_external,false,false,false,true,,4
GDB_W1-F12_388,GDB_W1-F12,GDB9_W1_F12_external,false,false,false,true,,5
GDB_W1-F12_389,GDB_W1-F12,GDB9_W1_F12_external,false,false,false,true,,4
GDB_W1-F12_390,GDB_W1-F12,GDB9_W1_F12_external,false,false,false,true,,5
GDB_W1-F12_391,GDB_W1-F12,GDB9_W1_F12_external,false,false,false,true,,5
GDB_W1-F12_392,GDB_W1-F12,GDB9_W1_F12_external,false,false,false,true,,5
GDB_W1-F12_393,GDB_W1-F12,GDB9_W1_F12_external,false,false,false,true,,4
GDB_W1-F12_394,GDB_W1-F12,GDB9_W1_F12_external,false,false,false,true,,5
GDB_W1-F12_395,GDB_W1-F12,GDB9_W1_F12_external,false,false,false,true,,5
GDB_W1-F12_396,GDB_W1-F12,GDB9_W1_F12_external,false,false,false,true,,4
GDB_W1-F12_397,GDB_W1-F12,GDB9_W1_F12_external,false,false,false,true,,3
GDB_W1-F12_398,GDB_W1-F12,GDB9_W1_F12_external,false,false,false,true,,4
GDB_W1-F12_399,GDB_W1-F12,GDB9_W1_F12_external,false,false,false,true,,4
GDB_W1-F12_400,GDB_W1-F12,GDB9_W1_F12_external,false,false,false,true,,4
GDB_W1-F12_401,GDB_W1-F12,GDB9_W1_F12_external,false,false,false,true,,4
GDB_W1-F12_402,GDB_W1-F12,GDB9_W1_F12_external,false,false,false,true,,4
GDB_W1-F12_403,GDB_W1-F12,GDB9_W1_F12_external,false,false,false,true,,4
GDB_W1-F12_404,GDB_W1-F12,GDB9_W1_F12_external,false,false,false,true,,5
GDB_W1-F12_405,GDB_W1-F12,GDB9_W1_F12_external,false,false,false,true,,5
GDB_W1-F12_406,GDB_W1-F12,GDB9_W1_F12_external,false,false,false,true,,5
GDB_W1-F12_407,GDB_W1-F12,GDB9_W1_F12_external,false,false,false,true,,5
GDB_W1-F12_408,GDB_W1-F12,GDB9_W1_F12_external,false,false,false,true,,4
GDB_W1-F12_409,GDB_W1-F12,GDB9_W1_F12_external,false,false,false,true,,5
GDB_W1-F12_410,GDB_W1-F12,GDB9_W1_F12_external,false,false,false,true,,5
GDB_W1-F12_411,GDB_W1-F12,GDB9_W1_F12_external,false,false,false,true,,5
GDB_W1-F12_412,GDB_W1-F12,GDB9_W1_F12_external,false,false,false,true,,5
GDB_W1-F12_413,GDB_W1-F12,GDB9_W1_F12_external,false,false,false,true,,4
GDB_W1-F12_414,GDB_W1-F12,GDB9_W1_F12_external,false,false,false,true,,5
GDB_W1-F12_415,GDB_W1-F12,GDB9_W1_F12_external,false,false,false,true,,4
GDB_W1-F12_416,GDB_W1-F12,GDB9_W1_F12_external,false,false,false,true,,4
GDB_W1-F12_417,GDB_W1-F12,GDB9_W1_F12_external,false,false,false,true,,4
GDB_W1-F12_418,GDB_W1-F12,GDB9_W1_F12_external,false,false,false,true,,5
GDB_W1-F12_419,GDB_W1-F12,GDB9_W1_F12_external,false,false,false,true,,5
GDB_W1-F12_420,GDB_W1-F12,GDB9_W1_F12_external,false,false,false,true,,4
GDB_W1-F12_421,GDB_W1-F12,GDB9_W1_F12_external,false,false,false,true,,3
GDB_W1-F12_422,GDB_W1-F12,GDB9_W1_F12_external,false,false,false,true,,4
GDB_W1-F12_423,GDB_W1-F12,GDB9_W1_F12_external,false,false,false,true,,5
GDB_W1-F12_424,GDB_W1-F12,GDB9_W1_F12_external,false,false,false,true,,3
GDB_W1-F12_425,GDB_W1-F12,GDB9_W1_F12_external,false,false,false,true,,5
GDB_W1-F12_426,GDB_W1-F12,GDB9_W1_F12_external,false,false,false,true,,4
GDB_W1-F12_427,GDB_W1-F12,GDB9_W1_F12_external,false,false,false,true,,3
GDB_W1-F12_428,GDB_W1-F12,GDB9_W1_F12_external,false,false,false,true,,5
GDB_W1-F12_429,GDB_W1-F12,GDB9_W1_F12_external,false,false,false,true,,4
GDB_W1-F12_430,GDB_W1-F12,GDB9_W1_F12_external,false,false,false,true,,4
GDB_W1-F12_431,GDB_W1-F12,GDB9_W1_F12_external,false,false,false,true,,3
GDB_W1-F12_432,GDB_W1-F12,GDB9_W1_F12_external,false,false,false,true,,4
GDB_W1-F12_433,GDB_W1-F12,GDB9_W1_F12_external,false,false,false,true,,4
GDB_W1-F12_434,GDB_W1-F12,GDB9_W1_F12_external,false,false,false,true,,4
GDB_W1-F12_435,GDB_W1-F12,GDB9_W1_F12_external,false,false,false,true,,4
GDB_W1-F12_436,GDB_W1-F12,GDB9_W1_F12_external,false,false,false,true,,4
GDB_W1-F12_437,GDB_W1-F12,GDB9_W1_F12_external,false,false,false,true,,4
GDB_W1-F12_438,GDB_W1-F12,GDB9_W1_F12_external,false,false,false,true,,3
GDB_W1-F12_439,GDB_W1-F12,GDB9_W1_F12_external,false,false,false,true,,4
GDB_W1-F12_440,GDB_W1-F12,GDB9_W1_F12_external,false,false,false,true,,4
GDB_W1-F12_441,GDB_W1-F12,GDB9_W1_F12_external,false,false,false,true,,4
GDB_W1-F12_442,GDB_W1-F12,GDB9_W1_F12_external,false,false,false,true,,4
GDB_W1-F12_443,GDB_W1-F12,GDB9_W1_F12_external,false,false,false,true,,3
GDB_W1-F12_444,GDB_W1-F12,GDB9_W1_F12_external,false,false,false,true,,4
GDB_W1-F12_445,GDB_W1-F12,GDB9_W1_F12_external,false,false,false,true,,4
GDB_W1-F12_446,GDB_W1-F12,GDB9_W1_F12_external,false,false,false,true,,4
GDB_W1-F12_447,GDB_W1-F12,GDB9_W1_F12_external,false,false,false,true,,4
GDB_W1-F12_448,GDB_W1-F12,GDB9_W1_F12_external,false,false,false,true,,4
GDB_W1-F12_449,GDB_W1-F12,GDB9_W1_F12_external,false,false,false,true,,4
GDB_W1-F12_450,GDB_W1-F12,GDB9_W1_F12_external,false,false,false,true,,3
GDB_W1-F12_451,GDB_W1-F12,GDB9_W1_F12_external,false,false,false,true,,3
GDB_W1-F12_452,GDB_W1-F12,GDB9_W1_F12_external,false,false,false,true,,4
GDB_W1-F12_453,GDB_W1-F12,GDB9_W1_F12_external,false,false,false,true,,4
GDB_W1-F12_454,GDB_W1-F12,GDB9_W1_F12_external,false,false,false,true,,4
GDB_W1-F12_455,GDB_W1-F12,GDB9_W1_F12_external,false,false,false,true,,5
GDB_W1-F12_456,GDB_W1-F12,GDB9_W1_F12_external,false,false,false,true,,4
GDB_W1-F12_457,GDB_W1-F12,GDB9_W1_F12_external,false,false,false,true,,5
GDB_W1-F12_458,GDB_W1-F12,GDB9_W1_F12_external,false,false,false,true,,5
GDB_W1-F12_459,GDB_W1-F12,GDB9_W1_F12_external,false,false,false,true,,4
GDB_W1-F12_460,GDB_W1-F12,GDB9_W1_F12_external,false,false,false,true,,5
GDB_W1-F12_461,GDB_W1-F12,GDB9_W1_F12_external,false,false,false,true,,5
GDB_W1-F12_462,GDB_W1-F12,GDB9_W1_F12_external,false,false,false,true,,5
GDB_W1-F12_463,GDB_W1-F12,GDB9_W1_F12_external,false,false,false,true,,4
GDB_W1-F12_464,GDB_W1-F12,GDB9_W1_F12_external,false,false,false,true,,5
GDB_W1-F12_465,GDB_W1-F12,GDB9_W1_F12_external,false,false,false,true,,5
GDB_W1-F12_466,GDB_W1-F12,GDB9_W1_F12_external,false,false,false,true,,4
GDB_W1-F12_467,GDB_W1-F12,GDB9_W1_F12_external,false,false,false,true,,5
GDB_W1-F12_468,GDB_W1-F12,GDB9_W1_F12_external,false,false,false,true,,4
GDB_W1-F12_469,GDB_W1-F12,GDB9_W1_F12_external,false,false,false,true,,3
GDB_W1-F12_470,GDB_W1-F12,GDB9_W1_F12_external,false,false,false,true,,4
GDB_W1-F12_471,GDB_W1-F12,GDB9_W1_F12_external,false,false,false,true,,4
GDB_W1-F12_472,GDB_W1-F12,GDB9_W1_F12_external,false,false,false,true,,5
GDB_W1-F12_473,GDB_W1-F12,GDB9_W1_F12_external,false,false,false,true,,5
GDB_W1-F12_474,GDB_W1-F12,GDB9_W1_F12_external,false,false,false,true,,3
GDB_W1-F12_475,GDB_W1-F12,GDB9_W1_F12_external,false,false,false,true,,4
GDB_W1-F12_476,GDB_W1-F12,GDB9_W1_F12_external,false,false,false,true,,4
GDB_W1-F12_477,GDB_W1-F12,GDB9_W1_F12_external,false,false,false,true,,5
GDB_W1-F12_478,GDB_W1-F12,GDB9_W1_F12_external,false,false,false,true,,4
GDB_W1-F12_479,GDB_W1-F12,GDB9_W1_F12_external,false,false,false,true,,4
GDB_W1-F12_480,GDB_W1-F12,GDB9_W1_F12_external,false,false,false,true,,3
GDB_W1-F12_481,GDB_W1-F12,GDB9_W1_F12_external,false,false,false,true,,4
GDB_W1-F12_482,GDB_W1-F12,GDB9_W1_F12_external,false,false,false,true,,4
GDB_W1-F12_483,GDB_W1-F12,GDB9_W1_F12_external,false,false,false,true,,5
GDB_W1-F12_484,GDB_W1-F12,GDB9_W1_F12_external,false,false,false,true,,4
GDB_W1-F12_485,GDB_W1-F12,GDB9_W1_F12_external,false,false,false,true,,3
GDB_W1-F12_486,GDB_W1-F12,GDB9_W1_F12_external,false,false,false,true,,4
GDB_W1-F12_487,GDB_W1-F12,GDB9_W1_F12_external,false,false,false,true,,5
GDB_W1-F12_488,GDB_W1-F12,GDB9_W1_F12_external,false,false,false,true,,3
GDB_W1-F12_489,GDB_W1-F12,GDB9_W1_F12_external,false,false,false,true,,4
GDB_W1-F12_490,GDB_W1-F12,GDB9_W1_F12_external,false,false,false,true,,4
GDB_W1-F12_491,GDB_W1-F12,GDB9_W1_F12_external,false,false,false,true,,4
GDB_W1-F12_492,GDB_W1-F12,GDB9_W1_F12_external,false,false,false,true,,5
GDB_W1-F12_493,GDB_W1-F12,GDB9_W1_F12_external,false,false,false,true,,4
GDB_W1-F12_494,GDB_W1-F12,GDB9_W1_F12_external,false,false,false,true,,5
GDB_W1-F12_495,GDB_W1-F12,GDB9_W1_F12_external,false,false,false,true,,4
GDB_W1-F12_496,GDB_W1-F12,GDB9_W1_F12_external,false,false,false,true,,5
GDB_W1-F12_497,GDB_W1-F12,GDB9_W1_F12_external,false,false,false,true,,4
GDB_W1-F12_498,GDB_W1-F12,GDB9_W1_F12_external,false,false,false,true,,5
GDB_W1-F12_499,GDB_W1-F12,GDB9_W1_F12_external,false,false,false,true,,4
GDB_W1-F12_500,GDB_W1-F12,GDB9_W1_F12_external,false,false,false,true,,4
GDB_W1-F12_501,GDB_W1-F12,GDB9_W1_F12_external,false,false,false,true,,4
GDB_W1-F12_502,GDB_W1-F12,GDB9_W1_F12_external,false,false,false,true,,4
GDB_W1-F12_503,GDB_W1-F12,GDB9_W1_F12_external,false,false,false,true,,5
GDB_W1-F12_504,GDB_W1-F12,GDB9_W1_F12_external,false,false,false,true,,5
GDB_W1-F12_505,GDB_W1-F12,GDB9_W1_F12_external,false,false,false,true,,4
GDB_W1-F12_506,GDB_W1-F12,GDB9_W1_F12_external,false,false,false,true,,3
GDB_W1-F12_507,GDB_W1-F12,GDB9_W1_F12_external,false,false,false,true,,4
GDB_W1-F12_508,GDB_W1-F12,GDB9_W1_F12_external,false,false,false,true,,4
GDB_W1-F12_509,GDB_W1-F12,GDB9_W1_F12_external,false,false,false,true,,4
GDB_W1-F12_510,GDB_W1-F12,GDB9_W1_F12_external,false,false,false,true,,4
GDB_W1-F12_511,GDB_W1-F12,GDB9_W1_F12_external,false,false,false,true,,4
GDB_W1-F12_512,GDB_W1-F12,GDB9_W1_F12_external,false,false,false,true,,4
GDB_W1-F12_513,GDB_W1-F12,GDB9_W1_F12_external,false,false,false,true,,4
GDB_W1-F12_514,GDB_W1-F12,GDB9_W1_F12_external,false,false,false,true,,3
GDB_W1-F12_515,GDB_W1-F12,GDB9_W1_F12_external,false,false,false,true,,4
GDB_W1-F12_516,GDB_W1-F12,GDB9_W1_F12_external,false,false,false,true,,4
GDB_W1-F12_517,GDB_W1-F12,GDB9_W1_F12_external,false,false,false,true,,4
GDB_W1-F12_518,GDB_W1-F12,GDB9_W1_F12_external,false,false,false,true,,4
GDB_W1-F12_519,GDB_W1-F12,GDB9_W1_F12_external,false,false,false,true,,5
GDB_W1-F12_520,GDB_W1-F12,GDB9_W1_F12_external,false,false,false,true,,5
GDB_W1-F12_521,GDB_W1-F12,GDB9_W1_F12_external,false,false,false,true,,4
GDB_W1-F12_522,GDB_W1-F12,GDB9_W1_F12_external,false,false,false,true,,4
GDB_W1-F12_523,GDB_W1-F12,GDB9_W1_F12_external,false,false,false,true,,4
GDB_W1-F12_524,GDB_W1-F12,GDB9_W1_F12_external,false,false,false,true,,5
GDB_W1-F12_525,GDB_W1-F12,GDB9_W1_F12_external,false,false,false,true,,5
GDB_W1-F12_526,GDB_W1-F12,GDB9_W1_F12_external,false,false,false,true,,3
GDB_W1-F12_527,GDB_W1-F12,GDB9_W1_F12_external,false,false,false,true,,4
GDB_W1-F12_528,GDB_W1-F12,GDB9_W1_F12_external,false,false,false,true,,4
GDB_W1-F12_529,GDB_W1-F12,GDB9_W1_F12_external,false,false,false,true,,4
GDB_W1-F12_530,GDB_W1-F12,GDB9_W1_F12_external,false,false,false,true,,4
GDB_W1-F12_531,GDB_W1-F12,GDB9_W1_F12_external,false,false,false,true,,4
GDB_W1-F12_532,GDB_W1-F12,GDB9_W1_F12_external,false,false,false,true,,4
GDB_W1-F12_533,GDB_W1-F12,GDB9_W1_F12_external,false,false,false,true,,4
GDB_W1-F12_534,GDB_W1-F12,GDB9_W1_F12_external,false,false,false,true,,3
GDB_W1-F12_535,GDB_W1-F12,GDB9_W1_F12_external,false,false,false,true,,4
GDB_W1-F12_536,GDB_W1-F12,GDB9_W1_F12_external,false,false,false,true,,4
GDB_W1-F12_537,GDB_W1-F12,GDB9_W1_F12_external,false,false,false,true,,4
GDB_W1-F12_538,GDB_W1-F12,GDB9_W1_F12_external,false,false,false,true,,4
GDB_W1-F12_539,GDB_W1-F12,GDB9_W1_F12_external,false,false,false,true,,5
GDB_W1-F12_540,GDB_W1-F12,GDB9_W1_F12_external,false,false,false,true,,4
GDB_W1-F12_541,GDB_W1-F12,GDB9_W1_F12_external,false,false,false,true,,5
GDB_W1-F12_542,GDB_W1-F12,GDB9_W1_F12_external,false,false,false,true,,4
GDB_W1-F12_543,GDB_W1-F12,GDB9_W1_F12_external,false,false,false,true,,5
GDB_W1-F12_544,GDB_W1-F12,GDB9_W1_F12_external,false,false,false,true,,4
GDB_W1-F12_545,GDB_W1-F12,GDB9_W1_F12_external,false,false,false,true,,5
GDB_W1-F12_546,GDB_W1-F12,GDB9_W1_F12_external,false,false,false,true,,5
GDB_W1-F12_547,GDB_W1-F12,GDB9_W1_F12_external,false,false,false,true,,4
GDB_W1-F12_548,GDB_W1-F12,GDB9_W1_F12_external,false,false,false,true,,3
GDB_W1-F12_549,GDB_W1-F12,GDB9_W1_F12_external,false,false,false,true,,4
GDB_W1-F12_550,GDB_W1-F12,GDB9_W1_F12_external,false,false,false,true,,4
GDB_W1-F12_551,GDB_W1-F12,GDB9_W1_F12_external,false,false,false,true,,3
GDB_W1-F12_552,GDB_W1-F12,GDB9_W1_F12_external,false,false,false,true,,4
GDB_W1-F12_553,GDB_W1-F12,GDB9_W1_F12_external,false,false,false,true,,4
GDB_W1-F12_554,GDB_W1-F12,GDB9_W1_F12_external,false,false,false,true,,4
GDB_W1-F12_555,GDB_W1-F12,GDB9_W1_F12_external,false,false,false,true,,4
GDB_W1-F12_556,GDB_W1-F12,GDB9_W1_F12_external,false,false,false,true,,5
GDB_W1-F12_557,GDB_W1-F12,GDB9_W1_F12_external,false,false,false,true,,4
GDB_W1-F12_558,GDB_W1-F12,GDB9_W1_F12_external,false,false,false,true,,4
GDB_W1-F12_559,GDB_W1-F12,GDB9_W1_F12_external,false,false,false,true,,4
GDB_W1-F12_560,GDB_W1-F12,GDB9_W1_F12_external,false,false,false,true,,3
GDB_W1-F12_561,GDB_W1-F12,GDB9_W1_F12_external,false,false,false,true,,4
GDB_W1-F12_562,GDB_W1-F12,GDB9_W1_F12_external,false,false,false,true,,4
GDB_W1-F12_563,GDB_W1-F12,GDB9_W1_F12_external,false,false,false,true,,4
GDB_W1-F12_564,GDB_W1-F12,GDB9_W1_F12_external,false,false,false,true,,4
GDB_W1-F12_565,GDB_W1-F12,GDB9_W1_F12_external,false,false,false,true,,5
GDB_W1-F12_566,GDB_W1-F12,GDB9_W1_F12_external,false,false,false,true,,4
GDB_W1-F12_567,GDB_W1-F12,GDB9_W1_F12_external,false,false,false,true,,4
GDB_W1-F12_568,GDB_W1-F12,GDB9_W1_F12_external,false,false,false,true,,4
GDB_W1-F12_569,GDB_W1-F12,GDB9_W1_F12_external,false,false,false,true,,5
GDB_W1-F12_570,GDB_W1-F12,GDB9_W1_F12_external,false,false,false,true,,4
GDB_W1-F12_571,GDB_W1-F12,GDB9_W1_F12_external,false,false,false,true,,5
GDB_W1-F12_572,GDB_W1-F12,GDB9_W1_F12_external,false,false,false,true,,5
GDB_W1-F12_573,GDB_W1-F12,GDB9_W1_F12_external,false,false,false,true,,4
GDB_W1-F12_574,GDB_W1-F12,GDB9_W1_F12_external,false,false,false,true,,5
GDB_W1-F12_575,GDB_W1-F12,GDB9_W1_F12_external,false,false,false,true,,4
GDB_W1-F12_576,GDB_W1-F12,GDB9_W1_F12_external,false,false,false,true,,4
GDB_W1-F12_577,GDB_W1-F12,GDB9_W1_F12_external,false,false,false,true,,5
GDB_W1-F12_578,GDB_W1-F12,GDB9_W1_F12_external,false,false,false,true,,4
GDB_W1-F12_579,GDB_W1-F12,GDB9_W1_F12_external,false,false,false,true,,3
GDB_W1-F12_580,GDB_W1-F12,GDB9_W1_F12_external,false,false,false,true,,4
GDB_W1-F12_581,GDB_W1-F12,GDB9_W1_F12_external,false,false,false,true,,4
GDB_W1-F12_582,GDB_W1-F12,GDB9_W1_F12_external,false,false,false,true,,4
GDB_W1-F12_583,GDB_W1-F12,GDB9_W1_F12_external,false,false,false,true,,4
GDB_W1-F12_584,GDB_W1-F12,GDB9_W1_F12_external,false,false,false,true,,5
GDB_W1-F12_585,GDB_W1-F12,GDB9_W1_F12_external,false,false,false,true,,4
GDB_W1-F12_586,GDB_W1-F12,GDB9_W1_F12_external,false,false,false,true,,4
GDB_W1-F12_587,GDB_W1-F12,GDB9_W1_F12_external,false,false,false,true,,4
GDB_W1-F12_588,GDB_W1-F12,GDB9_W1_F12_external,false,false,false,true,,4
GDB_W1-F12_589,GDB_W1-F12,GDB9_W1_F12_external,false,false,false,true,,5
GDB_W1-F12_590,GDB_W1-F12,GDB9_W1_F12_external,false,false,false,true,,4
GDB_W1-F12_591,GDB_W1-F12,GDB9_W1_F12_external,false,false,false,true,,5
GDB_W1-F12_592,GDB_W1-F12,GDB9_W1_F12_external,false,false,false,true,,5
GDB_W1-F12_593,GDB_W1-F12,GDB9_W1_F12_external,false,false,false,true,,5
GDB_W1-F12_594,GDB_W1-F12,GDB9_W1_F12_external,false,false,false,true,,5
GDB_W1-F12_595,GDB_W1-F12,GDB9_W1_F12_external,false,false,false,true,,5
GDB_W1-F12_596,GDB_W1-F12,GDB9_W1_F12_external,false,false,false,true,,3
GDB_W1-F12_597,GDB_W1-F12,GDB9_W1_F12_external,false,false,false,true,,4
GDB_W1-F12_598,GDB_W1-F12,GDB9_W1_F12_external,false,false,false,true,,4
GDB_W1-F12_599,GDB_W1-F12,GDB9_W1_F12_external,false,false,false,true,,4
GDB_W1-F12_600,GDB_W1-F12,GDB9_W1_F12_external,false,false,false,true,,5
GDB_W1-F12_601,GDB_W1-F12,GDB9_W1_F12_external,false,false,false,true,,4
GDB_W1-F12_602,GDB_W1-F12,GDB9_W1_F12_external,false,false,false,true,,3
GDB_W1-F12_603,GDB_W1-F12,GDB9_W1_F12_external,false,false,false,true,,4
GDB_W1-F12_604,GDB_W1-F12,GDB9_W1_F12_external,false,false,false,true,,4
GDB_W1-F12_605,GDB_W1-F12,GDB9_W1_F12_external,false,false,false,true,,5
GDB_W1-F12_606,GDB_W1-F12,GDB9_W1_F12_external,false,false,false,true,,4
GDB_W1-F12_607,GDB_W1-F12,GDB9_W1_F12_external,false,false,false,true,,4
GDB_W1-F12_608,GDB_W1-F12,GDB9_W1_F12_external,false,false,false,true,,3
GDB_W1-F12_609,GDB_W1-F12,GDB9_W1_F12_external,false,false,false,true,,4
GDB_W1-F12_610,GDB_W1-F12,GDB9_W1_F12_external,false,false,false,true,,3
GDB_W1-F12_611,GDB_W1-F12,GDB9_W1_F12_external,false,false,false,true,,4
GDB_W1-F12_612,GDB_W1-F12,GDB9_W1_F12_external,false,false,false,true,,4
GDB_W1-F12_613,GDB_W1-F12,GDB9_W1_F12_external,false,false,false,true,,3
GDB_W1-F12_614,GDB_W1-F12,GDB9_W1_F12_external,false,false,false,true,,4
GDB_W1-F12_615,GDB_W1-F12,GDB9_W1_F12_external,false,false,false,true,,4
GDB_W1-F12_616,GDB_W1-F12,GDB9_W1_F12_external,false,false,false,true,,4
GDB_W1-F12_617,GDB_W1-F12,GDB9_W1_F12_external,false,false,false,true,,3
GDB_W1-F12_618,GDB_W1-F12,GDB9_W1_F12_external,false,false,false,true,,5
GDB_W1-F12_619,GDB_W1-F12,GDB9_W1_F12_external,false,false,false,true,,3
GDB_W1-F12_620,GDB_W1-F12,GDB9_W1_F12_external,false,false,false,true,,4
GDB_W1-F12_621,GDB_W1-F12,GDB9_W1_F12_external,false,false,false,true,,4
GDB_W1-F12_622,GDB_W1-F12,GDB9_W1_F12_external,false,false,false,true,,4
GDB_W1-F12_623,GDB_W1-F12,GDB9_W1_F12_external,false,false,false,true,,3
GDB_W1-F12_624,GDB_W1-F12,GDB9_W1_F12_external,false,false,false,true,,4
GDB_W1-F12_625,GDB_W1-F12,GDB9_W1_F12_external,false,false,false,true,,4
GDB_W1-F12_626,GDB_W1-F12,GDB9_W1_F12_external,false,false,false,true,,3
GDB_W1-F12_627,GDB_W1-F12,GDB9_W1_F12_external,false,false,false,true,,4
GDB_W1-F12_628,GDB_W1-F12,GDB9_W1_F12_external,false,false,false,true,,4
GDB_W1-F12_629,GDB_W1-F12,GDB9_W1_F12_external,false,false,false,true,,4
GDB_W1-F12_630,GDB_W1-F12,GDB9_W1_F12_external,false,false,false,true,,3
GDB_W1-F12_631,GDB_W1-F12,GDB9_W1_F12_external,false,false,false,true,,5
GDB_W1-F12_632,GDB_W1-F12,GDB9_W1_F12_external,false,false,false,true,,4
GDB_W1-F12_633,GDB_W1-F12,GDB9_W1_F12_external,false,false,false,true,,4
GDB_W1-F12_634,GDB_W1-F12,GDB9_W1_F12_external,false,false,false,true,,3
GDB_W1-F12_635,GDB_W1-F12,GDB9_W1_F12_external,false,false,false,true,,4
GDB_W1-F12_636,GDB_W1-F12,GDB9_W1_F12_external,false,false,false,true,,4
GDB_W1-F12_637,GDB_W1-F12,GDB9_W1_F12_external,false,false,false,true,,4
GDB_W1-F12_638,GDB_W1-F12,GDB9_W1_F12_external,false,false,false,true,,4
GDB_W1-F12_639,GDB_W1-F12,GDB9_W1_F12_external,false,false,false,true,,5
GDB_W1-F12_640,GDB_W1-F12,GDB9_W1_F12_external,false,false,false,true,,4
GDB_W1-F12_641,GDB_W1-F12,GDB9_W1_F12_external,false,false,false,true,,5
GDB_W1-F12_642,GDB_W1-F12,GDB9_W1_F12_external,false,false,false,true,,4
GDB_W1-F12_643,GDB_W1-F12,GDB9_W1_F12_external,false,false,false,true,,5
GDB_W1-F12_644,GDB_W1-F12,GDB9_W1_F12_external,false,false,false,true,,5
GDB_W1-F12_645,GDB_W1-F12,GDB9_W1_F12_external,false,false,false,true,,4
GDB_W1-F12_646,GDB_W1-F12,GDB9_W1_F12_external,false,false,false,true,,5
GDB_W1-F12_647,GDB_W1-F12,GDB9_W1_F12_external,false,false,false,true,,5
GDB_W1-F12_648,GDB_W1-F12,GDB9_W1_F12_external,false,false,false,true,,4
GDB_W1-F12_649,GDB_W1-F12,GDB9_W1_F12_external,false,false,false,true,,3
GDB_W1-F12_650,GDB_W1-F12,GDB9_W1_F12_external,false,false,false,true,,4
GDB_W1-F12_651,GDB_W1-F12,GDB9_W1_F12_external,false,false,false,true,,4
GDB_W1-F12_652,GDB_W1-F12,GDB9_W1_F12_external,false,false,false,true,,4
GDB_W1-F12_653,GDB_W1-F12,GDB9_W1_F12_external,false,false,false,true,,5
GDB_W1-F12_654,GDB_W1-F12,GDB9_W1_F12_external,false,false,false,true,,4
GDB_W1-F12_655,GDB_W1-F12,GDB9_W1_F12_external,false,false,false,true,,3
GDB_W1-F12_656,GDB_W1-F12,GDB9_W1_F12_external,false,false,false,true,,4
GDB_W1-F12_657,GDB_W1-F12,GDB9_W1_F12_external,false,false,false,true,,4
GDB_W1-F12_658,GDB_W1-F12,GDB9_W1_F12_external,false,false,false,true,,4
GDB_W1-F12_659,GDB_W1-F12,GDB9_W1_F12_external,false,false,false,true,,5
GDB_W1-F12_660,GDB_W1-F12,GDB9_W1_F12_external,false,false,false,true,,4
GDB_W1-F12_661,GDB_W1-F12,GDB9_W1_F12_external,false,false,false,true,,3
GDB_W1-F12_662,GDB_W1-F12,GDB9_W1_F12_external,false,false,false,true,,4
GDB_W1-F12_663,GDB_W1-F12,GDB9_W1_F12_external,false,false,false,true,,4
GDB_W1-F12_664,GDB_W1-F12,GDB9_W1_F12_external,false,false,false,true,,4
GDB_W1-F12_665,GDB_W1-F12,GDB9_W1_F12_external,false,false,false,true,,5
GDB_W1-F12_666,GDB_W1-F12,GDB9_W1_F12_external,false,false,false,true,,4
GDB_W1-F12_667,GDB_W1-F12,GDB9_W1_F12_external,false,false,false,true,,3
GDB_W1-F12_668,GDB_W1-F12,GDB9_W1_F12_external,false,false,false,true,,4
GDB_W1-F12_669,GDB_W1-F12,GDB9_W1_F12_external,false,false,false,true,,4
GDB_W1-F12_670,GDB_W1-F12,GDB9_W1_F12_external,false,false,false,true,,4
GDB_W1-F12_671,GDB_W1-F12,GDB9_W1_F12_external,false,false,false,true,,4
GDB_W1-F12_672,GDB_W1-F12,GDB9_W1_F12_external,false,false,false,true,,4
GDB_W1-F12_673,GDB_W1-F12,GDB9_W1_F12_external,false,false,false,true,,4
GDB_W1-F12_674,GDB_W1-F12,GDB9_W1_F12_external,false,false,false,true,,3
GDB_W1-F12_675,GDB_W1-F12,GDB9_W1_F12_external,false,false,false,true,,4
GDB_W1-F12_676,GDB_W1-F12,GDB9_W1_F12_external,false,false,false,true,,4
GDB_W1-F12_677,GDB_W1-F12,GDB9_W1_F12_external,false,false,false,true,,4
GDB_W1-F12_678,GDB_W1-F12,GDB9_W1_F12_external,false,false,false,true,,3
GDB_W1-F12_679,GDB_W1-F12,GDB9_W1_F12_external,false,false,false,true,,4
GDB_W1-F12_680,GDB_W1-F12,GDB9_W1_F12_external,false,false,false,true,,4
GDB_W1-F12_681,GDB_W1-F12,GDB9_W1_F12_external,false,false,false,true,,4
GDB_W1-F12_682,GDB_W1-F12,GDB9_W1_F12_external,false,false,false,true,,4
GDB_W1-F12_683,GDB_W1-F12,GDB9_W1_F12_external,false,false,false,true,,4
GDB_W1-F12_684,GDB_W1-F12,GDB9_W1_F12_external,false,false,false,true,,4
GDB_W1-F12_685,GDB_W1-F12,GDB9_W1_F12_external,false,false,false,true,,4
GDB_W1-F12_686,GDB_W1-F12,GDB9_W1_F12_external,false,false,false,true,,5
GDB_W1-F12_687,GDB_W1-F12,GDB9_W1_F12_external,false,false,false,true,,4
GDB_W1-F12_688,GDB_W1-F12,GDB9_W1_F12_external,false,false,false,true,,5
GDB_W1-F12_689,GDB_W1-F12,GDB9_W1_F12_external,false,false,false,true,,4
GDB_W1-F12_690,GDB_W1-F12,GDB9_W1_F12_external,false,false,false,true,,4
GDB_W1-F12_691,GDB_W1-F12,GDB9_W1_F12_external,false,false,false,true,,5
GDB_W1-F12_692,GDB_W1-F12,GDB9_W1_F12_external,false,false,false,true,,5
GDB_W1-F12_693,GDB_W1-F12,GDB9_W1_F12_external,false,false,false,true,,4
GDB_W1-F12_694,GDB_W1-F12,GDB9_W1_F12_external,false,false,false,true,,5
GDB_W1-F12_695,GDB_W1-F12,GDB9_W1_F12_external,false,false,false,true,,4
GDB_W1-F12_696,GDB_W1-F12,GDB9_W1_F12_external,false,false,false,true,,4
GDB_W1-F12_697,GDB_W1-F12,GDB9_W1_F12_external,false,false,false,true,,4
GDB_W1-F12_698,GDB_W1-F12,GDB9_W1_F12_external,false,false,false,true,,4
GDB_W1-F12_699,GDB_W1-F12,GDB9_W1_F12_external,false,false,false,true,,5
GDB_W1-F12_700,GDB_W1-F12,GDB9_W1_F12_external,false,false,false,true,,5
GDB_W1-F12_701,GDB_W1-F12,GDB9_W1_F12_external,false,false,false,true,,5
GDB_W1-F12_702,GDB_W1-F12,GDB9_W1_F12_external,false,false,false,true,,5
GDB_W1-F12_703,GDB_W1-F12,GDB9_W1_F12_external,false,false,false,true,,4
GDB_W1-F12_704,GDB_W1-F12,GDB9_W1_F12_external,false,false,false,true,,4
GDB_W1-F12_705,GDB_W1-F12,GDB9_W1_F12_external,false,false,false,true,,4
GDB_W1-F12_706,GDB_W1-F12,GDB9_W1_F12_external,false,false,false,true,,4
GDB_W1-F12_707,GDB_W1-F12,GDB9_W1_F12_external,false,false,false,true,,4
GDB_W1-F12_708,GDB_W1-F12,GDB9_W1_F12_external,false,false,false,true,,4
GDB_W1-F12_709,GDB_W1-F12,GDB9_W1_F12_external,false,false,false,true,,4
GDB_W1-F12_710,GDB_W1-F12,GDB9_W1_F12_external,false,false,false,true,,4
GDB_W1-F12_711,GDB_W1-F12,GDB9_W1_F12_external,false,false,false,true,,5
GDB_W1-F12_712,GDB_W1-F12,GDB9_W1_F12_external,false,false,false,true,,4
GDB_W1-F12_713,GDB_W1-F12,GDB9_W1_F12_external,false,false,false,true,,5
GDB_W1-F12_714,GDB_W1-F12,GDB9_W1_F12_external,false,false,false,true,,5
GDB_W1-F12_715,GDB_W1-F12,GDB9_W1_F12_external,false,false,false,true,,4
GDB_W1-F12_716,GDB_W1-F12,GDB9_W1_F12_external,false,false,false,true,,5
GDB_W1-F12_717,GDB_W1-F12,GDB9_W1_F12_external,false,false,false,true,,4
GDB_W1-F12_718,GDB_W1-F12,GDB9_W1_F12_external,false,false,false,true,,4
GDB_W1-F12_719,GDB_W1-F12,GDB9_W1_F12_external,false,false,false,true,,4
GDB_W1-F12_720,GDB_W1-F12,GDB9_W1_F12_external,false,false,false,true,,5
GDB_W1-F12_721,GDB_W1-F12,GDB9_W1_F12_external,false,false,false,true,,5
GDB_W1-F12_722,GDB_W1-F12,GDB9_W1_F12_external,false,false,false,true,,4
GDB_W1-F12_723,GDB_W1-F12,GDB9_W1_F12_external,false,false,false,true,,5
GDB_W1-F12_724,GDB_W1-F12,GDB9_W1_F12_external,false,false,false,true,,4
GDB_W1-F12_725,GDB_W1-F12,GDB9_W1_F12_external,false,false,false,true,,4
GDB_W1-F12_726,GDB_W1-F12,GDB9_W1_F12_external,false,false,false,true,,4
GDB_W1-F12_727,GDB_W1-F12,GDB9_W1_F12_external,false,false,false,true,,5
GDB_W1-F12_728,GDB_W1-F12,GDB9_W1_F12_external,false,false,false,true,,5
GDB_W1-F12_729,GDB_W1-F12,GDB9_W1_F12_external,false,false,false,true,,5
GDB_W1-F12_730,GDB_W1-F12,GDB9_W1_F12_external,false,false,false,true,,5
GDB_W1-F12_731,GDB_W1-F12,GDB9_W1_F12_external,false,false,false,true,,5
GDB_W1-F12_732,GDB_W1-F12,GDB9_W1_F12_external,false,false,false,true,,5
GDB_W1-F12_733,GDB_W1-F12,GDB9_W1_F12_external,false,false,false,true,,5
GDB_W1-F12_734,GDB_W1-F12,GDB9_W1_F12_external,false,false,false,true,,5
GDB_W1-F12_735,GDB_W1-F12,GDB9_W1_F12_external,false,false,false,true,,5
GDB_W1-F12_736,GDB_W1-F12,GDB9_W1_F12_external,false,false,false,true,,5
GDB_W1-F12_737,GDB_W1-F12,GDB9_W1_F12_external,false,false,false,true,,5
GDB_W1-F12_738,GDB_W1-F12,GDB9_W1_F12_external,false,false,false,true,,5
GDB_W1-F12_739,GDB_W1-F12,GDB9_W1_F12_external,false,false,false,true,,5
GDB_W1-F12_740,GDB_W1-F12,GDB9_W1_F12_external,false,false,false,true,,5
GDB_W1-F12_741,GDB_W1-F12,GDB9_W1_F12_external,false,false,false,true,,5
GDB_W1-F12_742,GDB_W1-F12,GDB9_W1_F12_external,false,false,false,true,,5
GDB_W1-F12_743,GDB_W1-F12,GDB9_W1_F12_external,false,false,false,true,,5
GDB_W1-F12_744,GDB_W1-F12,GDB9_W1_F12_external,false,false,false,true,,5
GDB_W1-F12_745,GDB_W1-F12,GDB9_W1_F12_external,false,false,false,true,,5
GDB_W1-F12_746,GDB_W1-F12,GDB9_W1_F12_external,false,false,false,true,,5
GDB_W1-F12_747,GDB_W1-F12,GDB9_W1_F12_external,false,false,false,true,,5
GDB_W1-F12_748,GDB_W1-F12,GDB9_W1_F12_external,false,false,false,true,,5
GDB_W1-F12_749,GDB_W1-F12,GDB9_W1_F12_external,false,false,false,true,,5
GDB_W1-F12_750,GDB_W1-F12,GDB9_W1_F12_external,false,false,false,true,,5
GDB_W1-F12_751,GDB_W1-F12,GDB9_W1_F12_external,false,false,false,true,,5
GDB_W1-F12_752,GDB_W1-F12,GDB9_W1_F12_external,false,false,false,true,,5
GDB_W1-F12_753,GDB_W1-F12,GDB9_W1_F12_external,false,false,false,true,,5
GDB_W1-F12_754,GDB_W1-F12,GDB9_W1_F12_external,false,false,false,true,,5
GDB_W1-F12_755,GDB_W1-F12,GDB9_W1_F12_external,false,false,false,true,,5
GDB_W1-F12_756,GDB_W1-F12,GDB9_W1_F12_external,false,false,false,true,,5
GDB_W1-F12_757,GDB_W1-F12,GDB9_W1_F12_external,false,false,false,true,,5
GDB_W1-F12_758,GDB_W1-F12,GDB9_W1_F12_external,false,false,false,true,,5
GDB_W1-F12_759,GDB_W1-F12,GDB9_W1_F12_external,false,false,false,true,,5
GDB_W1-F12_760,GDB_W1-F12,GDB9_W1_F12_external,false,false,false,true,,5
GDB_W1-F12_761,GDB_W1-F12,GDB9_W1_F12_external,false,false,false,true,,5
GDB_W1-F12_762,GDB_W1-F12,GDB9_W1_F12_external,false,false,false,true,,5
GDB_W1-F12_763,GDB_W1-F12,GDB9_W1_F12_external,false,false,false,true,,5
GDB_W1-F12_764,GDB_W1-F12,GDB9_W1_F12_external,false,false,false,true,,5
GDB_W1-F12_765,GDB_W1-F12,GDB9_W1_F12_external,false,false,false,true,,5
GDB_W1-F12_766,GDB_W1-F12,GDB9_W1_F12_external,false,false,false,true,,5
GDB_W1-F12_767,GDB_W1-F12,GDB9_W1_F12_external,false,false,false,true,,5
GDB_W1-F12_768,GDB_W1-F12,GDB9_W1_F12_external,false,false,false,true,,5
GDB_W1-F12_769,GDB_W1-F12,GDB9_W1_F12_external,false,false,false,true,,5
GDB_W1-F12_770,GDB_W1-F12,GDB9_W1_F12_external,false,false,false,true,,5
GDB_W1-F12_771,GDB_W1-F12,GDB9_W1_F12_external,false,false,false,true,,4
GDB_W1-F12_772,GDB_W1-F12,GDB9_W1_F12_external,false,false,false,true,,4
GDB_W1-F12_773,GDB_W1-F12,GDB9_W1_F12_external,false,false,false,true,,5
GDB_W1-F12_774,GDB_W1-F12,GDB9_W1_F12_external,false,false,false,true,,5
GDB_W1-F12_775,GDB_W1-F12,GDB9_W1_F12_external,false,false,false,true,,5
GDB_W1-F12_776,GDB_W1-F12,GDB9_W1_F12_external,false,false,false,true,,4
GDB_W1-F12_777,GDB_W1-F12,GDB9_W1_F12_external,false,false,false,true,,4
GDB_W1-F12_778,GDB_W1-F12,GDB9_W1_F12_external,false,false,false,true,,4
GDB_W1-F12_779,GDB_W1-F12,GDB9_W1_F12_external,false,false,false,true,,4
GDB_W1-F12_780,GDB_W1-F12,GDB9_W1_F12_external,false,false,false,true,,5
GDB_W1-F12_781,GDB_W1-F12,GDB9_W1_F12_external,false,false,false,true,,5
GDB_W1-F12_782,GDB_W1-F12,GDB9_W1_F12_external,false,false,false,true,,4
GDB_W1-F12_783,GDB_W1-F12,GDB9_W1_F12_external,false,false,false,true,,4
GDB_W1-F12_784,GDB_W1-F12,GDB9_W1_F12_external,false,false,false,true,,5
GDB_W1-F12_785,GDB_W1-F12,GDB9_W1_F12_external,false,false,false,true,,5
GDB_W1-F12_786,GDB_W1-F12,GDB9_W1_F12_external,false,false,false,true,,5
GDB_W1-F12_787,GDB_W1-F12,GDB9_W1_F12_external,false,false,false,true,,5
GDB_W1-F12_788,GDB_W1-F12,GDB9_W1_F12_external,false,false,false,true,,5
GDB_W1-F12_789,GDB_W1-F12,GDB9_W1_F12_external,false,false,false,true,,4
GDB_W1-F12_790,GDB_W1-F12,GDB9_W1_F12_external,false,false,false,true,,5
GDB_W1-F12_791,GDB_W1-F12,GDB9_W1_F12_external,false,false,false,true,,5
GDB_W1-F12_792,GDB_W1-F12,GDB9_W1_F12_external,false,false,false,true,,5
GDB_W1-F12_793,GDB_W1-F12,GDB9_W1_F12_external,false,false,false,true,,5
GDB_W1-F12_794,GDB_W1-F12,GDB9_W1_F12_external,false,false,false,true,,4
GDB_W1-F12_795,GDB_W1-F12,GDB9_W1_F12_external,false,false,false,true,,5
GDB_W1-F12_796,GDB_W1-F12,GDB9_W1_F12_external,false,false,false,true,,5
GDB_W1-F12_797,GDB_W1-F12,GDB9_W1_F12_external,false,false,false,true,,5
GDB_W1-F12_798,GDB_W1-F12,GDB9_W1_F12_external,false,false,false,true,,5
GDB_W1-F12_799,GDB_W1-F12,GDB9_W1_F12_external,false,false,false,true,,5
GDB_W1-F12_800,GDB_W1-F12,GDB9_W1_F12_external,false,false,false,true,,5
GDB_W1-F12_801,GDB_W1-F12,GDB9_W1_F12_external,false,false,false,true,,5
GDB_W1-F12_802,GDB_W1-F12,GDB9_W1_F12_external,false,false,false,true,,5
GDB_W1-F12_803,GDB_W1-F12,GDB9_W1_F12_external,false,false,false,true,,5
GDB_W1-F12_804,GDB_W1-F12,GDB9_W1_F12_external,false,false,false,true,,5
GDB_W1-F12_805,GDB_W1-F12,GDB9_W1_F12_external,false,false,false,true,,4
GDB_W1-F12_806,GDB_W1-F12,GDB9_W1_F12_external,false,false,false,true,,4
GDB_W1-F12_807,GDB_W1-F12,GDB9_W1_F12_external,false,false,false,true,,4
GDB_W1-F12_808,GDB_W1-F12,GDB9_W1_F12_external,false,false,false,true,,5
GDB_W1-F12_809,GDB_W1-F12,GDB9_W1_F12_external,false,false,false,true,,5
GDB_W1-F12_810,GDB_W1-F12,GDB9_W1_F12_external,false,false,false,true,,5
GDB_W1-F12_811,GDB_W1-F12,GDB9_W1_F12_external,false,false,false,true,,5
GDB_W1-F12_812,GDB_W1-F12,GDB9_W1_F12_external,false,false,false,true,,5
GDB_W1-F12_813,GDB_W1-F12,GDB9_W1_F12_external,false,false,false,true,,5
GDB_W1-F12_814,GDB_W1-F12,GDB9_W1_F12_external,false,false,false,true,,5
GDB_W1-F12_815,GDB_W1-F12,GDB9_W1_F12_external,false,false,false,true,,5
GDB_W1-F12_816,GDB_W1-F12,GDB9_W1_F12_external,false,false,false,true,,4
GDB_W1-F12_817,GDB_W1-F12,GDB9_W1_F12_external,false,false,false,true,,5
GDB_W1-F12_818,GDB_W1-F12,GDB9_W1_F12_external,false,false,false,true,,5
GDB_W1-F12_819,GDB_W1-F12,GDB9_W1_F12_external,false,false,false,true,,5
GDB_W1-F12_820,GDB_W1-F12,GDB9_W1_F12_external,false,false,false,true,,5
GDB_W1-F12_821,GDB_W1-F12,GDB9_W1_F12_external,false,false,false,true,,5
GDB_W1-F12_822,GDB_W1-F12,GDB9_W1_F12_external,false,false,false,true,,5
GDB_W1-F12_823,GDB_W1-F12,GDB9_W1_F12_external,false,false,false,true,,5
GDB_W1-F12_824,GDB_W1-F12,GDB9_W1_F12_external,false,false,false,true,,5
GDB_W1-F12_825,GDB_W1-F12,GDB9_W1_F12_external,false,false,false,true,,5
GDB_W1-F12_826,GDB_W1-F12,GDB9_W1_F12_external,false,false,false,true,,5
GDB_W1-F12_827,GDB_W1-F12,GDB9_W1_F12_external,false,false,false,true,,5
GDB_W1-F12_828,GDB_W1-F12,GDB9_W1_F12_external,false,false,false,true,,5
GDB_W1-F12_829,GDB_W1-F12,GDB9_W1_F12_external,false,false,false,true,,5
GDB_W1-F12_830,GDB_W1-F12,GDB9_W1_F12_external,false,false,false,true,,4
GDB_W1-F12_831,GDB_W1-F12,GDB9_W1_F12_external,false,false,false,true,,5
GDB_W1-F12_832,GDB_W1-F12,GDB9_W1_F12_external,false,false,false,true,,5
GDB_W1-F12_833,GDB_W1-F12,GDB9_W1_F12_external,false,false,false,true,,5
GDB_W1-F12_834,GDB_W1-F12,GDB9_W1_F12_external,false,false,false,true,,5
GDB_W1-F12_835,GDB_W1-F12,GDB9_W1_F12_external,false,false,false,true,,5
GDB_W1-F12_836,GDB_W1-F12,GDB9_W1_F12_external,false,false,false,true,,5
GDB_W1-F12_837,GDB_W1-F12,GDB9_W1_F12_external,false,false,false,true,,5
GDB_W1-F12_838,GDB_W1-F12,GDB9_W1_F12_external,false,false,false,true,,5
GDB_W1-F12_839,GDB_W1-F12,GDB9_W1_F12_external,false,false,false,true,,5
GDB_W1-F12_840,GDB_W1-F12,GDB9_W1_F12_external,false,false,false,true,,5
GDB_W1-F12_841,GDB_W1-F12,GDB9_W1_F12_external,false,false,false,true,,5
GDB_W1-F12_842,GDB_W1-F12,GDB9_W1_F12_external,false,false,false,true,,4
GDB_W1-F12_843,GDB_W1-F12,GDB9_W1_F12_external,false,false,false,true,,4
GDB_W1-F12_844,GDB_W1-F12,GDB9_W1_F12_external,false,false,false,true,,4
GDB_W1-F12_845,GDB_W1-F12,GDB9_W1_F12_external,false,false,false,true,,5
GDB_W1-F12_846,GDB_W1-F12,GDB9_W1_F12_external,false,false,false,true,,4
GDB_W1-F12_847,GDB_W1-F12,GDB9_W1_F12_external,false,false,false,true,,4
GDB_W1-F12_848,GDB_W1-F12,GDB9_W1_F12_external,false,false,false,true,,5
GDB_W1-F12_849,GDB_W1-F12,GDB9_W1_F12_external,false,false,false,true,,5
GDB_W1-F12_850,GDB_W1-F12,GDB9_W1_F12_external,false,false,false,true,,5
GDB_W1-F12_851,GDB_W1-F12,GDB9_W1_F12_external,false,false,false,true,,5
GDB_W1-F12_852,GDB_W1-F12,GDB9_W1_F12_external,false,false,false,true,,5
GDB_W1-F12_853,GDB_W1-F12,GDB9_W1_F12_external,false,false,false,true,,4
GDB_W1-F12_854,GDB_W1-F12,GDB9_W1_F12_external,false,false,false,true,,5
GDB_W1-F12_855,GDB_W1-F12,GDB9_W1_F12_external,false,false,false,true,,5
GDB_W1-F12_856,GDB_W1-F12,GDB9_W1_F12_external,false,false,false,true,,4
GDB_W1-F12_857,GDB_W1-F12,GDB9_W1_F12_external,false,false,false,true,,5
GDB_W1-F12_858,GDB_W1-F12,GDB9_W1_F12_external,false,false,false,true,,5
GDB_W1-F12_859,GDB_W1-F12,GDB9_W1_F12_external,false,false,false,true,,5
GDB_W1-F12_860,GDB_W1-F12,GDB9_W1_F12_external,false,false,false,true,,5
GDB_W1-F12_861,GDB_W1-F12,GDB9_W1_F12_external,false,false,false,true,,5
GDB_W1-F12_862,GDB_W1-F12,GDB9_W1_F12_external,false,false,false,true,,5
GDB_W1-F12_863,GDB_W1-F12,GDB9_W1_F12_external,false,false,false,true,,5
GDB_W1-F12_864,GDB_W1-F12,GDB9_W1_F12_external,false,false,false,true,,5
GDB_W1-F12_865,GDB_W1-F12,GDB9_W1_F12_external,false,false,false,true,,5
GDB_W1-F12_866,GDB_W1-F12,GDB9_W1_F12_external,false,false,false,true,,5
GDB_W1-F12_867,GDB_W1-F12,GDB9_W1_F12_external,false,false,false,true,,4
GDB_W1-F12_868,GDB_W1-F12,GDB9_W1_F12_external,false,false,false,true,,5
GDB_W1-F12_869,GDB_W1-F12,GDB9_W1_F12_external,false,false,false,true,,5
GDB_W1-F12_870,GDB_W1-F12,GDB9_W1_F12_external,false,false,false,true,,5
GDB_W1-F12_871,GDB_W1-F12,GDB9_W1_F12_external,false,false,false,true,,5
GDB_W1-F12_872,GDB_W1-F12,GDB9_W1_F12_external,false,false,false,true,,3
GDB_W1-F12_873,GDB_W1-F12,GDB9_W1_F12_external,false,false,false,true,,4
GDB_W1-F12_874,GDB_W1-F12,GDB9_W1_F12_external,false,false,false,true,,4
GDB_W1-F12_875,GDB_W1-F12,GDB9_W1_F12_external,false,false,false,true,,4
GDB_W1-F12_876,GDB_W1-F12,GDB9_W1_F12_external,false,false,false,true,,4
GDB_W1-F12_877,GDB_W1-F12,GDB9_W1_F12_external,false,false,false,true,,4
GDB_W1-F12_878,GDB_W1-F12,GDB9_W1_F12_external,false,false,false,true,,4
GDB_W1-F12_879,GDB_W1-F12,GDB9_W1_F12_external,false,false,false,true,,4
GDB_W1-F12_880,GDB_W1-F12,GDB9_W1_F12_external,false,false,false,true,,4
GDB_W1-F12_881,GDB_W1-F12,GDB9_W1_F12_external,false,false,false,true,,4
GDB_W1-F12_882,GDB_W1-F12,GDB9_W1_F12_external,false,false,false,true,,4
GDB_W1-F12_883,GDB_W1-F12,GDB9_W1_F12_external,false,false,false,true,,4
GDB_W1-F12_884,GDB_W1-F12,GDB9_W1_F12_external,false,false,false,true,,4
GDB_W1-F12_885,GDB_W1-F12,GDB9_W1_F12_external,false,false,false,true,,4
GDB_W1-F12_886,GDB_W1-F12,GDB9_W1_F12_external,false,false,false,true,,4
GDB_W1-F12_887,GDB_W1-F12,GDB9_W1_F12_external,false,false,false,true,,4
GDB_W1-F12_888,GDB_W1-F12,GDB9_W1_F12_external,false,false,false,true,,4
GDB_W1-F12_889,GDB_W1-F12,GDB9_W1_F12_external,false,false,false,true,,5
GDB_W1-F12_890,GDB_W1-F12,GDB9_W1_F12_external,false,false,false,true,,5
GDB_W1-F12_891,GDB_W1-F12,GDB9_W1_F12_external,false,false,false,true,,5
GDB_W1-F12_892,GDB_W1-F12,GDB9_W1_F12_external,false,false,false,true,,5
GDB_W1-F12_893,GDB_W1-F12,GDB9_W1_F12_external,false,false,false,true,,5
GDB_W1-F12_894,GDB_W1-F12,GDB9_W1_F12_external,false,false,false,true,,5
GDB_W1-F12_895,GDB_W1-F12,GDB9_W1_F12_external,false,false,false,true,,5
GDB_W1-F12_896,GDB_W1-F12,GDB9_W1_F12_external,false,false,false,true,,5
GDB_W1-F12_897,GDB_W1-F12,GDB9_W1_F12_external,false,false,false,true,,5
GDB_W1-F12_898,GDB_W1-F12,GDB9_W1_F12_external,false,false,false,true,,4
GDB_W1-F12_899,GDB_W1-F12,GDB9_W1_F12_external,false,false,false,true,,4
GDB_W1-F12_900,GDB_W1-F12,GDB9_W1_F12_external,false,false,false,true,,4
GDB_W1-F12_901,GDB_W1-F12,GDB9_W1_F12_external,false,false,false,true,,5
GDB_W1-F12_902,GDB_W1-F12,GDB9_W1_F12_external,false,false,false,true,,4
GDB_W1-F12_903,GDB_W1-F12,GDB9_W1_F12_external,false,false,false,true,,5
GDB_W1-F12_904,GDB_W1-F12,GDB9_W1_F12_external,false,false,false,true,,5
GDB_W1-F12_905,GDB_W1-F12,GDB9_W1_F12_external,false,false,false,true,,4
GDB_W1-F12_906,GDB_W1-F12,GDB9_W1_F12_external,false,false,false,true,,5
GDB_W1-F12_907,GDB_W1-F12,GDB9_W1_F12_external,false,false,false,true,,5
GDB_W1-F12_908,GDB_W1-F12,GDB9_W1_F12_external,false,false,false,true,,5
GDB_W1-F12_909,GDB_W1-F12,GDB9_W1_F12_external,false,false,false,true,,4
GDB_W1-F12_910,GDB_W1-F12,GDB9_W1_F12_external,false,false,false,true,,5
GDB_W1-F12_911,GDB_W1-F12,GDB9_W1_F12_external,false,false,false,true,,5
GDB_W1-F12_912,GDB_W1-F12,GDB9_W1_F12_external,false,false,false,true,,5
GDB_W1-F12_913,GDB_W1-F12,GDB9_W1_F12_external,false,false,false,true,,5
GDB_W1-F12_914,GDB_W1-F12,GDB9_W1_F12_external,false,false,false,true,,5
GDB_W1-F12_915,GDB_W1-F12,GDB9_W1_F12_external,false,false,false,true,,5
GDB_W1-F12_916,GDB_W1-F12,GDB9_W1_F12_external,false,false,false,true,,5
GDB_W1-F12_917,GDB_W1-F12,GDB9_W1_F12_external,false,false,false,true,,5
GDB_W1-F12_918,GDB_W1-F12,GDB9_W1_F12_external,false,false,false,true,,5
GDB_W1-F12_919,GDB_W1-F12,GDB9_W1_F12_external,false,false,false,true,,5
GDB_W1-F12_920,GDB_W1-F12,GDB9_W1_F12_external,false,false,false,true,,5
GDB_W1-F12_921,GDB_W1-F12,GDB9_W1_F12_external,false,false,false,true,,5
GDB_W1-F12_922,GDB_W1-F12,GDB9_W1_F12_external,false,false,false,true,,5
GDB_W1-F12_923,GDB_W1-F12,GDB9_W1_F12_external,false,false,false,true,,5
GDB_W1-F12_924,GDB_W1-F12,GDB9_W1_F12_external,false,false,false,true,,5
GDB_W1-F12_925,GDB_W1-F12,GDB9_W1_F12_external,false,false,false,true,,4
GDB_W1-F12_926,GDB_W1-F12,GDB9_W1_F12_external,false,false,false,true,,4
GDB_W1-F12_927,GDB_W1-F12,GDB9_W1_F12_external,false,false,false,true,,5
GDB_W1-F12_928,GDB_W1-F12,GDB9_W1_F12_external,false,false,false,true,,4
GDB_W1-F12_929,GDB_W1-F12,GDB9_W1_F12_external,false,false,false,true,,5
GDB_W1-F12_930,GDB_W1-F12,GDB9_W1_F12_external,false,false,false,true,,4
GDB_W1-F12_931,GDB_W1-F12,GDB9_W1_F12_external,false,false,false,true,,5
GDB_W1-F12_932,GDB_W1-F12,GDB9_W1_F12_external,false,false,false,true,,5
GDB_W1-F12_933,GDB_W1-F12,GDB9_W1_F12_external,false,false,false,true,,5
GDB_W1-F12_934,GDB_W1-F12,GDB9_W1_F12_external,false,false,false,true,,4
GDB_W1-F12_935,GDB_W1-F12,GDB9_W1_F12_external,false,false,false,true,,4
GDB_W1-F12_936,GDB_W1-F12,GDB9_W1_F12_external,false,false,false,true,,5
GDB_W1-F12_937,GDB_W1-F12,GDB9_W1_F12_external,false,false,false,true,,4
GDB_W1-F12_938,GDB_W1-F12,GDB9_W1_F12_external,false,false,false,true,,5
GDB_W1-F12_939,GDB_W1-F12,GDB9_W1_F12_external,false,false,false,true,,4
GDB_W1-F12_940,GDB_W1-F12,GDB9_W1_F12_external,false,false,false,true,,5
GDB_W1-F12_941,GDB_W1-F12,GDB9_W1_F12_external,false,false,false,true,,5
GDB_W1-F12_942,GDB_W1-F12,GDB9_W1_F12_external,false,false,false,true,,5
GDB_W1-F12_943,GDB_W1-F12,GDB9_W1_F12_external,false,false,false,true,,5
GDB_W1-F12_944,GDB_W1-F12,GDB9_W1_F12_external,false,false,false,true,,4
GDB_W1-F12_945,GDB_W1-F12,GDB9_W1_F12_external,false,false,false,true,,4
GDB_W1-F12_946,GDB_W1-F12,GDB9_W1_F12_external,false,false,false,true,,4
GDB_W1-F12_947,GDB_W1-F12,GDB9_W1_F12_external,false,false,false,true,,5
GDB_W1-F12_948,GDB_W1-F12,GDB9_W1_F12_external,false,false,false,true,,4
GDB_W1-F12_949,GDB_W1-F12,GDB9_W1_F12_external,false,false,false,true,,5
GDB_W1-F12_950,GDB_W1-F12,GDB9_W1_F12_external,false,false,false,true,,4
GDB_W1-F12_951,GDB_W1-F12,GDB9_W1_F12_external,false,false,false,true,,5
GDB_W1-F12_952,GDB_W1-F12,GDB9_W1_F12_external,false,false,false,true,,4
GDB_W1-F12_953,GDB_W1-F12,GDB9_W1_F12_external,false,false,false,true,,5
GDB_W1-F12_954,GDB_W1-F12,GDB9_W1_F12_external,false,false,false,true,,4
GDB_W1-F12_955,GDB_W1-F12,GDB9_W1_F12_external,false,false,false,true,,5
GDB_W1-F12_956,GDB_W1-F12,GDB9_W1_F12_external,false,false,false,true,,4
GDB_W1-F12_957,GDB_W1-F12,GDB9_W1_F12_external,false,false,false,true,,4
GDB_W1-F12_958,GDB_W1-F12,GDB9_W1_F12_external,false,false,false,true,,5
GDB_W1-F12_959,GDB_W1-F12,GDB9_W1_F12_external,false,false,false,true,,4
GDB_W1-F12_960,GDB_W1-F12,GDB9_W1_F12_external,false,false,false,true,,4
GDB_W1-F12_961,GDB_W1-F12,GDB9_W1_F12_external,false,false,false,true,,5
GDB_W1-F12_962,GDB_W1-F12,GDB9_W1_F12_external,false,false,false,true,,5
GDB_W1-F12_963,GDB_W1-F12,GDB9_W1_F12_external,false,false,false,true,,5
GDB_W1-F12_964,GDB_W1-F12,GDB9_W1_F12_external,false,false,false,true,,4
GDB_W1-F12_965,GDB_W1-F12,GDB9_W1_F12_external,false,false,false,true,,5
GDB_W1-F12_966,GDB_W1-F12,GDB9_W1_F12_external,false,false,false,true,,5
GDB_W1-F12_967,GDB_W1-F12,GDB9_W1_F12_external,false,false,false,true,,5
GDB_W1-F12_968,GDB_W1-F12,GDB9_W1_F12_external,false,false,false,true,,5
GDB_W1-F12_969,GDB_W1-F12,GDB9_W1_F12_external,false,false,false,true,,5
GDB_W1-F12_970,GDB_W1-F12,GDB9_W1_F12_external,false,false,false,true,,5
GDB_W1-F12_971,GDB_W1-F12,GDB9_W1_F12_external,false,false,false,true,,4
GDB_W1-F12_972,GDB_W1-F12,GDB9_W1_F12_external,false,false,false,true,,5
GDB_W1-F12_973,GDB_W1-F12,GDB9_W1_F12_external,false,false,false,true,,5
GDB_W1-F12_974,GDB_W1-F12,GDB9_W1_F12_external,false,false,false,true,,5
GDB_W1-F12_975,GDB_W1-F12,GDB9_W1_F12_external,false,false,false,true,,5
GDB_W1-F12_976,GDB_W1-F12,GDB9_W1_F12_external,false,false,false,true,,5
GDB_W1-F12_977,GDB_W1-F12,GDB9_W1_F12_external,false,false,false,true,,4
GDB_W1-F12_978,GDB_W1-F12,GDB9_W1_F12_external,false,false,false,true,,4
GDB_W1-F12_979,GDB_W1-F12,GDB9_W1_F12_external,false,false,false,true,,5
GDB_W1-F12_980,GDB_W1-F12,GDB9_W1_F12_external,false,false,false,true,,4
GDB_W1-F12_981,GDB_W1-F12,GDB9_W1_F12_external,false,false,false,true,,5
GDB_W1-F12_982,GDB_W1-F12,GDB9_W1_F12_external,false,false,false,true,,4
GDB_W1-F12_983,GDB_W1-F12,GDB9_W1_F12_external,false,false,false,true,,5
GDB_W1-F12_984,GDB_W1-F12,GDB9_W1_F12_external,false,false,false,true,,5
GDB_W1-F12_985,GDB_W1-F12,GDB9_W1_F12_external,false,false,false,true,,5
GDB_W1-F12_986,GDB_W1-F12,GDB9_W1_F12_external,false,false,false,true,,5
GDB_W1-F12_987,GDB_W1-F12,GDB9_W1_F12_external,false,false,false,true,,4
GDB_W1-F12_988,GDB_W1-F12,GDB9_W1_F12_external,false,false,false,true,,5
GDB_W1-F12_989,GDB_W1-F12,GDB9_W1_F12_external,false,false,false,true,,5
GDB_W1-F12_990,GDB_W1-F12,GDB9_W1_F12_external,false,false,false,true,,5
GDB_W1-F12_991,GDB_W1-F12,GDB9_W1_F12_external,false,false,false,true,,5
GDB_W1-F12_992,GDB_W1-F12,GDB9_W1_F12_external,false,false,false,true,,5
GDB_W1-F12_993,GDB_W1-F12,GDB9_W1_F12_external,false,false,false,true,,5
GDB_W1-F12_994,GDB_W1-F12,GDB9_W1_F12_external,false,false,false,true,,4
GDB_W1-F12_995,GDB_W1-F12,GDB9_W1_F12_external,false,false,false,true,,5
GDB_W1-F12_996,GDB_W1-F12,GDB9_W1_F12_external,false,false,false,true,,5
GDB_W1-F12_997,GDB_W1-F12,GDB9_W1_F12_external,false,false,false,true,,5
GDB_W1-F12_998,GDB_W1-F12,GDB9_W1_F12_external,false,false,false,true,,5
GDB_W1-F12_999,GDB_W1-F12,GDB9_W1_F12_external,false,false,false,true,,4
GDB_W1-F12_1000,GDB_W1-F12,GDB9_W1_F12_external,false,false,false,true,,4
GDB_W1-F12_1001,GDB_W1-F12,GDB9_W1_F12_external,false,false,false,true,,4
GDB_W1-F12_1002,GDB_W1-F12,GDB9_W1_F12_external,false,false,false,true,,5
GDB_W1-F12_1003,GDB_W1-F12,GDB9_W1_F12_external,false,false,false,true,,4
GDB_W1-F12_1004,GDB_W1-F12,GDB9_W1_F12_external,false,false,false,true,,4
GDB_W1-F12_1005,GDB_W1-F12,GDB9_W1_F12_external,false,false,false,true,,5
GDB_W1-F12_1006,GDB_W1-F12,GDB9_W1_F12_external,false,false,false,true,,5
GDB_W1-F12_1007,GDB_W1-F12,GDB9_W1_F12_external,false,false,false,true,,5
GDB_W1-F12_1008,GDB_W1-F12,GDB9_W1_F12_external,false,false,false,true,,5
GDB_W1-F12_1009,GDB_W1-F12,GDB9_W1_F12_external,false,false,false,true,,4
GDB_W1-F12_1010,GDB_W1-F12,GDB9_W1_F12_external,false,false,false,true,,5
GDB_W1-F12_1011,GDB_W1-F12,GDB9_W1_F12_external,false,false,false,true,,5
GDB_W1-F12_1012,GDB_W1-F12,GDB9_W1_F12_external,false,false,false,true,,5
GDB_W1-F12_1013,GDB_W1-F12,GDB9_W1_F12_external,false,false,false,true,,4
GDB_W1-F12_1014,GDB_W1-F12,GDB9_W1_F12_external,false,false,false,true,,5
GDB_W1-F12_1015,GDB_W1-F12,GDB9_W1_F12_external,false,false,false,true,,4
GDB_W1-F12_1016,GDB_W1-F12,GDB9_W1_F12_external,false,false,false,true,,4
GDB_W1-F12_1017,GDB_W1-F12,GDB9_W1_F12_external,false,false,false,true,,4
GDB_W1-F12_1018,GDB_W1-F12,GDB9_W1_F12_external,false,false,false,true,,4
GDB_W1-F12_1019,GDB_W1-F12,GDB9_W1_F12_external,false,false,false,true,,4
GDB_W1-F12_1020,GDB_W1-F12,GDB9_W1_F12_external,false,false,false,true,,3
GDB_W1-F12_1021,GDB_W1-F12,GDB9_W1_F12_external,false,false,false,true,,3
GDB_W1-F12_1022,GDB_W1-F12,GDB9_W1_F12_external,false,false,false,true,,4
GDB_W1-F12_1023,GDB_W1-F12,GDB9_W1_F12_external,false,false,false,true,,4
GDB_W1-F12_1024,GDB_W1-F12,GDB9_W1_F12_external,false,false,false,true,,5
GDB_W1-F12_1025,GDB_W1-F12,GDB9_W1_F12_external,false,false,false,true,,5
GDB_W1-F12_1026,GDB_W1-F12,GDB9_W1_F12_external,false,false,false,true,,5
GDB_W1-F12_1027,GDB_W1-F12,GDB9_W1_F12_external,false,false,false,true,,5
GDB_W1-F12_1028,GDB_W1-F12,GDB9_W1_F12_external,false,false,false,true,,5
GDB_W1-F12_1029,GDB_W1-F12,GDB9_W1_F12_external,false,false,false,true,,4
GDB_W1-F12_1030,GDB_W1-F12,GDB9_W1_F12_external,false,false,false,true,,5
GDB_W1-F12_1031,GDB_W1-F12,GDB9_W1_F12_external,false,false,false,true,,5
GDB_W1-F12_1032,GDB_W1-F12,GDB9_W1_F12_external,false,false,false,true,,5
GDB_W1-F12_1033,GDB_W1-F12,GDB9_W1_F12_external,false,false,false,true,,5
GDB_W1-F12_1034,GDB_W1-F12,GDB9_W1_F12_external,false,false,false,true,,5
GDB_W1-F12_1035,GDB_W1-F12,GDB9_W1_F12_external,false,false,false,true,,5
GDB_W1-F12_1036,GDB_W1-F12,GDB9_W1_F12_external,false,false,false,true,,5
GDB_W1-F12_1037,GDB_W1-F12,GDB9_W1_F12_external,false,false,false,true,,5
GDB_W1-F12_1038,GDB_W1-F12,GDB9_W1_F12_external,false,false,false,true,,4
GDB_W1-F12_1039,GDB_W1-F12,GDB9_W1_F12_external,false,false,false,true,,5
GDB_W1-F12_1040,GDB_W1-F12,GDB9_W1_F12_external,false,false,false,true,,4
GDB_W1-F12_1041,GDB_W1-F12,GDB9_W1_F12_external,false,false,false,true,,4
GDB_W1-F12_1042,GDB_W1-F12,GDB9_W1_F12_external,false,false,false,true,,3
GDB_W1-F12_1043,GDB_W1-F12,GDB9_W1_F12_external,false,false,false,true,,4
GDB_W1-F12_1044,GDB_W1-F12,GDB9_W1_F12_external,false,false,false,true,,4
GDB_W1-F12_1045,GDB_W1-F12,GDB9_W1_F12_external,false,false,false,true,,4
GDB_W1-F12_1046,GDB_W1-F12,GDB9_W1_F12_external,false,false,false,true,,3
GDB_W1-F12_1047,GDB_W1-F12,GDB9_W1_F12_external,false,false,false,true,,4
GDB_W1-F12_1048,GDB_W1-F12,GDB9_W1_F12_external,false,false,false,true,,4
GDB_W1-F12_1049,GDB_W1-F12,GDB9_W1_F12_external,false,false,false,true,,4
GDB_W1-F12_1050,GDB_W1-F12,GDB9_W1_F12_external,false,false,false,true,,4
GDB_W1-F12_1051,GDB_W1-F12,GDB9_W1_F12_external,false,false,false,true,,4
GDB_W1-F12_1052,GDB_W1-F12,GDB9_W1_F12_external,false,false,false,true,,5
GDB_W1-F12_1053,GDB_W1-F12,GDB9_W1_F12_external,false,false,false,true,,5
GDB_W1-F12_1054,GDB_W1-F12,GDB9_W1_F12_external,false,false,false,true,,4
GDB_W1-F12_1055,GDB_W1-F12,GDB9_W1_F12_external,false,false,false,true,,5
GDB_W1-F12_1056,GDB_W1-F12,GDB9_W1_F12_external,false,false,false,true,,4
GDB_W1-F12_1057,GDB_W1-F12,GDB9_W1_F12_external,false,false,false,true,,5
GDB_W1-F12_1058,GDB_W1-F12,GDB9_W1_F12_external,false,false,false,true,,4
GDB_W1-F12_1059,GDB_W1-F12,GDB9_W1_F12_external,false,false,false,true,,4
GDB_W1-F12_1060,GDB_W1-F12,GDB9_W1_F12_external,false,false,false,true,,4
GDB_W1-F12_1061,GDB_W1-F12,GDB9_W1_F12_external,false,false,false,true,,5
GDB_W1-F12_1062,GDB_W1-F12,GDB9_W1_F12_external,false,false,false,true,,4
GDB_W1-F12_1063,GDB_W1-F12,GDB9_W1_F12_external,false,false,false,true,,5
GDB_W1-F12_1064,GDB_W1-F12,GDB9_W1_F12_external,false,false,false,true,,5
GDB_W1-F12_1065,GDB_W1-F12,GDB9_W1_F12_external,false,false,false,true,,4
GDB_W1-F12_1066,GDB_W1-F12,GDB9_W1_F12_external,false,false,false,true,,5
GDB_W1-F12_1067,GDB_W1-F12,GDB9_W1_F12_external,false,false,false,true,,3
GDB_W1-F12_1068,GDB_W1-F12,GDB9_W1_F12_external,false,false,false,true,,4
GDB_W1-F12_1069,GDB_W1-F12,GDB9_W1_F12_external,false,false,false,true,,4
GDB_W1-F12_1070,GDB_W1-F12,GDB9_W1_F12_external,false,false,false,true,,4
GDB_W1-F12_1071,GDB_W1-F12,GDB9_W1_F12_external,false,false,false,true,,5
GDB_W1-F12_1072,GDB_W1-F12,GDB9_W1_F12_external,false,false,false,true,,4
GDB_W1-F12_1073,GDB_W1-F12,GDB9_W1_F12_external,false,false,false,true,,4
GDB_W1-F12_1074,GDB_W1-F12,GDB9_W1_F12_external,false,false,false,true,,5
GDB_W1-F12_1075,GDB_W1-F12,GDB9_W1_F12_external,false,false,false,true,,5
GDB_W1-F12_1076,GDB_W1-F12,GDB9_W1_F12_external,false,false,false,true,,3
GDB_W1-F12_1077,GDB_W1-F12,GDB9_W1_F12_external,false,false,false,true,,4
GDB_W1-F12_1078,GDB_W1-F12,GDB9_W1_F12_external,false,false,false,true,,4
GDB_W1-F12_1079,GDB_W1-F12,GDB9_W1_F12_external,false,false,false,true,,5
GDB_W1-F12_1080,GDB_W1-F12,GDB9_W1_F12_external,false,false,false,true,,5
GDB_W1-F12_1081,GDB_W1-F12,GDB9_W1_F12_external,false,false,false,true,,5
GDB_W1-F12_1082,GDB_W1-F12,GDB9_W1_F12_external,false,false,false,true,,4
GDB_W1-F12_1083,GDB_W1-F12,GDB9_W1_F12_external,false,false,false,true,,5
GDB_W1-F12_1084,GDB_W1-F12,GDB9_W1_F12_external,false,false,false,true,,5
GDB_W1-F12_1085,GDB_W1-F12,GDB9_W1_F12_external,false,false,false,true,,5
GDB_W1-F12_1086,GDB_W1-F12,GDB9_W1_F12_external,false,false,false,true,,4
GDB_W1-F12_1087,GDB_W1-F12,GDB9_W1_F12_external,false,false,false,true,,5
GDB_W1-F12_1088,GDB_W1-F12,GDB9_W1_F12_external,false,false,false,true,,5
GDB_W1-F12_1089,GDB_W1-F12,GDB9_W1_F12_external,false,false,false,true,,5
GDB_W1-F12_1090,GDB_W1-F12,GDB9_W1_F12_external,false,false,false,true,,4
GDB_W1-F12_1091,GDB_W1-F12,GDB9_W1_F12_external,false,false,false,true,,5
GDB_W1-F12_1092,GDB_W1-F12,GDB9_W1_F12_external,false,false,false,true,,5
GDB_W1-F12_1093,GDB_W1-F12,GDB9_W1_F12_external,false,false,false,true,,5
GDB_W1-F12_1094,GDB_W1-F12,GDB9_W1_F12_external,false,false,false,true,,5
GDB_W1-F12_1095,GDB_W1-F12,GDB9_W1_F12_external,false,false,false,true,,5
GDB_W1-F12_1096,GDB_W1-F12,GDB9_W1_F12_external,false,false,false,true,,4
GDB_W1-F12_1097,GDB_W1-F12,GDB9_W1_F12_external,false,false,false,true,,5
GDB_W1-F12_1098,GDB_W1-F12,GDB9_W1_F12_external,false,false,false,true,,5
GDB_W1-F12_1099,GDB_W1-F12,GDB9_W1_F12_external,false,false,false,true,,4
GDB_W1-F12_1100,GDB_W1-F12,GDB9_W1_F12_external,false,false,false,true,,5
GDB_W1-F12_1101,GDB_W1-F12,GDB9_W1_F12_external,false,false,false,true,,4
GDB_W1-F12_1102,GDB_W1-F12,GDB9_W1_F12_external,false,false,false,true,,5
GDB_W1-F12_1103,GDB_W1-F12,GDB9_W1_F12_external,false,false,false,true,,5
GDB_W1-F12_1104,GDB_W1-F12,GDB9_W1_F12_external,false,false,false,true,,5
GDB_W1-F12_1105,GDB_W1-F12,GDB9_W1_F12_external,false,false,false,true,,5
GDB_W1-F12_1106,GDB_W1-F12,GDB9_W1_F12_external,false,false,false,true,,5
GDB_W1-F12_1107,GDB_W1-F12,GDB9_W1_F12_external,false,false,false,true,,5
GDB_W1-F12_1108,GDB_W1-F12,GDB9_W1_F12_external,false,false,false,true,,5
GDB_W1-F12_1109,GDB_W1-F12,GDB9_W1_F12_external,false,false,false,true,,3
GDB_W1-F12_1110,GDB_W1-F12,GDB9_W1_F12_external,false,false,false,true,,4
GDB_W1-F12_1111,GDB_W1-F12,GDB9_W1_F12_external,false,false,false,true,,4
GDB_W1-F12_1112,GDB_W1-F12,GDB9_W1_F12_external,false,false,false,true,,5
GDB_W1-F12_1113,GDB_W1-F12,GDB9_W1_F12_external,false,false,false,true,,4
GDB_W1-F12_1114,GDB_W1-F12,GDB9_W1_F12_external,false,false,false,true,,4
GDB_W1-F12_1115,GDB_W1-F12,GDB9_W1_F12_external,false,false,false,true,,3
GDB_W1-F12_1116,GDB_W1-F12,GDB9_W1_F12_external,false,false,false,true,,4
GDB_W1-F12_1117,GDB_W1-F12,GDB9_W1_F12_external,false,false,false,true,,4
GDB_W1-F12_1118,GDB_W1-F12,GDB9_W1_F12_external,false,false,false,true,,4
GDB_W1-F12_1119,GDB_W1-F12,GDB9_W1_F12_external,false,false,false,true,,5
GDB_W1-F12_1120,GDB_W1-F12,GDB9_W1_F12_external,false,false,false,true,,4
GDB_W1-F12_1121,GDB_W1-F12,GDB9_W1_F12_external,false,false,false,true,,5
GDB_W1-F12_1122,GDB_W1-F12,GDB9_W1_F12_external,false,false,false,true,,4
GDB_W1-F12_1123,GDB_W1-F12,GDB9_W1_F12_external,false,false,false,true,,5
GDB_W1-F12_1124,GDB_W1-F12,GDB9_W1_F12_external,false,false,false,true,,5
GDB_W1-F12_1125,GDB_W1-F12,GDB9_W1_F12_external,false,false,false,true,,5
GDB_W1-F12_1126,GDB_W1-F12,GDB9_W1_F12_external,false,false,false,true,,5
GDB_W1-F12_1127,GDB_W1-F12,GDB9_W1_F12_external,false,false,false,true,,5
GDB_W1-F12_1128,GDB_W1-F12,GDB9_W1_F12_external,false,false,false,true,,4
GDB_W1-F12_1129,GDB_W1-F12,GDB9_W1_F12_external,false,false,false,true,,4
GDB_W1-F12_1130,GDB_W1-F12,GDB9_W1_F12_external,false,false,false,true,,5
GDB_W1-F12_1131,GDB_W1-F12,GDB9_W1_F12_external,false,false,false,true,,5
GDB_W1-F12_1132,GDB_W1-F12,GDB9_W1_F12_external,false,false,false,true,,4
GDB_W1-F12_1133,GDB_W1-F12,GDB9_W1_F12_external,false,false,false,true,,4
GDB_W1-F12_1134,GDB_W1-F12,GDB9_W1_F12_external,false,false,false,true,,3
GDB_W1-F12_1135,GDB_W1-F12,GDB9_W1_F12_external,false,false,false,true,,4
GDB_W1-F12_1136,GDB_W1-F12,GDB9_W1_F12_external,false,false,false,true,,4
GDB_W1-F12_1137,GDB_W1-F12,GDB9_W1_F12_external,false,false,false,true,,5
GDB_W1-F12_1138,GDB_W1-F12,GDB9_W1_F12_external,false,false,false,true,,5
GDB_W1-F12_1139,GDB_W1-F12,GDB9_W1_F12_external,false,false,false,true,,4
GDB_W1-F12_1140,GDB_W1-F12,GDB9_W1_F12_external,false,false,false,true,,5
GDB_W1-F12_1141,GDB_W1-F12,GDB9_W1_F12_external,false,false,false,true,,4
GDB_W1-F12_1142,GDB_W1-F12,GDB9_W1_F12_external,false,false,false,true,,5
GDB_W1-F12_1143,GDB_W1-F12,GDB9_W1_F12_external,false,false,false,true,,4
GDB_W1-F12_1144,GDB_W1-F12,GDB9_W1_F12_external,false,false,false,true,,5
GDB_W1-F12_1145,GDB_W1-F12,GDB9_W1_F12_external,false,false,false,true,,5
GDB_W1-F12_1146,GDB_W1-F12,GDB9_W1_F12_external,false,false,false,true,,4
GDB_W1-F12_1147,GDB_W1-F12,GDB9_W1_F12_external,false,false,false,true,,3
GDB_W1-F12_1148,GDB_W1-F12,GDB9_W1_F12_external,false,false,false,true,,4
GDB_W1-F12_1149,GDB_W1-F12,GDB9_W1_F12_external,false,false,false,true,,4
GDB_W1-F12_1150,GDB_W1-F12,GDB9_W1_F12_external,false,false,false,true,,4
GDB_W1-F12_1151,GDB_W1-F12,GDB9_W1_F12_external,false,false,false,true,,4
GDB_W1-F12_1152,GDB_W1-F12,GDB9_W1_F12_external,false,false,false,true,,5
GDB_W1-F12_1153,GDB_W1-F12,GDB9_W1_F12_external,false,false,false,true,,4
GDB_W1-F12_1154,GDB_W1-F12,GDB9_W1_F12_external,false,false,false,true,,5
GDB_W1-F12_1155,GDB_W1-F12,GDB9_W1_F12_external,false,false,false,true,,4
GDB_W1-F12_1156,GDB_W1-F12,GDB9_W1_F12_external,false,false,false,true,,5
GDB_W1-F12_1157,GDB_W1-F12,GDB9_W1_F12_external,false,false,false,true,,5
GDB_W1-F12_1158,GDB_W1-F12,GDB9_W1_F12_external,false,false,false,true,,4
GDB_W1-F12_1159,GDB_W1-F12,GDB9_W1_F12_external,false,false,false,true,,4
GDB_W1-F12_1160,GDB_W1-F12,GDB9_W1_F12_external,false,false,false,true,,3
GDB_W1-F12_1161,GDB_W1-F12,GDB9_W1_F12_external,false,false,false,true,,5
GDB_W1-F12_1162,GDB_W1-F12,GDB9_W1_F12_external,false,false,false,true,,4
GDB_W1-F12_1163,GDB_W1-F12,GDB9_W1_F12_external,false,false,false,true,,3
GDB_W1-F12_1164,GDB_W1-F12,GDB9_W1_F12_external,false,false,false,true,,5
GDB_W1-F12_1165,GDB_W1-F12,GDB9_W1_F12_external,false,false,false,true,,4
GDB_W1-F12_1166,GDB_W1-F12,GDB9_W1_F12_external,false,false,false,true,,4
GDB_W1-F12_1167,GDB_W1-F12,GDB9_W1_F12_external,false,false,false,true,,4
GDB_W1-F12_1168,GDB_W1-F12,GDB9_W1_F12_external,false,false,false,true,,5
GDB_W1-F12_1169,GDB_W1-F12,GDB9_W1_F12_external,false,false,false,true,,5
GDB_W1-F12_1170,GDB_W1-F12,GDB9_W1_F12_external,false,false,false,true,,5
GDB_W1-F12_1171,GDB_W1-F12,GDB9_W1_F12_external,false,false,false,true,,4
GDB_W1-F12_1172,GDB_W1-F12,GDB9_W1_F12_external,false,false,false,true,,5
GDB_W1-F12_1173,GDB_W1-F12,GDB9_W1_F12_external,false,false,false,true,,5
GDB_W1-F12_1174,GDB_W1-F12,GDB9_W1_F12_external,false,false,false,true,,5
GDB_W1-F12_1175,GDB_W1-F12,GDB9_W1_F12_external,false,false,false,true,,5
GDB_W1-F12_1176,GDB_W1-F12,GDB9_W1_F12_external,false,false,false,true,,4
GDB_W1-F12_1177,GDB_W1-F12,GDB9_W1_F12_external,false,false,false,true,,5
GDB_W1-F12_1178,GDB_W1-F12,GDB9_W1_F12_external,false,false,false,true,,5
GDB_W1-F12_1179,GDB_W1-F12,GDB9_W1_F12_external,false,false,false,true,,5
GDB_W1-F12_1180,GDB_W1-F12,GDB9_W1_F12_external,false,false,false,true,,5
GDB_W1-F12_1181,GDB_W1-F12,GDB9_W1_F12_external,false,false,false,true,,5
GDB_W1-F12_1182,GDB_W1-F12,GDB9_W1_F12_external,false,false,false,true,,5
GDB_W1-F12_1183,GDB_W1-F12,GDB9_W1_F12_external,false,false,false,true,,5
GDB_W1-F12_1184,GDB_W1-F12,GDB9_W1_F12_external,false,false,false,true,,5
GDB_W1-F12_1185,GDB_W1-F12,GDB9_W1_F12_external,false,false,false,true,,5
GDB_W1-F12_1186,GDB_W1-F12,GDB9_W1_F12_external,false,false,false,true,,5
GDB_W1-F12_1187,GDB_W1-F12,GDB9_W1_F12_external,false,false,false,true,,5
GDB_W1-F12_1188,GDB_W1-F12,GDB9_W1_F12_external,false,false,false,true,,4
GDB_W1-F12_1189,GDB_W1-F12,GDB9_W1_F12_external,false,false,false,true,,3
GDB_W1-F12_1190,GDB_W1-F12,GDB9_W1_F12_external,false,false,false,true,,4
GDB_W1-F12_1191,GDB_W1-F12,GDB9_W1_F12_external,false,false,false,true,,4
GDB_W1-F12_1192,GDB_W1-F12,GDB9_W1_F12_external,false,false,false,true,,4
GDB_W1-F12_1193,GDB_W1-F12,GDB9_W1_F12_external,false,false,false,true,,5
GDB_W1-F12_1194,GDB_W1-F12,GDB9_W1_F12_external,false,false,false,true,,4
GDB_W1-F12_1195,GDB_W1-F12,GDB9_W1_F12_external,false,false,false,true,,4
GDB_W1-F12_1196,GDB_W1-F12,GDB9_W1_F12_external,false,false,false,true,,3
GDB_W1-F12_1197,GDB_W1-F12,GDB9_W1_F12_external,false,false,false,true,,4
GDB_W1-F12_1198,GDB_W1-F12,GDB9_W1_F12_external,false,false,false,true,,4
GDB_W1-F12_1199,GDB_W1-F12,GDB9_W1_F12_external,false,false,false,true,,4
GDB_W1-F12_1200,GDB_W1-F12,GDB9_W1_F12_external,false,false,false,true,,4
GDB_W1-F12_1201,GDB_W1-F12,GDB9_W1_F12_external,false,false,false,true,,4
GDB_W1-F12_1202,GDB_W1-F12,GDB9_W1_F12_external,false,false,false,true,,4
GDB_W1-F12_1203,GDB_W1-F12,GDB9_W1_F12_external,false,false,false,true,,4
GDB_W1-F12_1204,GDB_W1-F12,GDB9_W1_F12_external,false,false,false,true,,5
GDB_W1-F12_1205,GDB_W1-F12,GDB9_W1_F12_external,false,false,false,true,,5
GDB_W1-F12_1206,GDB_W1-F12,GDB9_W1_F12_external,false,false,false,true,,5
GDB_W1-F12_1207,GDB_W1-F12,GDB9_W1_F12_external,false,false,false,true,,4
GDB_W1-F12_1208,GDB_W1-F12,GDB9_W1_F12_external,false,false,false,true,,5
GDB_W1-F12_1209,GDB_W1-F12,GDB9_W1_F12_external,false,false,false,true,,5
GDB_W1-F12_1210,GDB_W1-F12,GDB9_W1_F12_external,false,false,false,true,,5
GDB_W1-F12_1211,GDB_W1-F12,GDB9_W1_F12_external,false,false,false,true,,4
GDB_W1-F12_1212,GDB_W1-F12,GDB9_W1_F12_external,false,false,false,true,,5
GDB_W1-F12_1213,GDB_W1-F12,GDB9_W1_F12_external,false,false,false,true,,4
GDB_W1-F12_1214,GDB_W1-F12,GDB9_W1_F12_external,false,false,false,true,,5
GDB_W1-F12_1215,GDB_W1-F12,GDB9_W1_F12_external,false,false,false,true,,5
GDB_W1-F12_1216,GDB_W1-F12,GDB9_W1_F12_external,false,false,false,true,,5
GDB_W1-F12_1217,GDB_W1-F12,GDB9_W1_F12_external,false,false,false,true,,5
GDB_W1-F12_1218,GDB_W1-F12,GDB9_W1_F12_external,false,false,false,true,,5
GDB_W1-F12_1219,GDB_W1-F12,GDB9_W1_F12_external,false,false,false,true,,4
GDB_W1-F12_1220,GDB_W1-F12,GDB9_W1_F12_external,false,false,false,true,,5
GDB_W1-F12_1221,GDB_W1-F12,GDB9_W1_F12_external,false,false,false,true,,4
GDB_W1-F12_1222,GDB_W1-F12,GDB9_W1_F12_external,false,false,false,true,,5
GDB_W1-F12_1223,GDB_W1-F12,GDB9_W1_F12_external,false,false,false,true,,4
GDB_W1-F12_1224,GDB_W1-F12,GDB9_W1_F12_external,false,false,false,true,,5
GDB_W1-F12_1225,GDB_W1-F12,GDB9_W1_F12_external,false,false,false,true,,5
GDB_W1-F12_1226,GDB_W1-F12,GDB9_W1_F12_external,false,false,false,true,,4
GDB_W1-F12_1227,GDB_W1-F12,GDB9_W1_F12_external,false,false,false,true,,5
GDB_W1-F12_1228,GDB_W1-F12,GDB9_W1_F12_external,false,false,false,true,,4
GDB_W1-F12_1229,GDB_W1-F12,GDB9_W1_F12_external,false,false,false,true,,5
GDB_W1-F12_1230,GDB_W1-F12,GDB9_W1_F12_external,false,false,false,true,,5
GDB_W1-F12_1231,GDB_W1-F12,GDB9_W1_F12_external,false,false,false,true,,5
GDB_W1-F12_1232,GDB_W1-F12,GDB9_W1_F12_external,false,false,false,true,,5
GDB_W1-F12_1233,GDB_W1-F12,GDB9_W1_F12_external,false,false,false,true,,4
GDB_W1-F12_1234,GDB_W1-F12,GDB9_W1_F12_external,false,false,false,true,,4
GDB_W1-F12_1235,GDB_W1-F12,GDB9_W1_F12_external,false,false,false,true,,5
GDB_W1-F12_1236,GDB_W1-F12,GDB9_W1_F12_external,false,false,false,true,,5
GDB_W1-F12_1237,GDB_W1-F12,GDB9_W1_F12_external,false,false,false,true,,5
GDB_W1-F12_1238,GDB_W1-F12,GDB9_W1_F12_external,false,false,false,true,,4
GDB_W1-F12_1239,GDB_W1-F12,GDB9_W1_F12_external,false,false,false,true,,5
GDB_W1-F12_1240,GDB_W1-F12,GDB9_W1_F12_external,false,false,false,true,,4
GDB_W1-F12_1241,GDB_W1-F12,GDB9_W1_F12_external,false,false,false,true,,5
GDB_W1-F12_1242,GDB_W1-F12,GDB9_W1_F12_external,false,false,false,true,,5
GDB_W1-F12_1243,GDB_W1-F12,GDB9_W1_F12_external,false,false,false,true,,4
GDB_W1-F12_1244,GDB_W1-F12,GDB9_W1_F12_external,false,false,false,true,,5
GDB_W1-F12_1245,GDB_W1-F12,GDB9_W1_F12_external,false,false,false,true,,5
GDB_W1-F12_1246,GDB_W1-F12,GDB9_W1_F12_external,false,false,false,true,,5
GDB_W1-F12_1247,GDB_W1-F12,GDB9_W1_F12_external,false,false,false,true,,5
GDB_W1-F12_1248,GDB_W1-F12,GDB9_W1_F12_external,false,false,false,true,,5
GDB_W1-F12_1249,GDB_W1-F12,GDB9_W1_F12_external,false,false,false,true,,5
GDB_W1-F12_1250,GDB_W1-F12,GDB9_W1_F12_external,false,false,false,true,,5
GDB_W1-F12_1251,GDB_W1-F12,GDB9_W1_F12_external,false,false,false,true,,4
GDB_W1-F12_1252,GDB_W1-F12,GDB9_W1_F12_external,false,false,false,true,,5
GDB_W1-F12_1253,GDB_W1-F12,GDB9_W1_F12_external,false,false,false,true,,5
GDB_W1-F12_1254,GDB_W1-F12,GDB9_W1_F12_external,false,false,false,true,,5
GDB_W1-F12_1255,GDB_W1-F12,GDB9_W1_F12_external,false,false,false,true,,5
GDB_W1-F12_1256,GDB_W1-F12,GDB9_W1_F12_external,false,false,false,true,,5
GDB_W1-F12_1257,GDB_W1-F12,GDB9_W1_F12_external,false,false,false,true,,4
GDB_W1-F12_1258,GDB_W1-F12,GDB9_W1_F12_external,false,false,false,true,,5
GDB_W1-F12_1259,GDB_W1-F12,GDB9_W1_F12_external,false,false,false,true,,5
GDB_W1-F12_1260,GDB_W1-F12,GDB9_W1_F12_external,false,false,false,true,,4
GDB_W1-F12_1261,GDB_W1-F12,GDB9_W1_F12_external,false,false,false,true,,4
GDB_W1-F12_1262,GDB_W1-F12,GDB9_W1_F12_external,false,false,false,true,,3
GDB_W1-F12_1263,GDB_W1-F12,GDB9_W1_F12_external,false,false,false,true,,4
GDB_W1-F12_1264,GDB_W1-F12,GDB9_W1_F12_external,false,false,false,true,,4
GDB_W1-F12_1265,GDB_W1-F12,GDB9_W1_F12_external,false,false,false,true,,5
GDB_W1-F12_1266,GDB_W1-F12,GDB9_W1_F12_external,false,false,false,true,,3
GDB_W1-F12_1267,GDB_W1-F12,GDB9_W1_F12_external,false,false,false,true,,4
GDB_W1-F12_1268,GDB_W1-F12,GDB9_W1_F12_external,false,false,false,true,,4
GDB_W1-F12_1269,GDB_W1-F12,GDB9_W1_F12_external,false,false,false,true,,5
GDB_W1-F12_1270,GDB_W1-F12,GDB9_W1_F12_external,false,false,false,true,,4
GDB_W1-F12_1271,GDB_W1-F12,GDB9_W1_F12_external,false,false,false,true,,4
GDB_W1-F12_1272,GDB_W1-F12,GDB9_W1_F12_external,false,false,false,true,,5
GDB_W1-F12_1273,GDB_W1-F12,GDB9_W1_F12_external,false,false,false,true,,4
GDB_W1-F12_1274,GDB_W1-F12,GDB9_W1_F12_external,false,false,false,true,,5
GDB_W1-F12_1275,GDB_W1-F12,GDB9_W1_F12_external,false,false,false,true,,4
GDB_W1-F12_1276,GDB_W1-F12,GDB9_W1_F12_external,false,false,false,true,,5
GDB_W1-F12_1277,GDB_W1-F12,GDB9_W1_F12_external,false,false,false,true,,4
GDB_W1-F12_1278,GDB_W1-F12,GDB9_W1_F12_external,false,false,false,true,,5
GDB_W1-F12_1279,GDB_W1-F12,GDB9_W1_F12_external,false,false,false,true,,4
GDB_W1-F12_1280,GDB_W1-F12,GDB9_W1_F12_external,false,false,false,true,,5
GDB_W1-F12_1281,GDB_W1-F12,GDB9_W1_F12_external,false,false,false,true,,5
GDB_W1-F12_1282,GDB_W1-F12,GDB9_W1_F12_external,false,false,false,true,,5
GDB_W1-F12_1283,GDB_W1-F12,GDB9_W1_F12_external,false,false,false,true,,4
GDB_W1-F12_1284,GDB_W1-F12,GDB9_W1_F12_external,false,false,false,true,,5
GDB_W1-F12_1285,GDB_W1-F12,GDB9_W1_F12_external,false,false,false,true,,5
GDB_W1-F12_1286,GDB_W1-F12,GDB9_W1_F12_external,false,false,false,true,,4
GDB_W1-F12_1287,GDB_W1-F12,GDB9_W1_F12_external,false,false,false,true,,5
GDB_W1-F12_1288,GDB_W1-F12,GDB9_W1_F12_external,false,false,false,true,,4
GDB_W1-F12_1289,GDB_W1-F12,GDB9_W1_F12_external,false,false,false,true,,4
GDB_W1-F12_1290,GDB_W1-F12,GDB9_W1_F12_external,false,false,false,true,,5
GDB_W1-F12_1291,GDB_W1-F12,GDB9_W1_F12_external,false,false,false,true,,5
GDB_W1-F12_1292,GDB_W1-F12,GDB9_W1_F12_external,false,false,false,true,,5
GDB_W1-F12_1293,GDB_W1-F12,GDB9_W1_F12_external,false,false,false,true,,4
GDB_W1-F12_1294,GDB_W1-F12,GDB9_W1_F12_external,false,false,false,true,,4
GDB_W1-F12_1295,GDB_W1-F12,GDB9_W1_F12_external,false,false,false,true,,4
GDB_W1-F12_1296,GDB_W1-F12,GDB9_W1_F12_external,false,false,false,true,,4
GDB_W1-F12_1297,GDB_W1-F12,GDB9_W1_F12_external,false,false,false,true,,5
GDB_W1-F12_1298,GDB_W1-F12,GDB9_W1_F12_external,false,false,false,true,,3
GDB_W1-F12_1299,GDB_W1-F12,GDB9_W1_F12_external,false,false,false,true,,4
GDB_W1-F12_1300,GDB_W1-F12,GDB9_W1_F12_external,false,false,false,true,,4
GDB_W1-F12_1301,GDB_W1-F12,GDB9_W1_F12_external,false,false,false,true,,4
GDB_W1-F12_1302,GDB_W1-F12,GDB9_W1_F12_external,false,false,false,true,,5
GDB_W1-F12_1303,GDB_W1-F12,GDB9_W1_F12_external,false,false,false,true,,4
GDB_W1-F12_1304,GDB_W1-F12,GDB9_W1_F12_external,false,false,false,true,,4
GDB_W1-F12_1305,GDB_W1-F12,GDB9_W1_F12_external,false,false,false,true,,5
GDB_W1-F12_1306,GDB_W1-F12,GDB9_W1_F12_external,false,false,false,true,,5
GDB_W1-F12_1307,GDB_W1-F12,GDB9_W1_F12_external,false,false,false,true,,4
GDB_W1-F12_1308,GDB_W1-F12,GDB9_W1_F12_external,false,false,false,true,,5
GDB_W1-F12_1309,GDB_W1-F12,GDB9_W1_F12_external,false,false,false,true,,5
GDB_W1-F12_1310,GDB_W1-F12,GDB9_W1_F12_external,false,false,false,true,,4
GDB_W1-F12_1311,GDB_W1-F12,GDB9_W1_F12_external,false,false,false,true,,5
GDB_W1-F12_1312,GDB_W1-F12,GDB9_W1_F12_external,false,false,false,true,,5
GDB_W1-F12_1313,GDB_W1-F12,GDB9_W1_F12_external,false,false,false,true,,4
GDB_W1-F12_1314,GDB_W1-F12,GDB9_W1_F12_external,false,false,false,true,,5
GDB_W1-F12_1315,GDB_W1-F12,GDB9_W1_F12_external,false,false,false,true,,4
GDB_W1-F12_1316,GDB_W1-F12,GDB9_W1_F12_external,false,false,false,true,,5
GDB_W1-F12_1317,GDB_W1-F12,GDB9_W1_F12_external,false,false,false,true,,5
GDB_W1-F12_1318,GDB_W1-F12,GDB9_W1_F12_external,false,false,false,true,,5
GDB_W1-F12_1319,GDB_W1-F12,GDB9_W1_F12_external,false,false,false,true,,5
GDB_W1-F12_1320,GDB_W1-F12,GDB9_W1_F12_external,false,false,false,true,,4
GDB_W1-F12_1321,GDB_W1-F12,GDB9_W1_F12_external,false,false,false,true,,5
GDB_W1-F12_1322,GDB_W1-F12,GDB9_W1_F12_external,false,false,false,true,,5
GDB_W1-F12_1323,GDB_W1-F12,GDB9_W1_F12_external,false,false,false,true,,4
GDB_W1-F12_1324,GDB_W1-F12,GDB9_W1_F12_external,false,false,false,true,,5
GDB_W1-F12_1325,GDB_W1-F12,GDB9_W1_F12_external,false,false,false,true,,4
GDB_W1-F12_1326,GDB_W1-F12,GDB9_W1_F12_external,false,false,false,true,,5
GDB_W1-F12_1327,GDB_W1-F12,GDB9_W1_F12_external,false,false,false,true,,5
GDB_W1-F12_1328,GDB_W1-F12,GDB9_W1_F12_external,false,false,false,true,,5
GDB_W1-F12_1329,GDB_W1-F12,GDB9_W1_F12_external,false,false,false,true,,5
GDB_W1-F12_1330,GDB_W1-F12,GDB9_W1_F12_external,false,false,false,true,,5
GDB_W1-F12_1331,GDB_W1-F12,GDB9_W1_F12_external,false,false,false,true,,5
GDB_W1-F12_1332,GDB_W1-F12,GDB9_W1_F12_external,false,false,false,true,,5
GDB_W1-F12_1333,GDB_W1-F12,GDB9_W1_F12_external,false,false,false,true,,5
GDB_W1-F12_1334,GDB_W1-F12,GDB9_W1_F12_external,false,false,false,true,,4
GDB_W1-F12_1335,GDB_W1-F12,GDB9_W1_F12_external,false,false,false,true,,5
GDB_W1-F12_1336,GDB_W1-F12,GDB9_W1_F12_external,false,false,false,true,,4
GDB_W1-F12_1337,GDB_W1-F12,GDB9_W1_F12_external,false,false,false,true,,5
GDB_W1-F12_1338,GDB_W1-F12,GDB9_W1_F12_external,false,false,false,true,,4
GDB_W1-F12_1339,GDB_W1-F12,GDB9_W1_F12_external,false,false,false,true,,5
GDB_W1-F12_1340,GDB_W1-F12,GDB9_W1_F12_external,false,false,false,true,,5
GDB_W1-F12_1341,GDB_W1-F12,GDB9_W1_F12_external,false,false,false,true,,4
GDB_W1-F12_1342,GDB_W1-F12,GDB9_W1_F12_external,false,false,false,true,,4
GDB_W1-F12_1343,GDB_W1-F12,GDB9_W1_F12_external,false,false,false,true,,5
GDB_W1-F12_1344,GDB_W1-F12,GDB9_W1_F12_external,false,false,false,true,,5
GDB_W1-F12_1345,GDB_W1-F12,GDB9_W1_F12_external,false,false,false,true,,4
GDB_W1-F12_1346,GDB_W1-F12,GDB9_W1_F12_external,false,false,false,true,,3
GDB_W1-F12_1347,GDB_W1-F12,GDB9_W1_F12_external,false,false,false,true,,4
GDB_W1-F12_1348,GDB_W1-F12,GDB9_W1_F12_external,false,false,false,true,,4
GDB_W1-F12_1349,GDB_W1-F12,GDB9_W1_F12_external,false,false,false,true,,5
GDB_W1-F12_1350,GDB_W1-F12,GDB9_W1_F12_external,false,false,false,true,,4
GDB_W1-F12_1351,GDB_W1-F12,GDB9_W1_F12_external,false,false,false,true,,4
GDB_W1-F12_1352,GDB_W1-F12,GDB9_W1_F12_external,false,false,false,true,,5
GDB_W1-F12_1353,GDB_W1-F12,GDB9_W1_F12_external,false,false,false,true,,5
GDB_W1-F12_1354,GDB_W1-F12,GDB9_W1_F12_external,false,false,false,true,,4
GDB_W1-F12_1355,GDB_W1-F12,GDB9_W1_F12_external,false,false,false,true,,5
GDB_W1-F12_1356,GDB_W1-F12,GDB9_W1_F12_external,false,false,false,true,,4
GDB_W1-F12_1357,GDB_W1-F12,GDB9_W1_F12_external,false,false,false,true,,4
GDB_W1-F12_1358,GDB_W1-F12,GDB9_W1_F12_external,false,false,false,true,,5
GDB_W1-F12_1359,GDB_W1-F12,GDB9_W1_F12_external,false,false,false,true,,5
GDB_W1-F12_1360,GDB_W1-F12,GDB9_W1_F12_external,false,false,false,true,,5
GDB_W1-F12_1361,GDB_W1-F12,GDB9_W1_F12_external,false,false,false,true,,5
GDB_W1-F12_1362,GDB_W1-F12,GDB9_W1_F12_external,false,false,false,true,,5
GDB_W1-F12_1363,GDB_W1-F12,GDB9_W1_F12_external,false,false,false,true,,5
GDB_W1-F12_1364,GDB_W1-F12,GDB9_W1_F12_external,false,false,false,true,,5
GDB_W1-F12_1365,GDB_W1-F12,GDB9_W1_F12_external,false,false,false,true,,5
GDB_W1-F12_1366,GDB_W1-F12,GDB9_W1_F12_external,false,false,false,true,,5
GDB_W1-F12_1367,GDB_W1-F12,GDB9_W1_F12_external,false,false,false,true,,5
GDB_W1-F12_1368,GDB_W1-F12,GDB9_W1_F12_external,false,false,false,true,,4
GDB_W1-F12_1369,GDB_W1-F12,GDB9_W1_F12_external,false,false,false,true,,5
GDB_W1-F12_1370,GDB_W1-F12,GDB9_W1_F12_external,false,false,false,true,,5
GDB_W1-F12_1371,GDB_W1-F12,GDB9_W1_F12_external,false,false,false,true,,5
GDB_W1-F12_1372,GDB_W1-F12,GDB9_W1_F12_external,false,false,false,true,,5
GDB_W1-F12_1373,GDB_W1-F12,GDB9_W1_F12_external,false,false,false,true,,5
GDB_W1-F12_1374,GDB_W1-F12,GDB9_W1_F12_external,false,false,false,true,,5
GDB_W1-F12_1375,GDB_W1-F12,GDB9_W1_F12_external,false,false,false,true,,4
GDB_W1-F12_1376,GDB_W1-F12,GDB9_W1_F12_external,false,false,false,true,,5
GDB_W1-F12_1377,GDB_W1-F12,GDB9_W1_F12_external,false,false,false,true,,5
GDB_W1-F12_1378,GDB_W1-F12,GDB9_W1_F12_external,false,false,false,true,,5
GDB_W1-F12_1379,GDB_W1-F12,GDB9_W1_F12_external,false,false,false,true,,5
GDB_W1-F12_1380,GDB_W1-F12,GDB9_W1_F12_external,false,false,false,true,,3
GDB_W1-F12_1381,GDB_W1-F12,GDB9_W1_F12_external,false,false,false,true,,4
GDB_W1-F12_1382,GDB_W1-F12,GDB9_W1_F12_external,false,false,false,true,,4
GDB_W1-F12_1383,GDB_W1-F12,GDB9_W1_F12_external,false,false,false,true,,4
GDB_W1-F12_1384,GDB_W1-F12,GDB9_W1_F12_external,false,false,false,true,,5
GDB_W1-F12_1385,GDB_W1-F12,GDB9_W1_F12_external,false,false,false,true,,4
GDB_W1-F12_1386,GDB_W1-F12,GDB9_W1_F12_external,false,false,false,true,,5
GDB_W1-F12_1387,GDB_W1-F12,GDB9_W1_F12_external,false,false,false,true,,4
GDB_W1-F12_1388,GDB_W1-F12,GDB9_W1_F12_external,false,false,false,true,,4
GDB_W1-F12_1389,GDB_W1-F12,GDB9_W1_F12_external,false,false,false,true,,5
GDB_W1-F12_1390,GDB_W1-F12,GDB9_W1_F12_external,false,false,false,true,,4
GDB_W1-F12_1391,GDB_W1-F12,GDB9_W1_F12_external,false,false,false,true,,5
GDB_W1-F12_1392,GDB_W1-F12,GDB9_W1_F12_external,false,false,false,true,,5
GDB_W1-F12_1393,GDB_W1-F12,GDB9_W1_F12_external,false,false,false,true,,4
GDB_W1-F12_1394,GDB_W1-F12,GDB9_W1_F12_external,false,false,false,true,,5
GDB_W1-F12_1395,GDB_W1-F12,GDB9_W1_F12_external,false,false,false,true,,4
GDB_W1-F12_1396,GDB_W1-F12,GDB9_W1_F12_external,false,false,false,true,,4
GDB_W1-F12_1397,GDB_W1-F12,GDB9_W1_F12_external,false,false,false,true,,4
GDB_W1-F12_1398,GDB_W1-F12,GDB9_W1_F12_external,false,false,false,true,,4
GDB_W1-F12_1399,GDB_W1-F12,GDB9_W1_F12_external,false,false,false,true,,4
GDB_W1-F12_1400,GDB_W1-F12,GDB9_W1_F12_external,false,false,false,true,,4
GDB_W1-F12_1401,GDB_W1-F12,GDB9_W1_F12_external,false,false,false,true,,4
GDB_W1-F12_1402,GDB_W1-F12,GDB9_W1_F12_external,false,false,false,true,,4
GDB_W1-F12_1403,GDB_W1-F12,GDB9_W1_F12_external,false,false,false,true,,3
GDB_W1-F12_1404,GDB_W1-F12,GDB9_W1_F12_external,false,false,false,true,,4
GDB_W1-F12_1405,GDB_W1-F12,GDB9_W1_F12_external,false,false,false,true,,4
GDB_W1-F12_1406,GDB_W1-F12,GDB9_W1_F12_external,false,false,false,true,,4
GDB_W1-F12_1407,GDB_W1-F12,GDB9_W1_F12_external,false,false,false,true,,4
GDB_W1-F12_1408,GDB_W1-F12,GDB9_W1_F12_external,false,false,false,true,,5
GDB_W1-F12_1409,GDB_W1-F12,GDB9_W1_F12_external,false,false,false,true,,4
GDB_W1-F12_1410,GDB_W1-F12,GDB9_W1_F12_external,false,false,false,true,,5
GDB_W1-F12_1411,GDB_W1-F12,GDB9_W1_F12_external,false,false,false,true,,5
GDB_W1-F12_1412,GDB_W1-F12,GDB9_W1_F12_external,false,false,false,true,,4
GDB_W1-F12_1413,GDB_W1-F12,GDB9_W1_F12_external,false,false,false,true,,4
GDB_W1-F12_1414,GDB_W1-F12,GDB9_W1_F12_external,false,false,false,true,,5
GDB_W1-F12_1415,GDB_W1-F12,GDB9_W1_F12_external,false,false,false,true,,4
GDB_W1-F12_1416,GDB_W1-F12,GDB9_W1_F12_external,false,false,false,true,,4
GDB_W1-F12_1417,GDB_W1-F12,GDB9_W1_F12_external,false,false,false,true,,4
GDB_W1-F12_1418,GDB_W1-F12,GDB9_W1_F12_external,false,false,false,true,,5
GDB_W1-F12_1419,GDB_W1-F12,GDB9_W1_F12_external,false,false,false,true,,3
GDB_W1-F12_1420,GDB_W1-F12,GDB9_W1_F12_external,false,false,false,true,,4
GDB_W1-F12_1421,GDB_W1-F12,GDB9_W1_F12_external,false,false,false,true,,4
GDB_W1-F12_1422,GDB_W1-F12,GDB9_W1_F12_external,false,false,false,true,,4
GDB_W1-F12_1423,GDB_W1-F12,GDB9_W1_F12_external,false,false,false,true,,5
GDB_W1-F12_1424,GDB_W1-F12,GDB9_W1_F12_external,false,false,false,true,,4
GDB_W1-F12_1425,GDB_W1-F12,GDB9_W1_F12_external,false,false,false,true,,4
GDB_W1-F12_1426,GDB_W1-F12,GDB9_W1_F12_external,false,false,false,true,,4
GDB_W1-F12_1427,GDB_W1-F12,GDB9_W1_F12_external,false,false,false,true,,4
GDB_W1-F12_1428,GDB_W1-F12,GDB9_W1_F12_external,false,false,false,true,,4
GDB_W1-F12_1429,GDB_W1-F12,GDB9_W1_F12_external,false,false,false,true,,5
GDB_W1-F12_1430,GDB_W1-F12,GDB9_W1_F12_external,false,false,false,true,,4
GDB_W1-F12_1431,GDB_W1-F12,GDB9_W1_F12_external,false,false,false,true,,5
GDB_W1-F12_1432,GDB_W1-F12,GDB9_W1_F12_external,false,false,false,true,,4
GDB_W1-F12_1433,GDB_W1-F12,GDB9_W1_F12_external,false,false,false,true,,5
GDB_W1-F12_1434,GDB_W1-F12,GDB9_W1_F12_external,false,false,false,true,,4
GDB_W1-F12_1435,GDB_W1-F12,GDB9_W1_F12_external,false,false,false,true,,4
GDB_W1-F12_1436,GDB_W1-F12,GDB9_W1_F12_external,false,false,false,true,,4
GDB_W1-F12_1437,GDB_W1-F12,GDB9_W1_F12_external,false,false,false,true,,5
GDB_W1-F12_1438,GDB_W1-F12,GDB9_W1_F12_external,false,false,false,true,,4
GDB_W1-F12_1439,GDB_W1-F12,GDB9_W1_F12_external,false,false,false,true,,5
GDB_W1-F12_1440,GDB_W1-F12,GDB9_W1_F12_external,false,false,false,true,,4
GDB_W1-F12_1441,GDB_W1-F12,GDB9_W1_F12_external,false,false,false,true,,4
GDB_W1-F12_1442,GDB_W1-F12,GDB9_W1_F12_external,false,false,false,true,,5
GDB_W1-F12_1443,GDB_W1-F12,GDB9_W1_F12_external,false,false,false,true,,4
GDB_W1-F12_1444,GDB_W1-F12,GDB9_W1_F12_external,false,false,false,true,,4
GDB_W1-F12_1445,GDB_W1-F12,GDB9_W1_F12_external,false,false,false,true,,5
GDB_W1-F12_1446,GDB_W1-F12,GDB9_W1_F12_external,false,false,false,true,,5
GDB_W1-F12_1447,GDB_W1-F12,GDB9_W1_F12_external,false,false,false,true,,5
GDB_W1-F12_1448,GDB_W1-F12,GDB9_W1_F12_external,false,false,false,true,,5
GDB_W1-F12_1449,GDB_W1-F12,GDB9_W1_F12_external,false,false,false,true,,5
GDB_W1-F12_1450,GDB_W1-F12,GDB9_W1_F12_external,false,false,false,true,,5
GDB_W1-F12_1451,GDB_W1-F12,GDB9_W1_F12_external,false,false,false,true,,4
GDB_W1-F12_1452,GDB_W1-F12,GDB9_W1_F12_external,false,false,false,true,,5
GDB_W1-F12_1453,GDB_W1-F12,GDB9_W1_F12_external,false,false,false,true,,5
GDB_W1-F12_1454,GDB_W1-F12,GDB9_W1_F12_external,false,false,false,true,,5
GDB_W1-F12_1455,GDB_W1-F12,GDB9_W1_F12_external,false,false,false,true,,5
GDB_W1-F12_1456,GDB_W1-F12,GDB9_W1_F12_external,false,false,false,true,,5
GDB_W1-F12_1457,GDB_W1-F12,GDB9_W1_F12_external,false,false,false,true,,5
GDB_W1-F12_1458,GDB_W1-F12,GDB9_W1_F12_external,false,false,false,true,,5
GDB_W1-F12_1459,GDB_W1-F12,GDB9_W1_F12_external,false,false,false,true,,5
GDB_W1-F12_1460,GDB_W1-F12,GDB9_W1_F12_external,false,false,false,true,,4
GDB_W1-F12_1461,GDB_W1-F12,GDB9_W1_F12_external,false,false,false,true,,5
GDB_W1-F12_1462,GDB_W1-F12,GDB9_W1_F12_external,false,false,false,true,,5
GDB_W1-F12_1463,GDB_W1-F12,GDB9_W1_F12_external,false,false,false,true,,5
GDB_W1-F12_1464,GDB_W1-F12,GDB9_W1_F12_external,false,false,false,true,,4
GDB_W1-F12_1465,GDB_W1-F12,GDB9_W1_F12_external,false,false,false,true,,5
GDB_W1-F12_1466,GDB_W1-F12,GDB9_W1_F12_external,false,false,false,true,,4
GDB_W1-F12_1467,GDB_W1-F12,GDB9_W1_F12_external,false,false,false,true,,5
GDB_W1-F12_1468,GDB_W1-F12,GDB9_W1_F12_external,false,false,false,true,,5
GDB_W1-F12_1469,GDB_W1-F12,GDB9_W1_F12_external,false,false,false,true,,5
GDB_W1-F12_1470,GDB_W1-F12,GDB9_W1_F12_external,false,false,false,true,,5
GDB_W1-F12_1471,GDB_W1-F12,GDB9_W1_F12_external,false,false,false,true,,4
GDB_W1-F12_1472,GDB_W1-F12,GDB9_W1_F12_external,false,false,false,true,,5
GDB_W1-F12_1473,GDB_W1-F12,GDB9_W1_F12_external,false,false,false,true,,5
GDB_W1-F12_1474,GDB_W1-F12,GDB9_W1_F12_external,false,false,false,true,,4
GDB_W1-F12_1475,GDB_W1-F12,GDB9_W1_F12_external,false,false,false,true,,5
GDB_W1-F12_1476,GDB_W1-F12,GDB9_W1_F12_external,false,false,false,true,,5
GDB_W1-F12_1477,GDB_W1-F12,GDB9_W1_F12_external,false,false,false,true,,5
GDB_W1-F12_1478,GDB_W1-F12,GDB9_W1_F12_external,false,false,false,true,,4
GDB_W1-F12_1479,GDB_W1-F12,GDB9_W1_F12_external,false,false,false,true,,5
GDB_W1-F12_1480,GDB_W1-F12,GDB9_W1_F12_external,false,false,false,true,,5
GDB_W1-F12_1481,GDB_W1-F12,GDB9_W1_F12_external,false,false,false,true,,4
GDB_W1-F12_1482,GDB_W1-F12,GDB9_W1_F12_external,false,false,false,true,,4
GDB_W1-F12_1483,GDB_W1-F12,GDB9_W1_F12_external,false,false,false,true,,3
GDB_W1-F12_1484,GDB_W1-F12,GDB9_W1_F12_external,false,false,false,true,,4
GDB_W1-F12_1485,GDB_W1-F12,GDB9_W1_F12_external,false,false,false,true,,4
GDB_W1-F12_1486,GDB_W1-F12,GDB9_W1_F12_external,false,false,false,true,,4
GDB_W1-F12_1487,GDB_W1-F12,GDB9_W1_F12_external,false,false,false,true,,4
GDB_W1-F12_1488,GDB_W1-F12,GDB9_W1_F12_external,false,false,false,true,,3
GDB_W1-F12_1489,GDB_W1-F12,GDB9_W1_F12_external,false,false,false,true,,5
GDB_W1-F12_1490,GDB_W1-F12,GDB9_W1_F12_external,false,false,false,true,,4
GDB_W1-F12_1491,GDB_W1-F12,GDB9_W1_F12_external,false,false,false,true,,5
GDB_W1-F12_1492,GDB_W1-F12,GDB9_W1_F12_external,false,false,false,true,,4
GDB_W1-F12_1493,GDB_W1-F12,GDB9_W1_F12_external,false,false,false,true,,5
GDB_W1-F12_1494,GDB_W1-F12,GDB9_W1_F12_external,false,false,false,true,,4
GDB_W1-F12_1495,GDB_W1-F12,GDB9_W1_F12_external,false,false,false,true,,5
GDB_W1-F12_1496,GDB_W1-F12,GDB9_W1_F12_external,false,false,false,true,,5
GDB_W1-F12_1497,GDB_W1-F12,GDB9_W1_F12_external,false,false,false,true,,5
GDB_W1-F12_1498,GDB_W1-F12,GDB9_W1_F12_external,false,false,false,true,,5
GDB_W1-F12_1499,GDB_W1-F12,GDB9_W1_F12_external,false,false,false,true,,5
GDB_W1-F12_1500,GDB_W1-F12,GDB9_W1_F12_external,false,false,false,true,,4
GDB_W1-F12_1501,GDB_W1-F12,GDB9_W1_F12_external,false,false,false,true,,4
GDB_W1-F12_1502,GDB_W1-F12,GDB9_W1_F12_external,false,false,false,true,,5
GDB_W1-F12_1503,GDB_W1-F12,GDB9_W1_F12_external,false,false,false,true,,4
GDB_W1-F12_1504,GDB_W1-F12,GDB9_W1_F12_external,false,false,false,true,,5
GDB_W1-F12_1505,GDB_W1-F12,GDB9_W1_F12_external,false,false,false,true,,4
GDB_W1-F12_1506,GDB_W1-F12,GDB9_W1_F12_external,false,false,false,true,,5
GDB_W1-F12_1507,GDB_W1-F12,GDB9_W1_F12_external,false,false,false,true,,4
GDB_W1-F12_1508,GDB_W1-F12,GDB9_W1_F12_external,false,false,false,true,,4
GDB_W1-F12_1509,GDB_W1-F12,GDB9_W1_F12_external,false,false,false,true,,3
GDB_W1-F12_1510,GDB_W1-F12,GDB9_W1_F12_external,false,false,false,true,,5
GDB_W1-F12_1511,GDB_W1-F12,GDB9_W1_F12_external,false,false,false,true,,4
GDB_W1-F12_1512,GDB_W1-F12,GDB9_W1_F12_external,false,false,false,true,,4
GDB_W1-F12_1513,GDB_W1-F12,GDB9_W1_F12_external,false,false,false,true,,4
GDB_W1-F12_1514,GDB_W1-F12,GDB9_W1_F12_external,false,false,false,true,,3
GDB_W1-F12_1515,GDB_W1-F12,GDB9_W1_F12_external,false,false,false,true,,4
GDB_W1-F12_1516,GDB_W1-F12,GDB9_W1_F12_external,false,false,false,true,,4
GDB_W1-F12_1517,GDB_W1-F12,GDB9_W1_F12_external,false,false,false,true,,4
GDB_W1-F12_1518,GDB_W1-F12,GDB9_W1_F12_external,false,false,false,true,,5
GDB_W1-F12_1519,GDB_W1-F12,GDB9_W1_F12_external,false,false,false,true,,4
GDB_W1-F12_1520,GDB_W1-F12,GDB9_W1_F12_external,false,false,false,true,,5
GDB_W1-F12_1521,GDB_W1-F12,GDB9_W1_F12_external,false,false,false,true,,4
GDB_W1-F12_1522,GDB_W1-F12,GDB9_W1_F12_external,false,false,false,true,,5
GDB_W1-F12_1523,GDB_W1-F12,GDB9_W1_F12_external,false,false,false,true,,4
GDB_W1-F12_1524,GDB_W1-F12,GDB9_W1_F12_external,false,false,false,true,,5
GDB_W1-F12_1525,GDB_W1-F12,GDB9_W1_F12_external,false,false,false,true,,4
GDB_W1-F12_1526,GDB_W1-F12,GDB9_W1_F12_external,false,false,false,true,,5
GDB_W1-F12_1527,GDB_W1-F12,GDB9_W1_F12_external,false,false,false,true,,4
GDB_W1-F12_1528,GDB_W1-F12,GDB9_W1_F12_external,false,false,false,true,,5
GDB_W1-F12_1529,GDB_W1-F12,GDB9_W1_F12_external,false,false,false,true,,4
GDB_W1-F12_1530,GDB_W1-F12,GDB9_W1_F12_external,false,false,false,true,,4
GDB_W1-F12_1531,GDB_W1-F12,GDB9_W1_F12_external,false,false,false,true,,3
GDB_W1-F12_1532,GDB_W1-F12,GDB9_W1_F12_external,false,false,false,true,,4
GDB_W1-F12_1533,GDB_W1-F12,GDB9_W1_F12_external,false,false,false,true,,4
GDB_W1-F12_1534,GDB_W1-F12,GDB9_W1_F12_external,false,false,false,true,,4
GDB_W1-F12_1535,GDB_W1-F12,GDB9_W1_F12_external,false,false,false,true,,5
GDB_W1-F12_1536,GDB_W1-F12,GDB9_W1_F12_external,false,false,false,true,,4
GDB_W1-F12_1537,GDB_W1-F12,GDB9_W1_F12_external,false,false,false,true,,3
GDB_W1-F12_1538,GDB_W1-F12,GDB9_W1_F12_external,false,false,false,true,,4
GDB_W1-F12_1539,GDB_W1-F12,GDB9_W1_F12_external,false,false,false,true,,4
GDB_W1-F12_1540,GDB_W1-F12,GDB9_W1_F12_external,false,false,false,true,,3
GDB_W1-F12_1541,GDB_W1-F12,GDB9_W1_F12_external,false,false,false,true,,4
GDB_W1-F12_1542,GDB_W1-F12,GDB9_W1_F12_external,false,false,false,true,,4
GDB_W1-F12_1543,GDB_W1-F12,GDB9_W1_F12_external,false,false,false,true,,4
GDB_W1-F12_1544,GDB_W1-F12,GDB9_W1_F12_external,false,false,false,true,,4
GDB_W1-F12_1545,GDB_W1-F12,GDB9_W1_F12_external,false,false,false,true,,4
GDB_W1-F12_1546,GDB_W1-F12,GDB9_W1_F12_external,false,false,false,true,,4
GDB_W1-F12_1547,GDB_W1-F12,GDB9_W1_F12_external,false,false,false,true,,4
GDB_W1-F12_1548,GDB_W1-F12,GDB9_W1_F12_external,false,false,false,true,,4
GDB_W1-F12_1549,GDB_W1-F12,GDB9_W1_F12_external,false,false,false,true,,4
GDB_W1-F12_1550,GDB_W1-F12,GDB9_W1_F12_external,false,false,false,true,,4
GDB_W1-F12_1551,GDB_W1-F12,GDB9_W1_F12_external,false,false,false,true,,5
GDB_W1-F12_1552,GDB_W1-F12,GDB9_W1_F12_external,false,false,false,true,,5
GDB_W1-F12_1553,GDB_W1-F12,GDB9_W1_F12_external,false,false,false,true,,4
GDB_W1-F12_1554,GDB_W1-F12,GDB9_W1_F12_external,false,false,false,true,,5
GDB_W1-F12_1555,GDB_W1-F12,GDB9_W1_F12_external,false,false,false,true,,5
GDB_W1-F12_1556,GDB_W1-F12,GDB9_W1_F12_external,false,false,false,true,,4
GDB_W1-F12_1557,GDB_W1-F12,GDB9_W1_F12_external,false,false,false,true,,5
GDB_W1-F12_1558,GDB_W1-F12,GDB9_W1_F12_external,false,false,false,true,,5
GDB_W1-F12_1559,GDB_W1-F12,GDB9_W1_F12_external,false,false,false,true,,4
GDB_W1-F12_1560,GDB_W1-F12,GDB9_W1_F12_external,false,false,false,true,,5
GDB_W1-F12_1561,GDB_W1-F12,GDB9_W1_F12_external,false,false,false,true,,5
GDB_W1-F12_1562,GDB_W1-F12,GDB9_W1_F12_external,false,false,false,true,,3
GDB_W1-F12_1563,GDB_W1-F12,GDB9_W1_F12_external,false,false,false,true,,4
GDB_W1-F12_1564,GDB_W1-F12,GDB9_W1_F12_external,false,false,false,true,,4
GDB_W1-F12_1565,GDB_W1-F12,GDB9_W1_F12_external,false,false,false,true,,4
GDB_W1-F12_1566,GDB_W1-F12,GDB9_W1_F12_external,false,false,false,true,,5
GDB_W1-F12_1567,GDB_W1-F12,GDB9_W1_F12_external,false,false,false,true,,4
GDB_W1-F12_1568,GDB_W1-F12,GDB9_W1_F12_external,false,false,false,true,,4
GDB_W1-F12_1569,GDB_W1-F12,GDB9_W1_F12_external,false,false,false,true,,5
GDB_W1-F12_1570,GDB_W1-F12,GDB9_W1_F12_external,false,false,false,true,,4
GDB_W1-F12_1571,GDB_W1-F12,GDB9_W1_F12_external,false,false,false,true,,4
GDB_W1-F12_1572,GDB_W1-F12,GDB9_W1_F12_external,false,false,false,true,,5
GDB_W1-F12_1573,GDB_W1-F12,GDB9_W1_F12_external,false,false,false,true,,4
GDB_W1-F12_1574,GDB_W1-F12,GDB9_W1_F12_external,false,false,false,true,,5
GDB_W1-F12_1575,GDB_W1-F12,GDB9_W1_F12_external,false,false,false,true,,5
GDB_W1-F12_1576,GDB_W1-F12,GDB9_W1_F12_external,false,false,false,true,,5
GDB_W1-F12_1577,GDB_W1-F12,GDB9_W1_F12_external,false,false,false,true,,4
GDB_W1-F12_1578,GDB_W1-F12,GDB9_W1_F12_external,false,false,false,true,,5
GDB_W1-F12_1579,GDB_W1-F12,GDB9_W1_F12_external,false,false,false,true,,4
GDB_W1-F12_1580,GDB_W1-F12,GDB9_W1_F12_external,false,false,false,true,,5
GDB_W1-F12_1581,GDB_W1-F12,GDB9_W1_F12_external,false,false,false,true,,4
GDB_W1-F12_1582,GDB_W1-F12,GDB9_W1_F12_external,false,false,false,true,,5
GDB_W1-F12_1583,GDB_W1-F12,GDB9_W1_F12_external,false,false,false,true,,4
GDB_W1-F12_1584,GDB_W1-F12,GDB9_W1_F12_external,false,false,false,true,,5
GDB_W1-F12_1585,GDB_W1-F12,GDB9_W1_F12_external,false,false,false,true,,4
GDB_W1-F12_1586,GDB_W1-F12,GDB9_W1_F12_external,false,false,false,true,,5
GDB_W1-F12_1587,GDB_W1-F12,GDB9_W1_F12_external,false,false,false,true,,4
GDB_W1-F12_1588,GDB_W1-F12,GDB9_W1_F12_external,false,false,false,true,,5
GDB_W1-F12_1589,GDB_W1-F12,GDB9_W1_F12_external,false,false,false,true,,4
GDB_W1-F12_1590,GDB_W1-F12,GDB9_W1_F12_external,false,false,false,true,,5
GDB_W1-F12_1591,GDB_W1-F12,GDB9_W1_F12_external,false,false,false,true,,5
GDB_W1-F12_1592,GDB_W1-F12,GDB9_W1_F12_external,false,false,false,true,,4
GDB_W1-F12_1593,GDB_W1-F12,GDB9_W1_F12_external,false,false,false,true,,5
GDB_W1-F12_1594,GDB_W1-F12,GDB9_W1_F12_external,false,false,false,true,,5
GDB_W1-F12_1595,GDB_W1-F12,GDB9_W1_F12_external,false,false,false,true,,5
GDB_W1-F12_1596,GDB_W1-F12,GDB9_W1_F12_external,false,false,false,true,,5
GDB_W1-F12_1597,GDB_W1-F12,GDB9_W1_F12_external,false,false,false,true,,5
GDB_W1-F12_1598,GDB_W1-F12,GDB9_W1_F12_external,false,false,false,true,,5
GDB_W1-F12_1599,GDB_W1-F12,GDB9_W1_F12_external,false,false,false,true,,3
GDB_W1-F12_1600,GDB_W1-F12,GDB9_W1_F12_external,false,false,false,true,,4
GDB_W1-F12_1601,GDB_W1-F12,GDB9_W1_F12_external,false,false,false,true,,4
GDB_W1-F12_1602,GDB_W1-F12,GDB9_W1_F12_external,false,false,false,true,,4
GDB_W1-F12_1603,GDB_W1-F12,GDB9_W1_F12_external,false,false,false,true,,4
GDB_W1-F12_1604,GDB_W1-F12,GDB9_W1_F12_external,false,false,false,true,,5
GDB_W1-F12_1605,GDB_W1-F12,GDB9_W1_F12_external,false,false,false,true,,4
GDB_W1-F12_1606,GDB_W1-F12,GDB9_W1_F12_external,false,false,false,true,,4
GDB_W1-F12_1607,GDB_W1-F12,GDB9_W1_F12_external,false,false,false,true,,4
GDB_W1-F12_1608,GDB_W1-F12,GDB9_W1_F12_external,false,false,false,true,,5
GDB_W1-F12_1609,GDB_W1-F12,GDB9_W1_F12_external,false,false,false,true,,3
GDB_W1-F12_1610,GDB_W1-F12,GDB9_W1_F12_external,false,false,false,true,,4
GDB_W1-F12_1611,GDB_W1-F12,GDB9_W1_F12_external,false,false,false,true,,4
GDB_W1-F12_1612,GDB_W1-F12,GDB9_W1_F12_external,false,false,false,true,,4
GDB_W1-F12_1613,GDB_W1-F12,GDB9_W1_F12_external,false,false,false,true,,5
GDB_W1-F12_1614,GDB_W1-F12,GDB9_W1_F12_external,false,false,false,true,,4
GDB_W1-F12_1615,GDB_W1-F12,GDB9_W1_F12_external,false,false,false,true,,4
GDB_W1-F12_1616,GDB_W1-F12,GDB9_W1_F12_external,false,false,false,true,,5
GDB_W1-F12_1617,GDB_W1-F12,GDB9_W1_F12_external,false,false,false,true,,5
GDB_W1-F12_1618,GDB_W1-F12,GDB9_W1_F12_external,false,false,false,true,,4
GDB_W1-F12_1619,GDB_W1-F12,GDB9_W1_F12_external,false,false,false,true,,5
GDB_W1-F12_1620,GDB_W1-F12,GDB9_W1_F12_external,false,false,false,true,,4
GDB_W1-F12_1621,GDB_W1-F12,GDB9_W1_F12_external,false,false,false,true,,5
GDB_W1-F12_1622,GDB_W1-F12,GDB9_W1_F12_external,false,false,false,true,,4
GDB_W1-F12_1623,GDB_W1-F12,GDB9_W1_F12_external,false,false,false,true,,3
GDB_W1-F12_1624,GDB_W1-F12,GDB9_W1_F12_external,false,false,false,true,,4
GDB_W1-F12_1625,GDB_W1-F12,GDB9_W1_F12_external,false,false,false,true,,4
GDB_W1-F12_1626,GDB_W1-F12,GDB9_W1_F12_external,false,false,false,true,,4
GDB_W1-F12_1627,GDB_W1-F12,GDB9_W1_F12_external,false,false,false,true,,4
GDB_W1-F12_1628,GDB_W1-F12,GDB9_W1_F12_external,false,false,false,true,,5
GDB_W1-F12_1629,GDB_W1-F12,GDB9_W1_F12_external,false,false,false,true,,4
GDB_W1-F12_1630,GDB_W1-F12,GDB9_W1_F12_external,false,false,false,true,,3
GDB_W1-F12_1631,GDB_W1-F12,GDB9_W1_F12_external,false,false,false,true,,4
GDB_W1-F12_1632,GDB_W1-F12,GDB9_W1_F12_external,false,false,false,true,,4
GDB_W1-F12_1633,GDB_W1-F12,GDB9_W1_F12_external,false,false,false,true,,4
GDB_W1-F12_1634,GDB_W1-F12,GDB9_W1_F12_external,false,false,false,true,,4
GDB_W1-F12_1635,GDB_W1-F12,GDB9_W1_F12_external,false,false,false,true,,4
GDB_W1-F12_1636,GDB_W1-F12,GDB9_W1_F12_external,false,false,false,true,,5
GDB_W1-F12_1637,GDB_W1-F12,GDB9_W1_F12_external,false,false,false,true,,4
GDB_W1-F12_1638,GDB_W1-F12,GDB9_W1_F12_external,false,false,false,true,,5
GDB_W1-F12_1639,GDB_W1-F12,GDB9_W1_F12_external,false,false,false,true,,3
GDB_W1-F12_1640,GDB_W1-F12,GDB9_W1_F12_external,false,false,false,true,,4
GDB_W1-F12_1641,GDB_W1-F12,GDB9_W1_F12_external,false,false,false,true,,4
GDB_W1-F12_1642,GDB_W1-F12,GDB9_W1_F12_external,false,false,false,true,,4
GDB_W1-F12_1643,GDB_W1-F12,GDB9_W1_F12_external,false,false,false,true,,3
GDB_W1-F12_1644,GDB_W1-F12,GDB9_W1_F12_external,false,false,false,true,,4
GDB_W1-F12_1645,GDB_W1-F12,GDB9_W1_F12_external,false,false,false,true,,4
GDB_W1-F12_1646,GDB_W1-F12,GDB9_W1_F12_external,false,false,false,true,,5
GDB_W1-F12_1647,GDB_W1-F12,GDB9_W1_F12_external,false,false,false,true,,5
GDB_W1-F12_1648,GDB_W1-F12,GDB9_W1_F12_external,false,false,false,true,,4
GDB_W1-F12_1649,GDB_W1-F12,GDB9_W1_F12_external,false,false,false,true,,4
GDB_W1-F12_1650,GDB_W1-F12,GDB9_W1_F12_external,false,false,false,true,,5
GDB_W1-F12_1651,GDB_W1-F12,GDB9_W1_F12_external,false,false,false,true,,5
GDB_W1-F12_1652,GDB_W1-F12,GDB9_W1_F12_external,false,false,false,true,,5
GDB_W1-F12_1653,GDB_W1-F12,GDB9_W1_F12_external,false,false,false,true,,5
GDB_W1-F12_1654,GDB_W1-F12,GDB9_W1_F12_external,false,false,false,true,,5
GDB_W1-F12_1655,GDB_W1-F12,GDB9_W1_F12_external,false,false,false,true,,4
GDB_W1-F12_1656,GDB_W1-F12,GDB9_W1_F12_external,false,false,false,true,,5
GDB_W1-F12_1657,GDB_W1-F12,GDB9_W1_F12_external,false,false,false,true,,5
GDB_W1-F12_1658,GDB_W1-F12,GDB9_W1_F12_external,false,false,false,true,,4
GDB_W1-F12_1659,GDB_W1-F12,GDB9_W1_F12_external,false,false,false,true,,5
GDB_W1-F12_1660,GDB_W1-F12,GDB9_W1_F12_external,false,false,false,true,,4
GDB_W1-F12_1661,GDB_W1-F12,GDB9_W1_F12_external,false,false,false,true,,5
GDB_W1-F12_1662,GDB_W1-F12,GDB9_W1_F12_external,false,false,false,true,,5
GDB_W1-F12_1663,GDB_W1-F12,GDB9_W1_F12_external,false,false,false,true,,5
GDB_W1-F12_1664,GDB_W1-F12,GDB9_W1_F12_external,false,false,false,true,,5
GDB_W1-F12_1665,GDB_W1-F12,GDB9_W1_F12_external,false,false,false,true,,5
GDB_W1-F12_1666,GDB_W1-F12,GDB9_W1_F12_external,false,false,false,true,,4
GDB_W1-F12_1667,GDB_W1-F12,GDB9_W1_F12_external,false,false,false,true,,5
GDB_W1-F12_1668,GDB_W1-F12,GDB9_W1_F12_external,false,false,false,true,,4
GDB_W1-F12_1669,GDB_W1-F12,GDB9_W1_F12_external,false,false,false,true,,5
GDB_W1-F12_1670,GDB_W1-F12,GDB9_W1_F12_external,false,false,false,true,,4
GDB_W1-F12_1671,GDB_W1-F12,GDB9_W1_F12_external,false,false,false,true,,4
GDB_W1-F12_1672,GDB_W1-F12,GDB9_W1_F12_external,false,false,false,true,,4
GDB_W1-F12_1673,GDB_W1-F12,GDB9_W1_F12_external,false,false,false,true,,5
GDB_W1-F12_1674,GDB_W1-F12,GDB9_W1_F12_external,false,false,false,true,,5
GDB_W1-F12_1675,GDB_W1-F12,GDB9_W1_F12_external,false,false,false,true,,5
GDB_W1-F12_1676,GDB_W1-F12,GDB9_W1_F12_external,false,false,false,true,,4
GDB_W1-F12_1677,GDB_W1-F12,GDB9_W1_F12_external,false,false,false,true,,4
GDB_W1-F12_1678,GDB_W1-F12,GDB9_W1_F12_external,false,false,false,true,,5
GDB_W1-F12_1679,GDB_W1-F12,GDB9_W1_F12_external,false,false,false,true,,5
GDB_W1-F12_1680,GDB_W1-F12,GDB9_W1_F12_external,false,false,false,true,,3
GDB_W1-F12_1681,GDB_W1-F12,GDB9_W1_F12_external,false,false,false,true,,4
GDB_W1-F12_1682,GDB_W1-F12,GDB9_W1_F12_external,false,false,false,true,,4
GDB_W1-F12_1683,GDB_W1-F12,GDB9_W1_F12_external,false,false,false,true,,5
GDB_W1-F12_1684,GDB_W1-F12,GDB9_W1_F12_external,false,false,false,true,,4
GDB_W1-F12_1685,GDB_W1-F12,GDB9_W1_F12_external,false,false,false,true,,5
GDB_W1-F12_1686,GDB_W1-F12,GDB9_W1_F12_external,false,false,false,true,,5
GDB_W1-F12_1687,GDB_W1-F12,GDB9_W1_F12_external,false,false,false,true,,4
GDB_W1-F12_1688,GDB_W1-F12,GDB9_W1_F12_external,false,false,false,true,,5
GDB_W1-F12_1689,GDB_W1-F12,GDB9_W1_F12_external,false,false,false,true,,3
GDB_W1-F12_1690,GDB_W1-F12,GDB9_W1_F12_external,false,false,false,true,,5
GDB_W1-F12_1691,GDB_W1-F12,GDB9_W1_F12_external,false,false,false,true,,4
GDB_W1-F12_1692,GDB_W1-F12,GDB9_W1_F12_external,false,false,false,true,,4
GDB_W1-F12_1693,GDB_W1-F12,GDB9_W1_F12_external,false,false,false,true,,4
GDB_W1-F12_1694,GDB_W1-F12,GDB9_W1_F12_external,false,false,false,true,,4
GDB_W1-F12_1695,GDB_W1-F12,GDB9_W1_F12_external,false,false,false,true,,5
GDB_W1-F12_1696,GDB_W1-F12,GDB9_W1_F12_external,false,false,false,true,,4
GDB_W1-F12_1697,GDB_W1-F12,GDB9_W1_F12_external,false,false,false,true,,5
GDB_W1-F12_1698,GDB_W1-F12,GDB9_W1_F12_external,false,false,false,true,,5
GDB_W1-F12_1699,GDB_W1-F12,GDB9_W1_F12_external,false,false,false,true,,5
GDB_W1-F12_1700,GDB_W1-F12,GDB9_W1_F12_external,false,false,false,true,,5
GDB_W1-F12_1701,GDB_W1-F12,GDB9_W1_F12_external,false,false,false,true,,5
GDB_W1-F12_1702,GDB_W1-F12,GDB9_W1_F12_external,false,false,false,true,,4
GDB_W1-F12_1703,GDB_W1-F12,GDB9_W1_F12_external,false,false,false,true,,5
GDB_W1-F12_1704,GDB_W1-F12,GDB9_W1_F12_external,false,false,false,true,,4
GDB_W1-F12_1705,GDB_W1-F12,GDB9_W1_F12_external,false,false,false,true,,5
GDB_W1-F12_1706,GDB_W1-F12,GDB9_W1_F12_external,false,false,false,true,,4
GDB_W1-F12_1707,GDB_W1-F12,GDB9_W1_F12_external,false,false,false,true,,4
GDB_W1-F12_1708,GDB_W1-F12,GDB9_W1_F12_external,false,false,false,true,,3
GDB_W1-F12_1709,GDB_W1-F12,GDB9_W1_F12_external,false,false,false,true,,4
GDB_W1-F12_1710,GDB_W1-F12,GDB9_W1_F12_external,false,false,false,true,,4
GDB_W1-F12_1711,GDB_W1-F12,GDB9_W1_F12_external,false,false,false,true,,5
GDB_W1-F12_1712,GDB_W1-F12,GDB9_W1_F12_external,false,false,false,true,,5
GDB_W1-F12_1713,GDB_W1-F12,GDB9_W1_F12_external,false,false,false,true,,4
GDB_W1-F12_1714,GDB_W1-F12,GDB9_W1_F12_external,false,false,false,true,,5
GDB_W1-F12_1715,GDB_W1-F12,GDB9_W1_F12_external,false,false,false,true,,4
GDB_W1-F12_1716,GDB_W1-F12,GDB9_W1_F12_external,false,false,false,true,,5
GDB_W1-F12_1717,GDB_W1-F12,GDB9_W1_F12_external,false,false,false,true,,4
GDB_W1-F12_1718,GDB_W1-F12,GDB9_W1_F12_external,false,false,false,true,,5
GDB_W1-F12_1719,GDB_W1-F12,GDB9_W1_F12_external,false,false,false,true,,5
GDB_W1-F12_1720,GDB_W1-F12,GDB9_W1_F12_external,false,false,false,true,,5
GDB_W1-F12_1721,GDB_W1-F12,GDB9_W1_F12_external,false,false,false,true,,4
GDB_W1-F12_1722,GDB_W1-F12,GDB9_W1_F12_external,false,false,false,true,,5
GDB_W1-F12_1723,GDB_W1-F12,GDB9_W1_F12_external,false,false,false,true,,4
GDB_W1-F12_1724,GDB_W1-F12,GDB9_W1_F12_external,false,false,false,true,,5
GDB_W1-F12_1725,GDB_W1-F12,GDB9_W1_F12_external,false,false,false,true,,4
GDB_W1-F12_1726,GDB_W1-F12,GDB9_W1_F12_external,false,false,false,true,,5
GDB_W1-F12_1727,GDB_W1-F12,GDB9_W1_F12_external,false,false,false,true,,4
GDB_W1-F12_1728,GDB_W1-F12,GDB9_W1_F12_external,false,false,false,true,,3
GDB_W1-F12_1729,GDB_W1-F12,GDB9_W1_F12_external,false,false,false,true,,4
GDB_W1-F12_1730,GDB_W1-F12,GDB9_W1_F12_external,false,false,false,true,,5
GDB_W1-F12_1731,GDB_W1-F12,GDB9_W1_F12_external,false,false,false,true,,4
GDB_W1-F12_1732,GDB_W1-F12,GDB9_W1_F12_external,false,false,false,true,,4
GDB_W1-F12_1733,GDB_W1-F12,GDB9_W1_F12_external,false,false,false,true,,3
GDB_W1-F12_1734,GDB_W1-F12,GDB9_W1_F12_external,false,false,false,true,,4
GDB_W1-F12_1735,GDB_W1-F12,GDB9_W1_F12_external,false,false,false,true,,4
GDB_W1-F12_1736,GDB_W1-F12,GDB9_W1_F12_external,false,false,false,true,,5
GDB_W1-F12_1737,GDB_W1-F12,GDB9_W1_F12_external,false,false,false,true,,5
GDB_W1-F12_1738,GDB_W1-F12,GDB9_W1_F12_external,false,false,false,true,,4
GDB_W1-F12_1739,GDB_W1-F12,GDB9_W1_F12_external,false,false,false,true,,4
GDB_W1-F12_1740,GDB_W1-F12,GDB9_W1_F12_external,false,false,false,true,,4
GDB_W1-F12_1741,GDB_W1-F12,GDB9_W1_F12_external,false,false,false,true,,5
GDB_W1-F12_1742,GDB_W1-F12,GDB9_W1_F12_external,false,false,false,true,,4
GDB_W1-F12_1743,GDB_W1-F12,GDB9_W1_F12_external,false,false,false,true,,5
GDB_W1-F12_1744,GDB_W1-F12,GDB9_W1_F12_external,false,false,false,true,,5
GDB_W1-F12_1745,GDB_W1-F12,GDB9_W1_F12_external,false,false,false,true,,5
GDB_W1-F12_1746,GDB_W1-F12,GDB9_W1_F12_external,false,false,false,true,,5
GDB_W1-F12_1747,GDB_W1-F12,GDB9_W1_F12_external,false,false,false,true,,4
GDB_W1-F12_1748,GDB_W1-F12,GDB9_W1_F12_external,false,false,false,true,,5
GDB_W1-F12_1749,GDB_W1-F12,GDB9_W1_F12_external,false,false,false,true,,5
GDB_W1-F12_1750,GDB_W1-F12,GDB9_W1_F12_external,false,false,false,true,,5
GDB_W1-F12_1751,GDB_W1-F12,GDB9_W1_F12_external,false,false,false,true,,4
GDB_W1-F12_1752,GDB_W1-F12,GDB9_W1_F12_external,false,false,false,true,,4
GDB_W1-F12_1753,GDB_W1-F12,GDB9_W1_F12_external,false,false,false,true,,4
GDB_W1-F12_1754,GDB_W1-F12,GDB9_W1_F12_external,false,false,false,true,,4
GDB_W1-F12_1755,GDB_W1-F12,GDB9_W1_F12_external,false,false,false,true,,5
GDB_W1-F12_1756,GDB_W1-F12,GDB9_W1_F12_external,false,false,false,true,,5
GDB_W1-F12_1757,GDB_W1-F12,GDB9_W1_F12_external,false,false,false,true,,5
GDB_W1-F12_1758,GDB_W1-F12,GDB9_W1_F12_external,false,false,false,true,,5
GDB_W1-F12_1759,GDB_W1-F12,GDB9_W1_F12_external,false,false,false,true,,5
GDB_W1-F12_1760,GDB_W1-F12,GDB9_W1_F12_external,false,false,false,true,,5
GDB_W1-F12_1761,GDB_W1-F12,GDB9_W1_F12_external,false,false,false,true,,4
GDB_W1-F12_1762,GDB_W1-F12,GDB9_W1_F12_external,false,false,false,true,,5
GDB_W1-F12_1763,GDB_W1-F12,GDB9_W1_F12_external,false,false,false,true,,4
GDB_W1-F12_1764,GDB_W1-F12,GDB9_W1_F12_external,false,false,false,true,,4
GDB_W1-F12_1765,GDB_W1-F12,GDB9_W1_F12_external,false,false,false,true,,4
GDB_W1-F12_1766,GDB_W1-F12,GDB9_W1_F12_external,false,false,false,true,,4
GDB_W1-F12_1767,GDB_W1-F12,GDB9_W1_F12_external,false,false,false,true,,5
GDB_W1-F12_1768,GDB_W1-F12,GDB9_W1_F12_external,false,false,false,true,,5
GDB_W1-F12_1769,GDB_W1-F12,GDB9_W1_F12_external,false,false,false,true,,4
GDB_W1-F12_1770,GDB_W1-F12,GDB9_W1_F12_external,false,false,false,true,,5
GDB_W1-F12_1771,GDB_W1-F12,GDB9_W1_F12_external,false,false,false,true,,4
GDB_W1-F12_1772,GDB_W1-F12,GDB9_W1_F12_external,false,false,false,true,,3
GDB_W1-F12_1773,GDB_W1-F12,GDB9_W1_F12_external,false,false,false,true,,4
GDB_W1-F12_1774,GDB_W1-F12,GDB9_W1_F12_external,false,false,false,true,,4
GDB_W1-F12_1775,GDB_W1-F12,GDB9_W1_F12_external,false,false,false,true,,4
GDB_W1-F12_1776,GDB_W1-F12,GDB9_W1_F12_external,false,false,false,true,,4
GDB_W1-F12_1777,GDB_W1-F12,GDB9_W1_F12_external,false,false,false,true,,4
GDB_W1-F12_1778,GDB_W1-F12,GDB9_W1_F12_external,false,false,false,true,,4
GDB_W1-F12_1779,GDB_W1-F12,GDB9_W1_F12_external,false,false,false,true,,4
GDB_W1-F12_1780,GDB_W1-F12,GDB9_W1_F12_external,false,false,false,true,,4
GDB_W1-F12_1781,GDB_W1-F12,GDB9_W1_F12_external,false,false,false,true,,3
GDB_W1-F12_1782,GDB_W1-F12,GDB9_W1_F12_external,false,false,false,true,,4
GDB_W1-F12_1783,GDB_W1-F12,GDB9_W1_F12_external,false,false,false,true,,4
GDB_W1-F12_1784,GDB_W1-F12,GDB9_W1_F12_external,false,false,false,true,,4
GDB_W1-F12_1785,GDB_W1-F12,GDB9_W1_F12_external,false,false,false,true,,4
GDB_W1-F12_1786,GDB_W1-F12,GDB9_W1_F12_external,false,false,false,true,,4
GDB_W1-F12_1787,GDB_W1-F12,GDB9_W1_F12_external,false,false,false,true,,4
GDB_W1-F12_1788,GDB_W1-F12,GDB9_W1_F12_external,false,false,false,true,,3
GDB_W1-F12_1789,GDB_W1-F12,GDB9_W1_F12_external,false,false,false,true,,5
GDB_W1-F12_1790,GDB_W1-F12,GDB9_W1_F12_external,false,false,false,true,,4
GDB_W1-F12_1791,GDB_W1-F12,GDB9_W1_F12_external,false,false,false,true,,4
GDB_W1-F12_1792,GDB_W1-F12,GDB9_W1_F12_external,false,false,false,true,,4
GDB_W1-F12_1793,GDB_W1-F12,GDB9_W1_F12_external,false,false,false,true,,3
GDB_W1-F12_1794,GDB_W1-F12,GDB9_W1_F12_external,false,false,false,true,,5
GDB_W1-F12_1795,GDB_W1-F12,GDB9_W1_F12_external,false,false,false,true,,4
GDB_W1-F12_1796,GDB_W1-F12,GDB9_W1_F12_external,false,false,false,true,,4
GDB_W1-F12_1797,GDB_W1-F12,GDB9_W1_F12_external,false,false,false,true,,4
GDB_W1-F12_1798,GDB_W1-F12,GDB9_W1_F12_external,false,false,false,true,,3
GDB_W1-F12_1799,GDB_W1-F12,GDB9_W1_F12_external,false,false,false,true,,4
GDB_W1-F12_1800,GDB_W1-F12,GDB9_W1_F12_external,false,false,false,true,,4
GDB_W1-F12_1801,GDB_W1-F12,GDB9_W1_F12_external,false,false,false,true,,4
GDB_W1-F12_1802,GDB_W1-F12,GDB9_W1_F12_external,false,false,false,true,,4
GDB_W1-F12_1803,GDB_W1-F12,GDB9_W1_F12_external,false,false,false,true,,4
GDB_W1-F12_1804,GDB_W1-F12,GDB9_W1_F12_external,false,false,false,true,,5
GDB_W1-F12_1805,GDB_W1-F12,GDB9_W1_F12_external,false,false,false,true,,4
GDB_W1-F12_1806,GDB_W1-F12,GDB9_W1_F12_external,false,false,false,true,,4
GDB_W1-F12_1807,GDB_W1-F12,GDB9_W1_F12_external,false,false,false,true,,4
GDB_W1-F12_1808,GDB_W1-F12,GDB9_W1_F12_external,false,false,false,true,,4
GDB_W1-F12_1809,GDB_W1-F12,GDB9_W1_F12_external,false,false,false,true,,4
GDB_W1-F12_1810,GDB_W1-F12,GDB9_W1_F12_external,false,false,false,true,,5
GDB_W1-F12_1811,GDB_W1-F12,GDB9_W1_F12_external,false,false,false,true,,5
GDB_W1-F12_1812,GDB_W1-F12,GDB9_W1_F12_external,false,false,false,true,,4
GDB_W1-F12_1813,GDB_W1-F12,GDB9_W1_F12_external,false,false,false,true,,5
GDB_W1-F12_1814,GDB_W1-F12,GDB9_W1_F12_external,false,false,false,true,,5
GDB_W1-F12_1815,GDB_W1-F12,GDB9_W1_F12_external,false,false,false,true,,4
GDB_W1-F12_1816,GDB_W1-F12,GDB9_W1_F12_external,false,false,false,true,,5
GDB_W1-F12_1817,GDB_W1-F12,GDB9_W1_F12_external,false,false,false,true,,4
GDB_W1-F12_1818,GDB_W1-F12,GDB9_W1_F12_external,false,false,false,true,,5
GDB_W1-F12_1819,GDB_W1-F12,GDB9_W1_F12_external,false,false,false,true,,4
GDB_W1-F12_1820,GDB_W1-F12,GDB9_W1_F12_external,false,false,false,true,,5
GDB_W1-F12_1821,GDB_W1-F12,GDB9_W1_F12_external,false,false,false,true,,5
GDB_W1-F12_1822,GDB_W1-F12,GDB9_W1_F12_external,false,false,false,true,,4
GDB_W1-F12_1823,GDB_W1-F12,GDB9_W1_F12_external,false,false,false,true,,3
GDB_W1-F12_1824,GDB_W1-F12,GDB9_W1_F12_external,false,false,false,true,,4
GDB_W1-F12_1825,GDB_W1-F12,GDB9_W1_F12_external,false,false,false,true,,4
GDB_W1-F12_1826,GDB_W1-F12,GDB9_W1_F12_external,false,false,false,true,,4
GDB_W1-F12_1827,GDB_W1-F12,GDB9_W1_F12_external,false,false,false,true,,4
GDB_W1-F12_1828,GDB_W1-F12,GDB9_W1_F12_external,false,false,false,true,,4
GDB_W1-F12_1829,GDB_W1-F12,GDB9_W1_F12_external,false,false,false,true,,3
GDB_W1-F12_1830,GDB_W1-F12,GDB9_W1_F12_external,false,false,false,true,,4
GDB_W1-F12_1831,GDB_W1-F12,GDB9_W1_F12_external,false,false,false,true,,4
GDB_W1-F12_1832,GDB_W1-F12,GDB9_W1_F12_external,false,false,false,true,,4
GDB_W1-F12_1833,GDB_W1-F12,GDB9_W1_F12_external,false,false,false,true,,5
GDB_W1-F12_1834,GDB_W1-F12,GDB9_W1_F12_external,false,false,false,true,,5
GDB_W1-F12_1835,GDB_W1-F12,GDB9_W1_F12_external,false,false,false,true,,4
GDB_W1-F12_1836,GDB_W1-F12,GDB9_W1_F12_external,false,false,false,true,,5
GDB_W1-F12_1837,GDB_W1-F12,GDB9_W1_F12_external,false,false,false,true,,4
GDB_W1-F12_1838,GDB_W1-F12,GDB9_W1_F12_external,false,false,false,true,,4
GDB_W1-F12_1839,GDB_W1-F12,GDB9_W1_F12_external,false,false,false,true,,4
GDB_W1-F12_1840,GDB_W1-F12,GDB9_W1_F12_external,false,false,false,true,,5
GDB_W1-F12_1841,GDB_W1-F12,GDB9_W1_F12_external,false,false,false,true,,5
GDB_W1-F12_1842,GDB_W1-F12,GDB9_W1_F12_external,false,false,false,true,,5
GDB_W1-F12_1843,GDB_W1-F12,GDB9_W1_F12_external,false,false,false,true,,4
GDB_W1-F12_1844,GDB_W1-F12,GDB9_W1_F12_external,false,false,false,true,,4
GDB_W1-F12_1845,GDB_W1-F12,GDB9_W1_F12_external,false,false,false,true,,3
GDB_W1-F12_1846,GDB_W1-F12,GDB9_W1_F12_external,false,false,false,true,,4
GDB_W1-F12_1847,GDB_W1-F12,GDB9_W1_F12_external,false,false,false,true,,5
GDB_W1-F12_1848,GDB_W1-F12,GDB9_W1_F12_external,false,false,false,true,,3
GDB_W1-F12_1849,GDB_W1-F12,GDB9_W1_F12_external,false,false,false,true,,4
GDB_W1-F12_1850,GDB_W1-F12,GDB9_W1_F12_external,false,false,false,true,,4
GDB_W1-F12_1851,GDB_W1-F12,GDB9_W1_F12_external,false,false,false,true,,4
GDB_W1-F12_1852,GDB_W1-F12,GDB9_W1_F12_external,false,false,false,true,,4
GDB_W1-F12_1853,GDB_W1-F12,GDB9_W1_F12_external,false,false,false,true,,3
GDB_W1-F12_1854,GDB_W1-F12,GDB9_W1_F12_external,false,false,false,true,,4
GDB_W1-F12_1855,GDB_W1-F12,GDB9_W1_F12_external,false,false,false,true,,4
GDB_W1-F12_1856,GDB_W1-F12,GDB9_W1_F12_external,false,false,false,true,,4
GDB_W1-F12_1857,GDB_W1-F12,GDB9_W1_F12_external,false,false,false,true,,4
GDB_W1-F12_1858,GDB_W1-F12,GDB9_W1_F12_external,false,false,false,true,,4
GDB_W1-F12_1859,GDB_W1-F12,GDB9_W1_F12_external,false,false,false,true,,4
GDB_W1-F12_1860,GDB_W1-F12,GDB9_W1_F12_external,false,false,false,true,,4
GDB_W1-F12_1861,GDB_W1-F12,GDB9_W1_F12_external,false,false,false,true,,4
GDB_W1-F12_1862,GDB_W1-F12,GDB9_W1_F12_external,false,false,false,true,,5
GDB_W1-F12_1863,GDB_W1-F12,GDB9_W1_F12_external,false,false,false,true,,4
GDB_W1-F12_1864,GDB_W1-F12,GDB9_W1_F12_external,false,false,false,true,,5
GDB_W1-F12_1865,GDB_W1-F12,GDB9_W1_F12_external,false,false,false,true,,4
GDB_W1-F12_1866,GDB_W1-F12,GDB9_W1_F12_external,false,false,false,true,,5
GDB_W1-F12_1867,GDB_W1-F12,GDB9_W1_F12_external,false,false,false,true,,5
GDB_W1-F12_1868,GDB_W1-F12,GDB9_W1_F12_external,false,false,false,true,,4
GDB_W1-F12_1869,GDB_W1-F12,GDB9_W1_F12_external,false,false,false,true,,5
GDB_W1-F12_1870,GDB_W1-F12,GDB9_W1_F12_external,false,false,false,true,,4
GDB_W1-F12_1871,GDB_W1-F12,GDB9_W1_F12_external,false,false,false,true,,5
GDB_W1-F12_1872,GDB_W1-F12,GDB9_W1_F12_external,false,false,false,true,,5
GDB_W1-F12_1873,GDB_W1-F12,GDB9_W1_F12_external,false,false,false,true,,4
GDB_W1-F12_1874,GDB_W1-F12,GDB9_W1_F12_external,false,false,false,true,,4
GDB_W1-F12_1875,GDB_W1-F12,GDB9_W1_F12_external,false,false,false,true,,4
GDB_W1-F12_1876,GDB_W1-F12,GDB9_W1_F12_external,false,false,false,true,,4
GDB_W1-F12_1877,GDB_W1-F12,GDB9_W1_F12_external,false,false,false,true,,5
GDB_W1-F12_1878,GDB_W1-F12,GDB9_W1_F12_external,false,false,false,true,,5
GDB_W1-F12_1879,GDB_W1-F12,GDB9_W1_F12_external,false,false,false,true,,5
GDB_W1-F12_1880,GDB_W1-F12,GDB9_W1_F12_external,false,false,false,true,,5
GDB_W1-F12_1881,GDB_W1-F12,GDB9_W1_F12_external,false,false,false,true,,5
GDB_W1-F12_1882,GDB_W1-F12,GDB9_W1_F12_external,false,false,false,true,,5
GDB_W1-F12_1883,GDB_W1-F12,GDB9_W1_F12_external,false,false,false,true,,5
GDB_W1-F12_1884,GDB_W1-F12,GDB9_W1_F12_external,false,false,false,true,,4
GDB_W1-F12_1885,GDB_W1-F12,GDB9_W1_F12_external,false,false,false,true,,4
GDB_W1-F12_1886,GDB_W1-F12,GDB9_W1_F12_external,false,false,false,true,,5
GDB_W1-F12_1887,GDB_W1-F12,GDB9_W1_F12_external,false,false,false,true,,5
GDB_W1-F12_1888,GDB_W1-F12,GDB9_W1_F12_external,false,false,false,true,,5
GDB_W1-F12_1889,GDB_W1-F12,GDB9_W1_F12_external,false,false,false,true,,5
GDB_W1-F12_1890,GDB_W1-F12,GDB9_W1_F12_external,false,false,false,true,,5
GDB_W1-F12_1891,GDB_W1-F12,GDB9_W1_F12_external,false,false,false,true,,4
GDB_W1-F12_1892,GDB_W1-F12,GDB9_W1_F12_external,false,false,false,true,,5
GDB_W1-F12_1893,GDB_W1-F12,GDB9_W1_F12_external,false,false,false,true,,5
GDB_W1-F12_1894,GDB_W1-F12,GDB9_W1_F12_external,false,false,false,true,,5
GDB_W1-F12_1895,GDB_W1-F12,GDB9_W1_F12_external,false,false,false,true,,5
GDB_W1-F12_1896,GDB_W1-F12,GDB9_W1_F12_external,false,false,false,true,,5
GDB_W1-F12_1897,GDB_W1-F12,GDB9_W1_F12_external,false,false,false,true,,3
GDB_W1-F12_1898,GDB_W1-F12,GDB9_W1_F12_external,false,false,false,true,,4
GDB_W1-F12_1899,GDB_W1-F12,GDB9_W1_F12_external,false,false,false,true,,4
GDB_W1-F12_1900,GDB_W1-F12,GDB9_W1_F12_external,false,false,false,true,,4
GDB_W1-F12_1901,GDB_W1-F12,GDB9_W1_F12_external,false,false,false,true,,4
GDB_W1-F12_1902,GDB_W1-F12,GDB9_W1_F12_external,false,false,false,true,,3
GDB_W1-F12_1903,GDB_W1-F12,GDB9_W1_F12_external,false,false,false,true,,4
GDB_W1-F12_1904,GDB_W1-F12,GDB9_W1_F12_external,false,false,false,true,,4
GDB_W1-F12_1905,GDB_W1-F12,GDB9_W1_F12_external,false,false,false,true,,5
GDB_W1-F12_1906,GDB_W1-F12,GDB9_W1_F12_external,false,false,false,true,,4
GDB_W1-F12_1907,GDB_W1-F12,GDB9_W1_F12_external,false,false,false,true,,4
GDB_W1-F12_1908,GDB_W1-F12,GDB9_W1_F12_external,false,false,false,true,,5
GDB_W1-F12_1909,GDB_W1-F12,GDB9_W1_F12_external,false,false,false,true,,4
GDB_W1-F12_1910,GDB_W1-F12,GDB9_W1_F12_external,false,false,false,true,,4
GDB_W1-F12_1911,GDB_W1-F12,GDB9_W1_F12_external,false,false,false,true,,4
GDB_W1-F12_1912,GDB_W1-F12,GDB9_W1_F12_external,false,false,false,true,,4
GDB_W1-F12_1913,GDB_W1-F12,GDB9_W1_F12_external,false,false,false,true,,5
GDB_W1-F12_1914,GDB_W1-F12,GDB9_W1_F12_external,false,false,false,true,,4
GDB_W1-F12_1915,GDB_W1-F12,GDB9_W1_F12_external,false,false,false,true,,5
GDB_W1-F12_1916,GDB_W1-F12,GDB9_W1_F12_external,false,false,false,true,,4
GDB_W1-F12_1917,GDB_W1-F12,GDB9_W1_F12_external,false,false,false,true,,5
GDB_W1-F12_1918,GDB_W1-F12,GDB9_W1_F12_external,false,false,false,true,,4
GDB_W1-F12_1919,GDB_W1-F12,GDB9_W1_F12_external,false,false,false,true,,3
GDB_W1-F12_1920,GDB_W1-F12,GDB9_W1_F12_external,false,false,false,true,,4
GDB_W1-F12_1921,GDB_W1-F12,GDB9_W1_F12_external,false,false,false,true,,4
GDB_W1-F12_1922,GDB_W1-F12,GDB9_W1_F12_external,false,false,false,true,,4
GDB_W1-F12_1923,GDB_W1-F12,GDB9_W1_F12_external,false,false,false,true,,5
GDB_W1-F12_1924,GDB_W1-F12,GDB9_W1_F12_external,false,false,false,true,,4
GDB_W1-F12_1925,GDB_W1-F12,GDB9_W1_F12_external,false,false,false,true,,5
GDB_W1-F12_1926,GDB_W1-F12,GDB9_W1_F12_external,false,false,false,true,,4
GDB_W1-F12_1927,GDB_W1-F12,GDB9_W1_F12_external,false,false,false,true,,3
GDB_W1-F12_1928,GDB_W1-F12,GDB9_W1_F12_external,false,false,false,true,,4
GDB_W1-F12_1929,GDB_W1-F12,GDB9_W1_F12_external,false,false,false,true,,4
GDB_W1-F12_1930,GDB_W1-F12,GDB9_W1_F12_external,false,false,false,true,,4
GDB_W1-F12_1931,GDB_W1-F12,GDB9_W1_F12_external,false,false,false,true,,5
GDB_W1-F12_1932,GDB_W1-F12,GDB9_W1_F12_external,false,false,false,true,,4
GDB_W1-F12_1933,GDB_W1-F12,GDB9_W1_F12_external,false,false,false,true,,5
GDB_W1-F12_1934,GDB_W1-F12,GDB9_W1_F12_external,false,false,false,true,,4
GDB_W1-F12_1935,GDB_W1-F12,GDB9_W1_F12_external,false,false,false,true,,4
GDB_W1-F12_1936,GDB_W1-F12,GDB9_W1_F12_external,false,false,false,true,,4
GDB_W1-F12_1937,GDB_W1-F12,GDB9_W1_F12_external,false,false,false,true,,5
GDB_W1-F12_1938,GDB_W1-F12,GDB9_W1_F12_external,false,false,false,true,,3
GDB_W1-F12_1939,GDB_W1-F12,GDB9_W1_F12_external,false,false,false,true,,4
GDB_W1-F12_1940,GDB_W1-F12,GDB9_W1_F12_external,false,false,false,true,,4
GDB_W1-F12_1941,GDB_W1-F12,GDB9_W1_F12_external,false,false,false,true,,4
GDB_W1-F12_1942,GDB_W1-F12,GDB9_W1_F12_external,false,false,false,true,,4
GDB_W1-F12_1943,GDB_W1-F12,GDB9_W1_F12_external,false,false,false,true,,4
GDB_W1-F12_1944,GDB_W1-F12,GDB9_W1_F12_external,false,false,false,true,,4
GDB_W1-F12_1945,GDB_W1-F12,GDB9_W1_F12_external,false,false,false,true,,4
GDB_W1-F12_1946,GDB_W1-F12,GDB9_W1_F12_external,false,false,false,true,,5
GDB_W1-F12_1947,GDB_W1-F12,GDB9_W1_F12_external,false,false,false,true,,3
GDB_W1-F12_1948,GDB_W1-F12,GDB9_W1_F12_external,false,false,false,true,,5
GDB_W1-F12_1949,GDB_W1-F12,GDB9_W1_F12_external,false,false,false,true,,4
GDB_W1-F12_1950,GDB_W1-F12,GDB9_W1_F12_external,false,false,false,true,,3
GDB_W1-F12_1951,GDB_W1-F12,GDB9_W1_F12_external,false,false,false,true,,4
GDB_W1-F12_1952,GDB_W1-F12,GDB9_W1_F12_external,false,false,false,true,,4
GDB_W1-F12_1953,GDB_W1-F12,GDB9_W1_F12_external,false,false,false,true,,4
GDB_W1-F12_1954,GDB_W1-F12,GDB9_W1_F12_external,false,false,false,true,,4
GDB_W1-F12_1955,GDB_W1-F12,GDB9_W1_F12_external,false,false,false,true,,5
GDB_W1-F12_1956,GDB_W1-F12,GDB9_W1_F12_external,false,false,false,true,,4
GDB_W1-F12_1957,GDB_W1-F12,GDB9_W1_F12_external,false,false,false,true,,5
GDB_W1-F12_1958,GDB_W1-F12,GDB9_W1_F12_external,false,false,false,true,,4
GDB_W1-F12_1959,GDB_W1-F12,GDB9_W1_F12_external,false,false,false,true,,5
GDB_W1-F12_1960,GDB_W1-F12,GDB9_W1_F12_external,false,false,false,true,,4
GDB_W1-F12_1961,GDB_W1-F12,GDB9_W1_F12_external,false,false,false,true,,5
GDB_W1-F12_1962,GDB_W1-F12,GDB9_W1_F12_external,false,false,false,true,,5
GDB_W1-F12_1963,GDB_W1-F12,GDB9_W1_F12_external,false,false,false,true,,4
GDB_W1-F12_1964,GDB_W1-F12,GDB9_W1_F12_external,false,false,false,true,,5
GDB_W1-F12_1965,GDB_W1-F12,GDB9_W1_F12_external,false,false,false,true,,5
GDB_W1-F12_1966,GDB_W1-F12,GDB9_W1_F12_external,false,false,false,true,,4
GDB_W1-F12_1967,GDB_W1-F12,GDB9_W1_F12_external,false,false,false,true,,3
GDB_W1-F12_1968,GDB_W1-F12,GDB9_W1_F12_external,false,false,false,true,,4
GDB_W1-F12_1969,GDB_W1-F12,GDB9_W1_F12_external,false,false,false,true,,4
GDB_W1-F12_1970,GDB_W1-F12,GDB9_W1_F12_external,false,false,false,true,,5
GDB_W1-F12_1971,GDB_W1-F12,GDB9_W1_F12_external,false,false,false,true,,5
GDB_W1-F12_1972,GDB_W1-F12,GDB9_W1_F12_external,false,false,false,true,,3
GDB_W1-F12_1973,GDB_W1-F12,GDB9_W1_F12_external,false,false,false,true,,4
GDB_W1-F12_1974,GDB_W1-F12,GDB9_W1_F12_external,false,false,false,true,,4
GDB_W1-F12_1975,GDB_W1-F12,GDB9_W1_F12_external,false,false,false,true,,4
GDB_W1-F12_1976,GDB_W1-F12,GDB9_W1_F12_external,false,false,false,true,,5
GDB_W1-F12_1977,GDB_W1-F12,GDB9_W1_F12_external,false,false,false,true,,4
GDB_W1-F12_1978,GDB_W1-F12,GDB9_W1_F12_external,false,false,false,true,,5
GDB_W1-F12_1979,GDB_W1-F12,GDB9_W1_F12_external,false,false,false,true,,5
GDB_W1-F12_1980,GDB_W1-F12,GDB9_W1_F12_external,false,false,false,true,,4
GDB_W1-F12_1981,GDB_W1-F12,GDB9_W1_F12_external,false,false,false,true,,5
GDB_W1-F12_1982,GDB_W1-F12,GDB9_W1_F12_external,false,false,false,true,,4
GDB_W1-F12_1983,GDB_W1-F12,GDB9_W1_F12_external,false,false,false,true,,4
GDB_W1-F12_1984,GDB_W1-F12,GDB9_W1_F12_external,false,false,false,true,,5
GDB_W1-F12_1985,GDB_W1-F12,GDB9_W1_F12_external,false,false,false,true,,5
GDB_W1-F12_1986,GDB_W1-F12,GDB9_W1_F12_external,false,false,false,true,,4
GDB_W1-F12_1987,GDB_W1-F12,GDB9_W1_F12_external,false,false,false,true,,3
GDB_W1-F12_1988,GDB_W1-F12,GDB9_W1_F12_external,false,false,false,true,,4
GDB_W1-F12_1989,GDB_W1-F12,GDB9_W1_F12_external,false,false,false,true,,3
GDB_W1-F12_1990,GDB_W1-F12,GDB9_W1_F12_external,false,false,false,true,,4
GDB_W1-F12_1991,GDB_W1-F12,GDB9_W1_F12_external,false,false,false,true,,4
GDB_W1-F12_1992,GDB_W1-F12,GDB9_W1_F12_external,false,false,false,true,,4
GDB_W1-F12_1993,GDB_W1-F12,GDB9_W1_F12_external,false,false,false,true,,3
GDB_W1-F12_1994,GDB_W1-F12,GDB9_W1_F12_external,false,false,false,true,,4
GDB_W1-F12_1995,GDB_W1-F12,GDB9_W1_F12_external,false,false,false,true,,4
GDB_W1-F12_1996,GDB_W1-F12,GDB9_W1_F12_external,false,false,false,true,,4
GDB_W1-F12_1997,GDB_W1-F12,GDB9_W1_F12_external,false,false,false,true,,4
GDB_W1-F12_1998,GDB_W1-F12,GDB9_W1_F12_external,false,false,false,true,,5
GDB_W1-F12_1999,GDB_W1-F12,GDB9_W1_F12_external,false,false,false,true,,3
GDB_W1-F12_2000,GDB_W1-F12,GDB9_W1_F12_external,false,false,false,true,,4
GDB_W1-F12_2001,GDB_W1-F12,GDB9_W1_F12_external,false,false,false,true,,5
GDB_W1-F12_2002,GDB_W1-F12,GDB9_W1_F12_external,false,false,false,true,,5
GDB_W1-F12_2003,GDB_W1-F12,GDB9_W1_F12_external,false,false,false,true,,4
GDB_W1-F12_2004,GDB_W1-F12,GDB9_W1_F12_external,false,false,false,true,,4
GDB_W1-F12_2005,GDB_W1-F12,GDB9_W1_F12_external,false,false,false,true,,5
GDB_W1-F12_2006,GDB_W1-F12,GDB9_W1_F12_external,false,false,false,true,,5
GDB_W1-F12_2007,GDB_W1-F12,GDB9_W1_F12_external,false,false,false,true,,5
GDB_W1-F12_2008,GDB_W1-F12,GDB9_W1_F12_external,false,false,false,true,,4
GDB_W1-F12_2009,GDB_W1-F12,GDB9_W1_F12_external,false,false,false,true,,3
GDB_W1-F12_2010,GDB_W1-F12,GDB9_W1_F12_external,false,false,false,true,,4
GDB_W1-F12_2011,GDB_W1-F12,GDB9_W1_F12_external,false,false,false,true,,4
GDB_W1-F12_2012,GDB_W1-F12,GDB9_W1_F12_external,false,false,false,true,,4
GDB_W1-F12_2013,GDB_W1-F12,GDB9_W1_F12_external,false,false,false,true,,4
GDB_W1-F12_2014,GDB_W1-F12,GDB9_W1_F12_external,false,false,false,true,,5
GDB_W1-F12_2015,GDB_W1-F12,GDB9_W1_F12_external,false,false,false,true,,5
GDB_W1-F12_2016,GDB_W1-F12,GDB9_W1_F12_external,false,false,false,true,,4
GDB_W1-F12_2017,GDB_W1-F12,GDB9_W1_F12_external,false,false,false,true,,5
GDB_W1-F12_2018,GDB_W1-F12,GDB9_W1_F12_external,false,false,false,true,,5
GDB_W1-F12_2019,GDB_W1-F12,GDB9_W1_F12_external,false,false,false,true,,5
GDB_W1-F12_2020,GDB_W1-F12,GDB9_W1_F12_external,false,false,false,true,,5
GDB_W1-F12_2021,GDB_W1-F12,GDB9_W1_F12_external,false,false,false,true,,5
GDB_W1-F12_2022,GDB_W1-F12,GDB9_W1_F12_external,false,false,false,true,,4
GDB_W1-F12_2023,GDB_W1-F12,GDB9_W1_F12_external,false,false,false,true,,4
GDB_W1-F12_2024,GDB_W1-F12,GDB9_W1_F12_external,false,false,false,true,,5
GDB_W1-F12_2025,GDB_W1-F12,GDB9_W1_F12_external,false,false,false,true,,4
GDB_W1-F12_2026,GDB_W1-F12,GDB9_W1_F12_external,false,false,false,true,,5
GDB_W1-F12_2027,GDB_W1-F12,GDB9_W1_F12_external,false,false,false,true,,5
GDB_W1-F12_2028,GDB_W1-F12,GDB9_W1_F12_external,false,false,false,true,,5
GDB_W1-F12_2029,GDB_W1-F12,GDB9_W1_F12_external,false,false,false,true,,4
GDB_W1-F12_2030,GDB_W1-F12,GDB9_W1_F12_external,false,false,false,true,,4
GDB_W1-F12_2031,GDB_W1-F12,GDB9_W1_F12_external,false,false,false,true,,3
GDB_W1-F12_2032,GDB_W1-F12,GDB9_W1_F12_external,false,false,false,true,,4
GDB_W1-F12_2033,GDB_W1-F12,GDB9_W1_F12_external,false,false,false,true,,4
GDB_W1-F12_2034,GDB_W1-F12,GDB9_W1_F12_external,false,false,false,true,,4
GDB_W1-F12_2035,GDB_W1-F12,GDB9_W1_F12_external,false,false,false,true,,4
GDB_W1-F12_2036,GDB_W1-F12,GDB9_W1_F12_external,false,false,false,true,,5
GDB_W1-F12_2037,GDB_W1-F12,GDB9_W1_F12_external,false,false,false,true,,4
GDB_W1-F12_2038,GDB_W1-F12,GDB9_W1_F12_external,false,false,false,true,,5
GDB_W1-F12_2039,GDB_W1-F12,GDB9_W1_F12_external,false,false,false,true,,5
GDB_W1-F12_2040,GDB_W1-F12,GDB9_W1_F12_external,false,false,false,true,,4
GDB_W1-F12_2041,GDB_W1-F12,GDB9_W1_F12_external,false,false,false,true,,5
GDB_W1-F12_2042,GDB_W1-F12,GDB9_W1_F12_external,false,false,false,true,,4
GDB_W1-F12_2043,GDB_W1-F12,GDB9_W1_F12_external,false,false,false,true,,5
GDB_W1-F12_2044,GDB_W1-F12,GDB9_W1_F12_external,false,false,false,true,,3
GDB_W1-F12_2045,GDB_W1-F12,GDB9_W1_F12_external,false,false,false,true,,4
GDB_W1-F12_2046,GDB_W1-F12,GDB9_W1_F12_external,false,false,false,true,,4
GDB_W1-F12_2047,GDB_W1-F12,GDB9_W1_F12_external,false,false,false,true,,4
GDB_W1-F12_2048,GDB_W1-F12,GDB9_W1_F12_external,false,false,false,true,,4
GDB_W1-F12_2049,GDB_W1-F12,GDB9_W1_F12_external,false,false,false,true,,5
GDB_W1-F12_2050,GDB_W1-F12,GDB9_W1_F12_external,false,false,false,true,,4
GDB_W1-F12_2051,GDB_W1-F12,GDB9_W1_F12_external,false,false,false,true,,4
GDB_W1-F12_2052,GDB_W1-F12,GDB9_W1_F12_external,false,false,false,true,,5
GDB_W1-F12_2053,GDB_W1-F12,GDB9_W1_F12_external,false,false,false,true,,4
GDB_W1-F12_2054,GDB_W1-F12,GDB9_W1_F12_external,false,false,false,true,,5
GDB_W1-F12_2055,GDB_W1-F12,GDB9_W1_F12_external,false,false,false,true,,5
GDB_W1-F12_2056,GDB_W1-F12,GDB9_W1_F12_external,false,false,false,true,,4
GDB_W1-F12_2057,GDB_W1-F12,GDB9_W1_F12_external,false,false,false,true,,5
GDB_W1-F12_2058,GDB_W1-F12,GDB9_W1_F12_external,false,false,false,true,,4
GDB_W1-F12_2059,GDB_W1-F12,GDB9_W1_F12_external,false,false,false,true,,5
GDB_W1-F12_2060,GDB_W1-F12,GDB9_W1_F12_external,false,false,false,true,,4
GDB_W1-F12_2061,GDB_W1-F12,GDB9_W1_F12_external,false,false,false,true,,3
GDB_W1-F12_2062,GDB_W1-F12,GDB9_W1_F12_external,false,false,false,true,,4
GDB_W1-F12_2063,GDB_W1-F12,GDB9_W1_F12_external,false,false,false,true,,4
GDB_W1-F12_2064,GDB_W1-F12,GDB9_W1_F12_external,false,false,false,true,,4
GDB_W1-F12_2065,GDB_W1-F12,GDB9_W1_F12_external,false,false,false,true,,4
GDB_W1-F12_2066,GDB_W1-F12,GDB9_W1_F12_external,false,false,false,true,,4
GDB_W1-F12_2067,GDB_W1-F12,GDB9_W1_F12_external,false,false,false,true,,4
GDB_W1-F12_2068,GDB_W1-F12,GDB9_W1_F12_external,false,false,false,true,,5
GDB_W1-F12_2069,GDB_W1-F12,GDB9_W1_F12_external,false,false,false,true,,4
GDB_W1-F12_2070,GDB_W1-F12,GDB9_W1_F12_external,false,false,false,true,,5
GDB_W1-F12_2071,GDB_W1-F12,GDB9_W1_F12_external,false,false,false,true,,4
GDB_W1-F12_2072,GDB_W1-F12,GDB9_W1_F12_external,false,false,false,true,,5
GDB_W1-F12_2073,GDB_W1-F12,GDB9_W1_F12_external,false,false,false,true,,5
GDB_W1-F12_2074,GDB_W1-F12,GDB9_W1_F12_external,false,false,false,true,,5
GDB_W1-F12_2075,GDB_W1-F12,GDB9_W1_F12_external,false,false,false,true,,4
GDB_W1-F12_2076,GDB_W1-F12,GDB9_W1_F12_external,false,false,false,true,,5
GDB_W1-F12_2077,GDB_W1-F12,GDB9_W1_F12_external,false,false,false,true,,4
GDB_W1-F12_2078,GDB_W1-F12,GDB9_W1_F12_external,false,false,false,true,,5
GDB_W1-F12_2079,GDB_W1-F12,GDB9_W1_F12_external,false,false,false,true,,4
GDB_W1-F12_2080,GDB_W1-F12,GDB9_W1_F12_external,false,false,false,true,,4
GDB_W1-F12_2081,GDB_W1-F12,GDB9_W1_F12_external,false,false,false,true,,4
GDB_W1-F12_2082,GDB_W1-F12,GDB9_W1_F12_external,false,false,false,true,,5
GDB_W1-F12_2083,GDB_W1-F12,GDB9_W1_F12_external,false,false,false,true,,4
GDB_W1-F12_2084,GDB_W1-F12,GDB9_W1_F12_external,false,false,false,true,,4
GDB_W1-F12_2085,GDB_W1-F12,GDB9_W1_F12_external,false,false,false,true,,3
GDB_W1-F12_2086,GDB_W1-F12,GDB9_W1_F12_external,false,false,false,true,,4
GDB_W1-F12_2087,GDB_W1-F12,GDB9_W1_F12_external,false,false,false,true,,4
GDB_W1-F12_2088,GDB_W1-F12,GDB9_W1_F12_external,false,false,false,true,,3
GDB_W1-F12_2089,GDB_W1-F12,GDB9_W1_F12_external,false,false,false,true,,4
GDB_W1-F12_2090,GDB_W1-F12,GDB9_W1_F12_external,false,false,false,true,,4
GDB_W1-F12_2091,GDB_W1-F12,GDB9_W1_F12_external,false,false,false,true,,4
GDB_W1-F12_2092,GDB_W1-F12,GDB9_W1_F12_external,false,false,false,true,,5
GDB_W1-F12_2093,GDB_W1-F12,GDB9_W1_F12_external,false,false,false,true,,4
GDB_W1-F12_2094,GDB_W1-F12,GDB9_W1_F12_external,false,false,false,true,,4
GDB_W1-F12_2095,GDB_W1-F12,GDB9_W1_F12_external,false,false,false,true,,5
GDB_W1-F12_2096,GDB_W1-F12,GDB9_W1_F12_external,false,false,false,true,,4
GDB_W1-F12_2097,GDB_W1-F12,GDB9_W1_F12_external,false,false,false,true,,5
GDB_W1-F12_2098,GDB_W1-F12,GDB9_W1_F12_external,false,false,false,true,,5
GDB_W1-F12_2099,GDB_W1-F12,GDB9_W1_F12_external,false,false,false,true,,4
GDB_W1-F12_2100,GDB_W1-F12,GDB9_W1_F12_external,false,false,false,true,,4
GDB_W1-F12_2101,GDB_W1-F12,GDB9_W1_F12_external,false,false,false,true,,5
GDB_W1-F12_2102,GDB_W1-F12,GDB9_W1_F12_external,false,false,false,true,,5
GDB_W1-F12_2103,GDB_W1-F12,GDB9_W1_F12_external,false,false,false,true,,5
GDB_W1-F12_2104,GDB_W1-F12,GDB9_W1_F12_external,false,false,false,true,,4
GDB_W1-F12_2105,GDB_W1-F12,GDB9_W1_F12_external,false,false,false,true,,5
GDB_W1-F12_2106,GDB_W1-F12,GDB9_W1_F12_external,false,false,false,true,,5
GDB_W1-F12_2107,GDB_W1-F12,GDB9_W1_F12_external,false,false,false,true,,5
GDB_W1-F12_2108,GDB_W1-F12,GDB9_W1_F12_external,false,false,false,true,,4
GDB_W1-F12_2109,GDB_W1-F12,GDB9_W1_F12_external,false,false,false,true,,5
GDB_W1-F12_2110,GDB_W1-F12,GDB9_W1_F12_external,false,false,false,true,,5
GDB_W1-F12_2111,GDB_W1-F12,GDB9_W1_F12_external,false,false,false,true,,4
GDB_W1-F12_2112,GDB_W1-F12,GDB9_W1_F12_external,false,false,false,true,,5
GDB_W1-F12_2113,GDB_W1-F12,GDB9_W1_F12_external,false,false,false,true,,4
GDB_W1-F12_2114,GDB_W1-F12,GDB9_W1_F12_external,false,false,false,true,,5
GDB_W1-F12_2115,GDB_W1-F12,GDB9_W1_F12_external,false,false,false,true,,4
GDB_W1-F12_2116,GDB_W1-F12,GDB9_W1_F12_external,false,false,false,true,,3
GDB_W1-F12_2117,GDB_W1-F12,GDB9_W1_F12_external,false,false,false,true,,4
GDB_W1-F12_2118,GDB_W1-F12,GDB9_W1_F12_external,false,false,false,true,,3
GDB_W1-F12_2119,GDB_W1-F12,GDB9_W1_F12_external,false,false,false,true,,4
GDB_W1-F12_2120,GDB_W1-F12,GDB9_W1_F12_external,false,false,false,true,,5
GDB_W1-F12_2121,GDB_W1-F12,GDB9_W1_F12_external,false,false,false,true,,5
GDB_W1-F12_2122,GDB_W1-F12,GDB9_W1_F12_external,false,false,false,true,,4
GDB_W1-F12_2123,GDB_W1-F12,GDB9_W1_F12_external,false,false,false,true,,5
GDB_W1-F12_2124,GDB_W1-F12,GDB9_W1_F12_external,false,false,false,true,,5
GDB_W1-F12_2125,GDB_W1-F12,GDB9_W1_F12_external,false,false,false,true,,5
GDB_W1-F12_2126,GDB_W1-F12,GDB9_W1_F12_external,false,false,false,true,,4
GDB_W1-F12_2127,GDB_W1-F12,GDB9_W1_F12_external,false,false,false,true,,3
GDB_W1-F12_2128,GDB_W1-F12,GDB9_W1_F12_external,false,false,false,true,,4
GDB_W1-F12_2129,GDB_W1-F12,GDB9_W1_F12_external,false,false,false,true,,4
GDB_W1-F12_2130,GDB_W1-F12,GDB9_W1_F12_external,false,false,false,true,,5
GDB_W1-F12_2131,GDB_W1-F12,GDB9_W1_F12_external,false,false,false,true,,4
GDB_W1-F12_2132,GDB_W1-F12,GDB9_W1_F12_external,false,false,false,true,,4
GDB_W1-F12_2133,GDB_W1-F12,GDB9_W1_F12_external,false,false,false,true,,5
GDB_W1-F12_2134,GDB_W1-F12,GDB9_W1_F12_external,false,false,false,true,,5
GDB_W1-F12_2135,GDB_W1-F12,GDB9_W1_F12_external,false,false,false,true,,5
GDB_W1-F12_2136,GDB_W1-F12,GDB9_W1_F12_external,false,false,false,true,,5
GDB_W1-F12_2137,GDB_W1-F12,GDB9_W1_F12_external,false,false,false,true,,5
GDB_W1-F12_2138,GDB_W1-F12,GDB9_W1_F12_external,false,false,false,true,,3
GDB_W1-F12_2139,GDB_W1-F12,GDB9_W1_F12_external,false,false,false,true,,4
GDB_W1-F12_2140,GDB_W1-F12,GDB9_W1_F12_external,false,false,false,true,,4
GDB_W1-F12_2141,GDB_W1-F12,GDB9_W1_F12_external,false,false,false,true,,5
GDB_W1-F12_2142,GDB_W1-F12,GDB9_W1_F12_external,false,false,false,true,,4
GDB_W1-F12_2143,GDB_W1-F12,GDB9_W1_F12_external,false,false,false,true,,5
GDB_W1-F12_2144,GDB_W1-F12,GDB9_W1_F12_external,false,false,false,true,,4
GDB_W1-F12_2145,GDB_W1-F12,GDB9_W1_F12_external,false,false,false,true,,4
GDB_W1-F12_2146,GDB_W1-F12,GDB9_W1_F12_external,false,false,false,true,,4
GDB_W1-F12_2147,GDB_W1-F12,GDB9_W1_F12_external,false,false,false,true,,4
GDB_W1-F12_2148,GDB_W1-F12,GDB9_W1_F12_external,false,false,false,true,,4
GDB_W1-F12_2149,GDB_W1-F12,GDB9_W1_F12_external,false,false,false,true,,4
GDB_W1-F12_2150,GDB_W1-F12,GDB9_W1_F12_external,false,false,false,true,,4
GDB_W1-F12_2151,GDB_W1-F12,GDB9_W1_F12_external,false,false,false,true,,3
GDB_W1-F12_2152,GDB_W1-F12,GDB9_W1_F12_external,false,false,false,true,,4
GDB_W1-F12_2153,GDB_W1-F12,GDB9_W1_F12_external,false,false,false,true,,3
GDB_W1-F12_2154,GDB_W1-F12,GDB9_W1_F12_external,false,false,false,true,,4
GDB_W1-F12_2155,GDB_W1-F12,GDB9_W1_F12_external,false,false,false,true,,4
GDB_W1-F12_2156,GDB_W1-F12,GDB9_W1_F12_external,false,false,false,true,,5
GDB_W1-F12_2157,GDB_W1-F12,GDB9_W1_F12_external,false,false,false,true,,4
GDB_W1-F12_2158,GDB_W1-F12,GDB9_W1_F12_external,false,false,false,true,,5
GDB_W1-F12_2159,GDB_W1-F12,GDB9_W1_F12_external,false,false,false,true,,4
GDB_W1-F12_2160,GDB_W1-F12,GDB9_W1_F12_external,false,false,false,true,,5
GDB_W1-F12_2161,GDB_W1-F12,GDB9_W1_F12_external,false,false,false,true,,4
GDB_W1-F12_2162,GDB_W1-F12,GDB9_W1_F12_external,false,false,false,true,,5
GDB_W1-F12_2163,GDB_W1-F12,GDB9_W1_F12_external,false,false,false,true,,5
GDB_W1-F12_2164,GDB_W1-F12,GDB9_W1_F12_external,false,false,false,true,,4
GDB_W1-F12_2165,GDB_W1-F12,GDB9_W1_F12_external,false,false,false,true,,5
GDB_W1-F12_2166,GDB_W1-F12,GDB9_W1_F12_external,false,false,false,true,,5
GDB_W1-F12_2167,GDB_W1-F12,GDB9_W1_F12_external,false,false,false,true,,5
GDB_W1-F12_2168,GDB_W1-F12,GDB9_W1_F12_external,false,false,false,true,,4
GDB_W1-F12_2169,GDB_W1-F12,GDB9_W1_F12_external,false,false,false,true,,5
GDB_W1-F12_2170,GDB_W1-F12,GDB9_W1_F12_external,false,false,false,true,,5
GDB_W1-F12_2171,GDB_W1-F12,GDB9_W1_F12_external,false,false,false,true,,5
GDB_W1-F12_2172,GDB_W1-F12,GDB9_W1_F12_external,false,false,false,true,,4
GDB_W1-F12_2173,GDB_W1-F12,GDB9_W1_F12_external,false,false,false,true,,5
GDB_W1-F12_2174,GDB_W1-F12,GDB9_W1_F12_external,false,false,false,true,,5
GDB_W1-F12_2175,GDB_W1-F12,GDB9_W1_F12_external,false,false,false,true,,5
GDB_W1-F12_2176,GDB_W1-F12,GDB9_W1_F12_external,false,false,false,true,,4
GDB_W1-F12_2177,GDB_W1-F12,GDB9_W1_F12_external,false,false,false,true,,5
GDB_W1-F12_2178,GDB_W1-F12,GDB9_W1_F12_external,false,false,false,true,,5
GDB_W1-F12_2179,GDB_W1-F12,GDB9_W1_F12_external,false,false,false,true,,5
GDB_W1-F12_2180,GDB_W1-F12,GDB9_W1_F12_external,false,false,false,true,,5
GDB_W1-F12_2181,GDB_W1-F12,GDB9_W1_F12_external,false,false,false,true,,5
GDB_W1-F12_2182,GDB_W1-F12,GDB9_W1_F12_external,false,false,false,true,,4
GDB_W1-F12_2183,GDB_W1-F12,GDB9_W1_F12_external,false,false,false,true,,5
GDB_W1-F12_2184,GDB_W1-F12,GDB9_W1_F12_external,false,false,false,true,,3
GDB_W1-F12_2185,GDB_W1-F12,GDB9_W1_F12_external,false,false,false,true,,4
GDB_W1-F12_2186,GDB_W1-F12,GDB9_W1_F12_external,false,false,false,true,,4
GDB_W1-F12_2187,GDB_W1-F12,GDB9_W1_F12_external,false,false,false,true,,4
GDB_W1-F12_2188,GDB_W1-F12,GDB9_W1_F12_external,false,false,false,true,,5
GDB_W1-F12_2189,GDB_W1-F12,GDB9_W1_F12_external,false,false,false,true,,4
GDB_W1-F12_2190,GDB_W1-F12,GDB9_W1_F12_external,false,false,false,true,,5
GDB_W1-F12_2191,GDB_W1-F12,GDB9_W1_F12_external,false,false,false,true,,4
GDB_W1-F12_2192,GDB_W1-F12,GDB9_W1_F12_external,false,false,false,true,,4
GDB_W1-F12_2193,GDB_W1-F12,GDB9_W1_F12_external,false,false,false,true,,5
GDB_W1-F12_2194,GDB_W1-F12,GDB9_W1_F12_external,false,false,false,true,,4
GDB_W1-F12_2195,GDB_W1-F12,GDB9_W1_F12_external,false,false,false,true,,5
GDB_W1-F12_2196,GDB_W1-F12,GDB9_W1_F12_external,false,false,false,true,,5
GDB_W1-F12_2197,GDB_W1-F12,GDB9_W1_F12_external,false,false,false,true,,4
GDB_W1-F12_2198,GDB_W1-F12,GDB9_W1_F12_external,false,false,false,true,,5
GDB_W1-F12_2199,GDB_W1-F12,GDB9_W1_F12_external,false,false,false,true,,4
GDB_W1-F12_2200,GDB_W1-F12,GDB9_W1_F12_external,false,false,false,true,,5
GDB_W1-F12_2201,GDB_W1-F12,GDB9_W1_F12_external,false,false,false,true,,4
GDB_W1-F12_2202,GDB_W1-F12,GDB9_W1_F12_external,false,false,false,true,,4
GDB_W1-F12_2203,GDB_W1-F12,GDB9_W1_F12_external,false,false,false,true,,5
GDB_W1-F12_2204,GDB_W1-F12,GDB9_W1_F12_external,false,false,false,true,,4
GDB_W1-F12_2205,GDB_W1-F12,GDB9_W1_F12_external,false,false,false,true,,5
GDB_W1-F12_2206,GDB_W1-F12,GDB9_W1_F12_external,false,false,false,true,,4
GDB_W1-F12_2207,GDB_W1-F12,GDB9_W1_F12_external,false,false,false,true,,5
GDB_W1-F12_2208,GDB_W1-F12,GDB9_W1_F12_external,false,false,false,true,,5
GDB_W1-F12_2209,GDB_W1-F12,GDB9_W1_F12_external,false,false,false,true,,5
GDB_W1-F12_2210,GDB_W1-F12,GDB9_W1_F12_external,false,false,false,true,,4
GDB_W1-F12_2211,GDB_W1-F12,GDB9_W1_F12_external,false,false,false,true,,5
GDB_W1-F12_2212,GDB_W1-F12,GDB9_W1_F12_external,false,false,false,true,,5
GDB_W1-F12_2213,GDB_W1-F12,GDB9_W1_F12_external,false,false,false,true,,4
GDB_W1-F12_2214,GDB_W1-F12,GDB9_W1_F12_external,false,false,false,true,,5
GDB_W1-F12_2215,GDB_W1-F12,GDB9_W1_F12_external,false,false,false,true,,4
GDB_W1-F12_2216,GDB_W1-F12,GDB9_W1_F12_external,false,false,false,true,,5
GDB_W1-F12_2217,GDB_W1-F12,GDB9_W1_F12_external,false,false,false,true,,5
GDB_W1-F12_2218,GDB_W1-F12,GDB9_W1_F12_external,false,false,false,true,,5
GDB_W1-F12_2219,GDB_W1-F12,GDB9_W1_F12_external,false,false,false,true,,4
GDB_W1-F12_2220,GDB_W1-F12,GDB9_W1_F12_external,false,false,false,true,,5
GDB_W1-F12_2221,GDB_W1-F12,GDB9_W1_F12_external,false,false,false,true,,5
GDB_W1-F12_2222,GDB_W1-F12,GDB9_W1_F12_external,false,false,false,true,,4
GDB_W1-F12_2223,GDB_W1-F12,GDB9_W1_F12_external,false,false,false,true,,4
GDB_W1-F12_2224,GDB_W1-F12,GDB9_W1_F12_external,false,false,false,true,,5
GDB_W1-F12_2225,GDB_W1-F12,GDB9_W1_F12_external,false,false,false,true,,5
GDB_W1-F12_2226,GDB_W1-F12,GDB9_W1_F12_external,false,false,false,true,,5
GDB_W1-F12_2227,GDB_W1-F12,GDB9_W1_F12_external,false,false,false,true,,4
GDB_W1-F12_2228,GDB_W1-F12,GDB9_W1_F12_external,false,false,false,true,,3
GDB_W1-F12_2229,GDB_W1-F12,GDB9_W1_F12_external,false,false,false,true,,4
GDB_W1-F12_2230,GDB_W1-F12,GDB9_W1_F12_external,false,false,false,true,,4
GDB_W1-F12_2231,GDB_W1-F12,GDB9_W1_F12_external,false,false,false,true,,4
GDB_W1-F12_2232,GDB_W1-F12,GDB9_W1_F12_external,false,false,false,true,,4
GDB_W1-F12_2233,GDB_W1-F12,GDB9_W1_F12_external,false,false,false,true,,5
GDB_W1-F12_2234,GDB_W1-F12,GDB9_W1_F12_external,false,false,false,true,,4
GDB_W1-F12_2235,GDB_W1-F12,GDB9_W1_F12_external,false,false,false,true,,4
GDB_W1-F12_2236,GDB_W1-F12,GDB9_W1_F12_external,false,false,false,true,,5
GDB_W1-F12_2237,GDB_W1-F12,GDB9_W1_F12_external,false,false,false,true,,4
GDB_W1-F12_2238,GDB_W1-F12,GDB9_W1_F12_external,false,false,false,true,,5
GDB_W1-F12_2239,GDB_W1-F12,GDB9_W1_F12_external,false,false,false,true,,5
GDB_W1-F12_2240,GDB_W1-F12,GDB9_W1_F12_external,false,false,false,true,,5
GDB_W1-F12_2241,GDB_W1-F12,GDB9_W1_F12_external,false,false,false,true,,4
GDB_W1-F12_2242,GDB_W1-F12,GDB9_W1_F12_external,false,false,false,true,,5
GDB_W1-F12_2243,GDB_W1-F12,GDB9_W1_F12_external,false,false,false,true,,5
GDB_W1-F12_2244,GDB_W1-F12,GDB9_W1_F12_external,false,false,false,true,,5
GDB_W1-F12_2245,GDB_W1-F12,GDB9_W1_F12_external,false,false,false,true,,4
GDB_W1-F12_2246,GDB_W1-F12,GDB9_W1_F12_external,false,false,false,true,,5
GDB_W1-F12_2247,GDB_W1-F12,GDB9_W1_F12_external,false,false,false,true,,5
GDB_W1-F12_2248,GDB_W1-F12,GDB9_W1_F12_external,false,false,false,true,,4
GDB_W1-F12_2249,GDB_W1-F12,GDB9_W1_F12_external,false,false,false,true,,3
GDB_W1-F12_2250,GDB_W1-F12,GDB9_W1_F12_external,false,false,false,true,,4
GDB_W1-F12_2251,GDB_W1-F12,GDB9_W1_F12_external,false,false,false,true,,4
GDB_W1-F12_2252,GDB_W1-F12,GDB9_W1_F12_external,false,false,false,true,,4
GDB_W1-F12_2253,GDB_W1-F12,GDB9_W1_F12_external,false,false,false,true,,4
GDB_W1-F12_2254,GDB_W1-F12,GDB9_W1_F12_external,false,false,false,true,,5
GDB_W1-F12_2255,GDB_W1-F12,GDB9_W1_F12_external,false,false,false,true,,4
GDB_W1-F12_2256,GDB_W1-F12,GDB9_W1_F12_external,false,false,false,true,,4
GDB_W1-F12_2257,GDB_W1-F12,GDB9_W1_F12_external,false,false,false,true,,4
GDB_W1-F12_2258,GDB_W1-F12,GDB9_W1_F12_external,false,false,false,true,,5
GDB_W1-F12_2259,GDB_W1-F12,GDB9_W1_F12_external,false,false,false,true,,5
GDB_W1-F12_2260,GDB_W1-F12,GDB9_W1_F12_external,false,false,false,true,,5
GDB_W1-F12_2261,GDB_W1-F12,GDB9_W1_F12_external,false,false,false,true,,4
GDB_W1-F12_2262,GDB_W1-F12,GDB9_W1_F12_external,false,false,false,true,,5
GDB_W1-F12_2263,GDB_W1-F12,GDB9_W1_F12_external,false,false,false,true,,4
GDB_W1-F12_2264,GDB_W1-F12,GDB9_W1_F12_external,false,false,false,true,,5
GDB_W1-F12_2265,GDB_W1-F12,GDB9_W1_F12_external,false,false,false,true,,5
GDB_W1-F12_2266,GDB_W1-F12,GDB9_W1_F12_external,false,false,false,true,,4
GDB_W1-F12_2267,GDB_W1-F12,GDB9_W1_F12_external,false,false,false,true,,5
GDB_W1-F12_2268,GDB_W1-F12,GDB9_W1_F12_external,false,false,false,true,,4
GDB_W1-F12_2269,GDB_W1-F12,GDB9_W1_F12_external,false,false,false,true,,4
GDB_W1-F12_2270,GDB_W1-F12,GDB9_W1_F12_external,false,false,false,true,,5
GDB_W1-F12_2271,GDB_W1-F12,GDB9_W1_F12_external,false,false,false,true,,5
GDB_W1-F12_2272,GDB_W1-F12,GDB9_W1_F12_external,false,false,false,true,,4
GDB_W1-F12_2273,GDB_W1-F12,GDB9_W1_F12_external,false,false,false,true,,3
GDB_W1-F12_2274,GDB_W1-F12,GDB9_W1_F12_external,false,false,false,true,,4
GDB_W1-F12_2275,GDB_W1-F12,GDB9_W1_F12_external,false,false,false,true,,5
GDB_W1-F12_2276,GDB_W1-F12,GDB9_W1_F12_external,false,false,false,true,,4
GDB_W1-F12_2277,GDB_W1-F12,GDB9_W1_F12_external,false,false,false,true,,5
GDB_W1-F12_2278,GDB_W1-F12,GDB9_W1_F12_external,false,false,false,true,,4
GDB_W1-F12_2279,GDB_W1-F12,GDB9_W1_F12_external,false,false,false,true,,5
GDB_W1-F12_2280,GDB_W1-F12,GDB9_W1_F12_external,false,false,false,true,,3
GDB_W1-F12_2281,GDB_W1-F12,GDB9_W1_F12_external,false,false,false,true,,5
GDB_W1-F12_2282,GDB_W1-F12,GDB9_W1_F12_external,false,false,false,true,,4
GDB_W1-F12_2283,GDB_W1-F12,GDB9_W1_F12_external,false,false,false,true,,4
GDB_W1-F12_2284,GDB_W1-F12,GDB9_W1_F12_external,false,false,false,true,,5
GDB_W1-F12_2285,GDB_W1-F12,GDB9_W1_F12_external,false,false,false,true,,3
GDB_W1-F12_2286,GDB_W1-F12,GDB9_W1_F12_external,false,false,false,true,,5
GDB_W1-F12_2287,GDB_W1-F12,GDB9_W1_F12_external,false,false,false,true,,4
GDB_W1-F12_2288,GDB_W1-F12,GDB9_W1_F12_external,false,false,false,true,,4
GDB_W1-F12_2289,GDB_W1-F12,GDB9_W1_F12_external,false,false,false,true,,4
GDB_W1-F12_2290,GDB_W1-F12,GDB9_W1_F12_external,false,false,false,true,,4
GDB_W1-F12_2291,GDB_W1-F12,GDB9_W1_F12_external,false,false,false,true,,5
GDB_W1-F12_2292,GDB_W1-F12,GDB9_W1_F12_external,false,false,false,true,,3
GDB_W1-F12_2293,GDB_W1-F12,GDB9_W1_F12_external,false,false,false,true,,4
GDB_W1-F12_2294,GDB_W1-F12,GDB9_W1_F12_external,false,false,false,true,,4
GDB_W1-F12_2295,GDB_W1-F12,GDB9_W1_F12_external,false,false,false,true,,4
GDB_W1-F12_2296,GDB_W1-F12,GDB9_W1_F12_external,false,false,false,true,,4
GDB_W1-F12_2297,GDB_W1-F12,GDB9_W1_F12_external,false,false,false,true,,4
GDB_W1-F12_2298,GDB_W1-F12,GDB9_W1_F12_external,false,false,false,true,,5
GDB_W1-F12_2299,GDB_W1-F12,GDB9_W1_F12_external,false,false,false,true,,5
GDB_W1-F12_2300,GDB_W1-F12,GDB9_W1_F12_external,false,false,false,true,,5
GDB_W1-F12_2301,GDB_W1-F12,GDB9_W1_F12_external,false,false,false,true,,5
GDB_W1-F12_2302,GDB_W1-F12,GDB9_W1_F12_external,false,false,false,true,,4
GDB_W1-F12_2303,GDB_W1-F12,GDB9_W1_F12_external,false,false,false,true,,4
GDB_W1-F12_2304,GDB_W1-F12,GDB9_W1_F12_external,false,false,false,true,,5
GDB_W1-F12_2305,GDB_W1-F12,GDB9_W1_F12_external,false,false,false,true,,5
GDB_W1-F12_2306,GDB_W1-F12,GDB9_W1_F12_external,false,false,false,true,,5
GDB_W1-F12_2307,GDB_W1-F12,GDB9_W1_F12_external,false,false,false,true,,4
GDB_W1-F12_2308,GDB_W1-F12,GDB9_W1_F12_external,false,false,false,true,,5
GDB_W1-F12_2309,GDB_W1-F12,GDB9_W1_F12_external,false,false,false,true,,5
GDB_W1-F12_2310,GDB_W1-F12,GDB9_W1_F12_external,false,false,false,true,,4
GDB_W1-F12_2311,GDB_W1-F12,GDB9_W1_F12_external,false,false,false,true,,5
GDB_W1-F12_2312,GDB_W1-F12,GDB9_W1_F12_external,false,false,false,true,,4
GDB_W1-F12_2313,GDB_W1-F12,GDB9_W1_F12_external,false,false,false,true,,5
GDB_W1-F12_2314,GDB_W1-F12,GDB9_W1_F12_external,false,false,false,true,,5
GDB_W1-F12_2315,GDB_W1-F12,GDB9_W1_F12_external,false,false,false,true,,4
GDB_W1-F12_2316,GDB_W1-F12,GDB9_W1_F12_external,false,false,false,true,,4
GDB_W1-F12_2317,GDB_W1-F12,GDB9_W1_F12_external,false,false,false,true,,4
GDB_W1-F12_2318,GDB_W1-F12,GDB9_W1_F12_external,false,false,false,true,,4
GDB_W1-F12_2319,GDB_W1-F12,GDB9_W1_F12_external,false,false,false,true,,4
GDB_W1-F12_2320,GDB_W1-F12,GDB9_W1_F12_external,false,false,false,true,,5
GDB_W1-F12_2321,GDB_W1-F12,GDB9_W1_F12_external,false,false,false,true,,4
GDB_W1-F12_2322,GDB_W1-F12,GDB9_W1_F12_external,false,false,false,true,,5
GDB_W1-F12_2323,GDB_W1-F12,GDB9_W1_F12_external,false,false,false,true,,5
GDB_W1-F12_2324,GDB_W1-F12,GDB9_W1_F12_external,false,false,false,true,,3
GDB_W1-F12_2325,GDB_W1-F12,GDB9_W1_F12_external,false,false,false,true,,4
GDB_W1-F12_2326,GDB_W1-F12,GDB9_W1_F12_external,false,false,false,true,,5
GDB_W1-F12_2327,GDB_W1-F12,GDB9_W1_F12_external,false,false,false,true,,5
GDB_W1-F12_2328,GDB_W1-F12,GDB9_W1_F12_external,false,false,false,true,,4
GDB_W1-F12_2329,GDB_W1-F12,GDB9_W1_F12_external,false,false,false,true,,4
GDB_W1-F12_2330,GDB_W1-F12,GDB9_W1_F12_external,false,false,false,true,,5
GDB_W1-F12_2331,GDB_W1-F12,GDB9_W1_F12_external,false,false,false,true,,3
GDB_W1-F12_2332,GDB_W1-F12,GDB9_W1_F12_external,false,false,false,true,,5
GDB_W1-F12_2333,GDB_W1-F12,GDB9_W1_F12_external,false,false,false,true,,4
GDB_W1-F12_2334,GDB_W1-F12,GDB9_W1_F12_external,false,false,false,true,,5
GDB_W1-F12_2335,GDB_W1-F12,GDB9_W1_F12_external,false,false,false,true,,4
GDB_W1-F12_2336,GDB_W1-F12,GDB9_W1_F12_external,false,false,false,true,,5
GDB_W1-F12_2337,GDB_W1-F12,GDB9_W1_F12_external,false,false,false,true,,3
GDB_W1-F12_2338,GDB_W1-F12,GDB9_W1_F12_external,false,false,false,true,,5
GDB_W1-F12_2339,GDB_W1-F12,GDB9_W1_F12_external,false,false,false,true,,4
GDB_W1-F12_2340,GDB_W1-F12,GDB9_W1_F12_external,false,false,false,true,,4
GDB_W1-F12_2341,GDB_W1-F12,GDB9_W1_F12_external,false,false,false,true,,4
GDB_W1-F12_2342,GDB_W1-F12,GDB9_W1_F12_external,false,false,false,true,,4
GDB_W1-F12_2343,GDB_W1-F12,GDB9_W1_F12_external,false,false,false,true,,5
GDB_W1-F12_2344,GDB_W1-F12,GDB9_W1_F12_external,false,false,false,true,,4
GDB_W1-F12_2345,GDB_W1-F12,GDB9_W1_F12_external,false,false,false,true,,4
GDB_W1-F12_2346,GDB_W1-F12,GDB9_W1_F12_external,false,false,false,true,,4
GDB_W1-F12_2347,GDB_W1-F12,GDB9_W1_F12_external,false,false,false,true,,5
GDB_W1-F12_2348,GDB_W1-F12,GDB9_W1_F12_external,false,false,false,true,,4
GDB_W1-F12_2349,GDB_W1-F12,GDB9_W1_F12_external,false,false,false,true,,5
GDB_W1-F12_2350,GDB_W1-F12,GDB9_W1_F12_external,false,false,false,true,,5
GDB_W1-F12_2351,GDB_W1-F12,GDB9_W1_F12_external,false,false,false,true,,5
GDB_W1-F12_2352,GDB_W1-F12,GDB9_W1_F12_external,false,false,false,true,,5
GDB_W1-F12_2353,GDB_W1-F12,GDB9_W1_F12_external,false,false,false,true,,5
GDB_W1-F12_2354,GDB_W1-F12,GDB9_W1_F12_external,false,false,false,true,,5
GDB_W1-F12_2355,GDB_W1-F12,GDB9_W1_F12_external,false,false,false,true,,4
GDB_W1-F12_2356,GDB_W1-F12,GDB9_W1_F12_external,false,false,false,true,,5
GDB_W1-F12_2357,GDB_W1-F12,GDB9_W1_F12_external,false,false,false,true,,4
GDB_W1-F12_2358,GDB_W1-F12,GDB9_W1_F12_external,false,false,false,true,,5
GDB_W1-F12_2359,GDB_W1-F12,GDB9_W1_F12_external,false,false,false,true,,3
GDB_W1-F12_2360,GDB_W1-F12,GDB9_W1_F12_external,false,false,false,true,,4
GDB_W1-F12_2361,GDB_W1-F12,GDB9_W1_F12_external,false,false,false,true,,4
GDB_W1-F12_2362,GDB_W1-F12,GDB9_W1_F12_external,false,false,false,true,,4
GDB_W1-F12_2363,GDB_W1-F12,GDB9_W1_F12_external,false,false,false,true,,4
GDB_W1-F12_2364,GDB_W1-F12,GDB9_W1_F12_external,false,false,false,true,,5
GDB_W1-F12_2365,GDB_W1-F12,GDB9_W1_F12_external,false,false,false,true,,4
GDB_W1-F12_2366,GDB_W1-F12,GDB9_W1_F12_external,false,false,false,true,,4
GDB_W1-F12_2367,GDB_W1-F12,GDB9_W1_F12_external,false,false,false,true,,4
GDB_W1-F12_2368,GDB_W1-F12,GDB9_W1_F12_external,false,false,false,true,,5
GDB_W1-F12_2369,GDB_W1-F12,GDB9_W1_F12_external,false,false,false,true,,4
GDB_W1-F12_2370,GDB_W1-F12,GDB9_W1_F12_external,false,false,false,true,,5
GDB_W1-F12_2371,GDB_W1-F12,GDB9_W1_F12_external,false,false,false,true,,4
GDB_W1-F12_2372,GDB_W1-F12,GDB9_W1_F12_external,false,false,false,true,,5
GDB_W1-F12_2373,GDB_W1-F12,GDB9_W1_F12_external,false,false,false,true,,5
GDB_W1-F12_2374,GDB_W1-F12,GDB9_W1_F12_external,false,false,false,true,,5
GDB_W1-F12_2375,GDB_W1-F12,GDB9_W1_F12_external,false,false,false,true,,5
GDB_W1-F12_2376,GDB_W1-F12,GDB9_W1_F12_external,false,false,false,true,,4
GDB_W1-F12_2377,GDB_W1-F12,GDB9_W1_F12_external,false,false,false,true,,5
GDB_W1-F12_2378,GDB_W1-F12,GDB9_W1_F12_external,false,false,false,true,,5
GDB_W1-F12_2379,GDB_W1-F12,GDB9_W1_F12_external,false,false,false,true,,4
GDB_W1-F12_2380,GDB_W1-F12,GDB9_W1_F12_external,false,false,false,true,,5
GDB_W1-F12_2381,GDB_W1-F12,GDB9_W1_F12_external,false,false,false,true,,4
GDB_W1-F12_2382,GDB_W1-F12,GDB9_W1_F12_external,false,false,false,true,,5
GDB_W1-F12_2383,GDB_W1-F12,GDB9_W1_F12_external,false,false,false,true,,4
GDB_W1-F12_2384,GDB_W1-F12,GDB9_W1_F12_external,false,false,false,true,,5
GDB_W1-F12_2385,GDB_W1-F12,GDB9_W1_F12_external,false,false,false,true,,5
GDB_W1-F12_2386,GDB_W1-F12,GDB9_W1_F12_external,false,false,false,true,,5
GDB_W1-F12_2387,GDB_W1-F12,GDB9_W1_F12_external,false,false,false,true,,5
GDB_W1-F12_2388,GDB_W1-F12,GDB9_W1_F12_external,false,false,false,true,,5
GDB_W1-F12_2389,GDB_W1-F12,GDB9_W1_F12_external,false,false,false,true,,4
GDB_W1-F12_2390,GDB_W1-F12,GDB9_W1_F12_external,false,false,false,true,,4
GDB_W1-F12_2391,GDB_W1-F12,GDB9_W1_F12_external,false,false,false,true,,5
GDB_W1-F12_2392,GDB_W1-F12,GDB9_W1_F12_external,false,false,false,true,,4
GDB_W1-F12_2393,GDB_W1-F12,GDB9_W1_F12_external,false,false,false,true,,5
GDB_W1-F12_2394,GDB_W1-F12,GDB9_W1_F12_external,false,false,false,true,,4
GDB_W1-F12_2395,GDB_W1-F12,GDB9_W1_F12_external,false,false,false,true,,5
GDB_W1-F12_2396,GDB_W1-F12,GDB9_W1_F12_external,false,false,false,true,,3
GDB_W1-F12_2397,GDB_W1-F12,GDB9_W1_F12_external,false,false,false,true,,4
GDB_W1-F12_2398,GDB_W1-F12,GDB9_W1_F12_external,false,false,false,true,,4
GDB_W1-F12_2399,GDB_W1-F12,GDB9_W1_F12_external,false,false,false,true,,4
GDB_W1-F12_2400,GDB_W1-F12,GDB9_W1_F12_external,false,false,false,true,,4
GDB_W1-F12_2401,GDB_W1-F12,GDB9_W1_F12_external,false,false,false,true,,5
GDB_W1-F12_2402,GDB_W1-F12,GDB9_W1_F12_external,false,false,false,true,,3
GDB_W1-F12_2403,GDB_W1-F12,GDB9_W1_F12_external,false,false,false,true,,4
GDB_W1-F12_2404,GDB_W1-F12,GDB9_W1_F12_external,false,false,false,true,,4
GDB_W1-F12_2405,GDB_W1-F12,GDB9_W1_F12_external,false,false,false,true,,4
GDB_W1-F12_2406,GDB_W1-F12,GDB9_W1_F12_external,false,false,false,true,,4
GDB_W1-F12_2407,GDB_W1-F12,GDB9_W1_F12_external,false,false,false,true,,4
GDB_W1-F12_2408,GDB_W1-F12,GDB9_W1_F12_external,false,false,false,true,,5
GDB_W1-F12_2409,GDB_W1-F12,GDB9_W1_F12_external,false,false,false,true,,4
GDB_W1-F12_2410,GDB_W1-F12,GDB9_W1_F12_external,false,false,false,true,,4
GDB_W1-F12_2411,GDB_W1-F12,GDB9_W1_F12_external,false,false,false,true,,5
GDB_W1-F12_2412,GDB_W1-F12,GDB9_W1_F12_external,false,false,false,true,,4
GDB_W1-F12_2413,GDB_W1-F12,GDB9_W1_F12_external,false,false,false,true,,5
GDB_W1-F12_2414,GDB_W1-F12,GDB9_W1_F12_external,false,false,false,true,,4
GDB_W1-F12_2415,GDB_W1-F12,GDB9_W1_F12_external,false,false,false,true,,5
GDB_W1-F12_2416,GDB_W1-F12,GDB9_W1_F12_external,false,false,false,true,,5
GDB_W1-F12_2417,GDB_W1-F12,GDB9_W1_F12_external,false,false,false,true,,4
GDB_W1-F12_2418,GDB_W1-F12,GDB9_W1_F12_external,false,false,false,true,,4
GDB_W1-F12_2419,GDB_W1-F12,GDB9_W1_F12_external,false,false,false,true,,5
GDB_W1-F12_2420,GDB_W1-F12,GDB9_W1_F12_external,false,false,false,true,,4
GDB_W1-F12_2421,GDB_W1-F12,GDB9_W1_F12_external,false,false,false,true,,5
GDB_W1-F12_2422,GDB_W1-F12,GDB9_W1_F12_external,false,false,false,true,,5
GDB_W1-F12_2423,GDB_W1-F12,GDB9_W1_F12_external,false,false,false,true,,5
GDB_W1-F12_2424,GDB_W1-F12,GDB9_W1_F12_external,false,false,false,true,,4
GDB_W1-F12_2425,GDB_W1-F12,GDB9_W1_F12_external,false,false,false,true,,5
GDB_W1-F12_2426,GDB_W1-F12,GDB9_W1_F12_external,false,false,false,true,,4
GDB_W1-F12_2427,GDB_W1-F12,GDB9_W1_F12_external,false,false,false,true,,3
GDB_W1-F12_2428,GDB_W1-F12,GDB9_W1_F12_external,false,false,false,true,,4
GDB_W1-F12_2429,GDB_W1-F12,GDB9_W1_F12_external,false,false,false,true,,4
GDB_W1-F12_2430,GDB_W1-F12,GDB9_W1_F12_external,false,false,false,true,,4
GDB_W1-F12_2431,GDB_W1-F12,GDB9_W1_F12_external,false,false,false,true,,5
GDB_W1-F12_2432,GDB_W1-F12,GDB9_W1_F12_external,false,false,false,true,,3
GDB_W1-F12_2433,GDB_W1-F12,GDB9_W1_F12_external,false,false,false,true,,4
GDB_W1-F12_2434,GDB_W1-F12,GDB9_W1_F12_external,false,false,false,true,,4
GDB_W1-F12_2435,GDB_W1-F12,GDB9_W1_F12_external,false,false,false,true,,4
GDB_W1-F12_2436,GDB_W1-F12,GDB9_W1_F12_external,false,false,false,true,,5
GDB_W1-F12_2437,GDB_W1-F12,GDB9_W1_F12_external,false,false,false,true,,4
GDB_W1-F12_2438,GDB_W1-F12,GDB9_W1_F12_external,false,false,false,true,,5
GDB_W1-F12_2439,GDB_W1-F12,GDB9_W1_F12_external,false,false,false,true,,4
GDB_W1-F12_2440,GDB_W1-F12,GDB9_W1_F12_external,false,false,false,true,,4
GDB_W1-F12_2441,GDB_W1-F12,GDB9_W1_F12_external,false,false,false,true,,3
GDB_W1-F12_2442,GDB_W1-F12,GDB9_W1_F12_external,false,false,false,true,,4
GDB_W1-F12_2443,GDB_W1-F12,GDB9_W1_F12_external,false,false,false,true,,4
GDB_W1-F12_2444,GDB_W1-F12,GDB9_W1_F12_external,false,false,false,true,,5
GDB_W1-F12_2445,GDB_W1-F12,GDB9_W1_F12_external,false,false,false,true,,4
GDB_W1-F12_2446,GDB_W1-F12,GDB9_W1_F12_external,false,false,false,true,,5
GDB_W1-F12_2447,GDB_W1-F12,GDB9_W1_F12_external,false,false,false,true,,4
GDB_W1-F12_2448,GDB_W1-F12,GDB9_W1_F12_external,false,false,false,true,,4
GDB_W1-F12_2449,GDB_W1-F12,GDB9_W1_F12_external,false,false,false,true,,5
GDB_W1-F12_2450,GDB_W1-F12,GDB9_W1_F12_external,false,false,false,true,,5
GDB_W1-F12_2451,GDB_W1-F12,GDB9_W1_F12_external,false,false,false,true,,4
GDB_W1-F12_2452,GDB_W1-F12,GDB9_W1_F12_external,false,false,false,true,,4
GDB_W1-F12_2453,GDB_W1-F12,GDB9_W1_F12_external,false,false,false,true,,3
GDB_W1-F12_2454,GDB_W1-F12,GDB9_W1_F12_external,false,false,false,true,,4
GDB_W1-F12_2455,GDB_W1-F12,GDB9_W1_F12_external,false,false,false,true,,4
GDB_W1-F12_2456,GDB_W1-F12,GDB9_W1_F12_external,false,false,false,true,,4
GDB_W1-F12_2457,GDB_W1-F12,GDB9_W1_F12_external,false,false,false,true,,4
GDB_W1-F12_2458,GDB_W1-F12,GDB9_W1_F12_external,false,false,false,true,,4
GDB_W1-F12_2459,GDB_W1-F12,GDB9_W1_F12_external,false,false,false,true,,4
GDB_W1-F12_2460,GDB_W1-F12,GDB9_W1_F12_external,false,false,false,true,,4
GDB_W1-F12_2461,GDB_W1-F12,GDB9_W1_F12_external,false,false,false,true,,5
GDB_W1-F12_2462,GDB_W1-F12,GDB9_W1_F12_external,false,false,false,true,,4
GDB_W1-F12_2463,GDB_W1-F12,GDB9_W1_F12_external,false,false,false,true,,5
GDB_W1-F12_2464,GDB_W1-F12,GDB9_W1_F12_external,false,false,false,true,,4
GDB_W1-F12_2465,GDB_W1-F12,GDB9_W1_F12_external,false,false,false,true,,5
GDB_W1-F12_2466,GDB_W1-F12,GDB9_W1_F12_external,false,false,false,true,,4
GDB_W1-F12_2467,GDB_W1-F12,GDB9_W1_F12_external,false,false,false,true,,4
GDB_W1-F12_2468,GDB_W1-F12,GDB9_W1_F12_external,false,false,false,true,,4
GDB_W1-F12_2469,GDB_W1-F12,GDB9_W1_F12_external,false,false,false,true,,4
GDB_W1-F12_2470,GDB_W1-F12,GDB9_W1_F12_external,false,false,false,true,,5
GDB_W1-F12_2471,GDB_W1-F12,GDB9_W1_F12_external,false,false,false,true,,4
GDB_W1-F12_2472,GDB_W1-F12,GDB9_W1_F12_external,false,false,false,true,,5
GDB_W1-F12_2473,GDB_W1-F12,GDB9_W1_F12_external,false,false,false,true,,3
GDB_W1-F12_2474,GDB_W1-F12,GDB9_W1_F12_external,false,false,false,true,,4
GDB_W1-F12_2475,GDB_W1-F12,GDB9_W1_F12_external,false,false,false,true,,4
GDB_W1-F12_2476,GDB_W1-F12,GDB9_W1_F12_external,false,false,false,true,,4
GDB_W1-F12_2477,GDB_W1-F12,GDB9_W1_F12_external,false,false,false,true,,4
GDB_W1-F12_2478,GDB_W1-F12,GDB9_W1_F12_external,false,false,false,true,,4
GDB_W1-F12_2479,GDB_W1-F12,GDB9_W1_F12_external,false,false,false,true,,4
GDB_W1-F12_2480,GDB_W1-F12,GDB9_W1_F12_external,false,false,false,true,,4
GDB_W1-F12_2481,GDB_W1-F12,GDB9_W1_F12_external,false,false,false,true,,5
GDB_W1-F12_2482,GDB_W1-F12,GDB9_W1_F12_external,false,false,false,true,,4
GDB_W1-F12_2483,GDB_W1-F12,GDB9_W1_F12_external,false,false,false,true,,5
GDB_W1-F12_2484,GDB_W1-F12,GDB9_W1_F12_external,false,false,false,true,,5
GDB_W1-F12_2485,GDB_W1-F12,GDB9_W1_F12_external,false,false,false,true,,5
GDB_W1-F12_2486,GDB_W1-F12,GDB9_W1_F12_external,false,false,false,true,,5
GDB_W1-F12_2487,GDB_W1-F12,GDB9_W1_F12_external,false,false,false,true,,5
GDB_W1-F12_2488,GDB_W1-F12,GDB9_W1_F12_external,false,false,false,true,,4
GDB_W1-F12_2489,GDB_W1-F12,GDB9_W1_F12_external,false,false,false,true,,5
GDB_W1-F12_2490,GDB_W1-F12,GDB9_W1_F12_external,false,false,false,true,,4
GDB_W1-F12_2491,GDB_W1-F12,GDB9_W1_F12_external,false,false,false,true,,5
GDB_W1-F12_2492,GDB_W1-F12,GDB9_W1_F12_external,false,false,false,true,,4
GDB_W1-F12_2493,GDB_W1-F12,GDB9_W1_F12_external,false,false,false,true,,5
GDB_W1-F12_2494,GDB_W1-F12,GDB9_W1_F12_external,false,false,false,true,,5
GDB_W1-F12_2495,GDB_W1-F12,GDB9_W1_F12_external,false,false,false,true,,5
GDB_W1-F12_2496,GDB_W1-F12,GDB9_W1_F12_external,false,false,false,true,,4
GDB_W1-F12_2497,GDB_W1-F12,GDB9_W1_F12_external,false,false,false,true,,5
GDB_W1-F12_2498,GDB_W1-F12,GDB9_W1_F12_external,false,false,false,true,,4
GDB_W1-F12_2499,GDB_W1-F12,GDB9_W1_F12_external,false,false,false,true,,3
GDB_W1-F12_2500,GDB_W1-F12,GDB9_W1_F12_external,false,false,false,true,,4
GDB_W1-F12_2501,GDB_W1-F12,GDB9_W1_F12_external,false,false,false,true,,4
GDB_W1-F12_2502,GDB_W1-F12,GDB9_W1_F12_external,false,false,false,true,,4
GDB_W1-F12_2503,GDB_W1-F12,GDB9_W1_F12_external,false,false,false,true,,5
GDB_W1-F12_2504,GDB_W1-F12,GDB9_W1_F12_external,false,false,false,true,,4
GDB_W1-F12_2505,GDB_W1-F12,GDB9_W1_F12_external,false,false,false,true,,4
GDB_W1-F12_2506,GDB_W1-F12,GDB9_W1_F12_external,false,false,false,true,,5
GDB_W1-F12_2507,GDB_W1-F12,GDB9_W1_F12_external,false,false,false,true,,4
GDB_W1-F12_2508,GDB_W1-F12,GDB9_W1_F12_external,false,false,false,true,,4
GDB_W1-F12_2509,GDB_W1-F12,GDB9_W1_F12_external,false,false,false,true,,3
GDB_W1-F12_2510,GDB_W1-F12,GDB9_W1_F12_external,false,false,false,true,,5
GDB_W1-F12_2511,GDB_W1-F12,GDB9_W1_F12_external,false,false,false,true,,4
GDB_W1-F12_2512,GDB_W1-F12,GDB9_W1_F12_external,false,false,false,true,,3
GDB_W1-F12_2513,GDB_W1-F12,GDB9_W1_F12_external,false,false,false,true,,5
GDB_W1-F12_2514,GDB_W1-F12,GDB9_W1_F12_external,false,false,false,true,,4
GDB_W1-F12_2515,GDB_W1-F12,GDB9_W1_F12_external,false,false,false,true,,4
GDB_W1-F12_2516,GDB_W1-F12,GDB9_W1_F12_external,false,false,false,true,,4
GDB_W1-F12_2517,GDB_W1-F12,GDB9_W1_F12_external,false,false,false,true,,3
GDB_W1-F12_2518,GDB_W1-F12,GDB9_W1_F12_external,false,false,false,true,,4
GDB_W1-F12_2519,GDB_W1-F12,GDB9_W1_F12_external,false,false,false,true,,4
GDB_W1-F12_2520,GDB_W1-F12,GDB9_W1_F12_external,false,false,false,true,,4
GDB_W1-F12_2521,GDB_W1-F12,GDB9_W1_F12_external,false,false,false,true,,5
GDB_W1-F12_2522,GDB_W1-F12,GDB9_W1_F12_external,false,false,false,true,,4
GDB_W1-F12_2523,GDB_W1-F12,GDB9_W1_F12_external,false,false,false,true,,3
GDB_W1-F12_2524,GDB_W1-F12,GDB9_W1_F12_external,false,false,false,true,,4
GDB_W1-F12_2525,GDB_W1-F12,GDB9_W1_F12_external,false,false,false,true,,4
GDB_W1-F12_2526,GDB_W1-F12,GDB9_W1_F12_external,false,false,false,true,,4
GDB_W1-F12_2527,GDB_W1-F12,GDB9_W1_F12_external,false,false,false,true,,5
GDB_W1-F12_2528,GDB_W1-F12,GDB9_W1_F12_external,false,false,false,true,,4
GDB_W1-F12_2529,GDB_W1-F12,GDB9_W1_F12_external,false,false,false,true,,5
GDB_W1-F12_2530,GDB_W1-F12,GDB9_W1_F12_external,false,false,false,true,,4
GDB_W1-F12_2531,GDB_W1-F12,GDB9_W1_F12_external,false,false,false,true,,4
GDB_W1-F12_2532,GDB_W1-F12,GDB9_W1_F12_external,false,false,false,true,,5
GDB_W1-F12_2533,GDB_W1-F12,GDB9_W1_F12_external,false,false,false,true,,4
GDB_W1-F12_2534,GDB_W1-F12,GDB9_W1_F12_external,false,false,false,true,,3
GDB_W1-F12_2535,GDB_W1-F12,GDB9_W1_F12_external,false,false,false,true,,4
GDB_W1-F12_2536,GDB_W1-F12,GDB9_W1_F12_external,false,false,false,true,,3
GDB_W1-F12_2537,GDB_W1-F12,GDB9_W1_F12_external,false,false,false,true,,4
GDB_W1-F12_2538,GDB_W1-F12,GDB9_W1_F12_external,false,false,false,true,,4
GDB_W1-F12_2539,GDB_W1-F12,GDB9_W1_F12_external,false,false,false,true,,4
GDB_W1-F12_2540,GDB_W1-F12,GDB9_W1_F12_external,false,false,false,true,,4
GDB_W1-F12_2541,GDB_W1-F12,GDB9_W1_F12_external,false,false,false,true,,3
GDB_W1-F12_2542,GDB_W1-F12,GDB9_W1_F12_external,false,false,false,true,,4
GDB_W1-F12_2543,GDB_W1-F12,GDB9_W1_F12_external,false,false,false,true,,4
GDB_W1-F12_2544,GDB_W1-F12,GDB9_W1_F12_external,false,false,false,true,,4
GDB_W1-F12_2545,GDB_W1-F12,GDB9_W1_F12_external,false,false,false,true,,4
GDB_W1-F12_2546,GDB_W1-F12,GDB9_W1_F12_external,false,false,false,true,,4
GDB_W1-F12_2547,GDB_W1-F12,GDB9_W1_F12_external,false,false,false,true,,5
GDB_W1-F12_2548,GDB_W1-F12,GDB9_W1_F12_external,false,false,false,true,,5
GDB_W1-F12_2549,GDB_W1-F12,GDB9_W1_F12_external,false,false,false,true,,4
GDB_W1-F12_2550,GDB_W1-F12,GDB9_W1_F12_external,false,false,false,true,,5
GDB_W1-F12_2551,GDB_W1-F12,GDB9_W1_F12_external,false,false,false,true,,5
GDB_W1-F12_2552,GDB_W1-F12,GDB9_W1_F12_external,false,false,false,true,,4
GDB_W1-F12_2553,GDB_W1-F12,GDB9_W1_F12_external,false,false,false,true,,5
GDB_W1-F12_2554,GDB_W1-F12,GDB9_W1_F12_external,false,false,false,true,,5
GDB_W1-F12_2555,GDB_W1-F12,GDB9_W1_F12_external,false,false,false,true,,5
GDB_W1-F12_2556,GDB_W1-F12,GDB9_W1_F12_external,false,false,false,true,,4
GDB_W1-F12_2557,GDB_W1-F12,GDB9_W1_F12_external,false,false,false,true,,5
GDB_W1-F12_2558,GDB_W1-F12,GDB9_W1_F12_external,false,false,false,true,,3
GDB_W1-F12_2559,GDB_W1-F12,GDB9_W1_F12_external,false,false,false,true,,5
GDB_W1-F12_2560,GDB_W1-F12,GDB9_W1_F12_external,false,false,false,true,,4
GDB_W1-F12_2561,GDB_W1-F12,GDB9_W1_F12_external,false,false,false,true,,4
GDB_W1-F12_2562,GDB_W1-F12,GDB9_W1_F12_external,false,false,false,true,,4
GDB_W1-F12_2563,GDB_W1-F12,GDB9_W1_F12_external,false,false,false,true,,5
GDB_W1-F12_2564,GDB_W1-F12,GDB9_W1_F12_external,false,false,false,true,,4
GDB_W1-F12_2565,GDB_W1-F12,GDB9_W1_F12_external,false,false,false,true,,3
GDB_W1-F12_2566,GDB_W1-F12,GDB9_W1_F12_external,false,false,false,true,,4
GDB_W1-F12_2567,GDB_W1-F12,GDB9_W1_F12_external,false,false,false,true,,4
GDB_W1-F12_2568,GDB_W1-F12,GDB9_W1_F12_external,false,false,false,true,,4
GDB_W1-F12_2569,GDB_W1-F12,GDB9_W1_F12_external,false,false,false,true,,4
GDB_W1-F12_2570,GDB_W1-F12,GDB9_W1_F12_external,false,false,false,true,,4
GDB_W1-F12_2571,GDB_W1-F12,GDB9_W1_F12_external,false,false,false,true,,4
GDB_W1-F12_2572,GDB_W1-F12,GDB9_W1_F12_external,false,false,false,true,,5
GDB_W1-F12_2573,GDB_W1-F12,GDB9_W1_F12_external,false,false,false,true,,4
GDB_W1-F12_2574,GDB_W1-F12,GDB9_W1_F12_external,false,false,false,true,,5
GDB_W1-F12_2575,GDB_W1-F12,GDB9_W1_F12_external,false,false,false,true,,4
GDB_W1-F12_2576,GDB_W1-F12,GDB9_W1_F12_external,false,false,false,true,,4
GDB_W1-F12_2577,GDB_W1-F12,GDB9_W1_F12_external,false,false,false,true,,5
GDB_W1-F12_2578,GDB_W1-F12,GDB9_W1_F12_external,false,false,false,true,,4
GDB_W1-F12_2579,GDB_W1-F12,GDB9_W1_F12_external,false,false,false,true,,5
GDB_W1-F12_2580,GDB_W1-F12,GDB9_W1_F12_external,false,false,false,true,,3
GDB_W1-F12_2581,GDB_W1-F12,GDB9_W1_F12_external,false,false,false,true,,4
GDB_W1-F12_2582,GDB_W1-F12,GDB9_W1_F12_external,false,false,false,true,,4
GDB_W1-F12_2583,GDB_W1-F12,GDB9_W1_F12_external,false,false,false,true,,4
GDB_W1-F12_2584,GDB_W1-F12,GDB9_W1_F12_external,false,false,false,true,,4
GDB_W1-F12_2585,GDB_W1-F12,GDB9_W1_F12_external,false,false,false,true,,5
GDB_W1-F12_2586,GDB_W1-F12,GDB9_W1_F12_external,false,false,false,true,,4
GDB_W1-F12_2587,GDB_W1-F12,GDB9_W1_F12_external,false,false,false,true,,3
GDB_W1-F12_2588,GDB_W1-F12,GDB9_W1_F12_external,false,false,false,true,,4
GDB_W1-F12_2589,GDB_W1-F12,GDB9_W1_F12_external,false,false,false,true,,4
GDB_W1-F12_2590,GDB_W1-F12,GDB9_W1_F12_external,false,false,false,true,,4
GDB_W1-F12_2591,GDB_W1-F12,GDB9_W1_F12_external,false,false,false,true,,4
GDB_W1-F12_2592,GDB_W1-F12,GDB9_W1_F12_external,false,false,false,true,,5
GDB_W1-F12_2593,GDB_W1-F12,GDB9_W1_F12_external,false,false,false,true,,4
GDB_W1-F12_2594,GDB_W1-F12,GDB9_W1_F12_external,false,false,false,true,,4
GDB_W1-F12_2595,GDB_W1-F12,GDB9_W1_F12_external,false,false,false,true,,5
GDB_W1-F12_2596,GDB_W1-F12,GDB9_W1_F12_external,false,false,false,true,,4
GDB_W1-F12_2597,GDB_W1-F12,GDB9_W1_F12_external,false,false,false,true,,5
GDB_W1-F12_2598,GDB_W1-F12,GDB9_W1_F12_external,false,false,false,true,,3
GDB_W1-F12_2599,GDB_W1-F12,GDB9_W1_F12_external,false,false,false,true,,3
GDB_W1-F12_2600,GDB_W1-F12,GDB9_W1_F12_external,false,false,false,true,,4
GDB_W1-F12_2601,GDB_W1-F12,GDB9_W1_F12_external,false,false,false,true,,3
GDB_W1-F12_2602,GDB_W1-F12,GDB9_W1_F12_external,false,false,false,true,,5
GDB_W1-F12_2603,GDB_W1-F12,GDB9_W1_F12_external,false,false,false,true,,4
GDB_W1-F12_2604,GDB_W1-F12,GDB9_W1_F12_external,false,false,false,true,,3
GDB_W1-F12_2605,GDB_W1-F12,GDB9_W1_F12_external,false,false,false,true,,5
GDB_W1-F12_2606,GDB_W1-F12,GDB9_W1_F12_external,false,false,false,true,,5
GDB_W1-F12_2607,GDB_W1-F12,GDB9_W1_F12_external,false,false,false,true,,4
GDB_W1-F12_2608,GDB_W1-F12,GDB9_W1_F12_external,false,false,false,true,,4
GDB_W1-F12_2609,GDB_W1-F12,GDB9_W1_F12_external,false,false,false,true,,5
GDB_W1-F12_2610,GDB_W1-F12,GDB9_W1_F12_external,false,false,false,true,,5
GDB_W1-F12_2611,GDB_W1-F12,GDB9_W1_F12_external,false,false,false,true,,5
GDB_W1-F12_2612,GDB_W1-F12,GDB9_W1_F12_external,false,false,false,true,,5
GDB_W1-F12_2613,GDB_W1-F12,GDB9_W1_F12_external,false,false,false,true,,4
GDB_W1-F12_2614,GDB_W1-F12,GDB9_W1_F12_external,false,false,false,true,,5
GDB_W1-F12_2615,GDB_W1-F12,GDB9_W1_F12_external,false,false,false,true,,4
GDB_W1-F12_2616,GDB_W1-F12,GDB9_W1_F12_external,false,false,false,true,,5
GDB_W1-F12_2617,GDB_W1-F12,GDB9_W1_F12_external,false,false,false,true,,5
GDB_W1-F12_2618,GDB_W1-F12,GDB9_W1_F12_external,false,false,false,true,,5
GDB_W1-F12_2619,GDB_W1-F12,GDB9_W1_F12_external,false,false,false,true,,4
GDB_W1-F12_2620,GDB_W1-F12,GDB9_W1_F12_external,false,false,false,true,,5
GDB_W1-F12_2621,GDB_W1-F12,GDB9_W1_F12_external,false,false,false,true,,4
GDB_W1-F12_2622,GDB_W1-F12,GDB9_W1_F12_external,false,false,false,true,,4
GDB_W1-F12_2623,GDB_W1-F12,GDB9_W1_F12_external,false,false,false,true,,4
GDB_W1-F12_2624,GDB_W1-F12,GDB9_W1_F12_external,false,false,false,true,,4
GDB_W1-F12_2625,GDB_W1-F12,GDB9_W1_F12_external,false,false,false,true,,4
GDB_W1-F12_2626,GDB_W1-F12,GDB9_W1_F12_external,false,false,false,true,,5
GDB_W1-F12_2627,GDB_W1-F12,GDB9_W1_F12_external,false,false,false,true,,4
GDB_W1-F12_2628,GDB_W1-F12,GDB9_W1_F12_external,false,false,false,true,,4
GDB_W1-F12_2629,GDB_W1-F12,GDB9_W1_F12_external,false,false,false,true,,4
GDB_W1-F12_2630,GDB_W1-F12,GDB9_W1_F12_external,false,false,false,true,,5
GDB_W1-F12_2631,GDB_W1-F12,GDB9_W1_F12_external,false,false,false,true,,3
GDB_W1-F12_2632,GDB_W1-F12,GDB9_W1_F12_external,false,false,false,true,,4
GDB_W1-F12_2633,GDB_W1-F12,GDB9_W1_F12_external,false,false,false,true,,4
GDB_W1-F12_2634,GDB_W1-F12,GDB9_W1_F12_external,false,false,false,true,,4
GDB_W1-F12_2635,GDB_W1-F12,GDB9_W1_F12_external,false,false,false,true,,4
GDB_W1-F12_2636,GDB_W1-F12,GDB9_W1_F12_external,false,false,false,true,,4
GDB_W1-F12_2637,GDB_W1-F12,GDB9_W1_F12_external,false,false,false,true,,4
GDB_W1-F12_2638,GDB_W1-F12,GDB9_W1_F12_external,false,false,false,true,,5
GDB_W1-F12_2639,GDB_W1-F12,GDB9_W1_F12_external,false,false,false,true,,4
GDB_W1-F12_2640,GDB_W1-F12,GDB9_W1_F12_external,false,false,false,true,,4
GDB_W1-F12_2641,GDB_W1-F12,GDB9_W1_F12_external,false,false,false,true,,5
GDB_W1-F12_2642,GDB_W1-F12,GDB9_W1_F12_external,false,false,false,true,,4
GDB_W1-F12_2643,GDB_W1-F12,GDB9_W1_F12_external,false,false,false,true,,5
GDB_W1-F12_2644,GDB_W1-F12,GDB9_W1_F12_external,false,false,false,true,,5
GDB_W1-F12_2645,GDB_W1-F12,GDB9_W1_F12_external,false,false,false,true,,4
GDB_W1-F12_2646,GDB_W1-F12,GDB9_W1_F12_external,false,false,false,true,,5
GDB_W1-F12_2647,GDB_W1-F12,GDB9_W1_F12_external,false,false,false,true,,4
GDB_W1-F12_2648,GDB_W1-F12,GDB9_W1_F12_external,false,false,false,true,,5
GDB_W1-F12_2649,GDB_W1-F12,GDB9_W1_F12_external,false,false,false,true,,5
GDB_W1-F12_2650,GDB_W1-F12,GDB9_W1_F12_external,false,false,false,true,,3
GDB_W1-F12_2651,GDB_W1-F12,GDB9_W1_F12_external,false,false,false,true,,4
GDB_W1-F12_2652,GDB_W1-F12,GDB9_W1_F12_external,false,false,false,true,,4
GDB_W1-F12_2653,GDB_W1-F12,GDB9_W1_F12_external,false,false,false,true,,4
GDB_W1-F12_2654,GDB_W1-F12,GDB9_W1_F12_external,false,false,false,true,,5
GDB_W1-F12_2655,GDB_W1-F12,GDB9_W1_F12_external,false,false,false,true,,4
GDB_W1-F12_2656,GDB_W1-F12,GDB9_W1_F12_external,false,false,false,true,,5
GDB_W1-F12_2657,GDB_W1-F12,GDB9_W1_F12_external,false,false,false,true,,4
GDB_W1-F12_2658,GDB_W1-F12,GDB9_W1_F12_external,false,false,false,true,,5
GDB_W1-F12_2659,GDB_W1-F12,GDB9_W1_F12_external,false,false,false,true,,5
GDB_W1-F12_2660,GDB_W1-F12,GDB9_W1_F12_external,false,false,false,true,,4
GDB_W1-F12_2661,GDB_W1-F12,GDB9_W1_F12_external,false,false,false,true,,5
GDB_W1-F12_2662,GDB_W1-F12,GDB9_W1_F12_external,false,false,false,true,,4
GDB_W1-F12_2663,GDB_W1-F12,GDB9_W1_F12_external,false,false,false,true,,3
GDB_W1-F12_2664,GDB_W1-F12,GDB9_W1_F12_external,false,false,false,true,,5
GDB_W1-F12_2665,GDB_W1-F12,GDB9_W1_F12_external,false,false,false,true,,4
GDB_W1-F12_2666,GDB_W1-F12,GDB9_W1_F12_external,false,false,false,true,,5
GDB_W1-F12_2667,GDB_W1-F12,GDB9_W1_F12_external,false,false,false,true,,4
GDB_W1-F12_2668,GDB_W1-F12,GDB9_W1_F12_external,false,false,false,true,,4
GDB_W1-F12_2669,GDB_W1-F12,GDB9_W1_F12_external,false,false,false,true,,4
GDB_W1-F12_2670,GDB_W1-F12,GDB9_W1_F12_external,false,false,false,true,,3
GDB_W1-F12_2671,GDB_W1-F12,GDB9_W1_F12_external,false,false,false,true,,4
GDB_W1-F12_2672,GDB_W1-F12,GDB9_W1_F12_external,false,false,false,true,,4
GDB_W1-F12_2673,GDB_W1-F12,GDB9_W1_F12_external,false,false,false,true,,5
GDB_W1-F12_2674,GDB_W1-F12,GDB9_W1_F12_external,false,false,false,true,,4
GDB_W1-F12_2675,GDB_W1-F12,GDB9_W1_F12_external,false,false,false,true,,4
GDB_W1-F12_2676,GDB_W1-F12,GDB9_W1_F12_external,false,false,false,true,,5
GDB_W1-F12_2677,GDB_W1-F12,GDB9_W1_F12_external,false,false,false,true,,4
GDB_W1-F12_2678,GDB_W1-F12,GDB9_W1_F12_external,false,false,false,true,,4
GDB_W1-F12_2679,GDB_W1-F12,GDB9_W1_F12_external,false,false,false,true,,3
GDB_W1-F12_2680,GDB_W1-F12,GDB9_W1_F12_external,false,false,false,true,,4
GDB_W1-F12_2681,GDB_W1-F12,GDB9_W1_F12_external,false,false,false,true,,5
GDB_W1-F12_2682,GDB_W1-F12,GDB9_W1_F12_external,false,false,false,true,,4
GDB_W1-F12_2683,GDB_W1-F12,GDB9_W1_F12_external,false,false,false,true,,3
GDB_W1-F12_2684,GDB_W1-F12,GDB9_W1_F12_external,false,false,false,true,,5
GDB_W1-F12_2685,GDB_W1-F12,GDB9_W1_F12_external,false,false,false,true,,4
GDB_W1-F12_2686,GDB_W1-F12,GDB9_W1_F12_external,false,false,false,true,,4
GDB_W1-F12_2687,GDB_W1-F12,GDB9_W1_F12_external,false,false,false,true,,3
GDB_W1-F12_2688,GDB_W1-F12,GDB9_W1_F12_external,false,false,false,true,,4
GDB_W1-F12_2689,GDB_W1-F12,GDB9_W1_F12_external,false,false,false,true,,4
GDB_W1-F12_2690,GDB_W1-F12,GDB9_W1_F12_external,false,false,false,true,,4
GDB_W1-F12_2691,GDB_W1-F12,GDB9_W1_F12_external,false,false,false,true,,4
GDB_W1-F12_2692,GDB_W1-F12,GDB9_W1_F12_external,false,false,false,true,,4
GDB_W1-F12_2693,GDB_W1-F12,GDB9_W1_F12_external,false,false,false,true,,4
GDB_W1-F12_2694,GDB_W1-F12,GDB9_W1_F12_external,false,false,false,true,,3
GDB_W1-F12_2695,GDB_W1-F12,GDB9_W1_F12_external,false,false,false,true,,5
GDB_W1-F12_2696,GDB_W1-F12,GDB9_W1_F12_external,false,false,false,true,,4
GDB_W1-F12_2697,GDB_W1-F12,GDB9_W1_F12_external,false,false,false,true,,5
GDB_W1-F12_2698,GDB_W1-F12,GDB9_W1_F12_external,false,false,false,true,,3
GDB_W1-F12_2699,GDB_W1-F12,GDB9_W1_F12_external,false,false,false,true,,4
GDB_W1-F12_2700,GDB_W1-F12,GDB9_W1_F12_external,false,false,false,true,,4
GDB_W1-F12_2701,GDB_W1-F12,GDB9_W1_F12_external,false,false,false,true,,4
GDB_W1-F12_2702,GDB_W1-F12,GDB9_W1_F12_external,false,false,false,true,,5
GDB_W1-F12_2703,GDB_W1-F12,GDB9_W1_F12_external,false,false,false,true,,4
GDB_W1-F12_2704,GDB_W1-F12,GDB9_W1_F12_external,false,false,false,true,,4
GDB_W1-F12_2705,GDB_W1-F12,GDB9_W1_F12_external,false,false,false,true,,4
GDB_W1-F12_2706,GDB_W1-F12,GDB9_W1_F12_external,false,false,false,true,,4
GDB_W1-F12_2707,GDB_W1-F12,GDB9_W1_F12_external,false,false,false,true,,3
GDB_W1-F12_2708,GDB_W1-F12,GDB9_W1_F12_external,false,false,false,true,,4
GDB_W1-F12_2709,GDB_W1-F12,GDB9_W1_F12_external,false,false,false,true,,4
GDB_W1-F12_2710,GDB_W1-F12,GDB9_W1_F12_external,false,false,false,true,,4
GDB_W1-F12_2711,GDB_W1-F12,GDB9_W1_F12_external,false,false,false,true,,4
GDB_W1-F12_2712,GDB_W1-F12,GDB9_W1_F12_external,false,false,false,true,,5
GDB_W1-F12_2713,GDB_W1-F12,GDB9_W1_F12_external,false,false,false,true,,4
GDB_W1-F12_2714,GDB_W1-F12,GDB9_W1_F12_external,false,false,false,true,,5
GDB_W1-F12_2715,GDB_W1-F12,GDB9_W1_F12_external,false,false,false,true,,4
GDB_W1-F12_2716,GDB_W1-F12,GDB9_W1_F12_external,false,false,false,true,,5
GDB_W1-F12_2717,GDB_W1-F12,GDB9_W1_F12_external,false,false,false,true,,3
GDB_W1-F12_2718,GDB_W1-F12,GDB9_W1_F12_external,false,false,false,true,,4
GDB_W1-F12_2719,GDB_W1-F12,GDB9_W1_F12_external,false,false,false,true,,4
GDB_W1-F12_2720,GDB_W1-F12,GDB9_W1_F12_external,false,false,false,true,,4
GDB_W1-F12_2721,GDB_W1-F12,GDB9_W1_F12_external,false,false,false,true,,4
GDB_W1-F12_2722,GDB_W1-F12,GDB9_W1_F12_external,false,false,false,true,,5
GDB_W1-F12_2723,GDB_W1-F12,GDB9_W1_F12_external,false,false,false,true,,4
GDB_W1-F12_2724,GDB_W1-F12,GDB9_W1_F12_external,false,false,false,true,,4
GDB_W1-F12_2725,GDB_W1-F12,GDB9_W1_F12_external,false,false,false,true,,5
GDB_W1-F12_2726,GDB_W1-F12,GDB9_W1_F12_external,false,false,false,true,,5
GDB_W1-F12_2727,GDB_W1-F12,GDB9_W1_F12_external,false,false,false,true,,5
GDB_W1-F12_2728,GDB_W1-F12,GDB9_W1_F12_external,false,false,false,true,,5
GDB_W1-F12_2729,GDB_W1-F12,GDB9_W1_F12_external,false,false,false,true,,4
GDB_W1-F12_2730,GDB_W1-F12,GDB9_W1_F12_external,false,false,false,true,,5
GDB_W1-F12_2731,GDB_W1-F12,GDB9_W1_F12_external,false,false,false,true,,4
GDB_W1-F12_2732,GDB_W1-F12,GDB9_W1_F12_external,false,false,false,true,,5
GDB_W1-F12_2733,GDB_W1-F12,GDB9_W1_F12_external,false,false,false,true,,5
GDB_W1-F12_2734,GDB_W1-F12,GDB9_W1_F12_external,false,false,false,true,,4
GDB_W1-F12_2735,GDB_W1-F12,GDB9_W1_F12_external,false,false,false,true,,5
GDB_W1-F12_2736,GDB_W1-F12,GDB9_W1_F12_external,false,false,false,true,,3
GDB_W1-F12_2737,GDB_W1-F12,GDB9_W1_F12_external,false,false,false,true,,4
GDB_W1-F12_2738,GDB_W1-F12,GDB9_W1_F12_external,false,false,false,true,,4
GDB_W1-F12_2739,GDB_W1-F12,GDB9_W1_F12_external,false,false,false,true,,4
GDB_W1-F12_2740,GDB_W1-F12,GDB9_W1_F12_external,false,false,false,true,,4
GDB_W1-F12_2741,GDB_W1-F12,GDB9_W1_F12_external,false,false,false,true,,5
GDB_W1-F12_2742,GDB_W1-F12,GDB9_W1_F12_external,false,false,false,true,,4
GDB_W1-F12_2743,GDB_W1-F12,GDB9_W1_F12_external,false,false,false,true,,4
GDB_W1-F12_2744,GDB_W1-F12,GDB9_W1_F12_external,false,false,false,true,,5
GDB_W1-F12_2745,GDB_W1-F12,GDB9_W1_F12_external,false,false,false,true,,5
GDB_W1-F12_2746,GDB_W1-F12,GDB9_W1_F12_external,false,false,false,true,,4
GDB_W1-F12_2747,GDB_W1-F12,GDB9_W1_F12_external,false,false,false,true,,5
GDB_W1-F12_2748,GDB_W1-F12,GDB9_W1_F12_external,false,false,false,true,,5
GDB_W1-F12_2749,GDB_W1-F12,GDB9_W1_F12_external,false,false,false,true,,5
GDB_W1-F12_2750,GDB_W1-F12,GDB9_W1_F12_external,false,false,false,true,,5
GDB_W1-F12_2751,GDB_W1-F12,GDB9_W1_F12_external,false,false,false,true,,4
GDB_W1-F12_2752,GDB_W1-F12,GDB9_W1_F12_external,false,false,false,true,,5
GDB_W1-F12_2753,GDB_W1-F12,GDB9_W1_F12_external,false,false,false,true,,5
GDB_W1-F12_2754,GDB_W1-F12,GDB9_W1_F12_external,false,false,false,true,,4
GDB_W1-F12_2755,GDB_W1-F12,GDB9_W1_F12_external,false,false,false,true,,5
GDB_W1-F12_2756,GDB_W1-F12,GDB9_W1_F12_external,false,false,false,true,,4
GDB_W1-F12_2757,GDB_W1-F12,GDB9_W1_F12_external,false,false,false,true,,5
GDB_W1-F12_2758,GDB_W1-F12,GDB9_W1_F12_external,false,false,false,true,,5
GDB_W1-F12_2759,GDB_W1-F12,GDB9_W1_F12_external,false,false,false,true,,5
GDB_W1-F12_2760,GDB_W1-F12,GDB9_W1_F12_external,false,false,false,true,,5
GDB_W1-F12_2761,GDB_W1-F12,GDB9_W1_F12_external,false,false,false,true,,4
GDB_W1-F12_2762,GDB_W1-F12,GDB9_W1_F12_external,false,false,false,true,,5
GDB_W1-F12_2763,GDB_W1-F12,GDB9_W1_F12_external,false,false,false,true,,5
GDB_W1-F12_2764,GDB_W1-F12,GDB9_W1_F12_external,false,false,false,true,,4
GDB_W1-F12_2765,GDB_W1-F12,GDB9_W1_F12_external,false,false,false,true,,3
GDB_W1-F12_2766,GDB_W1-F12,GDB9_W1_F12_external,false,false,false,true,,4
GDB_W1-F12_2767,GDB_W1-F12,GDB9_W1_F12_external,false,false,false,true,,4
GDB_W1-F12_2768,GDB_W1-F12,GDB9_W1_F12_external,false,false,false,true,,5
GDB_W1-F12_2769,GDB_W1-F12,GDB9_W1_F12_external,false,false,false,true,,3
GDB_W1-F12_2770,GDB_W1-F12,GDB9_W1_F12_external,false,false,false,true,,4
GDB_W1-F12_2771,GDB_W1-F12,GDB9_W1_F12_external,false,false,false,true,,4
GDB_W1-F12_2772,GDB_W1-F12,GDB9_W1_F12_external,false,false,false,true,,4
GDB_W1-F12_2773,GDB_W1-F12,GDB9_W1_F12_external,false,false,false,true,,5
GDB_W1-F12_2774,GDB_W1-F12,GDB9_W1_F12_external,false,false,false,true,,4
GDB_W1-F12_2775,GDB_W1-F12,GDB9_W1_F12_external,false,false,false,true,,3
GDB_W1-F12_2776,GDB_W1-F12,GDB9_W1_F12_external,false,false,false,true,,4
GDB_W1-F12_2777,GDB_W1-F12,GDB9_W1_F12_external,false,false,false,true,,5
GDB_W1-F12_2778,GDB_W1-F12,GDB9_W1_F12_external,false,false,false,true,,4
GDB_W1-F12_2779,GDB_W1-F12,GDB9_W1_F12_external,false,false,false,true,,4
GDB_W1-F12_2780,GDB_W1-F12,GDB9_W1_F12_external,false,false,false,true,,4
GDB_W1-F12_2781,GDB_W1-F12,GDB9_W1_F12_external,false,false,false,true,,5
GDB_W1-F12_2782,GDB_W1-F12,GDB9_W1_F12_external,false,false,false,true,,4
GDB_W1-F12_2783,GDB_W1-F12,GDB9_W1_F12_external,false,false,false,true,,5
GDB_W1-F12_2784,GDB_W1-F12,GDB9_W1_F12_external,false,false,false,true,,4
GDB_W1-F12_2785,GDB_W1-F12,GDB9_W1_F12_external,false,false,false,true,,4
GDB_W1-F12_2786,GDB_W1-F12,GDB9_W1_F12_external,false,false,false,true,,4
GDB_W1-F12_2787,GDB_W1-F12,GDB9_W1_F12_external,false,false,false,true,,5
GDB_W1-F12_2788,GDB_W1-F12,GDB9_W1_F12_external,false,false,false,true,,4
GDB_W1-F12_2789,GDB_W1-F12,GDB9_W1_F12_external,false,false,false,true,,3
GDB_W1-F12_2790,GDB_W1-F12,GDB9_W1_F12_external,false,false,false,true,,4
GDB_W1-F12_2791,GDB_W1-F12,GDB9_W1_F12_external,false,false,false,true,,4
GDB_W1-F12_2792,GDB_W1-F12,GDB9_W1_F12_external,false,false,false,true,,5
GDB_W1-F12_2793,GDB_W1-F12,GDB9_W1_F12_external,false,false,false,true,,4
GDB_W1-F12_2794,GDB_W1-F12,GDB9_W1_F12_external,false,false,false,true,,3
GDB_W1-F12_2795,GDB_W1-F12,GDB9_W1_F12_external,false,false,false,true,,4
GDB_W1-F12_2796,GDB_W1-F12,GDB9_W1_F12_external,false,false,false,true,,4
GDB_W1-F12_2797,GDB_W1-F12,GDB9_W1_F12_external,false,false,false,true,,4
GDB_W1-F12_2798,GDB_W1-F12,GDB9_W1_F12_external,false,false,false,true,,4
GDB_W1-F12_2799,GDB_W1-F12,GDB9_W1_F12_external,false,false,false,true,,4
GDB_W1-F12_2800,GDB_W1-F12,GDB9_W1_F12_external,false,false,false,true,,3
GDB_W1-F12_2801,GDB_W1-F12,GDB9_W1_F12_external,false,false,false,true,,4
GDB_W1-F12_2802,GDB_W1-F12,GDB9_W1_F12_external,false,false,false,true,,4
GDB_W1-F12_2803,GDB_W1-F12,GDB9_W1_F12_external,false,false,false,true,,4
GDB_W1-F12_2804,GDB_W1-F12,GDB9_W1_F12_external,false,false,false,true,,4
GDB_W1-F12_2805,GDB_W1-F12,GDB9_W1_F12_external,false,false,false,true,,4
GDB_W1-F12_2806,GDB_W1-F12,GDB9_W1_F12_external,false,false,false,true,,4
GDB_W1-F12_2807,GDB_W1-F12,GDB9_W1_F12_external,false,false,false,true,,4
GDB_W1-F12_2808,GDB_W1-F12,GDB9_W1_F12_external,false,false,false,true,,3
GDB_W1-F12_2809,GDB_W1-F12,GDB9_W1_F12_external,false,false,false,true,,4
GDB_W1-F12_2810,GDB_W1-F12,GDB9_W1_F12_external,false,false,false,true,,5
GDB_W1-F12_2811,GDB_W1-F12,GDB9_W1_F12_external,false,false,false,true,,4
GDB_W1-F12_2812,GDB_W1-F12,GDB9_W1_F12_external,false,false,false,true,,3
GDB_W1-F12_2813,GDB_W1-F12,GDB9_W1_F12_external,false,false,false,true,,4
GDB_W1-F12_2814,GDB_W1-F12,GDB9_W1_F12_external,false,false,false,true,,5
GDB_W1-F12_2815,GDB_W1-F12,GDB9_W1_F12_external,false,false,false,true,,4
GDB_W1-F12_2816,GDB_W1-F12,GDB9_W1_F12_external,false,false,false,true,,4
GDB_W1-F12_2817,GDB_W1-F12,GDB9_W1_F12_external,false,false,false,true,,3
GDB_W1-F12_2818,GDB_W1-F12,GDB9_W1_F12_external,false,false,false,true,,4
GDB_W1-F12_2819,GDB_W1-F12,GDB9_W1_F12_external,false,false,false,true,,4
GDB_W1-F12_2820,GDB_W1-F12,GDB9_W1_F12_external,false,false,false,true,,4
GDB_W1-F12_2821,GDB_W1-F12,GDB9_W1_F12_external,false,false,false,true,,3
GDB_W1-F12_2822,GDB_W1-F12,GDB9_W1_F12_external,false,false,false,true,,4
GDB_W1-F12_2823,GDB_W1-F12,GDB9_W1_F12_external,false,false,false,true,,4
GDB_W1-F12_2824,GDB_W1-F12,GDB9_W1_F12_external,false,false,false,true,,4
GDB_W1-F12_2825,GDB_W1-F12,GDB9_W1_F12_external,false,false,false,true,,4
GDB_W1-F12_2826,GDB_W1-F12,GDB9_W1_F12_external,false,false,false,true,,5
GDB_W1-F12_2827,GDB_W1-F12,GDB9_W1_F12_external,false,false,false,true,,4
GDB_W1-F12_2828,GDB_W1-F12,GDB9_W1_F12_external,false,false,false,true,,4
GDB_W1-F12_2829,GDB_W1-F12,GDB9_W1_F12_external,false,false,false,true,,4
GDB_W1-F12_2830,GDB_W1-F12,GDB9_W1_F12_external,false,false,false,true,,5
GDB_W1-F12_2831,GDB_W1-F12,GDB9_W1_F12_external,false,false,false,true,,5
GDB_W1-F12_2832,GDB_W1-F12,GDB9_W1_F12_external,false,false,false,true,,3
GDB_W1-F12_2833,GDB_W1-F12,GDB9_W1_F12_external,false,false,false,true,,4
GDB_W1-F12_2834,GDB_W1-F12,GDB9_W1_F12_external,false,false,false,true,,4
GDB_W1-F12_2835,GDB_W1-F12,GDB9_W1_F12_external,false,false,false,true,,4
GDB_W1-F12_2836,GDB_W1-F12,GDB9_W1_F12_external,false,false,false,true,,4
GDB_W1-F12_2837,GDB_W1-F12,GDB9_W1_F12_external,false,false,false,true,,4
GDB_W1-F12_2838,GDB_W1-F12,GDB9_W1_F12_external,false,false,false,true,,5
GDB_W1-F12_2839,GDB_W1-F12,GDB9_W1_F12_external,false,false,false,true,,3
GDB_W1-F12_2840,GDB_W1-F12,GDB9_W1_F12_external,false,false,false,true,,4
GDB_W1-F12_2841,GDB_W1-F12,GDB9_W1_F12_external,false,false,false,true,,4
GDB_W1-F12_2842,GDB_W1-F12,GDB9_W1_F12_external,false,false,false,true,,4
GDB_W1-F12_2843,GDB_W1-F12,GDB9_W1_F12_external,false,false,false,true,,5
GDB_W1-F12_2844,GDB_W1-F12,GDB9_W1_F12_external,false,false,false,true,,5
GDB_W1-F12_2845,GDB_W1-F12,GDB9_W1_F12_external,false,false,false,true,,4
GDB_W1-F12_2846,GDB_W1-F12,GDB9_W1_F12_external,false,false,false,true,,4
GDB_W1-F12_2847,GDB_W1-F12,GDB9_W1_F12_external,false,false,false,true,,4
GDB_W1-F12_2848,GDB_W1-F12,GDB9_W1_F12_external,false,false,false,true,,3
GDB_W1-F12_2849,GDB_W1-F12,GDB9_W1_F12_external,false,false,false,true,,4
GDB_W1-F12_2850,GDB_W1-F12,GDB9_W1_F12_external,false,false,false,true,,5
GDB_W1-F12_2851,GDB_W1-F12,GDB9_W1_F12_external,false,false,false,true,,4
GDB_W1-F12_2852,GDB_W1-F12,GDB9_W1_F12_external,false,false,false,true,,4
GDB_W1-F12_2853,GDB_W1-F12,GDB9_W1_F12_external,false,false,false,true,,3
GDB_W1-F12_2854,GDB_W1-F12,GDB9_W1_F12_external,false,false,false,true,,4
GDB_W1-F12_2855,GDB_W1-F12,GDB9_W1_F12_external,false,false,false,true,,4
GDB_W1-F12_2856,GDB_W1-F12,GDB9_W1_F12_external,false,false,false,true,,4
GDB_W1-F12_2857,GDB_W1-F12,GDB9_W1_F12_external,false,false,false,true,,4
GDB_W1-F12_2858,GDB_W1-F12,GDB9_W1_F12_external,false,false,false,true,,4
GDB_W1-F12_2859,GDB_W1-F12,GDB9_W1_F12_external,false,false,false,true,,5
GDB_W1-F12_2860,GDB_W1-F12,GDB9_W1_F12_external,false,false,false,true,,4
GDB_W1-F12_2861,GDB_W1-F12,GDB9_W1_F12_external,false,false,false,true,,5
GDB_W1-F12_2862,GDB_W1-F12,GDB9_W1_F12_external,false,false,false,true,,3
GDB_W1-F12_2863,GDB_W1-F12,GDB9_W1_F12_external,false,false,false,true,,4
GDB_W1-F12_2864,GDB_W1-F12,GDB9_W1_F12_external,false,false,false,true,,4
GDB_W1-F12_2865,GDB_W1-F12,GDB9_W1_F12_external,false,false,false,true,,3
GDB_W1-F12_2866,GDB_W1-F12,GDB9_W1_F12_external,false,false,false,true,,4
GDB_W1-F12_2867,GDB_W1-F12,GDB9_W1_F12_external,false,false,false,true,,4
GDB_W1-F12_2868,GDB_W1-F12,GDB9_W1_F12_external,false,false,false,true,,4
GDB_W1-F12_2869,GDB_W1-F12,GDB9_W1_F12_external,false,false,false,true,,5
GDB_W1-F12_2870,GDB_W1-F12,GDB9_W1_F12_external,false,false,false,true,,5
GDB_W1-F12_2871,GDB_W1-F12,GDB9_W1_F12_external,false,false,false,true,,5
GDB_W1-F12_2872,GDB_W1-F12,GDB9_W1_F12_external,false,false,false,true,,4
GDB_W1-F12_2873,GDB_W1-F12,GDB9_W1_F12_external,false,false,false,true,,5
GDB_W1-F12_2874,GDB_W1-F12,GDB9_W1_F12_external,false,false,false,true,,4
GDB_W1-F12_2875,GDB_W1-F12,GDB9_W1_F12_external,false,false,false,true,,3
GDB_W1-F12_2876,GDB_W1-F12,GDB9_W1_F12_external,false,false,false,true,,4
GDB_W1-F12_2877,GDB_W1-F12,GDB9_W1_F12_external,false,false,false,true,,4
GDB_W1-F12_2878,GDB_W1-F12,GDB9_W1_F12_external,false,false,false,true,,4
GDB_W1-F12_2879,GDB_W1-F12,GDB9_W1_F12_external,false,false,false,true,,4
GDB_W1-F12_2880,GDB_W1-F12,GDB9_W1_F12_external,false,false,false,true,,4
GDB_W1-F12_2881,GDB_W1-F12,GDB9_W1_F12_external,false,false,false,true,,5
GDB_W1-F12_2882,GDB_W1-F12,GDB9_W1_F12_external,false,false,false,true,,4
GDB_W1-F12_2883,GDB_W1-F12,GDB9_W1_F12_external,false,false,false,true,,5
GDB_W1-F12_2884,GDB_W1-F12,GDB9_W1_F12_external,false,false,false,true,,4
GDB_W1-F12_2885,GDB_W1-F12,GDB9_W1_F12_external,false,false,false,true,,3
GDB_W1-F12_2886,GDB_W1-F12,GDB9_W1_F12_external,false,false,false,true,,4
GDB_W1-F12_2887,GDB_W1-F12,GDB9_W1_F12_external,false,false,false,true,,4
GDB_W1-F12_2888,GDB_W1-F12,GDB9_W1_F12_external,false,false,false,true,,4
GDB_W1-F12_2889,GDB_W1-F12,GDB9_W1_F12_external,false,false,false,true,,5
GDB_W1-F12_2890,GDB_W1-F12,GDB9_W1_F12_external,false,false,false,true,,4
GDB_W1-F12_2891,GDB_W1-F12,GDB9_W1_F12_external,false,false,false,true,,3
GDB_W1-F12_2892,GDB_W1-F12,GDB9_W1_F12_external,false,false,false,true,,4
GDB_W1-F12_2893,GDB_W1-F12,GDB9_W1_F12_external,false,false,false,true,,5
GDB_W1-F12_2894,GDB_W1-F12,GDB9_W1_F12_external,false,false,false,true,,4
GDB_W1-F12_2895,GDB_W1-F12,GDB9_W1_F12_external,false,false,false,true,,5
GDB_W1-F12_2896,GDB_W1-F12,GDB9_W1_F12_external,false,false,false,true,,4
GDB_W1-F12_2897,GDB_W1-F12,GDB9_W1_F12_external,false,false,false,true,,4
GDB_W1-F12_2898,GDB_W1-F12,GDB9_W1_F12_external,false,false,false,true,,4
GDB_W1-F12_2899,GDB_W1-F12,GDB9_W1_F12_external,false,false,false,true,,4
GDB_W1-F12_2900,GDB_W1-F12,GDB9_W1_F12_external,false,false,false,true,,4
GDB_W1-F12_2901,GDB_W1-F12,GDB9_W1_F12_external,false,false,false,true,,4
GDB_W1-F12_2902,GDB_W1-F12,GDB9_W1_F12_external,false,false,false,true,,4
GDB_W1-F12_2903,GDB_W1-F12,GDB9_W1_F12_external,false,false,false,true,,5
GDB_W1-F12_2904,GDB_W1-F12,GDB9_W1_F12_external,false,false,false,true,,4
GDB_W1-F12_2905,GDB_W1-F12,GDB9_W1_F12_external,false,false,false,true,,5
GDB_W1-F12_2906,GDB_W1-F12,GDB9_W1_F12_external,false,false,false,true,,4
GDB_W1-F12_2907,GDB_W1-F12,GDB9_W1_F12_external,false,false,false,true,,4
GDB_W1-F12_2908,GDB_W1-F12,GDB9_W1_F12_external,false,false,false,true,,5
GDB_W1-F12_2909,GDB_W1-F12,GDB9_W1_F12_external,false,false,false,true,,3
GDB_W1-F12_2910,GDB_W1-F12,GDB9_W1_F12_external,false,false,false,true,,4
GDB_W1-F12_2911,GDB_W1-F12,GDB9_W1_F12_external,false,false,false,true,,4
GDB_W1-F12_2912,GDB_W1-F12,GDB9_W1_F12_external,false,false,false,true,,5
GDB_W1-F12_2913,GDB_W1-F12,GDB9_W1_F12_external,false,false,false,true,,4
GDB_W1-F12_2914,GDB_W1-F12,GDB9_W1_F12_external,false,false,false,true,,4
GDB_W1-F12_2915,GDB_W1-F12,GDB9_W1_F12_external,false,false,false,true,,3
GDB_W1-F12_2916,GDB_W1-F12,GDB9_W1_F12_external,false,false,false,true,,4
GDB_W1-F12_2917,GDB_W1-F12,GDB9_W1_F12_external,false,false,false,true,,4
GDB_W1-F12_2918,GDB_W1-F12,GDB9_W1_F12_external,false,false,false,true,,4
GDB_W1-F12_2919,GDB_W1-F12,GDB9_W1_F12_external,false,false,false,true,,4
GDB_W1-F12_2920,GDB_W1-F12,GDB9_W1_F12_external,false,false,false,true,,5
GDB_W1-F12_2921,GDB_W1-F12,GDB9_W1_F12_external,false,false,false,true,,4
GDB_W1-F12_2922,GDB_W1-F12,GDB9_W1_F12_external,false,false,false,true,,5
GDB_W1-F12_2923,GDB_W1-F12,GDB9_W1_F12_external,false,false,false,true,,4
GDB_W1-F12_2924,GDB_W1-F12,GDB9_W1_F12_external,false,false,false,true,,4
GDB_W1-F12_2925,GDB_W1-F12,GDB9_W1_F12_external,false,false,false,true,,4
GDB_W1-F12_2926,GDB_W1-F12,GDB9_W1_F12_external,false,false,false,true,,5
GDB_W1-F12_2927,GDB_W1-F12,GDB9_W1_F12_external,false,false,false,true,,4
GDB_W1-F12_2928,GDB_W1-F12,GDB9_W1_F12_external,false,false,false,true,,4
GDB_W1-F12_2929,GDB_W1-F12,GDB9_W1_F12_external,false,false,false,true,,5
GDB_W1-F12_2930,GDB_W1-F12,GDB9_W1_F12_external,false,false,false,true,,3
GDB_W1-F12_2931,GDB_W1-F12,GDB9_W1_F12_external,false,false,false,true,,4
GDB_W1-F12_2932,GDB_W1-F12,GDB9_W1_F12_external,false,false,false,true,,4
GDB_W1-F12_2933,GDB_W1-F12,GDB9_W1_F12_external,false,false,false,true,,5
GDB_W1-F12_2934,GDB_W1-F12,GDB9_W1_F12_external,false,false,false,true,,3
GDB_W1-F12_2935,GDB_W1-F12,GDB9_W1_F12_external,false,false,false,true,,4
GDB_W1-F12_2936,GDB_W1-F12,GDB9_W1_F12_external,false,false,false,true,,3
GDB_W1-F12_2937,GDB_W1-F12,GDB9_W1_F12_external,false,false,false,true,,5
GDB_W1-F12_2938,GDB_W1-F12,GDB9_W1_F12_external,false,false,false,true,,3
GDB_W1-F12_2939,GDB_W1-F12,GDB9_W1_F12_external,false,false,false,true,,4
GDB_W1-F12_2940,GDB_W1-F12,GDB9_W1_F12_external,false,false,false,true,,4
GDB_W1-F12_2941,GDB_W1-F12,GDB9_W1_F12_external,false,false,false,true,,5
GDB_W1-F12_2942,GDB_W1-F12,GDB9_W1_F12_external,false,false,false,true,,4
GDB_W1-F12_2943,GDB_W1-F12,GDB9_W1_F12_external,false,false,false,true,,4
GDB_W1-F12_2944,GDB_W1-F12,GDB9_W1_F12_external,false,false,false,true,,4
GDB_W1-F12_2945,GDB_W1-F12,GDB9_W1_F12_external,false,false,false,true,,4
GDB_W1-F12_2946,GDB_W1-F12,GDB9_W1_F12_external,false,false,false,true,,3
GDB_W1-F12_2947,GDB_W1-F12,GDB9_W1_F12_external,false,false,false,true,,4
GDB_W1-F12_2948,GDB_W1-F12,GDB9_W1_F12_external,false,false,false,true,,4
GDB_W1-F12_2949,GDB_W1-F12,GDB9_W1_F12_external,false,false,false,true,,5
GDB_W1-F12_2950,GDB_W1-F12,GDB9_W1_F12_external,false,false,false,true,,4
GDB_W1-F12_2951,GDB_W1-F12,GDB9_W1_F12_external,false,false,false,true,,3
GDB_W1-F12_2952,GDB_W1-F12,GDB9_W1_F12_external,false,false,false,true,,4
GDB_W1-F12_2953,GDB_W1-F12,GDB9_W1_F12_external,false,false,false,true,,4
GDB_W1-F12_2954,GDB_W1-F12,GDB9_W1_F12_external,false,false,false,true,,4
GDB_W1-F12_2955,GDB_W1-F12,GDB9_W1_F12_external,false,false,false,true,,4
GDB_W1-F12_2956,GDB_W1-F12,GDB9_W1_F12_external,false,false,false,true,,5
GDB_W1-F12_2957,GDB_W1-F12,GDB9_W1_F12_external,false,false,false,true,,4
GDB_W1-F12_2958,GDB_W1-F12,GDB9_W1_F12_external,false,false,false,true,,5
GDB_W1-F12_2959,GDB_W1-F12,GDB9_W1_F12_external,false,false,false,true,,4
GDB_W1-F12_2960,GDB_W1-F12,GDB9_W1_F12_external,false,false,false,true,,4
GDB_W1-F12_2961,GDB_W1-F12,GDB9_W1_F12_external,false,false,false,true,,5
GDB_W1-F12_2962,GDB_W1-F12,GDB9_W1_F12_external,false,false,false,true,,5
GDB_W1-F12_2963,GDB_W1-F12,GDB9_W1_F12_external,false,false,false,true,,5
GDB_W1-F12_2964,GDB_W1-F12,GDB9_W1_F12_external,false,false,false,true,,4
GDB_W1-F12_2965,GDB_W1-F12,GDB9_W1_F12_external,false,false,false,true,,4
GDB_W1-F12_2966,GDB_W1-F12,GDB9_W1_F12_external,false,false,false,true,,4
GDB_W1-F12_2967,GDB_W1-F12,GDB9_W1_F12_external,false,false,false,true,,4
GDB_W1-F12_2968,GDB_W1-F12,GDB9_W1_F12_external,false,false,false,true,,5
GDB_W1-F12_2969,GDB_W1-F12,GDB9_W1_F12_external,false,false,false,true,,5
GDB_W1-F12_2970,GDB_W1-F12,GDB9_W1_F12_external,false,false,false,true,,5
GDB_W1-F12_2971,GDB_W1-F12,GDB9_W1_F12_external,false,false,false,true,,4
GDB_W1-F12_2972,GDB_W1-F12,GDB9_W1_F12_external,false,false,false,true,,4
GDB_W1-F12_2973,GDB_W1-F12,GDB9_W1_F12_external,false,false,false,true,,4
GDB_W1-F12_2974,GDB_W1-F12,GDB9_W1_F12_external,false,false,false,true,,5
GDB_W1-F12_2975,GDB_W1-F12,GDB9_W1_F12_external,false,false,false,true,,4
GDB_W1-F12_2976,GDB_W1-F12,GDB9_W1_F12_external,false,false,false,true,,5
GDB_W1-F12_2977,GDB_W1-F12,GDB9_W1_F12_external,false,false,false,true,,4
GDB_W1-F12_2978,GDB_W1-F12,GDB9_W1_F12_external,false,false,false,true,,5
GDB_W1-F12_2979,GDB_W1-F12,GDB9_W1_F12_external,false,false,false,true,,4
GDB_W1-F12_2980,GDB_W1-F12,GDB9_W1_F12_external,false,false,false,true,,5
GDB_W1-F12_2981,GDB_W1-F12,GDB9_W1_F12_external,false,false,false,true,,4
GDB_W1-F12_2982,GDB_W1-F12,GDB9_W1_F12_external,false,false,false,true,,4
GDB_W1-F12_2983,GDB_W1-F12,GDB9_W1_F12_external,false,false,false,true,,5
GDB_W1-F12_2984,GDB_W1-F12,GDB9_W1_F12_external,false,false,false,true,,5
GDB_W1-F12_2985,GDB_W1-F12,GDB9_W1_F12_external,false,false,false,true,,5
GDB_W1-F12_2986,GDB_W1-F12,GDB9_W1_F12_external,false,false,false,true,,5
GDB_W1-F12_2987,GDB_W1-F12,GDB9_W1_F12_external,false,false,false,true,,5
GDB_W1-F12_2988,GDB_W1-F12,GDB9_W1_F12_external,false,false,false,true,,5
GDB_W1-F12_2989,GDB_W1-F12,GDB9_W1_F12_external,false,false,false,true,,4
GDB_W1-F12_2990,GDB_W1-F12,GDB9_W1_F12_external,false,false,false,true,,5
GDB_W1-F12_2991,GDB_W1-F12,GDB9_W1_F12_external,false,false,false,true,,4
GDB_W1-F12_2992,GDB_W1-F12,GDB9_W1_F12_external,false,false,false,true,,5
GDB_W1-F12_2993,GDB_W1-F12,GDB9_W1_F12_external,false,false,false,true,,5
GDB_W1-F12_2994,GDB_W1-F12,GDB9_W1_F12_external,false,false,false,true,,5
GDB_W1-F12_2995,GDB_W1-F12,GDB9_W1_F12_external,false,false,false,true,,4
GDB_W1-F12_2996,GDB_W1-F12,GDB9_W1_F12_external,false,false,false,true,,4
GDB_W1-F12_2997,GDB_W1-F12,GDB9_W1_F12_external,false,false,false,true,,4
GDB_W1-F12_2998,GDB_W1-F12,GDB9_W1_F12_external,false,false,false,true,,4
GDB_W1-F12_2999,GDB_W1-F12,GDB9_W1_F12_external,false,false,false,true,,4
GDB_W1-F12_3000,GDB_W1-F12,GDB9_W1_F12_external,false,false,false,true,,5
GDB_W1-F12_3001,GDB_W1-F12,GDB9_W1_F12_external,false,false,false,true,,5
GDB_W1-F12_3002,GDB_W1-F12,GDB9_W1_F12_external,false,false,false,true,,5
GDB_W1-F12_3003,GDB_W1-F12,GDB9_W1_F12_external,false,false,false,true,,5
GDB_W1-F12_3004,GDB_W1-F12,GDB9_W1_F12_external,false,false,false,true,,4
GDB_W1-F12_3005,GDB_W1-F12,GDB9_W1_F12_external,false,false,false,true,,5
GDB_W1-F12_3006,GDB_W1-F12,GDB9_W1_F12_external,false,false,false,true,,4
GDB_W1-F12_3007,GDB_W1-F12,GDB9_W1_F12_external,false,false,false,true,,5
GDB_W1-F12_3008,GDB_W1-F12,GDB9_W1_F12_external,false,false,false,true,,5
GDB_W1-F12_3009,GDB_W1-F12,GDB9_W1_F12_external,false,false,false,true,,5
GDB_W1-F12_3010,GDB_W1-F12,GDB9_W1_F12_external,false,false,false,true,,4
GDB_W1-F12_3011,GDB_W1-F12,GDB9_W1_F12_external,false,false,false,true,,4
GDB_W1-F12_3012,GDB_W1-F12,GDB9_W1_F12_external,false,false,false,true,,4
GDB_W1-F12_3013,GDB_W1-F12,GDB9_W1_F12_external,false,false,false,true,,5
GDB_W1-F12_3014,GDB_W1-F12,GDB9_W1_F12_external,false,false,false,true,,5
GDB_W1-F12_3015,GDB_W1-F12,GDB9_W1_F12_external,false,false,false,true,,5
GDB_W1-F12_3016,GDB_W1-F12,GDB9_W1_F12_external,false,false,false,true,,4
GDB_W1-F12_3017,GDB_W1-F12,GDB9_W1_F12_external,false,false,false,true,,4
GDB_W1-F12_3018,GDB_W1-F12,GDB9_W1_F12_external,false,false,false,true,,5
GDB_W1-F12_3019,GDB_W1-F12,GDB9_W1_F12_external,false,false,false,true,,5
GDB_W1-F12_3020,GDB_W1-F12,GDB9_W1_F12_external,false,false,false,true,,4
GDB_W1-F12_3021,GDB_W1-F12,GDB9_W1_F12_external,false,false,false,true,,5
GDB_W1-F12_3022,GDB_W1-F12,GDB9_W1_F12_external,false,false,false,true,,4
GDB_W1-F12_3023,GDB_W1-F12,GDB9_W1_F12_external,false,false,false,true,,5
GDB_W1-F12_3024,GDB_W1-F12,GDB9_W1_F12_external,false,false,false,true,,5
GDB_W1-F12_3025,GDB_W1-F12,GDB9_W1_F12_external,false,false,false,true,,5
GDB_W1-F12_3026,GDB_W1-F12,GDB9_W1_F12_external,false,false,false,true,,5
GDB_W1-F12_3027,GDB_W1-F12,GDB9_W1_F12_external,false,false,false,true,,5
GDB_W1-F12_3028,GDB_W1-F12,GDB9_W1_F12_external,false,false,false,true,,5
GDB_W1-F12_3029,GDB_W1-F12,GDB9_W1_F12_external,false,false,false,true,,5
GDB_W1-F12_3030,GDB_W1-F12,GDB9_W1_F12_external,false,false,false,true,,5
GDB_W1-F12_3031,GDB_W1-F12,GDB9_W1_F12_external,false,false,false,true,,5
GDB_W1-F12_3032,GDB_W1-F12,GDB9_W1_F12_external,false,false,false,true,,4
GDB_W1-F12_3033,GDB_W1-F12,GDB9_W1_F12_external,false,false,false,true,,5
GDB_W1-F12_3034,GDB_W1-F12,GDB9_W1_F12_external,false,false,false,true,,4
GDB_W1-F12_3035,GDB_W1-F12,GDB9_W1_F12_external,false,false,false,true,,5
GDB_W1-F12_3036,GDB_W1-F12,GDB9_W1_F12_external,false,false,false,true,,4
GDB_W1-F12_3037,GDB_W1-F12,GDB9_W1_F12_external,false,false,false,true,,4
GDB_W1-F12_3038,GDB_W1-F12,GDB9_W1_F12_external,false,false,false,true,,5
GDB_W1-F12_3039,GDB_W1-F12,GDB9_W1_F12_external,false,false,false,true,,5
GDB_W1-F12_3040,GDB_W1-F12,GDB9_W1_F12_external,false,false,false,true,,4
GDB_W1-F12_3041,GDB_W1-F12,GDB9_W1_F12_external,false,false,false,true,,5
GDB_W1-F12_3042,GDB_W1-F12,GDB9_W1_F12_external,false,false,false,true,,4
GDB_W1-F12_3043,GDB_W1-F12,GDB9_W1_F12_external,false,false,false,true,,4
GDB_W1-F12_3044,GDB_W1-F12,GDB9_W1_F12_external,false,false,false,true,,4
GDB_W1-F12_3045,GDB_W1-F12,GDB9_W1_F12_external,false,false,false,true,,5
GDB_W1-F12_3046,GDB_W1-F12,GDB9_W1_F12_external,false,false,false,true,,5
GDB_W1-F12_3047,GDB_W1-F12,GDB9_W1_F12_external,false,false,false,true,,5
GDB_W1-F12_3048,GDB_W1-F12,GDB9_W1_F12_external,false,false,false,true,,5
GDB_W1-F12_3049,GDB_W1-F12,GDB9_W1_F12_external,false,false,false,true,,4
GDB_W1-F12_3050,GDB_W1-F12,GDB9_W1_F12_external,false,false,false,true,,4
GDB_W1-F12_3051,GDB_W1-F12,GDB9_W1_F12_external,false,false,false,true,,4
GDB_W1-F12_3052,GDB_W1-F12,GDB9_W1_F12_external,false,false,false,true,,4
GDB_W1-F12_3053,GDB_W1-F12,GDB9_W1_F12_external,false,false,false,true,,4
GDB_W1-F12_3054,GDB_W1-F12,GDB9_W1_F12_external,false,false,false,true,,4
GDB_W1-F12_3055,GDB_W1-F12,GDB9_W1_F12_external,false,false,false,true,,4
GDB_W1-F12_3056,GDB_W1-F12,GDB9_W1_F12_external,false,false,false,true,,4
GDB_W1-F12_3057,GDB_W1-F12,GDB9_W1_F12_external,false,false,false,true,,4
GDB_W1-F12_3058,GDB_W1-F12,GDB9_W1_F12_external,false,false,false,true,,4
GDB_W1-F12_3059,GDB_W1-F12,GDB9_W1_F12_external,false,false,false,true,,4
GDB_W1-F12_3060,GDB_W1-F12,GDB9_W1_F12_external,false,false,false,true,,5
GDB_W1-F12_3061,GDB_W1-F12,GDB9_W1_F12_external,false,false,false,true,,5
GDB_W1-F12_3062,GDB_W1-F12,GDB9_W1_F12_external,false,false,false,true,,4
GDB_W1-F12_3063,GDB_W1-F12,GDB9_W1_F12_external,false,false,false,true,,4
GDB_W1-F12_3064,GDB_W1-F12,GDB9_W1_F12_external,false,false,false,true,,5
GDB_W1-F12_3065,GDB_W1-F12,GDB9_W1_F12_external,false,false,false,true,,4
GDB_W1-F12_3066,GDB_W1-F12,GDB9_W1_F12_external,false,false,false,true,,4
GDB_W1-F12_3067,GDB_W1-F12,GDB9_W1_F12_external,false,false,false,true,,5
GDB_W1-F12_3068,GDB_W1-F12,GDB9_W1_F12_external,false,false,false,true,,5
GDB_W1-F12_3069,GDB_W1-F12,GDB9_W1_F12_external,false,false,false,true,,5
GDB_W1-F12_3070,GDB_W1-F12,GDB9_W1_F12_external,false,false,false,true,,5
GDB_W1-F12_3071,GDB_W1-F12,GDB9_W1_F12_external,false,false,false,true,,4
GDB_W1-F12_3072,GDB_W1-F12,GDB9_W1_F12_external,false,false,false,true,,4
GDB_W1-F12_3073,GDB_W1-F12,GDB9_W1_F12_external,false,false,false,true,,5
GDB_W1-F12_3074,GDB_W1-F12,GDB9_W1_F12_external,false,false,false,true,,4
GDB_W1-F12_3075,GDB_W1-F12,GDB9_W1_F12_external,false,false,false,true,,4
GDB_W1-F12_3076,GDB_W1-F12,GDB9_W1_F12_external,false,false,false,true,,5
GDB_W1-F12_3077,GDB_W1-F12,GDB9_W1_F12_external,false,false,false,true,,4
GDB_W1-F12_3078,GDB_W1-F12,GDB9_W1_F12_external,false,false,false,true,,5
GDB_W1-F12_3079,GDB_W1-F12,GDB9_W1_F12_external,false,false,false,true,,5
GDB_W1-F12_3080,GDB_W1-F12,GDB9_W1_F12_external,false,false,false,true,,5
GDB_W1-F12_3081,GDB_W1-F12,GDB9_W1_F12_external,false,false,false,true,,5
GDB_W1-F12_3082,GDB_W1-F12,GDB9_W1_F12_external,false,false,false,true,,4
GDB_W1-F12_3083,GDB_W1-F12,GDB9_W1_F12_external,false,false,false,true,,4
GDB_W1-F12_3084,GDB_W1-F12,GDB9_W1_F12_external,false,false,false,true,,5
GDB_W1-F12_3085,GDB_W1-F12,GDB9_W1_F12_external,false,false,false,true,,4
GDB_W1-F12_3086,GDB_W1-F12,GDB9_W1_F12_external,false,false,false,true,,4
GDB_W1-F12_3087,GDB_W1-F12,GDB9_W1_F12_external,false,false,false,true,,5
GDB_W1-F12_3088,GDB_W1-F12,GDB9_W1_F12_external,false,false,false,true,,4
GDB_W1-F12_3089,GDB_W1-F12,GDB9_W1_F12_external,false,false,false,true,,5
GDB_W1-F12_3090,GDB_W1-F12,GDB9_W1_F12_external,false,false,false,true,,5
GDB_W1-F12_3091,GDB_W1-F12,GDB9_W1_F12_external,false,false,false,true,,5
GDB_W1-F12_3092,GDB_W1-F12,GDB9_W1_F12_external,false,false,false,true,,4
GDB_W1-F12_3093,GDB_W1-F12,GDB9_W1_F12_external,false,false,false,true,,5
GDB_W1-F12_3094,GDB_W1-F12,GDB9_W1_F12_external,false,false,false,true,,4
GDB_W1-F12_3095,GDB_W1-F12,GDB9_W1_F12_external,false,false,false,true,,5
GDB_W1-F12_3096,GDB_W1-F12,GDB9_W1_F12_external,false,false,false,true,,4
GDB_W1-F12_3097,GDB_W1-F12,GDB9_W1_F12_external,false,false,false,true,,4
GDB_W1-F12_3098,GDB_W1-F12,GDB9_W1_F12_external,false,false,false,true,,4
GDB_W1-F12_3099,GDB_W1-F12,GDB9_W1_F12_external,false,false,false,true,,5
GDB_W1-F12_3100,GDB_W1-F12,GDB9_W1_F12_external,false,false,false,true,,5
GDB_W1-F12_3101,GDB_W1-F12,GDB9_W1_F12_external,false,false,false,true,,4
GDB_W1-F12_3102,GDB_W1-F12,GDB9_W1_F12_external,false,false,false,true,,5
GDB_W1-F12_3103,GDB_W1-F12,GDB9_W1_F12_external,false,false,false,true,,4
GDB_W1-F12_3104,GDB_W1-F12,GDB9_W1_F12_external,false,false,false,true,,4
GDB_W1-F12_3105,GDB_W1-F12,GDB9_W1_F12_external,false,false,false,true,,4
GDB_W1-F12_3106,GDB_W1-F12,GDB9_W1_F12_external,false,false,false,true,,4
GDB_W1-F12_3107,GDB_W1-F12,GDB9_W1_F12_external,false,false,false,true,,5
GDB_W1-F12_3108,GDB_W1-F12,GDB9_W1_F12_external,false,false,false,true,,5
GDB_W1-F12_3109,GDB_W1-F12,GDB9_W1_F12_external,false,false,false,true,,5
GDB_W1-F12_3110,GDB_W1-F12,GDB9_W1_F12_external,false,false,false,true,,5
GDB_W1-F12_3111,GDB_W1-F12,GDB9_W1_F12_external,false,false,false,true,,5
GDB_W1-F12_3112,GDB_W1-F12,GDB9_W1_F12_external,false,false,false,true,,5
GDB_W1-F12_3113,GDB_W1-F12,GDB9_W1_F12_external,false,false,false,true,,5
GDB_W1-F12_3114,GDB_W1-F12,GDB9_W1_F12_external,false,false,false,true,,5
GDB_W1-F12_3115,GDB_W1-F12,GDB9_W1_F12_external,false,false,false,true,,5
GDB_W1-F12_3116,GDB_W1-F12,GDB9_W1_F12_external,false,false,false,true,,5
GDB_W1-F12_3117,GDB_W1-F12,GDB9_W1_F12_external,false,false,false,true,,5
GDB_W1-F12_3118,GDB_W1-F12,GDB9_W1_F12_external,false,false,false,true,,5
GDB_W1-F12_3119,GDB_W1-F12,GDB9_W1_F12_external,false,false,false,true,,5
GDB_W1-F12_3120,GDB_W1-F12,GDB9_W1_F12_external,false,false,false,true,,5
GDB_W1-F12_3121,GDB_W1-F12,GDB9_W1_F12_external,false,false,false,true,,5
GDB_W1-F12_3122,GDB_W1-F12,GDB9_W1_F12_external,false,false,false,true,,5
GDB_W1-F12_3123,GDB_W1-F12,GDB9_W1_F12_external,false,false,false,true,,5
GDB_W1-F12_3124,GDB_W1-F12,GDB9_W1_F12_external,false,false,false,true,,5
GDB_W1-F12_3125,GDB_W1-F12,GDB9_W1_F12_external,false,false,false,true,,5
GDB_W1-F12_3126,GDB_W1-F12,GDB9_W1_F12_external,false,false,false,true,,4
GDB_W1-F12_3127,GDB_W1-F12,GDB9_W1_F12_external,false,false,false,true,,5
GDB_W1-F12_3128,GDB_W1-F12,GDB9_W1_F12_external,false,false,false,true,,5
GDB_W1-F12_3129,GDB_W1-F12,GDB9_W1_F12_external,false,false,false,true,,4
GDB_W1-F12_3130,GDB_W1-F12,GDB9_W1_F12_external,false,false,false,true,,4
GDB_W1-F12_3131,GDB_W1-F12,GDB9_W1_F12_external,false,false,false,true,,5
GDB_W1-F12_3132,GDB_W1-F12,GDB9_W1_F12_external,false,false,false,true,,5
GDB_W1-F12_3133,GDB_W1-F12,GDB9_W1_F12_external,false,false,false,true,,5
GDB_W1-F12_3134,GDB_W1-F12,GDB9_W1_F12_external,false,false,false,true,,4
GDB_W1-F12_3135,GDB_W1-F12,GDB9_W1_F12_external,false,false,false,true,,4
GDB_W1-F12_3136,GDB_W1-F12,GDB9_W1_F12_external,false,false,false,true,,4
GDB_W1-F12_3137,GDB_W1-F12,GDB9_W1_F12_external,false,false,false,true,,5
GDB_W1-F12_3138,GDB_W1-F12,GDB9_W1_F12_external,false,false,false,true,,5
GDB_W1-F12_3139,GDB_W1-F12,GDB9_W1_F12_external,false,false,false,true,,4
GDB_W1-F12_3140,GDB_W1-F12,GDB9_W1_F12_external,false,false,false,true,,5
GDB_W1-F12_3141,GDB_W1-F12,GDB9_W1_F12_external,false,false,false,true,,4
GDB_W1-F12_3142,GDB_W1-F12,GDB9_W1_F12_external,false,false,false,true,,4
GDB_W1-F12_3143,GDB_W1-F12,GDB9_W1_F12_external,false,false,false,true,,4
GDB_W1-F12_3144,GDB_W1-F12,GDB9_W1_F12_external,false,false,false,true,,5
GDB_W1-F12_3145,GDB_W1-F12,GDB9_W1_F12_external,false,false,false,true,,5
GDB_W1-F12_3146,GDB_W1-F12,GDB9_W1_F12_external,false,false,false,true,,4
GDB_W1-F12_3147,GDB_W1-F12,GDB9_W1_F12_external,false,false,false,true,,5
GDB_W1-F12_3148,GDB_W1-F12,GDB9_W1_F12_external,false,false,false,true,,4
GDB_W1-F12_3149,GDB_W1-F12,GDB9_W1_F12_external,false,false,false,true,,4
GDB_W1-F12_3150,GDB_W1-F12,GDB9_W1_F12_external,false,false,false,true,,4
GDB_W1-F12_3151,GDB_W1-F12,GDB9_W1_F12_external,false,false,false,true,,4
GDB_W1-F12_3152,GDB_W1-F12,GDB9_W1_F12_external,false,false,false,true,,4
GDB_W1-F12_3153,GDB_W1-F12,GDB9_W1_F12_external,false,false,false,true,,4
GDB_W1-F12_3154,GDB_W1-F12,GDB9_W1_F12_external,false,false,false,true,,5
GDB_W1-F12_3155,GDB_W1-F12,GDB9_W1_F12_external,false,false,false,true,,5
GDB_W1-F12_3156,GDB_W1-F12,GDB9_W1_F12_external,false,false,false,true,,5
GDB_W1-F12_3157,GDB_W1-F12,GDB9_W1_F12_external,false,false,false,true,,5
GDB_W1-F12_3158,GDB_W1-F12,GDB9_W1_F12_external,false,false,false,true,,5
GDB_W1-F12_3159,GDB_W1-F12,GDB9_W1_F12_external,false,false,false,true,,4
GDB_W1-F12_3160,GDB_W1-F12,GDB9_W1_F12_external,false,false,false,true,,5
GDB_W1-F12_3161,GDB_W1-F12,GDB9_W1_F12_external,false,false,false,true,,4
GDB_W1-F12_3162,GDB_W1-F12,GDB9_W1_F12_external,false,false,false,true,,5
GDB_W1-F12_3163,GDB_W1-F12,GDB9_W1_F12_external,false,false,false,true,,5
GDB_W1-F12_3164,GDB_W1-F12,GDB9_W1_F12_external,false,false,false,true,,5
GDB_W1-F12_3165,GDB_W1-F12,GDB9_W1_F12_external,false,false,false,true,,5
GDB_W1-F12_3166,GDB_W1-F12,GDB9_W1_F12_external,false,false,false,true,,5
GDB_W1-F12_3167,GDB_W1-F12,GDB9_W1_F12_external,false,false,false,true,,4
GDB_W1-F12_3168,GDB_W1-F12,GDB9_W1_F12_external,false,false,false,true,,5
GDB_W1-F12_3169,GDB_W1-F12,GDB9_W1_F12_external,false,false,false,true,,5
GDB_W1-F12_3170,GDB_W1-F12,GDB9_W1_F12_external,false,false,false,true,,5
GDB_W1-F12_3171,GDB_W1-F12,GDB9_W1_F12_external,false,false,false,true,,4
GDB_W1-F12_3172,GDB_W1-F12,GDB9_W1_F12_external,false,false,false,true,,4
GDB_W1-F12_3173,GDB_W1-F12,GDB9_W1_F12_external,false,false,false,true,,4
GDB_W1-F12_3174,GDB_W1-F12,GDB9_W1_F12_external,false,false,false,true,,4
GDB_W1-F12_3175,GDB_W1-F12,GDB9_W1_F12_external,false,false,false,true,,5
GDB_W1-F12_3176,GDB_W1-F12,GDB9_W1_F12_external,false,false,false,true,,5
GDB_W1-F12_3177,GDB_W1-F12,GDB9_W1_F12_external,false,false,false,true,,5
GDB_W1-F12_3178,GDB_W1-F12,GDB9_W1_F12_external,false,false,false,true,,4
GDB_W1-F12_3179,GDB_W1-F12,GDB9_W1_F12_external,false,false,false,true,,5
GDB_W1-F12_3180,GDB_W1-F12,GDB9_W1_F12_external,false,false,false,true,,5
GDB_W1-F12_3181,GDB_W1-F12,GDB9_W1_F12_external,false,false,false,true,,5
GDB_W1-F12_3182,GDB_W1-F12,GDB9_W1_F12_external,false,false,false,true,,4
GDB_W1-F12_3183,GDB_W1-F12,GDB9_W1_F12_external,false,false,false,true,,4
GDB_W1-F12_3184,GDB_W1-F12,GDB9_W1_F12_external,false,false,false,true,,4
GDB_W1-F12_3185,GDB_W1-F12,GDB9_W1_F12_external,false,false,false,true,,5
GDB_W1-F12_3186,GDB_W1-F12,GDB9_W1_F12_external,false,false,false,true,,5
GDB_W1-F12_3187,GDB_W1-F12,GDB9_W1_F12_external,false,false,false,true,,5
GDB_W1-F12_3188,GDB_W1-F12,GDB9_W1_F12_external,false,false,false,true,,5
GDB_W1-F12_3189,GDB_W1-F12,GDB9_W1_F12_external,false,false,false,true,,5
GDB_W1-F12_3190,GDB_W1-F12,GDB9_W1_F12_external,false,false,false,true,,4
GDB_W1-F12_3191,GDB_W1-F12,GDB9_W1_F12_external,false,false,false,true,,5
GDB_W1-F12_3192,GDB_W1-F12,GDB9_W1_F12_external,false,false,false,true,,5
GDB_W1-F12_3193,GDB_W1-F12,GDB9_W1_F12_external,false,false,false,true,,5
GDB_W1-F12_3194,GDB_W1-F12,GDB9_W1_F12_external,false,false,false,true,,5
GDB_W1-F12_3195,GDB_W1-F12,GDB9_W1_F12_external,false,false,false,true,,5
GDB_W1-F12_3196,GDB_W1-F12,GDB9_W1_F12_external,false,false,false,true,,5
GDB_W1-F12_3197,GDB_W1-F12,GDB9_W1_F12_external,false,false,false,true,,4
GDB_W1-F12_3198,GDB_W1-F12,GDB9_W1_F12_external,false,false,false,true,,5
GDB_W1-F12_3199,GDB_W1-F12,GDB9_W1_F12_external,false,false,false,true,,5
GDB_W1-F12_3200,GDB_W1-F12,GDB9_W1_F12_external,false,false,false,true,,5
GDB_W1-F12_3201,GDB_W1-F12,GDB9_W1_F12_external,false,false,false,true,,5
GDB_W1-F12_3202,GDB_W1-F12,GDB9_W1_F12_external,false,false,false,true,,5
GDB_W1-F12_3203,GDB_W1-F12,GDB9_W1_F12_external,false,false,false,true,,5
GDB_W1-F12_3204,GDB_W1-F12,GDB9_W1_F12_external,false,false,false,true,,5
GDB_W1-F12_3205,GDB_W1-F12,GDB9_W1_F12_external,false,false,false,true,,5
GDB_W1-F12_3206,GDB_W1-F12,GDB9_W1_F12_external,false,false,false,true,,5
GDB_W1-F12_3207,GDB_W1-F12,GDB9_W1_F12_external,false,false,false,true,,5
GDB_W1-F12_3208,GDB_W1-F12,GDB9_W1_F12_external,false,false,false,true,,5
GDB_W1-F12_3209,GDB_W1-F12,GDB9_W1_F12_external,false,false,false,true,,5
GDB_W1-F12_3210,GDB_W1-F12,GDB9_W1_F12_external,false,false,false,true,,5
GDB_W1-F12_3211,GDB_W1-F12,GDB9_W1_F12_external,false,false,false,true,,5
GDB_W1-F12_3212,GDB_W1-F12,GDB9_W1_F12_external,false,false,false,true,,5
GDB_W1-F12_3213,GDB_W1-F12,GDB9_W1_F12_external,false,false,false,true,,5
GDB_W1-F12_3214,GDB_W1-F12,GDB9_W1_F12_external,false,false,false,true,,5
GDB_W1-F12_3215,GDB_W1-F12,GDB9_W1_F12_external,false,false,false,true,,5
GDB_W1-F12_3216,GDB_W1-F12,GDB9_W1_F12_external,false,false,false,true,,5
GDB_W1-F12_3217,GDB_W1-F12,GDB9_W1_F12_external,false,false,false,true,,5
GDB_W1-F12_3218,GDB_W1-F12,GDB9_W1_F12_external,false,false,false,true,,5
GDB_W1-F12_3219,GDB_W1-F12,GDB9_W1_F12_external,false,false,false,true,,5
GDB_W1-F12_3220,GDB_W1-F12,GDB9_W1_F12_external,false,false,false,true,,5
GDB_W1-F12_3221,GDB_W1-F12,GDB9_W1_F12_external,false,false,false,true,,5
GDB_W1-F12_3222,GDB_W1-F12,GDB9_W1_F12_external,false,false,false,true,,5
GDB_W1-F12_3223,GDB_W1-F12,GDB9_W1_F12_external,false,false,false,true,,5
GDB_W1-F12_3224,GDB_W1-F12,GDB9_W1_F12_external,false,false,false,true,,5
GDB_W1-F12_3225,GDB_W1-F12,GDB9_W1_F12_external,false,false,false,true,,5
GDB_W1-F12_3226,GDB_W1-F12,GDB9_W1_F12_external,false,false,false,true,,5
GDB_W1-F12_3227,GDB_W1-F12,GDB9_W1_F12_external,false,false,false,true,,5
GDB_W1-F12_3228,GDB_W1-F12,GDB9_W1_F12_external,false,false,false,true,,5
GDB_W1-F12_3229,GDB_W1-F12,GDB9_W1_F12_external,false,false,false,true,,5
GDB_W1-F12_3230,GDB_W1-F12,GDB9_W1_F12_external,false,false,false,true,,5
GDB_W1-F12_3231,GDB_W1-F12,GDB9_W1_F12_external,false,false,false,true,,5
GDB_W1-F12_3232,GDB_W1-F12,GDB9_W1_F12_external,false,false,false,true,,5
GDB_W1-F12_3233,GDB_W1-F12,GDB9_W1_F12_external,false,false,false,true,,5
GDB_W1-F12_3234,GDB_W1-F12,GDB9_W1_F12_external,false,false,false,true,,5
GDB_W1-F12_3235,GDB_W1-F12,GDB9_W1_F12_external,false,false,false,true,,5
GDB_W1-F12_3236,GDB_W1-F12,GDB9_W1_F12_external,false,false,false,true,,5
GDB_W1-F12_3237,GDB_W1-F12,GDB9_W1_F12_external,false,false,false,true,,5
GDB_W1-F12_3238,GDB_W1-F12,GDB9_W1_F12_external,false,false,false,true,,5
GDB_W1-F12_3239,GDB_W1-F12,GDB9_W1_F12_external,false,false,false,true,,5
GDB_W1-F12_3240,GDB_W1-F12,GDB9_W1_F12_external,false,false,false,true,,5
GDB_W1-F12_3241,GDB_W1-F12,GDB9_W1_F12_external,false,false,false,true,,5
GDB_W1-F12_3242,GDB_W1-F12,GDB9_W1_F12_external,false,false,false,true,,5
GDB_W1-F12_3243,GDB_W1-F12,GDB9_W1_F12_external,false,false,false,true,,5
GDB_W1-F12_3244,GDB_W1-F12,GDB9_W1_F12_external,false,false,false,true,,5
GDB_W1-F12_3245,GDB_W1-F12,GDB9_W1_F12_external,false,false,false,true,,5
GDB_W1-F12_3246,GDB_W1-F12,GDB9_W1_F12_external,false,false,false,true,,5
GDB_W1-F12_3247,GDB_W1-F12,GDB9_W1_F12_external,false,false,false,true,,5
GDB_W1-F12_3248,GDB_W1-F12,GDB9_W1_F12_external,false,false,false,true,,5
GDB_W1-F12_3249,GDB_W1-F12,GDB9_W1_F12_external,false,false,false,true,,5
GDB_W1-F12_3250,GDB_W1-F12,GDB9_W1_F12_external,false,false,false,true,,5
GDB_W1-F12_3251,GDB_W1-F12,GDB9_W1_F12_external,false,false,false,true,,5
GDB_W1-F12_3252,GDB_W1-F12,GDB9_W1_F12_external,false,false,false,true,,5
GDB_W1-F12_3253,GDB_W1-F12,GDB9_W1_F12_external,false,false,false,true,,5
GDB_W1-F12_3254,GDB_W1-F12,GDB9_W1_F12_external,false,false,false,true,,5
GDB_W1-F12_3255,GDB_W1-F12,GDB9_W1_F12_external,false,false,false,true,,5
GDB_W1-F12_3256,GDB_W1-F12,GDB9_W1_F12_external,false,false,false,true,,5
GDB_W1-F12_3257,GDB_W1-F12,GDB9_W1_F12_external,false,false,false,true,,5
GDB_W1-F12_3258,GDB_W1-F12,GDB9_W1_F12_external,false,false,false,true,,5
GDB_W1-F12_3259,GDB_W1-F12,GDB9_W1_F12_external,false,false,false,true,,5
GDB_W1-F12_3260,GDB_W1-F12,GDB9_W1_F12_external,false,false,false,true,,5
GDB_W1-F12_3261,GDB_W1-F12,GDB9_W1_F12_external,false,false,false,true,,4
GDB_W1-F12_3262,GDB_W1-F12,GDB9_W1_F12_external,false,false,false,true,,5
GDB_W1-F12_3263,GDB_W1-F12,GDB9_W1_F12_external,false,false,false,true,,5
GDB_W1-F12_3264,GDB_W1-F12,GDB9_W1_F12_external,false,false,false,true,,5
GDB_W1-F12_3265,GDB_W1-F12,GDB9_W1_F12_external,false,false,false,true,,5
GDB_W1-F12_3266,GDB_W1-F12,GDB9_W1_F12_external,false,false,false,true,,5
GDB_W1-F12_3267,GDB_W1-F12,GDB9_W1_F12_external,false,false,false,true,,5
GDB_W1-F12_3268,GDB_W1-F12,GDB9_W1_F12_external,false,false,false,true,,5
GDB_W1-F12_3269,GDB_W1-F12,GDB9_W1_F12_external,false,false,false,true,,5
GDB_W1-F12_3270,GDB_W1-F12,GDB9_W1_F12_external,false,false,false,true,,5
GDB_W1-F12_3271,GDB_W1-F12,GDB9_W1_F12_external,false,false,false,true,,5
GDB_W1-F12_3272,GDB_W1-F12,GDB9_W1_F12_external,false,false,false,true,,5
GDB_W1-F12_3273,GDB_W1-F12,GDB9_W1_F12_external,false,false,false,true,,5
GDB_W1-F12_3274,GDB_W1-F12,GDB9_W1_F12_external,false,false,false,true,,5
GDB_W1-F12_3275,GDB_W1-F12,GDB9_W1_F12_external,false,false,false,true,,5
GDB_W1-F12_3276,GDB_W1-F12,GDB9_W1_F12_external,false,false,false,true,,4
GDB_W1-F12_3277,GDB_W1-F12,GDB9_W1_F12_external,false,false,false,true,,4
GDB_W1-F12_3278,GDB_W1-F12,GDB9_W1_F12_external,false,false,false,true,,5
GDB_W1-F12_3279,GDB_W1-F12,GDB9_W1_F12_external,false,false,false,true,,3
GDB_W1-F12_3280,GDB_W1-F12,GDB9_W1_F12_external,false,false,false,true,,4
GDB_W1-F12_3281,GDB_W1-F12,GDB9_W1_F12_external,false,false,false,true,,4
GDB_W1-F12_3282,GDB_W1-F12,GDB9_W1_F12_external,false,false,false,true,,4
GDB_W1-F12_3283,GDB_W1-F12,GDB9_W1_F12_external,false,false,false,true,,4
GDB_W1-F12_3284,GDB_W1-F12,GDB9_W1_F12_external,false,false,false,true,,4
GDB_W1-F12_3285,GDB_W1-F12,GDB9_W1_F12_external,false,false,false,true,,4
GDB_W1-F12_3286,GDB_W1-F12,GDB9_W1_F12_external,false,false,false,true,,4
GDB_W1-F12_3287,GDB_W1-F12,GDB9_W1_F12_external,false,false,false,true,,4
GDB_W1-F12_3288,GDB_W1-F12,GDB9_W1_F12_external,false,false,false,true,,4
GDB_W1-F12_3289,GDB_W1-F12,GDB9_W1_F12_external,false,false,false,true,,4
GDB_W1-F12_3290,GDB_W1-F12,GDB9_W1_F12_external,false,false,false,true,,4
GDB_W1-F12_3291,GDB_W1-F12,GDB9_W1_F12_external,false,false,false,true,,4
GDB_W1-F12_3292,GDB_W1-F12,GDB9_W1_F12_external,false,false,false,true,,4
GDB_W1-F12_3293,GDB_W1-F12,GDB9_W1_F12_external,false,false,false,true,,4
GDB_W1-F12_3294,GDB_W1-F12,GDB9_W1_F12_external,false,false,false,true,,4
GDB_W1-F12_3295,GDB_W1-F12,GDB9_W1_F12_external,false,false,false,true,,4
GDB_W1-F12_3296,GDB_W1-F12,GDB9_W1_F12_external,false,false,false,true,,4
GDB_W1-F12_3297,GDB_W1-F12,GDB9_W1_F12_external,false,false,false,true,,4
GDB_W1-F12_3298,GDB_W1-F12,GDB9_W1_F12_external,false,false,false,true,,4
GDB_W1-F12_3299,GDB_W1-F12,GDB9_W1_F12_external,false,false,false,true,,4
GDB_W1-F12_3300,GDB_W1-F12,GDB9_W1_F12_external,false,false,false,true,,4
GDB_W1-F12_3301,GDB_W1-F12,GDB9_W1_F12_external,false,false,false,true,,4
GDB_W1-F12_3302,GDB_W1-F12,GDB9_W1_F12_external,false,false,false,true,,4
GDB_W1-F12_3303,GDB_W1-F12,GDB9_W1_F12_external,false,false,false,true,,4
GDB_W1-F12_3304,GDB_W1-F12,GDB9_W1_F12_external,false,false,false,true,,5
GDB_W1-F12_3305,GDB_W1-F12,GDB9_W1_F12_external,false,false,false,true,,5
GDB_W1-F12_3306,GDB_W1-F12,GDB9_W1_F12_external,false,false,false,true,,4
GDB_W1-F12_3307,GDB_W1-F12,GDB9_W1_F12_external,false,false,false,true,,5
GDB_W1-F12_3308,GDB_W1-F12,GDB9_W1_F12_external,false,false,false,true,,4
GDB_W1-F12_3309,GDB_W1-F12,GDB9_W1_F12_external,false,false,false,true,,4
GDB_W1-F12_3310,GDB_W1-F12,GDB9_W1_F12_external,false,false,false,true,,5
GDB_W1-F12_3311,GDB_W1-F12,GDB9_W1_F12_external,false,false,false,true,,4
GDB_W1-F12_3312,GDB_W1-F12,GDB9_W1_F12_external,false,false,false,true,,4
GDB_W1-F12_3313,GDB_W1-F12,GDB9_W1_F12_external,false,false,false,true,,5
GDB_W1-F12_3314,GDB_W1-F12,GDB9_W1_F12_external,false,false,false,true,,4
GDB_W1-F12_3315,GDB_W1-F12,GDB9_W1_F12_external,false,false,false,true,,5
GDB_W1-F12_3316,GDB_W1-F12,GDB9_W1_F12_external,false,false,false,true,,3
GDB_W1-F12_3317,GDB_W1-F12,GDB9_W1_F12_external,false,false,false,true,,4
GDB_W1-F12_3318,GDB_W1-F12,GDB9_W1_F12_external,false,false,false,true,,4
GDB_W1-F12_3319,GDB_W1-F12,GDB9_W1_F12_external,false,false,false,true,,4
GDB_W1-F12_3320,GDB_W1-F12,GDB9_W1_F12_external,false,false,false,true,,4
GDB_W1-F12_3321,GDB_W1-F12,GDB9_W1_F12_external,false,false,false,true,,4
GDB_W1-F12_3322,GDB_W1-F12,GDB9_W1_F12_external,false,false,false,true,,4
GDB_W1-F12_3323,GDB_W1-F12,GDB9_W1_F12_external,false,false,false,true,,4
GDB_W1-F12_3324,GDB_W1-F12,GDB9_W1_F12_external,false,false,false,true,,5
GDB_W1-F12_3325,GDB_W1-F12,GDB9_W1_F12_external,false,false,false,true,,5
GDB_W1-F12_3326,GDB_W1-F12,GDB9_W1_F12_external,false,false,false,true,,5
GDB_W1-F12_3327,GDB_W1-F12,GDB9_W1_F12_external,false,false,false,true,,4
GDB_W1-F12_3328,GDB_W1-F12,GDB9_W1_F12_external,false,false,false,true,,4
GDB_W1-F12_3329,GDB_W1-F12,GDB9_W1_F12_external,false,false,false,true,,4
GDB_W1-F12_3330,GDB_W1-F12,GDB9_W1_F12_external,false,false,false,true,,4
GDB_W1-F12_3331,GDB_W1-F12,GDB9_W1_F12_external,false,false,false,true,,3
GDB_W1-F12_3332,GDB_W1-F12,GDB9_W1_F12_external,false,false,false,true,,4
GDB_W1-F12_3333,GDB_W1-F12,GDB9_W1_F12_external,false,false,false,true,,4
GDB_W1-F12_3334,GDB_W1-F12,GDB9_W1_F12_external,false,false,false,true,,3
GDB_W1-F12_3335,GDB_W1-F12,GDB9_W1_F12_external,false,false,false,true,,4
GDB_W1-F12_3336,GDB_W1-F12,GDB9_W1_F12_external,false,false,false,true,,4
GDB_W1-F12_3337,GDB_W1-F12,GDB9_W1_F12_external,false,false,false,true,,3
GDB_W1-F12_3338,GDB_W1-F12,GDB9_W1_F12_external,false,false,false,true,,4
GDB_W1-F12_3339,GDB_W1-F12,GDB9_W1_F12_external,false,false,false,true,,4
GDB_W1-F12_3340,GDB_W1-F12,GDB9_W1_F12_external,false,false,false,true,,4
GDB_W1-F12_3341,GDB_W1-F12,GDB9_W1_F12_external,false,false,false,true,,4
GDB_W1-F12_3342,GDB_W1-F12,GDB9_W1_F12_external,false,false,false,true,,3
GDB_W1-F12_3343,GDB_W1-F12,GDB9_W1_F12_external,false,false,false,true,,4
GDB_W1-F12_3344,GDB_W1-F12,GDB9_W1_F12_external,false,false,false,true,,4
GDB_W1-F12_3345,GDB_W1-F12,GDB9_W1_F12_external,false,false,false,true,,3
GDB_W1-F12_3346,GDB_W1-F12,GDB9_W1_F12_external,false,false,false,true,,4
GDB_W1-F12_3347,GDB_W1-F12,GDB9_W1_F12_external,false,false,false,true,,4
GDB_W1-F12_3348,GDB_W1-F12,GDB9_W1_F12_external,false,false,false,true,,5
GDB_W1-F12_3349,GDB_W1-F12,GDB9_W1_F12_external,false,false,false,true,,4
GDB_W1-F12_3350,GDB_W1-F12,GDB9_W1_F12_external,false,false,false,true,,4
GDB_W1-F12_3351,GDB_W1-F12,GDB9_W1_F12_external,false,false,false,true,,3
GDB_W1-F12_3352,GDB_W1-F12,GDB9_W1_F12_external,false,false,false,true,,4
GDB_W1-F12_3353,GDB_W1-F12,GDB9_W1_F12_external,false,false,false,true,,4
GDB_W1-F12_3354,GDB_W1-F12,GDB9_W1_F12_external,false,false,false,true,,4
GDB_W1-F12_3355,GDB_W1-F12,GDB9_W1_F12_external,false,false,false,true,,4
GDB_W1-F12_3356,GDB_W1-F12,GDB9_W1_F12_external,false,false,false,true,,4
GDB_W1-F12_3357,GDB_W1-F12,GDB9_W1_F12_external,false,false,false,true,,4
GDB_W1-F12_3358,GDB_W1-F12,GDB9_W1_F12_external,false,false,false,true,,4
GDB_W1-F12_3359,GDB_W1-F12,GDB9_W1_F12_external,false,false,false,true,,4
GDB_W1-F12_3360,GDB_W1-F12,GDB9_W1_F12_external,false,false,false,true,,4
GDB_W1-F12_3361,GDB_W1-F12,GDB9_W1_F12_external,false,false,false,true,,4
GDB_W1-F12_3362,GDB_W1-F12,GDB9_W1_F12_external,false,false,false,true,,4
GDB_W1-F12_3363,GDB_W1-F12,GDB9_W1_F12_external,false,false,false,true,,4
GDB_W1-F12_3364,GDB_W1-F12,GDB9_W1_F12_external,false,false,false,true,,4
GDB_W1-F12_3365,GDB_W1-F12,GDB9_W1_F12_external,false,false,false,true,,4
GDB_W1-F12_3366,GDB_W1-F12,GDB9_W1_F12_external,false,false,false,true,,4
